0Batch,Company,Founder_or_company,LinkedIn,Twitter,Github
2015_Summer,80_000_Hours,William MacAskill,http://uk.linkedin.com/in/wdmacaskill,,
2015_Summer,80_000_Hours,Benjamin Todd,https://uk.linkedin.com/pub/benjamin-todd/63/66b/b58/,,
2015_Summer,80_000_Hours,"80,000 Hours",https://www.linkedin.com/company/80-000-hours/,https://twitter.com/80000Hours,
2015_Summer,Afrostream,Tonjé Bakang Tonje,http://fr.linkedin.com/in/tonjebakangtonje,https://twitter.com/tonjebakang,
2015_Summer,Afrostream,Ludovic Bostral,https://linkedin.com/in/ludovicbostral,https://twitter.com/ludobos,
2015_Summer,Afrostream,Afrostream,https://www.linkedin.com/company/afrostream/posts/?feedView=all,,
2015_Summer,Airmada,Boris Lipchin,https://www.linkedin.com/in/blipchin,,
2015_Summer,Airmada,Dan Danay,https://www.linkedin.com/in/dandanay/,,
2015_Summer,Apollo_Health,Ran Ma,https://linkedin.com/in/ranma,https://twitter.com/ranmz8,
2015_Summer,Apollo_Health,Brad Menezes,https://www.linkedin.com/in/bradmenezes/,https://twitter.com/bradmenezes,
2015_Summer,Appcanary,Phill Mendonça-Vieira,https://ca.linkedin.com/in/phillmv,,
2015_Summer,Appcanary,Max Veytsman,https://www.linkedin.com/profile/view?id=116004429,https://twitter.com/mveytsman,
2015_Summer,Assembly,Jonathan Friedman,https://linkedin.com/in/friedparts,,
2015_Summer,Assembly,Assembly,https://www.linkedin.com/company/assembly-inc./about/,https://twitter.com/assembly_inc,https://github.com/asm-co
2015_Summer,Auro_Robotics,Nalin Gupta,https://linkedin.com/in/nalingupta01,https://twitter.com/nalingupta01,
2015_Summer,Auro_Robotics,Jit Ray Chowdhury,https://www.linkedin.com/in/jitrc,https://twitter.com/jitrc,
2015_Summer,Bistrobot,Jay Reppert,https://www.linkedin.com/pub/jay-reppert/71/4b3/534,,
2015_Summer,Bitmovin,Stefan Lederer,http://at.linkedin.com/pub/stefan-lederer/25/236/2a1,,
2015_Summer,Bitmovin,Christopher Mueller,https://at.linkedin.com/pub/christopher-mueller/51/694/525,,
2015_Summer,Bitmovin,Bitmovin,https://www.linkedin.com/company/bitmovin/,https://twitter.com/bitmovin,https://github.com/bitmovin
2015_Summer,Bitmovin,Christian Timmerer,https://www.linkedin.com/in/christiantimmerer,https://twitter.com/timse7,
2015_Summer,Blitz_Esports,Blitz Esports,,https://twitter.com/BlitzEsportsCOM,
2015_Summer,Blitz_Esports,Rick Ling,http://www.linkedin.com/in/rickling,,
2015_Summer,Blitz_Esports,Jonathan Lin,https://www.linkedin.com/profile/view?id=236978274,,
2015_Summer,Bluecrew,Gino Rooney,https://www.linkedin.com/profile/view?id=105157101&authType=NAME_SEARCH&authToken=mGeh&locale=en_US&srchid=1438108271427503471278&srchindex=1&srchtotal=1&trk=vsrp_people_res_name&trkInfo=VSRPsearchId%3A1438108271427503471278%2CVSRPtargetId%3A105157101%2CVSRPcmpt%3Aprimary%2CVSRPnm%3A,,
2015_Summer,Bluecrew,Cooper Newby,https://www.linkedin.com/profile/view?id=40659328,,
2015_Summer,Bodyport,Corey Centen,http://ca.linkedin.com/in/coreycenten/,http://twitter.com/bodyport,
2015_Summer,Bodyport,Bodyport,https://www.linkedin.com/company/bodyport-inc./,https://twitter.com/bodyport,
2015_Summer,Bodyport,Sarah Smith,https://www.linkedin.com/in/sarahannsmith,,
2015_Summer,Branch8,Matt Li,http://hk.linkedin.com/pub/matt-li/16/4b1/38b,,
2015_Summer,Careledger,Klaus Mergener,http://linkedin.com/in/mergener,,
2015_Summer,Careledger,Oliver Takach,https://www.linkedin.com/in/oliver-takach-a5499b68,https://twitter.com/TheTakach,
2015_Summer,Careledger,Nik Swain,https://www.linkedin.com/pub/nik-swain/4/55/249,,
2015_Summer,Chaldal,Tejas Viswanath,https://www.linkedin.com/in/tejas-viswanath,,
2015_Summer,Chaldal,Zia Ashraf,https://www.linkedin.com/in/zia-ashraf/,,
2015_Summer,Chaldal,Waseem Alim,https://www.linkedin.com/profile/view?id=38553536,,
2015_Summer,Circle_Medical,Circle Medical,https://www.linkedin.com/company/circle-medical/,https://twitter.com/circlemd,
2015_Summer,Circle_Medical,JS Boulanger,https://www.linkedin.com/in/jsboulanger,https://twitter.com/jsboulanger,
2015_Summer,Circle_Medical,Brent LaRue,https://www.linkedin.com/in/laruebrent,https://twitter.com/brentlarue,
2015_Summer,Click_And_Grow,Mattias Lepp,https://ee.linkedin.com/pub/mattias-lepp/17/ab4/413,,
2015_Summer,Click_And_Grow,Click & Grow,https://www.linkedin.com/company/click-&-grow/,https://twitter.com/clickandgrow,
2015_Summer,Cloudstitch,Ted Benson,http://linkedin.com/in/edwardbenson,http://twitter.com/edwardbenson,
2015_Summer,Cofactor_Genomics,Dave Messina,http://linkedin.com/in/davemessina,https://twitter.com/davemessina,
2015_Summer,Cofactor_Genomics,Cofactor Genomics,https://www.linkedin.com/company/cofactorgenomics/,https://twitter.com/cofactorgenomic,
2015_Summer,Confident_Lims,Confident LIMS,https://www.linkedin.com/company/confident-lims/,,
2015_Summer,Confident_Lims,Steve Albarran,https://www.linkedin.com/in/steve-albarran/,,
2015_Summer,Convox,Convox,,http://convox.com/,
2015_Summer,Convox,David Dollar,https://www.linkedin.com/in/ddollar,https://twitter.com/ddollar,
2015_Summer,Convox,Matt Manning,https://www.linkedin.com/in/mattmanning,,
2015_Summer,Convox,Noah Zoschke,https://www.linkedin.com/in/nzoschke,,
2015_Summer,Cymmetria,Gadi Evron,https://il.linkedin.com/in/gadievron,,
2015_Summer,Drip_Capital,Drip Capital,https://www.linkedin.com/company/dripcapital/,https://twitter.com/DripCapital_Inc,https://github.com/dripcapital
2015_Summer,Drip_Capital,Pushkar Mukewar,https://www.linkedin.com/pub/pushkar-mukewar/1/695/31,,
2015_Summer,Eden,Guy Morita,http://www.linkedin.com/in/guymorita,,
2015_Summer,Eden,Joe Du Bey,https://linkedin.com/in/joedubey,https://twitter.com/joedubeytldr,
2015_Summer,Eden,Eden,https://www.linkedin.com/company/4861383/admin/,https://twitter.com/edenworkplace?lang=en,https://github.com/edenwizards
2015_Summer,Eden,Kyle Wilkinson,https://www.linkedin.com/in/kyledwilkinson/en,,
2015_Summer,Eight_Sleep,Eight Sleep,,https://twitter.com/eightsleep,https://github.com/lunasleep
2015_Summer,Eight_Sleep,Alexandra Zatarain,http://www.linkedin.com/in/alexandrazatarain/,https://twitter.com/a_zatarain,
2015_Summer,Eight_Sleep,Massimo Andreasi Bassi,https://www.linkedin.com/in/maghis,,
2015_Summer,Eight_Sleep,Matteo Franceschetti,https://www.linkedin.com/in/matteofranceschetti,,
2015_Summer,Fetch,Fetch,,https://twitter.com/fetchtruck/,
2015_Summer,Fetch,Adam Steinberg,http://linkedin.com/in/asteinb,,
2015_Summer,Fetch,Chris Glace,https://www.linkedin.com/in/chrisglace,,
2015_Summer,Flirtey,Flirtey (SkyDrop),,https://twitter.com/Fly_Flirtey,
2015_Summer,Flirtey,Matthew Sweeny,https://www.linkedin.com/in/matthew-sweeny-732b70127/,,
2015_Summer,Font_Awesome,Font Awesome,,https://twitter.com/fontawesome,https://github.com/FortAwesome
2015_Summer,Font_Awesome,Travis Chase,http://www.linkedin.com/in/supercodepoet,http://www.twitter.com/supercodepoet,
2015_Summer,Font_Awesome,Dave Gandy,https://linkedin.com/in/davegandy,http://twitter.com/davegandy,
2015_Summer,Fountain,Fountain,https://www.linkedin.com/company/fountaininc/,https://twitter.com/Fountain_Inc,https://github.com/onboardiq
2015_Summer,Fountain,Keith Ryu,https://www.linkedin.com/in/kibaekr/,,
2015_Summer,Foxpass,Foxpass,https://www.linkedin.com/company/foxpass,http://twitter.com/foxpass,https://github.com/foxpass
2015_Summer,Foxpass,Aren Sandersen,https://www.linkedin.com/in/arens,,
2015_Summer,Gemnote,Gemnote,https://www.linkedin.com/company/gemnote/,,https://github.com/gemnote
2015_Summer,Gemnote,Ashley Wong,https://www.linkedin.com/profile/view?id=48575772&trk=nav_responsive_tab_profile_pic,,
2015_Summer,Gigster,Gigster,,https://twitter.com/trygigster,
2015_Summer,Gigster,Debo Olaosebikan,http://linkedin.com/in/dolaoseb,,
2015_Summer,Givecampus,GiveCampus,https://www.linkedin.com/company/givecampus/,https://twitter.com/givecampus,
2015_Summer,Givecampus,Kestrel Linder,https://www.linkedin.com/pub/kestrel-linder/b3/677/403?domainCountryName=&csrfToken=ajax%3A4508253911625070148,,
2015_Summer,Givecampus,Michael Kong,https://www.linkedin.com/pub/michael-kong/10/bb1/353,,
2015_Summer,Go1,Andrew Barnes,http://www.linkedin.com/in/ajbarnes,,
2015_Summer,Go1,Vu Tran,http://www.linkedin.com/profile/view?id=145590347,,
2015_Summer,Go1,Chris Eigeland,https://au.linkedin.com/in/chriseigeland,,
2015_Summer,Go1,Go1,https://www.linkedin.com/company/go1/,https://twitter.com/go1com,https://github.com/go1com
2015_Summer,Go1,Chris Hood,https://www.linkedin.com/in/chrish00d,,
2015_Summer,Halolife,Jake Beyer,https://www.linkedin.com/pub/william-jake-beyer/17/7b6/a52,https://x.com/wjbeyer,
2015_Summer,Her,HER,,https://twitter.com/HerSocialApp,
2015_Summer,Her,Robyn Exton,https://www.linkedin.com/in/robynexton,,
2015_Summer,Heroic_Labs,Andrei Mihu,http://uk.linkedin.com/in/andreimihu,,
2015_Summer,Heroic_Labs,Mo Firouz,http://uk.linkedin.com/in/mofirouz,,
2015_Summer,Heroic_Labs,Heroic Labs,https://linkedin.com/company/heroic-labs,https://twitter.com/heroicdev,https://github.com/heroiclabs
2015_Summer,Heroic_Labs,Chris Molozian,https://uk.linkedin.com/in/chrismolozian,,
2015_Summer,Hickory,Brian Tobal,https://linkedin.com/in/brian-tobal-a4946911,,
2015_Summer,Human_Interest,Paul Sawaya,https://linkedin.com/in/paulsawaya,https://twitter.com/automin,
2015_Summer,Human_Interest,Human Interest,https://www.linkedin.com/company/humaninterest/,https://twitter.com/humaninteresthq,https://github.com/captain401
2015_Summer,Human_Interest,Roger Lee,https://www.linkedin.com/in/rogerrlee/,https://twitter.com/roger_lee,
2015_Summer,Instawork,Instawork,https://www.linkedin.com/company/10410445/admin/,https://twitter.com/instawork,https://github.com/Instawork
2015_Summer,Instawork,Sumir Meghani,https://www.linkedin.com/in/sumirmeghani,,
2015_Summer,Interviewed,Chris Bakke,http://www.linkedin.com/in/cjbakke,https://twitter.com/chrisjbakke,
2015_Summer,Interviewed,Darren Nix,http://www.linkedin.com/in/darrensnix,,
2015_Summer,Interviewed,Interviewed,https://www.linkedin.com/company/interviewed,,
2015_Summer,Interviewed,Daniel O'Shea,https://www.linkedin.com/in/danieloshea22,,
2015_Summer,Ironclad,Jason Boehmig,http://www.linkedin.com/in/jboehmig,,
2015_Summer,Ironclad,Ironclad,https://www.linkedin.com/company/ironclad-inc-/,https://twitter.com/ironclad_inc,https://github.com/Ironclad
2015_Summer,Ironclad,Cai GoGwilt,https://www.linkedin.com/pub/cai-gogwilt/22/18a/77b,https://twitter.com/gogwilt,
2015_Summer,Jopwell,Jopwell,https://www.linkedin.com/company/jopwell/,,https://github.com/jopwell
2015_Summer,Jopwell,Porter Braswell,https://www.linkedin.com/in/porter-braswell-7a097560/,,
2015_Summer,Jopwell,Ryan Williams,https://www.linkedin.com/in/ryan-williams-10601134/,,
2015_Summer,Klarismo,Marcus Foster,https://www.linkedin.com/in/mafoster/,https://x.com/schlunzi,
2015_Summer,L,Talia Frenkel,https://www.linkedin.com/profile/view?id=13595744&trk=nav_responsive_tab_profile_pic,,
2015_Summer,Leada,Brian Liou,http://www.linkedin.com/pub/brian-liou/23/662/441/en,,
2015_Summer,Leaders_In_Tech,Semira Rahemtulla,https://www.linkedin.com/in/semira,,
2015_Summer,Leaders_In_Tech,Joe Greenstein,https://www.linkedin.com/profile/view?id=15178,,
2015_Summer,Locent,Matt Joseph,https://www.linkedin.com/in/-mattjoseph/,http://twitter.com/_mattjoseph,
2015_Summer,Lugg,Lugg,https://www.linkedin.com/company/lugg/,https://twitter.com/lugg,https://github.com/luggit
2015_Summer,Lugg,Eric Kreutzer,https://www.linkedin.com/in/eric-kreutzer,https://x.com/erickreutz,
2015_Summer,Lugg,Jordan Brown,https://www.linkedin.com/pub/jordan-brown/a1/628/b4b,https://twitter.com/jordanbrown,
2015_Summer,Maderight,Kent Mori,http://www.linkedin.com/in/kentmori,,
2015_Summer,Maderight,Kevin Chan,https://www.linkedin.com/in/kevinktchan,,
2015_Summer,Maderight,Shuo Yang,https://www.linkedin.com/in/shuolikeshower,,
2015_Summer,Markhor,Sidra Qasim,http://linkedin.com/in/sidraqasim,https://twitter.com/sidraqasim,
2015_Summer,Markhor,Waqas Ali,http://linkedin.com/in/waqasaday,http://twitter.com/waqasali,
2015_Summer,Microhealth,Miguel Lara,http://linkedin.com/in/mlara1/en,,
2015_Summer,Microhealth,Microhealth,https://www.linkedin.com/company/microhealth/,,
2015_Summer,Microhealth,Marc Lara,https://www.ycombinator.com/companies/linkedin.com/mlaranyc,,
2015_Summer,Mimir,Colton Voege,https://www.linkedin.com/in/colton-voege-15a039b2/,,
2015_Summer,Mimir,Jacobi Petrucciani,https://www.linkedin.com/in/jpetrucciani,https://twitter.com/__jacobi,
2015_Summer,Mimir,Prahasith Veluvolu,https://www.linkedin.com/in/prahasithv,https://twitter.com/prahasith_v,
2015_Summer,Nebia,Nebia,https://www.linkedin.com/company/nebia/,https://twitter.com/nebia,
2015_Summer,Nebia,Carlos Gomez Andonaegui,https://www.linkedin.com/in/carlosgomezando/,,
2015_Summer,Nebia,Philip Winter,https://www.linkedin.com/in/philipwinter1/,https://x.com/philipwinter_,
2015_Summer,Nebia,Gabriel Parisi-Amon,https://www.linkedin.com/profile/view?id=51776883&trk=hp-identity-name,,
2015_Summer,New_Story,Matthew Marshall,http://linkedin.com/in/jamesmatthewmarshall,,
2015_Summer,New_Story,Brett Hagler,http://www.linkedin.com/in/rbhagler/en,https://twitter.com/BrettHagler,
2015_Summer,New_Story,New Story,https://www.linkedin.com/company/new-story-homes/,https://mobile.twitter.com/NewStoryHomes,
2015_Summer,Ohm,Hunter Scott,https://www.linkedin.com/profile/view?id=38400550,https://twitter.com/hunterscott,
2015_Summer,Ohm,Alex Trimm,https://www.linkedin.com/pub/alexander-trimm/40/186/b52,,
2015_Summer,Oolu,Oolu,https://www.linkedin.com/company/oolu/,https://twitter.com/Oolu_solar,
2015_Summer,Openinvest,Phillip Wei,http://www.linkedin.com/in/phillipwei,http://twitter.com/phillipwei,
2015_Summer,Openinvest,OpenInvest,https://www.linkedin.com/company/7792920,https://twitter.com/openinvestco,
2015_Summer,Openinvest,Conor Murray,https://www.linkedin.com/pub/conor-murray/93/300/b06,,
2015_Summer,Paribus,Karim Atiyeh,http://linkedin.com/in/karimatiyeh/,,
2015_Summer,Partnerstack,Luke Swanek,http://ca.linkedin.com/in/lswanek/,,
2015_Summer,Partnerstack,Jonathan Mendes,https://ca.linkedin.com/in/jonathanmendes,,
2015_Summer,Partnerstack,Bryn Jones,https://ca.linkedin.com/pub/bryn-jones/44/a1/619/,https://twitter.com/bryncdn,
2015_Summer,Partnerstack,PartnerStack,https://www.linkedin.com/company/partnerstack/,https://twitter.com/partnerstack,https://github.com/partnerstack
2015_Summer,Partnerstack,Neil Chudleigh,https://www.linkedin.com/in/neilchudleigh,https://twitter.com/neilsuperduper,
2015_Summer,Picktrace,Harrison Steed,http://www.linkedin.com/pub/harrison-steed/,,
2015_Summer,Picktrace,PickTrace,https://www.linkedin.com/company/picktrace/,,
2015_Summer,Picktrace,Austin Steed,https://www.linkedin.com/in/austinsteed,,
2015_Summer,Plate_Iq,Plate IQ,https://www.linkedin.com/company/plateiq/,https://twitter.com/plateiq,
2015_Summer,Plate_Iq,Bhavuk Kaul,https://www.linkedin.com/in/bhavukkaul,,
2015_Summer,Platejoy,PlateJoy,,https://twitter.com/platejoy,
2015_Summer,Platejoy,Daniel Nelson,http://www.linkedin.com/in/danielwolcottnelson,,
2015_Summer,Platejoy,Christina Bognet,https://www.linkedin.com/in/christina-bognet-90a87718/,,
2015_Summer,Prayas_Analytics,Yash Kothari,http://www.linkedin.com/in/kothariy/en,,
2015_Summer,Prayas_Analytics,Pranshu Maheshwari,https://linkedin.com/in/pranshumaheshwari,https://twitter.com/pranshu_m,
2015_Summer,Reach,Reach,https://www.linkedin.com/company/reach-power,,https://github.com/supplydev
2015_Summer,Reach,Christopher Davlantes,https://www.linkedin.com/in/chrisdavlantes/en,,
2015_Summer,Redcarpetup,RedCarpetUp,https://www.linkedin.com/company/redcarpetup-com/about/,https://twitter.com/redcarpetup,https://github.com/RedCarpetUp
2015_Summer,Redcarpetup,Kartik Venkataraman,https://www.linkedin.com/in/kartikvenkataraman1,,
2015_Summer,Reduced_Energy_Microsystems,eleazar .,https://www.linkedin.com/in/eleazar-vega-gonzalez-a1071426/,,
2015_Summer,Reduced_Energy_Microsystems,Dylan Hand,https://www.linkedin.com/pub/dylan-hand/b3/487/8ba,,
2015_Summer,Reduced_Energy_Microsystems,William Koven,https://www.linkedin.com/pub/william-koven/93/9a8/324,,
2015_Summer,Roomblocker,Dave Yen,https://linkedin.com/in/davecyen,https://twitter.com/davecyen,
2015_Summer,Roomblocker,Roomblocker,https://linkedin.com/in/roomblocker,,
2015_Summer,Roomblocker,Michael Wang,https://www.linkedin.com/in/mwang1,,
2015_Summer,Ross_Intelligence,ROSS Intelligence,,https://twitter.com/ROSSIntel,
2015_Summer,Ross_Intelligence,Jimoh Ovbiagele,https://linkedin.com/in/jimohovb,,
2015_Summer,Ross_Intelligence,Pargles Dall`Oglio,https://www.linkedin.com/profile/view?id=333767290,,
2015_Summer,Ross_Intelligence,Andrew Arruda,htttp://ca.linkedin.com/in/andrewarruda,https://twitter.com/AndrewArruda,
2015_Summer,Saida,Kenneth Ngetha,http://ke.linkedin.com/in/ngetha,,
2015_Summer,Saida,Kyale Mwendwa,https://www.linkedin.com/in/kyale-mwendwa-23588898/,,
2015_Summer,Scentbird,Scentbird,,http://twitter.com/scentbird,https://github.com/scentbird
2015_Summer,Scentbird,Mariya Nurislamova,http://www.linkedin.com/in/mariyanurislamova/,,
2015_Summer,Scope_Ar,Scott Montgomerie,http://www.linkedin.com/in/scottmontgomerie/en,,
2015_Summer,Scope_Ar,David Nedohin,https://www.ca.linkedin.com/in/davidnedohin,,
2015_Summer,Scope_Ar,Scope AR,https://www.linkedin.com/company/scopear/,https://twitter.com/ScopeAR,https://github.com/scopear
2015_Summer,Second_Measure,Lillian Chou,http://www.linkedin.com/in/lillianychou,,
2015_Summer,Second_Measure,Second Measure,https://www.linkedin.com/company/second-measure/,https://twitter.com/second_measure,
2015_Summer,Second_Measure,Michael Babineau,https://www.linkedin.com/in/mbabineau,,
2015_Summer,Seva_Coffee,Deepak Boggavarapu,https://www.linkedin.com/pub/deepak-boggavarapu/1/65/903,,
2015_Summer,Shape_Shapescale,Alexandre Wayenberg,http://www.linkedin.com/in/awayenberg,,
2015_Summer,Shape_Shapescale,Shape (ShapeScale),https://www.linkedin.com/company/shape-inc-/,https://www.twitter.com/shapescale,
2015_Summer,Shape_Shapescale,Martin Kessler,https://www.linkedin.com/in/martinkessler,https://twitter.com/kesslerio,
2015_Summer,Shotput,Praful Mathur,https://linkedin.com/in/prafulmathur,https://www.twitter.com/prafulfillment,
2015_Summer,Shotput,James Steinberg,https://www.linkedin.com/in/james-steinberg-3a0a4b30/,https://twitter.com/darefailed,
2015_Summer,Shred_Video,Shred Video,,https://twitter.com/shredvideo,https://github.com/shredvideo
2015_Summer,Shred_Video,Mark Godfrey,https://www.linkedin.com/profile/view?id=18358820,,
2015_Summer,Shred_Video,Mike Allen,https://www.ycombinator.com/companies/www.linkedin.com/pub/michael-allen/7/511/9a1/en,,
2015_Summer,Snapmagic,SnapMagic,https://www.linkedin.com/company/snapeda,https://twitter.com/Snap_EDA,
2015_Summer,Snapmagic,Natasha Baker,https://www.linkedin.com/in/natashaabaker,https://twitter.com/natashaabaker?lang=en,
2015_Summer,Sphere_Secure_Workspace,Kubi Mensah,http://uk.linkedin.com/in/kubimensah,,
2015_Summer,Stitch_Health,Bharat Kilaru,http://www.linkedin.com/in/bharatkilaru/,https://twitter.com/bharatkilaru,
2015_Summer,Stitch_Health,Jonathan Weinstein,https://www.linkedin.com/profile/view?id=98286754&trk=nav_responsive_tab_profile,,
2015_Summer,Stylebee,Anna Santeramo,https://www.linkedin.com/in/asanteramo/,,
2015_Summer,Sunfarmer,SunFarmer,https://www.linkedin.com/company/sunfarmer/,,
2015_Summer,Sunfarmer,Andy Moon,https://www.linkedin.com/in/andymoonfuture/,https://twitter.com/andymoonsun,
2015_Summer,Sunfarmer,Jason Gray,https://www.linkedin.com/in/jasondgray,https://twitter.com/jasondgray,
2015_Summer,Teabot,teaBOT,https://ca.linkedin.com/company/myteabot,https://twitter.com/myteabot,
2015_Summer,Teabot,Rehman Merali,https://www.linkedin.com/in/rehmanmerali,,
2015_Summer,Teleport,Teleport,https://www.linkedin.com/company/go-teleport/,https://twitter.com/goteleport,https://github.com/gravitational
2015_Summer,Teleport,Ev Kontsevoy,https://www.linkedin.com/in/kontsevoy/,https://twitter.com/kontsevoy,
2015_Summer,Teleport,Taylor Wakefield,https://www.linkedin.com/in/taylorwakefield/,https://twitter.com/ktwakefield,
2015_Summer,Tenant_Turner,Brandon Anderson,http://linkedin.com/in/brandonmanderson,,
2015_Summer,Tenant_Turner,Tenant Turner,https://www.linkedin.com/company/tenant-turner/,,
2015_Summer,Tenant_Turner,Chris Stewart,https://www.linkedin.com/in/cstewart913,,
2015_Summer,Tenant_Turner,James Barrett,https://www.linkedin.com/in/jamesfbarrett,,
2015_Summer,Tesorio,Fabio Fleitas,http://www.linkedin.com/in/fabiofleitas,https://twitter.com/FabioFleitas,
2015_Summer,Tesorio,Tesorio,https://www.linkedin.com/company/tesorio,https://twitter.com/usetesorio,https://github.com/Tesorio
2015_Summer,Tesorio,Carlos Vega,https://www.linkedin.com/pub/carlos-r-vega/,,
2015_Summer,Tetrascience,TetraScience,https://www.linkedin.com/company/tetrascience/,,https://github.com/tetrascience
2015_Summer,Tetrascience,Siping Wang,https://www.linkedin.com/pub/siping-wang/47/A32/205,,
2015_Summer,The_Ticket_Fairy,Jigar Patel,http://www.linkedin.com/in/desinex,,
2015_Summer,The_Ticket_Fairy,Ritesh Patel,http://www.linkedin.com/in/riteshdpatel,https://twitter.com/ritlocus,
2015_Summer,The_Ticket_Fairy,The Ticket Fairy,https://www.linkedin.com/company/the-ticket-fairy,https://twitter.com/ticketfairy,
2015_Summer,Thrive_Agritech,Thrive Agritech,https://www.linkedin.com/company/transcend-lighting/,https://twitter.com/thriveagritech,
2015_Summer,Thrive_Agritech,Brian Bennett,https://www.linkedin.com/profile/view?id=33089925&trk=nav_responsive_tab_profile,,
2015_Summer,Traversal_Networks,Ryan MacArthur,https://linkedin.com/in/rmaca,,
2015_Summer,Triplebyte,Triplebyte,,https://twitter.com/triple_byte,https://github.com/triplebyte
2015_Summer,Triplebyte,Ammon Bartram,https://www.linkedin.com/in/ammon-bartram-2aaa6712,,
2015_Summer,Verge_Genomics,Verge Genomics,https://www.linkedin.com/company/verge-genomics/,https://twitter.com/vergegenomics,
2015_Summer,Verge_Genomics,Alice Zhang,https://www.linkedin.com/pub/alice-zhang/2b/786/208,,
2015_Summer,Vernox,Michael Savaiano,https://www.linkedin.com/profile/view?id=38082042,,
2015_Summer,Vive,Alanna Gregory,https://www.linkedin.com/in/alannagregory,,
2015_Summer,Voiq,Ricardo Garcia-Amaya,https://linkedin.com/in/ricardogarciaamaya,https://www.twitter.com/ricardogarciaam,
2015_Summer,Voiq,VOIQ,https://www.linkedin.com/company/voiq,https://twitter.com/voiqinc,
2015_Summer,Wheelys_Cafe,Wheelys Café,,https://twitter.com/wheelyscafe,
2015_Summer,Wheelys_Cafe,Per Cromwell,https://www.linkedin.com/pub/per-cromwell/,,
2015_Summer,Willing,Eliam Medina,http://www.linkedin.com/in/eliam,https://twitter.com/helloeliam,
2015_Summer,Willing,Rob Dyson,http://www.linkedin.com/in/rdyson,,
2015_Summer,Xendit,Moses Lo,http://linkedin.com/in/moseslo,,
2015_Summer,Xendit,Xendit,https://www.linkedin.com/company/xendit/,https://twitter.com/xenditco,https://github.com/xendit
2015_Summer,Xendit,Juan Gonzalez,https://www.linkedin.com/in/0505gonzalez,,
2015_Summer,Xendit,Bo Chen,https://www.linkedin.com/in/bochen303,,
2015_Summer,Xfers,Tianwei Liu,https://www.linkedin.com/in/tianweiliu,,
2015_Summer,Xfers,Victor Liew Jia Hao,https://www.linkedin.com/in/victorliewjiahao/,,
2015_Summer,Zeplin,Zeplin,https://www.linkedin.com/company/zeplin-io,https://twitter.com/zeplin,https://github.com/zeplin
2015_Summer,Zeplin,Berk Çebi,https://www.linkedin.com/in/berkcebi/,https://x.com/berkcebi,
2015_Summer,Zeplin,Ismail Ceylan,https://www.linkedin.com/in/ceylanismail/,,
2015_Summer,Zeplin,Merih Akar,https://www.linkedin.com/in/merihakar/,https://twitter.com/merihakar,
2015_Summer,Zeplin,Pelin Kenez,https://www.linkedin.com/in/pelinkenez,,
2015_Summer,Zpredicta,zPREDICTA,https://www.linkedin.com/company/zpredicta,,
2015_Summer,Zpredicta,Mukti Parikh,https://www.linkedin.com/profile/view?id=18153183&trk=nav_responsive_tab_profile,,
2015_Winter,20N,Saurabh Srivastava,https://www.linkedin.com/in/saurabh-sriv/,,
2015_Winter,20N,Chris Anderson,https://www.linkedin.com/profile/view?id=337176962,,
2015_Winter,3Dot,Euwyn Poon,https://www.linkedin.com/in/euwyn,,
2015_Winter,3Dot,Michael Douglas,https://www.linkedin.com/in/mjd-eng/,,
2015_Winter,Akido_Labs,Akido Labs,https://www.linkedin.com/company/akido-labs/,,
2015_Winter,Akido_Labs,Prashant Samant,https://www.linkedin.com/profile/view?id=25361409&trk=nav_responsive_tab_profile,,
2015_Winter,Akido_Labs,Jared Goodner,https://www.linkedin.com/profile/view?id=40518626,,
2015_Winter,Bagaveev_Corporation,Nadir Bagaveyev,https://www.linkedin.com/in/nadir-bagaveyev-1a0132395/,,
2015_Winter,Bankjoy,Bankjoy,https://www.linkedin.com/company/bankjoy,https://twitter.com/bankjoy,
2015_Winter,Bankjoy,Mike Duncan,https://www.linkedin.com/in/HelloMike,https://twitter.com/MikeElDuncan,
2015_Winter,Bizzy,Chiara McPhee,http://linkedin.com/in/chiaramcphee,,
2015_Winter,Bizzy,Jennifer Kessler,http://linkedin.com/in/jenniferkessler1,,
2015_Winter,Bluesmart,Alejo Verlini,https://www.linkedin.com/in/alejoverlini,,
2015_Winter,Bonfire,Alex Millar,,https://twitter.com/alxndrmlr,
2015_Winter,Booktrope,Katherine Sears,http://www.linkedin.com/in/katherinelsears,,
2015_Winter,Booktrope,Kenneth Shear,http://www.linkedin.com/pub/ken-shear/5/918/547/,,
2015_Winter,Booktrope,Andy Roberts,https://www.linkedin.com/in/andrewlroberts/,https://twitter.com/AndyLRoberts,
2015_Winter,Bright,Jonah Greenberger,http://www.linkedin.com/in/jonahgreenberger/,,
2015_Winter,Bright,Bright,https://www.linkedin.com/company/9506733/,,
2015_Winter,Buildscience,Ritesh Patel,https://www.linkedin.com/in/xitijpatel/,,
2015_Winter,Chariot,Romain Di Vuolo,http://www.linkedin.com/in/romaindivuolo,,
2015_Winter,Cinder,Eric Norman,http://www.linkedin.com/in/enorm/,,
2015_Winter,Cinder,Jim Reich,https://www.linkedin.com/in/jimreich,,
2015_Winter,Cleanly,Chen Atlas,http://www.linkedin.com/in/atlaschen,,
2015_Winter,Cleanly,Tom Harari,http://www.linkedin.com/in/tomharari/,https://twitter.com/tomharari,
2015_Winter,Cleanly,Cleanly,https://www.linkedin.com/company/cleanly/about/,https://twitter.com/cleanly,
2015_Winter,Cleanly,Itay Forer,https://www.linkedin.com/in/itayforer,https://twitter.com/itayforer,
2015_Winter,Cribspot,Evan Dancer,https://www.linkedin.com/in/evan-dancer/,,
2015_Winter,Cribspot,Jason Okra,https://www.linkedin.com/in/okra/,https://x.com/heyokra,
2015_Winter,Cribspot,Tim Jones,https://www.linkedin.com/in/tjones4413,https://twitter.com/anothertimjones,
2015_Winter,Cyberfend,Sreenath Kurupati,https://www.linkedin.com/profile/view?id=5872270,,
2015_Winter,Dabble,Yan Ma,http://ca.linkedin.com/pub/yan-ma/33/181/866/,,
2015_Winter,Dabble,Dabble,https://www.linkedin.com/company/dabblestudio/,https://twitter.com/dabblestudio,
2015_Winter,Dabble,Neil Mathew,https://www.linkedin.com/in/neilxm/,,
2015_Winter,Dabble,Prasenjit Mukherjee,https://www.linkedin.com/in/prasenjitmukherjee,,
2015_Winter,Dealyze,Dealyze,https://www.linkedin.com/company/dealyze-inc./,,https://github.com/dealyze
2015_Winter,Dealyze,Mark Salpeter,https://www.linkedin.com/in/marksalpeter,,
2015_Winter,Dealyze,William Baron,https://www.linkedin.com/profile/view?id=123591648,,
2015_Winter,Democracy_Earth,Democracy Earth,,https://twitter.com/DemocracyEarth,https://github.com/DemocracyEarth
2015_Winter,Democracy_Earth,Santiago Siri,http://ar.linkedin.com/in/santisiri,,
2015_Winter,Democracy_Earth,Guido Vilariño,https://www.linkedin.com/in/gvilarino,,
2015_Winter,Democracy_Earth,Pia Mancini,https://www.linkedin.com/in/piamancini,,
2015_Winter,Democracyos,Guido Vilariño,https://www.linkedin.com/in/gvilarino,,
2015_Winter,Direct_Match,Direct Match,,http://directmatchx.com/,
2015_Winter,Direct_Match,Galen Simmons,https://www.linkedin.com/in/galensimmons/,,
2015_Winter,Ebrandvalue,Tolga Akçura,http://www.linkedin.com/pub/tolga-akcura/2/894/448,,
2015_Winter,Ebrandvalue,eBrandvalue,https://www.linkedin.com/company/ebrandvalue/,https://twitter.com/eBrandValue,https://github.com/eBrandValue
2015_Winter,Ebrandvalue,Ayse Akcura,https://www.linkedin.com/pub/ayse-akcura/2/b85/6ba,,
2015_Winter,Equipmentshare,Brad Siegler,https://linkedin.com/in/bradsiegler,https://twitter.com/BradSiegler,
2015_Winter,Equipmentshare,EquipmentShare,https://www.linkedin.com/company/equipmentshare/,https://twitter.com/equipmentshare,https://github.com/EquipmentShare
2015_Winter,Equipmentshare,Jabbok Schlacks,https://www.linkedin.com/in/jabbok-schlacks-319a378a,,
2015_Winter,Equipmentshare,Jeff Lowe,https://www.linkedin.com/in/lowejeffrey,,
2015_Winter,Equipmentshare,William Schlacks,https://www.linkedin.com/in/william-schlacks-49796016,,
2015_Winter,Final,Matt Rothstein,https://www.linkedin.com/in/marothstein,,
2015_Winter,Flip,Flip,,https://twitter.com/JustFlip,
2015_Winter,Flip,Kemar Newell,https://www.linkedin.com/in/kemarnewell/,,
2015_Winter,Gitlab,Sid Sijbrandij,http://nl.linkedin.com/in/sijbrandij,,
2015_Winter,Gitlab,GitLab,https://www.linkedin.com/company/gitlab-com,https://twitter.com/gitlab,
2015_Winter,Gitlab,Dmytro Zaporozhets,https://www.linkedin.com/in/dzaporozhets,https://twitter.com/dzaporozhets,
2015_Winter,Giveffect,Allan Shin,http://www.linkedin.com/in/allanshin,,
2015_Winter,Giveffect,Giveffect,https://www.linkedin.com/company/giveffect,https://twitter.com/giveffect,
2015_Winter,Giveffect,Kevin Shin,https://www.linkedin.com/in/kevinshinobi,,
2015_Winter,Givemetap,Edwin Broni-Mensah,https://www.linkedin.com/in/ebronimensah,,
2015_Winter,Glassjar,George Smith,https://www.linkedin.com/in/georgedotsmith/,,
2015_Winter,Glassjar,Matt Galloway,https://www.linkedin.com/in/mpgalloway,,
2015_Winter,Groupahead,Julian Frumar,http://www.linkedin.com/in/jfrumar/,,
2015_Winter,Groupahead,Brian Glick,https://linkedin.com/in/brianglick,https://www.twitter.com/brianglick,
2015_Winter,Grubmarket,Mike Xu,http://www.linkedin.com/pub/mike-minyi-xu/1/837/510/,,
2015_Winter,Grubmarket,GrubMarket,https://www.linkedin.com/company/grubmarket-inc-/,https://twitter.com/grubmarket,
2015_Winter,Higherme,HigherMe,https://www.linkedin.com/company/higherme/,https://twitter.com/highermejobs,
2015_Winter,Higherme,Jef Chedeville,https://www.linkedin.com/in/jean-francois-chedeville,,
2015_Winter,Higherme,Rob Hunter,https://www.linkedin.com/in/robhunter7/,,
2015_Winter,Industrial_Microbes,Noah Helman,http://www.linkedin.com/pub/noah-helman/3/744/565/,https://twitter.com/NoahHelman,
2015_Winter,Industrial_Microbes,Industrial Microbes,https://www.linkedin.com/company/industrial-microbes/,https://twitter.com/iMicrobesInc,
2015_Winter,Industrial_Microbes,Liz Clarke,https://www.linkedin.com/in/elizabethclarke,,
2015_Winter,Industrial_Microbes,Derek Greenfield,https://www.linkedin.com/profile/view?id=9841556,,
2015_Winter,Instavest,Saleem Khatri,https://www.linkedin.com/in/saleemskhatri,,
2015_Winter,Kickpay,Stefano Bernardi,https://linkedin.com/in/stefanobernardi,https://twitter.com/stefanobernardi,
2015_Winter,Kickpay,Kickpay,https://www.linkedin.com/company/4805272/,https://twitter.com/kickpay,
2015_Winter,Kickpay,Sean Watters,https://www.linkedin.com/in/sean-watters-954441/,,
2015_Winter,Kickpay,Andrew McCalister,https://www.linkedin.com/pub/andrew-mccalister/13/853/872,https://twitter.com/mccaly1,
2015_Winter,Labdoor,Labdoor,https://www.linkedin.com/company/labdoor,https://twitter.com/labdoor,
2015_Winter,Labdoor,Helton Souza,https://www.linkedin.com/in/heltonsouza/,,
2015_Winter,Labdoor,Rafael Ferreira,https://www.linkedin.com/in/rafafferreira,https://twitter.com/rafafferreira1,
2015_Winter,Labdoor,Neil Thanedar,https://www.linkedin.com/in/thanedar,https://twitter.com/NeilThanedar,
2015_Winter,Level_Frames,Damian Sowers,http://www.linkedin.com/pub/damian-sowers/22/a8b/178,https://twitter.com/3solarmasses,
2015_Winter,Level_Frames,Level Frames,https://www.linkedin.com/company/level-frames,https://twitter.com/levelframes,
2015_Winter,Level_Frames,Josh Hubball,https://www.linkedin.com/in/joshhubball,https://twitter.com/jhubball,
2015_Winter,Lucira_Health,Debkishore Mitra,http://www.linkedin.com/in/debkishoremitra,,
2015_Winter,Lucira_Health,Lucira Health,https://www.linkedin.com/company/lucira-health/,,
2015_Winter,Lully,Lully,https://www.linkedin.com/company/caydian/about/,,
2015_Winter,Lully,Andy Rink,https://www.linkedin.com/in/rarink,,
2015_Winter,Lully,Varun Boriah,https://www.linkedin.com/in/varunboriah,,
2015_Winter,Lumi,Jesse Genet,http://linkedin.com/in/jessegenet,https://twitter.com/jessegenet,
2015_Winter,Lumi,Lumi,https://www.linkedin.com/company/lumi-co-/,https://twitter.com/lumi,
2015_Winter,Lumi,Steph Ango,https://www.linkedin.com/in/stephanango,https://twitter.com/kepano,
2015_Winter,Magic,Magic,,https://twitter.com/magic,
2015_Winter,Magic,Aaron Kemmer,https://www.linkedin.com/in/aaronkemmer/,,
2015_Winter,Magic,Mike Chen,https://www.linkedin.com/in/cmikec,,
2015_Winter,Magic,David Merriman,https://www.linkedin.com/in/david-merriman-19bb3098,https://www.twitter.com/dwmerriman,
2015_Winter,Magic,Michael Rubin,https://www.linkedin.com/in/michael-rubin-519b2785/,,
2015_Winter,Magic,Nic Novak,https://www.linkedin.com/in/nic-novak-00177250,,
2015_Winter,Makrwatch,Andres Felipe Diaz,http://linkedin.com/in/andresthegeek/,,
2015_Winter,Makrwatch,Makrwatch,https://www.linkedin.com/company/11029598/admin/,,https://github.com/themidgame
2015_Winter,Makrwatch,Carlos Saavedra,https://www.linkedin.com/in/carlosaave,,
2015_Winter,Mashgin,Mukul Dhankhar,https://linkedin.com/in/mdhankhar,,
2015_Winter,Mashgin,Mashgin,https://www.linkedin.com/company/mashgin/,https://twitter.com/mashgin,https://github.com/mashgin
2015_Winter,Mashgin,Abhinai Srivastava,https://www.linkedin.com/in/abhinai,,
2015_Winter,Meadow,Meadow,http://linkedin.com/company/getmeadow,http://twitter.com/meadow,
2015_Winter,Meadow,David Hua,https://www.linkedin.com/in/davidhua,http://twitter.com/hua,
2015_Winter,Meadow,Harrison Lee,https://www.linkedin.com/in/harrisonrlee,,
2015_Winter,Meadow,Rick Harrison,https://www.linkedin.com/in/rickharrison/,https://twitter.com/rickharrison,
2015_Winter,Meadow,Scott A Garman,https://www.linkedin.com/profile/view?id=79643071&trk=nav_responsive_tab_profile,,
2015_Winter,Mezmo,Mezmo,,https://twitter.com/mezmo,
2015_Winter,Mezmo,Lee Liu,https://www.linkedin.com/in/leeliu,,
2015_Winter,Mobydish,Bruno Didier,https://www.linkedin.com/in/brunodidier/en,,
2015_Winter,Moltin,Adam Sturrock,http://uk.linkedin.com/in/adamsturrock,,
2015_Winter,Moltin,Jamie Holdroyd,http://uk.linkedin.com/in/jholdroyd,,
2015_Winter,Nextop,Brien Colwell,https://linkedin.com/in/briencolwell,,
2015_Winter,Nextravel,Alexey Pakhomov,http://www.linkedin.com/in/alexeypakhomov/,,
2015_Winter,Nextravel,NexTravel,https://www.linkedin.com/company/nextravel/,https://twitter.com/nextravelinc,
2015_Winter,Nextravel,Wen-Wen Lam,https://www.linkedin.com/in/wenwen,http://www.twitter.com/wenwen,
2015_Winter,Nimblerx,NimbleRx,https://www.linkedin.com/company/nimblerx,http://nimblerx.com/,
2015_Winter,Nimblerx,Talha Sattar,https://www.linkedin.com/pub/talha-sattar/5/77a/97,,
2015_Winter,Nomiku,Lisa Q. Fetterman,https://www.linkedin.com/in/lisaqfetterman,,
2015_Winter,Nomiku,Abe Fetterman,https://www.linkedin.com/profile/view?id=186524999,,
2015_Winter,Notable_Labs,Notable Labs,,https://twitter.com/notablelabs,https://github.com/NotableLabs
2015_Winter,Notable_Labs,Matthew De Silva,https://www.linkedin.com/in/matthewdesilva/,https://twitter.com/MDe_Silva,
2015_Winter,Notable_Labs,Pete Quinzio,https://www.linkedin.com/in/peter-quinzio-26083a35,,
2015_Winter,Numerion_Labs,Numerion Labs,https://www.linkedin.com/company/atomwise/,https://twitter.com/atomwiseinc,
2015_Winter,Numerion_Labs,Abraham Heifets,https://www.linkedin.com/in/abrahamheifets/,https://twitter.com/AbeHeifets,
2015_Winter,Numerion_Labs,Izhar Wallach,https://www.linkedin.com/pub/izhar-wallach/11/38/a04,,
2015_Winter,Numerion_Labs,Alex Levy,https://www.ycombinator.com/companies/ca.linkedin.com/in/levyalex,,
2015_Winter,Omniref,Montana Low,https://www.linkedin.com/in/montanalow,,
2015_Winter,Omniref,Tim Robertson,https://www.linkedin.com/profile/view?id=8064918,,
2015_Winter,Open_Listings,Open Listings,https://www.linkedin.com/company/open-listings/,https://twitter.com/Open_Listings,
2015_Winter,Open_Listings,Judd Schoenholtz,https://www.linkedin.com/in/juddschoenholtz,https://twitter.com/jjjjuuuuddddddd,
2015_Winter,Open_Listings,Peter Sugihara,https://www.linkedin.com/in/petersugihara,https://twitter.com/_0_,
2015_Winter,Outbound,Dhruv Mehta,https://linkedin.com/in/dhruvkaran,,
2015_Winter,Pachyderm,Pachyderm,https://www.linkedin.com/company/pachyderm-inc-/mycompany/?viewAsMember=true,https://twitter.com/pachyderminc,https://github.com/pachyderm
2015_Winter,Pachyderm,Joe Doliner,https://www.linkedin.com/profile/view?id=52269912&trk=spm_pic,,
2015_Winter,Pachyderm,Joey Zwicker,https://www.linkedin.com/pub/joseph-zwicker/15/717/a09,,
2015_Winter,Pakible,Nick Carson,https://www.linkedin.com/in/nrcarson,,
2015_Winter,Pakible,Phillip Akhzar,https://www.linkedin.com/in/phillip-akhzar-89612315/,,
2015_Winter,Paperspace,Paperspace,https://www.linkedin.com/company/paperspace/,https://www.twitter.com/hellopaperspace,https://github.com/Paperspace
2015_Winter,Paperspace,Daniel Kobran,https://www.linkedin.com/in/daniel-kobran/,,
2015_Winter,Paperspace,Dillon Erb,https://www.linkedin.com/in/dillonerb,https://twitter.com/dlnrb,
2015_Winter,Pigeonly,Frederick Hutson,https://linkedin.com/in/frederickhutson,,
2015_Winter,Pigeonly,Alfonzo Brooks,https://www.linkedin.com/in/alfonzobrooks/,,
2015_Winter,Pigeonly,Clifford Keeney,https://www.linkedin.com/pub/cj-keeney/18/546/6aa,,
2015_Winter,Platzi,Christian Van Der Henst,https://www.linkedin.com/in/cvander,https://twitter.com/cvander,
2015_Winter,Platzi,Freddy Vega,https://www.linkedin.com/in/johnfreddyvega,https://twitter.com/freddier,
2015_Winter,Platzi,Platzi,https://www.linkedin.com/school/platzi-inc/,https://twitter.com/platzi,https://github.com/platzi
2015_Winter,Pomello,Oliver Staehelin,https://linkedin.com/in/ostaehelin,,
2015_Winter,Pomello,Catherine Spence,https://www.linkedin.com/in/catherinebspence/,,
2015_Winter,Popular_Pays,Popular Pays,,https://twitter.com/popularpays,
2015_Winter,Popular_Pays,Corbett Drummey,https://www.linkedin.com/in/corbettdrummey,https://twitter.com/corbettdrummey,
2015_Winter,Popular_Pays,Steven Wanderski,https://www.linkedin.com/pub/steven-wanderski/11/742/5a4,,
2015_Winter,Pretty_Instant,Chris Cave,http://www.linkedin.com/in/chriscave/,,
2015_Winter,Pretty_Instant,Douglas E. Rogers,https://linkedin.com/in/douglasrogers,,
2015_Winter,Pretty_Instant,Pretty Instant,https://www.linkedin.com/company/pretty-instant,https://twitter.com/PrettyInstant,
2015_Winter,Pretty_Instant,Ben Maitland-Lewis,https://www.linkedin.com/in/benml,https://twitter.com/maitlandlewis,
2015_Winter,Pretty_Instant,Chase McAleese,https://www.linkedin.com/in/chasemcaleese/,,
2015_Winter,Priime,Loren Baxter,http://www.linkedin.com/in/lorenbaxter,,
2015_Winter,Priime,Joe Pestro,https://linkedin.com/in/joepestro,,
2015_Winter,Priime,Priime,https://www.linkedin.com/company/priime,http://twitter.com/priime,https://github.com/Priime
2015_Winter,Priime,Andrew Ng,https://www.linkedin.com/in/andrewng,https://twitter.com/ayn,
2015_Winter,Priime,Arthur Chang,https://www.linkedin.com/in/arthurchang,https://twitter.com/art_chang,
2015_Winter,Quantierra,Quantierra,,https://twitter.com/quantierra,
2015_Winter,Qventus,Ian Christopher,http://www.linkedin.com/in/ianfchristopher,,
2015_Winter,Qventus,Qventus,https://www.linkedin.com/company/qventus-inc/,https://twitter.com/qventus,
2015_Winter,Qventus,Mudit Garg,https://www.linkedin.com/profile/view?id=9103167,,
2015_Winter,Rare_Door,Blake Adams,http://www.linkedin.com/pub/blake-adams/42/1a0/202/,,
2015_Winter,Razorpay,Shashank Kumar,http://www.linkedin.com/in/kumarshashank,https://twitter.com/shashank_kr,
2015_Winter,Razorpay,Razorpay,https://www.linkedin.com/company/razorpay/,https://twitter.com/razorpay,https://github.com/razorpay
2015_Winter,Razorpay,Harshil Mathur,https://www.linkedin.com/pub/harshil-mathur/69/23a/127,https://twitter.com/harshilmathur,
2015_Winter,Readme,Gregory Koberger,http://linkedin.com/in/gkoberger,,
2015_Winter,Readme,ReadMe,https://www.linkedin.com/company/readme-io/,https://twitter.com/readme,
2015_Winter,Remix,Tiffany Chu,http://linkedin.com/in/tiffanychu,https://twitter.com/tchu88,
2015_Winter,Remix,Daniel Getelman,http://www.linkedin.com/in/dangetelman/,,
2015_Winter,Remix,Remix,https://www.linkedin.com/company/remix,https://www.remix.com/,
2015_Winter,Remix,Danny Whalen,https://www.linkedin.com/in/dannyrwhalen,,
2015_Winter,Remix,Sam Hashemi,https://www.linkedin.com/in/samhashemi,,
2015_Winter,Replika,Replika,https://www.linkedin.com/company/replikaai/about/,https://www.twitter.com/myreplika,https://github.com/lukalabs
2015_Winter,Replika,Eugenia Kuyda,https://www.linkedin.com/in/eugenia-kuyda-638a8a1b/,,
2015_Winter,Reschedule_Med,Taylor Fairbank,https://www.linkedin.com/in/jtfairbank/https://linkedin.com/in/jtfairbank,,
2015_Winter,Rescue_Forensics,Brandon Hamric,http://www.linkedin.com/pub/brandon-hamric/28/70a/722/,,
2015_Winter,Rescue_Forensics,Ryan Dalton,https://linkedin.com/in/charles-ryan-dalton,,
2015_Winter,Resolve,Resolve,https://www.linkedin.com/company/4871847,https://twitter.com/resolvebim,
2015_Winter,Resolve,Russell Varriale,https://www.linkedin.com/in/russellvarriale,https://twitter.com/RussellVarriale,
2015_Winter,Resolve,Angel Alonso Say,https://www.linkedin.com/in/sayangel,,
2015_Winter,Sails_Co,Cody Stoltman,http://www.linkedin.com/in/codystoltman/,,
2015_Winter,Sails_Co,Scott Gress,http://www.linkedin.com/in/scottgress/,,
2015_Winter,Sails_Co,Sails Co.,https://www.linkedin.com/company/the-sails-company,https://twitter.com/sailsjs,
2015_Winter,Sails_Co,Mike McNeil,https://www.linkedin.com/in/mikermcneil,https://x.com/mikermcneil,
2015_Winter,Seed,Brian Merritt,https://linkedin.com/in/brianmerritt,https://twitter.com/btmerr,
2015_Winter,Seed,Ryan Hildebrand,https://www.linkedin.com/in/aibanker,,
2015_Winter,Shasqi,Jose M. Mejia Oneto,http://www.linkedin.com/in/joseperu/,,
2015_Winter,Shasqi,Shasqi,https://www.linkedin.com/company/shasqi-inc./,https://twitter.com/shasqi,
2015_Winter,Shift_Labs,Beth Kolko,http://www.linkedin.com/pub/beth-kolko/2/1b/364/,,
2015_Winter,Shift_Labs,Shift Labs,https://www.linkedin.com/company/5313123,https://twitter.com/ShiftLabs,
2015_Winter,Shift_Messenger,Austin Vedder,http://www.linkedin.com/in/austinvedder,https://twitter.com/austinvedder,
2015_Winter,Shift_Messenger,Matt Tognetti,https://www.linkedin.com/in/mjtognetti/,,
2015_Winter,Sigopt,Scott Clark,http://www.linkedin.com/in/sc932,,
2015_Winter,Sigopt,SigOpt,https://www.linkedin.com/company/sigopt,https://twitter.com/sigopt,
2015_Winter,Sirum,SIRUM,,https://twitter.com/sirum,
2015_Winter,Sirum,Adam Kircher,http://www.linkedin.com/pub/adam-kircher/a/532/b87,,
2015_Winter,Sirum,Kiah J. Williams,http://www.linkedin.com/pub/kiah-williams/9/656/b65,,
2015_Winter,Sirum,George Wang,https://www.linkedin.com/pub/george-wang/12/883/771,,
2015_Winter,Smarking,Smarking,https://www.linkedin.com/company/smarking-inc-/,https://twitter.com/SmarkingInc,https://github.com/SmarkingInc
2015_Winter,Smarking,Maokai Lin,https://www.linkedin.com/in/maokailin/,,
2015_Winter,Smarking,Wen Sang,https://www.linkedin.com/in/wen-s-3815b04b/,https://twitter.com/sang_wen,
2015_Winter,Smyte,Josh Yudaken,http://za.linkedin.com/pub/josh-yudaken/5/ba8/958,,
2015_Winter,Smyte,Julian Tempelsman,https://www.linkedin.com/profile/view?id=130147198,,
2015_Winter,Smyte,Pete Hunt,https://www.linkedin.com/profile/view?id=21952666,,
2015_Winter,Sparkgift,Peggy Mangot,https://linkedin.com/in/peggymangot,https://twitter.com/peggymangot,
2015_Winter,Sparkgift,Bob Haigler,https://www.linkedin.com/in/bobhaigler,,
2015_Winter,Spire_Health,Spire Health,https://www.linkedin.com/company/spire-inc-/,,https://github.com/spire-inc
2015_Winter,Spire_Health,Neema Moraveji,https://www.linkedin.com/in/moraveji,https://twitter.com/moraveji,
2015_Winter,Spoil,Charlie Gascon,https://www.linkedin.com/mwlite/in/charlie-gascon,,
2015_Winter,Spoil,Mikhail Levkovsky,https://www.linkedin.com/profile/view?id=197234244,,
2015_Winter,Spoil,Cristian Asenjo,https://www.linkedin.com/profile/view?id=80400341,,
2015_Winter,Standard_Cyborg,Standard Cyborg,https://www.linkedin.com/company/standard-cyborg/about/,https://twitter.com/standardcyborg,
2015_Winter,Standard_Cyborg,Jeff Huber,https://www.linkedin.com/in/jeffchuber/,https://x.com/jeffreyhuber,
2015_Winter,Tab,Mark Datta,http://uk.linkedin.com/in/markdatta,,
2015_Winter,Tab,Tab,https://www.linkedin.com/company/9397300/,https://twitter.com/Tab_HQ,
2015_Winter,Tara_Ai,Tara AI,https://www.linkedin.com/company/tara.ai/,https://twitter.com/taradotai,https://github.com/TARAAI
2015_Winter,Tara_Ai,Iba Masood,https://www.linkedin.com/in/ibamasood,,
2015_Winter,Tara_Ai,Syed Ahmed,https://www.linkedin.com/in/syedahmedz/,,
2015_Winter,Teamnote,Ming Lo,http://hk.linkedin.com/in/loming/,,
2015_Winter,Teamnote,TeamNote,https://www.linkedin.com/company/teamnote/,,
2015_Winter,Teamnote,Roy Law,https://www.linkedin.com/pub/roy-law/63/b2b/4b,,
2015_Winter,Tech_In_Asia,Willis Wee,http://www.linkedin.com/in/williswee,,
2015_Winter,Tech_In_Asia,Tech in Asia,https://www.linkedin.com/company/tech-in-asia/,https://twitter.com/techinasia,https://github.com/techinasia
2015_Winter,Tempo,Tempo,,https://twitter.com/trainwithtempo,
2015_Winter,Tempo,Joshua Augustin,https://www.linkedin.com/in/joshua-augustin-56ba268a,,
2015_Winter,Tempo,Moawia Eldeeb,https://www.linkedin.com/in/moawiaeldeeb,,
2015_Winter,The_Human_Utility,The Human Utility,,http://www.twitter.com/humanutility,
2015_Winter,The_Human_Utility,Tiffani Ashley Bell,http://www.linkedin.com/in/tiffani,https://www.twitter.com/tiffani,
2015_Winter,Thinair,Tony Gauda,https://www.linkedin.com/in/tonygauda,,
2015_Winter,Transcriptic,Transcriptic,https://www.linkedin.com/company/transcriptic/,https://twitter.com/transcriptic,https://github.com/transcriptic
2015_Winter,Transcriptic,Max Hodak,https://www.linkedin.com/in/maxhodak,https://twitter.com/max_hodak,
2015_Winter,Underground_Cellar,Underground Cellar,https://www.linkedin.com/company/undergroundcellar/about/,https://twitter.com/UCellar,
2015_Winter,Underground_Cellar,Ben Herila,https://www.linkedin.com/in/bherila/,,
2015_Winter,Underground_Cellar,Brian Gallagher,https://www.linkedin.com/in/briangftw/,,
2015_Winter,Underground_Cellar,Brandan Zaucha,https://www.linkedin.com/in/bz0518,,
2015_Winter,Underground_Cellar,Jeffrey Shaw,https://www.linkedin.com/in/shawster/,https://twitter.com/duh,
2015_Winter,Valor_Water_Analytics,PhD Christine E. Boyle,http://www.linkedin.com/in/cboyle/,https://twitter.com/watertechlady,
2015_Winter,Vanhawks,Adil Aftab Iqbal,https://www.linkedin.com/in/adil-aftab-iqbal-548154b6,,
2015_Winter,Vanhawks,Sohaib Zahid,https://www.linkedin.com/in/sohaibz,,
2015_Winter,Vanhawks,Ali Zahid,https://www.linkedin.com/pub/ali-zahid/50/9a3/817,,
2015_Winter,Vest,Karan Sood,http://www.linkedin.com/pub/karan-sood/0/370/b45,https://x.com/soodk,
2015_Winter,Vest,Vest,https://www.linkedin.com/company/vest-financial,,
2015_Winter,Vest,Jeff Chang,https://www.linkedin.com/pub/jeff-chang-cfa-cpa-cfe/51/90b/470/,https://twitter.com/jeffchanginvest,
2015_Winter,Vetpronto,Joe Waltman,https://www.linkedin.com/in/joewaltman,https://twitter.com/joewaltman,
2015_Winter,Vetpronto,Katherine van Ekert,https://www.linkedin.com/in/katherine-v-ekert-05229b115,,
2015_Winter,Vetpronto,Soren Berg,https://www.linkedin.com/profile/view?id=19742924,,
2015_Winter,Wayup,WayUp,https://www.linkedin.com/company/wayup,https://twitter.com/WayUp,
2015_Winter,Wayup,Liz Wessel,https://www.linkedin.com/in/elizabethwessel/,https://twitter.com/lizwessel,
2015_Winter,Wayup,JJ Fliegelman,https://www.linkedin.com/in/jjfliegelman,https://twitter.com/JdotJdotF,
2015_Winter,Wink_Health,Chris Turitzin,https://linkedin.com/in/turitzin,,
2015_Winter,Wink_Health,Darwin Lo,https://www.linkedin.com/in/darwin-lo-3bbb945/,,
2015_Winter,Worklife,Dave Bryand,https://www.linkedin.com/in/davebryand,,
2015_Winter,Worklife,Dave Kashen,https://www.linkedin.com/in/davekashen,,
2015_Winter,Worklife,Val Agostino,https://www.linkedin.com/in/valagostino,,
2015_Winter,X_Zell,Prapat Suriyaphol,http://th.linkedin.com/pub/prapat-suriyaphol/17/5b0/3b2,,
2015_Winter,X_Zell,X-Zell,https://www.linkedin.com/company/xzell,https://twitter.com/XZELLInc,
2015_Winter,X_Zell,Sebastian Punyaratabandhu Bhakdi,https://www.linkedin.com/pub/sebastian-chakrit-punyaratabandhu-bhakdi/4a/357/8a3,,
2015_Winter,Yesgraph,Ivan Kirigin,http://www.linkedin.com/in/kirigin/,https://twitter.com/ikirigin,
2015_Winter,Yhat,Yhat,https://www.linkedin.com/company/yhat-inc-,,
2015_Winter,Yhat,Austin Ogilvie,https://www.linkedin.com/in/austinogilvie,https://twitter.com/austinogilvie,
2015_Winter,Yhat,Greg Lamp,https://www.linkedin.com/in/glamp,,
2015_Winter,Zeitview,Dan Burton,http://www.linkedin.com/pub/daniel-burton/89/117/287/,,
2015_Winter,Zeitview,Zeitview,https://www.linkedin.com/company/zeitview/about/,https://twitter.com/zeitview,https://github.com/DroneBase
2015_Winter,Zenflow,Zenflow,https://www.linkedin.com/company/torix-medical,https://twitter.com/zenflowinc,
2015_Winter,Zenflow,Shreya Mehta,https://www.linkedin.com/pub/shreya-mehta/5/57/49a,,
2016_Summer,Abundance_Labs,Kjerstin Erickson,https://www.linkedin.com/in/kjerstine,https://twitter.com/kjer,
2016_Summer,Airfordable,Airfordable,,http://www.twitter.com/flyairfordable,https://github.com/Airfordable
2016_Summer,Airfordable,Emmanuel Buah,https://www.linkedin.com/in/emmanuelbuah,,
2016_Summer,Airfordable,Ama Marfo,https://www.ycombinator.com/companies/www.linkedin.com/in/amamarfo,,
2016_Summer,Airo_Health,Naman Kumar,https://linkedin.com/in/namankumar,,
2016_Summer,Apolloshield,ApolloShield,https://www.linkedin.com/company/apolloshield-anti-drone-solutions/,https://twitter.com/apolloshield,
2016_Summer,Apolloshield,Gilad Beeri,https://www.linkedin.com/in/giladbeeri,,
2016_Summer,Athelas,Athelas,https://www.linkedin.com/company/athelas/,,https://github.com/getathelas
2016_Summer,Athelas,Deepika Bodapati,https://www.linkedin.com/pub/deepika-bodapati/73/297/102,,
2016_Summer,Athelas,Tanay Tandon,https://www.linkedin.com/pub/tanay-tandon/52/452/231,,
2016_Summer,Bird,Robert Vis,http://linkedin/in/robertvis,,
2016_Summer,Bird,Bird,https://www.linkedin.com/company/birdhq,,https://github.com/messagebird
2016_Summer,Bulldozair,Bulldozair,https://www.linkedin.com/company/bulldozair,https://twitter.com/BulldozAIR,
2016_Summer,Bulldozair,Ali Hariri,https://www.linkedin.com/in/alielhariri,https://twitter.com/alielhariri,
2016_Summer,Bulldozair,Maxence Lerigner,https://www.linkedin.com/in/lerigner,https://twitter.com/lerigner,
2016_Summer,Burrow,Burrow,https://www.linkedin.com/company/hi-burrow,https://twitter.com/hiburrow,
2016_Summer,Burrow,Kabeer Chopra,https://www.linkedin.com/in/kabeer-chopra-2883bb14,,
2016_Summer,Burrow,Stephen Kuhl,https://www.linkedin.com/in/stephenkuhl,,
2016_Summer,Carerev,CareRev,https://www.linkedin.com/company/carerev/,https://twitter.com/carerev,https://github.com/CareRevolutions
2016_Summer,Carerev,Sofia Pessanha,https://www.linkedin.com/in/sofiapessanha/,,
2016_Summer,Carerev,William Patterson,https://www.linkedin.com/pub/william-patterson/b6/354/6ba,,
2016_Summer,Circa,Alex Patriquin,,https://twitter.com/apatriq,
2016_Summer,Circa,Circa,https://www.linkedin.com/company/withcirca/,https://twitter.com/hicirca,
2016_Summer,Clip_Health,Andrew Paterson,https://linkedin.com/in/aspaterson,,
2016_Summer,Clip_Health,Bala Raja,https://linkedin.com/in/balaraja,https://twitter.com/balavraja,
2016_Summer,Cointent,Bigi Lui,https://www.linkedin.com/in/bigilui,,
2016_Summer,Cointent,Brad Ross,https://www.linkedin.com/in/bradleysross,,
2016_Summer,Cointent,Kendra Gibbons,https://www.linkedin.com/in/kendra-gibbons-7a431019,,
2016_Summer,Coub,Anton Gladkoborodov,https://www.linkedin.com/in/anton-gladkoborodov-58a8158,https://twitter.com/antonzoi,
2016_Summer,Coub,Igor Gladkoborodov,https://www.linkedin.com/in/igor-gladkoborodov-6068148,,
2016_Summer,Crowdai,CrowdAI,https://www.linkedin.com/company/crowdai/,https://twitter.com/CrowdAIinc,
2016_Summer,Crowdai,Devaki Raj,https://www.linkedin.com/in/devaki-raj-31205826,,
2016_Summer,Crowdai,Nic Borensztein,https://www.linkedin.com/in/nicbor,,
2016_Summer,Crowdai,Pablo Garcia,https://www.linkedin.com/in/pablogarciaortiz,,
2016_Summer,Curtsy,Curtsy,,https://twitter.com/curtsy,
2016_Summer,Curtsy,David Oates,http://linkedin.com/in/deoates,,
2016_Summer,Curtsy,Eli Allen,https://www.linkedin.com/in/eli-allen-311b2367,,
2016_Summer,Drivezy,Drivezy,,https://twitter.com/DrivezyIN,https://github.com/drivezy
2016_Summer,Drivezy,Abhishek Mahajan,https://in.linkedin.com/in/abhishek-mahajan-385a9734,,
2016_Summer,Drivezy,Hemant Sah,https://in.linkedin.com/in/hemantanshu,https://twitter.com/hemantanshu,
2016_Summer,Drivezy,Ashwarya Singh,https://www.linkedin.com/in/ashwarya-singh-79900658?authType=NAME_SEARCH&authToken=Bdi7&locale=en_US&trk=tyah&trkInfo=clickedVertical%3Amynetwork%2CclickedEntityId%3A203058405%2CauthType%3ANAME_SEARCH%2Cidx%3A1-1-1%2CtarId%3A1455786424625%2Ctas%3Aashwarya,,
2016_Summer,Drivezy,vasant verma,https://www.ycombinator.com/companies/in.linkedin.com/in/vasantverma,,
2016_Summer,Elemeno_Health,Elemeno Health,https://www.linkedin.com/company/elemenohealth,https://twitter.com/elemenohealth,
2016_Summer,Elemeno_Health,Arup Roy-Burman,https://www.linkedin.com/in/arup-roy-burman-7891736,,
2016_Summer,Emote,Julian Golder,https://www.linkedin.com/in/juliangolder,,
2016_Summer,Expo,Expo,https://www.linkedin.com/company/expo-dev,https://twitter.com/expo,https://github.com/expo
2016_Summer,Expo,Charlie Cheever,https://www.linkedin.com/in/ccheever,,
2016_Summer,Expo,James Ide,https://www.linkedin.com/in/idejames/,https://twitter.com/JI,
2016_Summer,Fabric,Arun Vijayvergiya,http://www.linkedin.com/in/arunvijayvergiya,,
2016_Summer,Fabric,Nikolay Valtchanov,https://www.linkedin.com/in/nikolayav,,
2016_Summer,Farmstead,Kevin Li,https://linkedin.com/in/liveink,https://twitter.com/liveink,
2016_Summer,Flutterwave,Adeleke Adekoya,https://ng.linkedin.com/in/adeleke-adekoya-68ab7626,,
2016_Summer,Flutterwave,Olugbenga GB Agboola,https://ng.linkedin.com/in/gbengagb,https://twitter.com/techprod_arch,
2016_Summer,Flutterwave,Flutterwave,https://www.linkedin.com/company/flutterwave/,https://twitter.com/theflutterwave,https://github.com/Flutterwave
2016_Summer,Garten,Michael Heinrich,https://linkedin.com/in/mheinrich,https://twitter.com/mheinrich,
2016_Summer,Garten,garten,https://www.linkedin.com/company/garten/,https://twitter.com/getgarten,
2016_Summer,Gogograndparent,Justin Boogaard,http://www.linkedin.com/in/justinboogaard,,
2016_Summer,Gogograndparent,GoGoGrandparent,https://www.linkedin.com/company/gogograndparent,https://twitter.com/gogograndparent,
2016_Summer,Gogograndparent,David Lung,https://www.linkedin.com/in/lungdavid/,,
2016_Summer,Gtrack_Technologies,Ashwin Amurthur,https://www.linkedin.com/in/ashwinamurthur,,
2016_Summer,Gtrack_Technologies,Teddy Guenin,https://www.linkedin.com/in/tguenin,,
2016_Summer,Haywheel,Daniel Barabander,https://www.linkedin.com/in/daniel-barabander-1a810137,https://x.com/dbarabander,
2016_Summer,Haywheel,Mykel Pereira,https://www.linkedin.com/in/mykel-pereira-9b173a7b,,
2016_Summer,Hellobill,Aric Lasry,https://www.linkedin.com/in/lasryaric,,
2016_Summer,Hellobill,Michael Ohana,https://www.linkedin.com/in/mikeohana,https://twitter.com/MichaelOhana/,
2016_Summer,Hioperator,Liz Tsai,https://www.linkedin.com/in/elizabeth-tsai-7619412b,,
2016_Summer,Hush,Alex Lin,https://www.linkedin.com/in/alin4,,
2016_Summer,Hush,Cooper Mor,https://www.linkedin.com/in/cooper-mor-8798b01,,
2016_Summer,Hush,William King,https://www.linkedin.com/in/william-king-7b921916,,
2016_Summer,Innov8,Innov8,,https://twitter.com/drriteshmalik,
2016_Summer,Innov8,Sumit Ranka,https://in.linkedin.com/in/sumit-ranka-69753532,,
2016_Summer,Innov8,Shailesh Gupta,https://www.linkedin.com/in/shaileshgupta88/,,
2016_Summer,Innov8,Ritesh Malik,https://www.linkedin.com/profile/view?id=AAMAAAHwVBsBW1k360F_5JiwfEebm6lBXNt5NPk&trk=hp-identity-name,https://twitter.com/drriteshmalik,
2016_Summer,Instrumentl,Angela Braren,https://www.linkedin.com/in/angela-braren-62383726,,
2016_Summer,Instrumentl,Gauri Manglik,https://www.linkedin.com/in/gaurimanglik,https://twitter.com/gauri,
2016_Summer,Instrumentl,Katharine Corriveau,https://www.linkedin.com/in/katharinecorriveau,,
2016_Summer,Iris_Automation,James Howard,https://ca.linkedin.com/in/jamesthoward,,
2016_Summer,Iris_Automation,Iris Automation,https://www.linkedin.com/company/iris-automation/,https://twitter.com/iris_automation,https://github.com/irisai
2016_Summer,Iris_Automation,Alexander Harmsen,https://www.linkedin.com/in/alexanderharmsen,https://twitter.com/alexharm,
2016_Summer,Joy,Joy,https://www.linkedin.com/company/withjoy/,https://twitter.com/joytheapp,
2016_Summer,Joy,Kaiwalya Kher,https://www.linkedin.com/in/kaiwalya,,
2016_Summer,Joy,Dorian Bach,https://www.linkedin.com/in/michaeldorian,,
2016_Summer,Joy,Vishal Joshi,https://www.linkedin.com/in/vishaljoshi,,
2016_Summer,Jumpcut,Jesse Jhaj,https://www.linkedin.com/in/jesse-jhaj-047212100,,
2016_Summer,Jumpcut,Kong Pham,https://www.linkedin.com/in/kongpham1,,
2016_Summer,Jumpcut,Peter Lu,https://www.linkedin.com/in/peterjlu,,
2016_Summer,Kenota,Eric Blondeel,https://ca.linkedin.com/in/eric-blondeel-b797023,https://twitter.com/EricJMBlondeel,
2016_Summer,Kenota,Kenota (formerly ExVivo Labs),https://www.linkedin.com/company/kenotahealth,https://twitter.com/KenotaHealth,
2016_Summer,Kenota,Moufeed Kaddoura,https://www.linkedin.com/in/moufeed/,,
2016_Summer,Legalist,Christian Haigh,http://www.linkedin.com/in/christianhaigh,,
2016_Summer,Legalist,Eva Shang,http://www.linkedin.com/in/eshang,https://twitter.com/eva_shang,
2016_Summer,Legalist,Legalist,https://www.linkedin.com/company/legalist/,https://www.twitter.com/legalistinc,https://github.com/legalist
2016_Summer,Lendsnap,Mike Romano,https://www.linkedin.com/in/mikerromano,,
2016_Summer,Lendsnap,Orion Parrott,https://www.linkedin.com/in/orionparrott/,https://twitter.com/orionparrott,
2016_Summer,Livement,Livement,,https://twitter.com/boletomovil,
2016_Summer,Livement,Roberto Rey,https://www.linkedin.com/in/robertoreym,,
2016_Summer,Livement,Walter Gonzalez,https://www.linkedin.com/in/wgdomenzain,,
2016_Summer,Looklive,Paul Judge,http://linkedin.com/in/paulqjudge,,
2016_Summer,Looklive,Cedric Rogers,https://www.linkedin.com/in/cedricjrogers/,,
2016_Summer,Looklive,Greg Selkoe,https://www.linkedin.com/in/greg-selkoe-3b9964ab,,
2016_Summer,Meesho,Meesho,https://www.linkedin.com/company/meesho/,https://twitter.com/Meesho_Official,https://github.com/Meesho
2016_Summer,Meesho,Sanjeev Barnwal,https://www.linkedin.com/in/sanjeev-barnwal-4099341b,,
2016_Summer,Meesho,Vidit Aatrey,https://www.linkedin.com/in/vidit-aatrey-a3639120,,
2016_Summer,Metapacket,Nir Krakowski,https://il.linkedin.com/in/nirkrakowski,,
2016_Summer,Metapacket,Itamar Gilad,https://www.linkedin.com/in/igilad,,
2016_Summer,Mindori,Chris Lengerich,https://www.linkedin.com/in/chrislengerich,https://mobile.twitter.com/chrislengerich,
2016_Summer,Miso,Victor Ching,http://www.linkedin.com/in/victorching,https://twitter.com/victorology,
2016_Summer,Mosaix_Ai,Satori He,https://linkedin.com/in/cheng-he-b266451b,,
2016_Summer,Mosaix_Ai,Sam Liu,https://linkedin.com/in/sumangliu,,
2016_Summer,Multiply_Labs,Multiply Labs,https://www.linkedin.com/company/multiply-labs/,https://twitter.com/multiplylabs,
2016_Summer,Multiply_Labs,Alice Melocchi,https://www.linkedin.com/in/alice-melocchi-071816120,,
2016_Summer,Multiply_Labs,Fred Parietti,https://www.linkedin.com/in/federico-parietti-75164920,,
2016_Summer,Neowize,Omer Nevo,https://il.linkedin.com/in/omer-nevo-358012108,,
2016_Summer,Neowize,Ronen Ness,https://il.linkedin.com/in/ronen-ness-7a682865,,
2016_Summer,Neowize,Yoav Cafri,https://il.linkedin.com/in/yoav-cafri-6b43a918,,
2016_Summer,New_Incentives,Prat Agarwal,http://www.linkedin.com/in/pratagarwal,,
2016_Summer,New_Incentives,Svetha Janumpalli,https://www.linkedin.com/in/svethajanumpalli,,
2016_Summer,Nova_Credit,Nova Credit,https://www.linkedin.com/company/nova-credit-inc./,https://twitter.com/nova_credit,https://github.com/neednova
2016_Summer,Nova_Credit,Misha Esipov,https://www.linkedin.com/in/mishaesipov,,
2016_Summer,Nucypher_Aka_Threshold_Network,NuCypher (aka Threshold Network),,https://twitter.com/TheTNetwork,https://github.com/nucypher
2016_Summer,Nucypher_Aka_Threshold_Network,MacLane Wilkison,https://www.linkedin.com/pub/maclane-wilkison/13/70a/677,https://twitter.com/maclanewilkison,
2016_Summer,Onechronos,OneChronos,https://www.linkedin.com/company/onechronos/,https://twitter.com/onechronos,https://github.com/onechronos
2016_Summer,Onechronos,Kelly Littlepage,https://www.linkedin.com/in/klittlepage,,
2016_Summer,Onechronos,Stephen Johnson,https://www.linkedin.com/in/stephendjohnson1,,
2016_Summer,Opsolutely,Kate Heddleston,https://linkedin.com/kateheddleston,,
2016_Summer,Opsolutely,Rachel Myers,https://www.linkedin.com/in/rachelmyers,,
2016_Summer,Patientbank,Feridun Mert Celebi,https://www.linkedin.com/pub/feridun-mert-celebi/59/414/220,,
2016_Summer,People_Ai,People.ai,https://www.linkedin.com/company/people.ai/,https://twitter.com/ppl_ai,https://github.com/people-ai
2016_Summer,People_Ai,Oleg Rogynskyy,https://www.linkedin.com/in/olegrogynskyy,https://twitter.com/OlegR,
2016_Summer,Polymail,Brandon Shin,https://www.linkedin.com/in/brandon-shin-0a853082,,
2016_Summer,Polymail,Brandon Foo,https://www.linkedin.com/in/brandonfoo,https://twitter.com/foolywk,
2016_Summer,Polymail,Shahan Khan,https://www.linkedin.com/in/shahan-khan-0869b120,https://twitter.com/bigshahan,
2016_Summer,Prime_Lightworks,Kyle Flanagan,https://www.linkedin.com/in/kyleflanagan,,
2016_Summer,Proxy,Proxy,https://www.linkedin.com/company/proxy-technologies/,https://twitter.com/proxy,
2016_Summer,Proxy,Denis Mars,https://www.linkedin.com/in/denismars,https://twitter.com/denismars,
2016_Summer,Proxy,Simon Ratner,https://www.linkedin.com/in/simonratner,https://twitter.com/simonratner,
2016_Summer,Pursuit,Adam Hueniken,https://ca.linkedin.com/in/adam-hueniken-34643542,,
2016_Summer,Quero_Education,Bernardo de Padua,http://br.linkedin.com/in/bernardops,http://twitter.com/bernardops,
2016_Summer,Quero_Education,Thiago Brandão,https://br.linkedin.com/in/thiagobrandam,,
2016_Summer,Raptor_Maps,Raptor Maps,https://www.linkedin.com/company/raptor-maps-inc.,https://twitter.com/RaptorMaps,https://github.com/RaptorMaps
2016_Summer,Raptor_Maps,Eddie Obropta,https://www.linkedin.com/in/eobropta,https://x.com/eddieobropta,
2016_Summer,Raptor_Maps,Nikhil Vadhavkar,https://www.linkedin.com/in/nvadhavkar,,
2016_Summer,Ready_Education,Alice Dinu,https://ca.linkedin.com/in/alice-dinu-b214011b,,
2016_Summer,Ready_Education,Danial Jameel,https://linkedin.com/in/danialj,,
2016_Summer,Ready_Education,James Dang,https://linkedin.com/in/james-dang-4ab61b26,,
2016_Summer,Reebeez,Ankita Ghoshal,https://www.linkedin.com/in/ankita-ghoshal-0b0794ab,,
2016_Summer,Reebeez,Prianka Ghoshal,https://www.linkedin.com/in/priankaghoshal,,
2016_Summer,Rigplenish,Nupur Mehta,http://www.linkedin.com/in/rigplenish,https://twitter.com/onenupur,
2016_Summer,Robby_Technologies,Robby Technologies,,https://twitter.com/robby_tech,
2016_Summer,Robby_Technologies,Rui Li,http://www.linkedin.com/in/ruilimit/en,,
2016_Summer,Robby_Technologies,Dheera Venkatraman,http://www.linkedin.com/in/vdheera,https://twitter.com/dheeranet/,
2016_Summer,Rocketlit,RocketLit,https://www.linkedin.com/company/rocketlit,https://twitter.com/InnerOrbitedu,
2016_Summer,Rocketlit,Brendan Finch,https://www.linkedin.com/in/brendan-finch-8658265b,https://twitter.com/birdbrainfinch,
2016_Summer,Rocketlit,Grenard Madrigal,https://www.linkedin.com/in/grenard-madrigal-437b7118,,
2016_Summer,Rose_Rocket,Alexander Luksidadi,https://ca.linkedin.com/in/fitrah-alexander-luksidadi-04897514,,
2016_Summer,Rose_Rocket,Rose Rocket,https://www.linkedin.com/company/rose-rocket,https://twitter.com/roserocketapp,https://github.com/RoseRocket
2016_Summer,Runkit,Pieter Ouwerkerk,https://linkedin.com/in/pouwerkerk,https://twitter.com/pouwerkerk,
2016_Summer,Runkit,Francisco Tolmasky,https://www.linkedin.com/in/tolmasky,,
2016_Summer,Sage_Care,Vanessa Lee,http://ca.linkedin.com/in/vlaurenlee,,
2016_Summer,Saleswhale,Saleswhale,,https://twitter.com/saleswhaleio,
2016_Summer,Saleswhale,Ethan Le,https://www.linkedin.com/in/ethan-le-16a4357/,,
2016_Summer,Saleswhale,Gabriel Lim,https://www.linkedin.com/in/penguingab/,https://twitter.com/sg_gabriel,
2016_Summer,Saleswhale,Venus Wong,https://www.linkedin.com/pub/venus-wong/10/b9b/8b9,,
2016_Summer,Scale_Ai,Scale AI,https://www.linkedin.com/company/scaleai/,https://twitter.com/scale_AI,https://github.com/scaleapi
2016_Summer,Scale_Ai,Alexandr Wang,https://www.linkedin.com/in/alexandrwang,,
2016_Summer,Scanate_Fellow,Kingsong Chen,https://linkedin.com/in/kingsong,,
2016_Summer,Scanate_Fellow,Panashe Mahachi,https://linkedin.com/in/pmahachi,,
2016_Summer,Seerslab,Seerslab,https://www.linkedin.com/company/argear/,https://twitter.com/lollicam,
2016_Summer,Seerslab,Michael Chong,https://www.linkedin.com/in/michong?trk=hp-identity-name,,
2016_Summer,Selfycart,Erick Lee,https://www.linkedin.com/in/erick-lee-5282aa3,,
2016_Summer,Selfycart,Sahle Hashelit,https://www.linkedin.com/in/sahlehashelit,,
2016_Summer,Seneca_Systems,Nick DeMonner,https://www.linkedin.com/in/nick-demonner/,,
2016_Summer,Shield_Bio,Fred Turner,https://www.linkedin.com/in/fred-turner-70688776,https://twitter.com/FredTurnerBio,
2016_Summer,Simplecitizen,SimpleCitizen,https://www.linkedin.com/company/simplecitizen/,https://twitter.com/SimpleCitizenUS,
2016_Summer,Simplecitizen,Ayde Soto,https://www.linkedin.com/in/ayd%C3%A9-soto-1a329138,,
2016_Summer,Simplecitizen,Brady Stoddard,https://www.linkedin.com/in/bradystoddard,,
2016_Summer,Simplecitizen,Sam Stoddard,https://www.linkedin.com/in/samcstoddard,https://twitter.com/SamStoddard1,
2016_Summer,Skylights,SkyLights,https://www.linkedin.com/company/skylights-aero,https://twitter.com/skylightsaero,
2016_Summer,Skylights,Laurence Fornari,https://www.linkedin.com/in/laurencefornari/,https://twitter.com/FornariLaurence,
2016_Summer,Smartpath,SmartPath,https://www.linkedin.com/company/smartpath-financial-wellness,https://twitter.com/smartpathfin,
2016_Summer,Smartpath,Alok Deshpande,https://www.linkedin.com/in/alokdeshpande,,
2016_Summer,Smartsite,James Batstone,https://www.linkedin.com/in/jamesbatstone,,
2016_Summer,Squire_Technologies,Squire Technologies,https://www.linkedin.com/company/squ%C4%ABr-technologies,https://twitter.com/getsquire.com,
2016_Summer,Squire_Technologies,Dave Salvant,https://www.linkedin.com/in/davesalvant,,
2016_Summer,Squire_Technologies,Songe LaRon,https://www.linkedin.com/in/songe,,
2016_Summer,Starcity,Jesse Suarez,http://www.linkedin.com/in/jmsuarez,,
2016_Summer,Starcity,Josh Lehman,https://www.linkedin.com/in/jalehman1,https://x.com/jlehman_,
2016_Summer,Starcity,Jon Dishotsky,https://www.linkedin.com/in/jondishotsky,https://x.com/jondishotsky,
2016_Summer,Starsky_Robotics,Starsky Robotics,,https://twitter.com/starskyrobotics?lang=en,
2016_Summer,Starsky_Robotics,Stefan Seltz-Axmacher,https://www.linkedin.com/in/stefanseltzaxmacher,https://twitter.com/stefanesa,
2016_Summer,Suiteness,Kyle Killion,http://www.linkedin.com/in/kylekillion/,https://twitter.com/killion,
2016_Summer,Suiteness,Suiteness,https://www.linkedin.com/company/suiteness,https://twitter.com/suiteness,https://github.com/Suiteness
2016_Summer,Suiteness,Robbie Bhathal,https://www.linkedin.com/in/robbiebhathal?trk=hp-identity-photo,https://x.com/robbiebhathal?mx=2,
2016_Summer,Sway_Finance,Ashwin Kumar,,https://x.com/shwinda,
2016_Summer,Sway_Finance,Catherine Jue,https://www.linkedin.com/in/juecd,https://twitter.com/juecd__,
2016_Summer,Symple,Symple,,https://twitter.com/SympleHQ,
2016_Summer,Symple,Steve Abraham,https://www.linkedin.com/in/steve-abraham-3b05302a,,
2016_Summer,Synvivia,Gabriel Lopez,https://www.linkedin.com/in/gabriel-lopez-17b94410b?trk=nav_responsive_tab_profile,,
2016_Summer,Techmate,Techmate,https://www.linkedin.com/company/techmates,https://twitter.com/techmateteam,
2016_Summer,Techmate,Colin Barceloux,https://www.linkedin.com/in/cbarceloux,,
2016_Summer,Techmate,Scott Hasbrouck,https://www.linkedin.com/in/scotthasbrouck,,
2016_Summer,The_Athletic,The Athletic,https://www.linkedin.com/company/the-athletic-media-company/,https://twitter.com/TheAthletic,
2016_Summer,The_Athletic,Adam Hansmann,https://www.linkedin.com/in/adamhansmann,https://twitter.com/TheAuthletic,
2016_Summer,The_Athletic,Alex Mather,https://www.linkedin.com/in/alexemather,https://twitter.com/amather,
2016_Summer,The_Flex_Company,The Flex Company,https://www.linkedin.com/company/the-flex-company/,https://twitter.com/flex,
2016_Summer,The_Flex_Company,Lauren Schulte Wang,https://www.linkedin.com/in/laurenschulte,https://twitter.com/lmschulte,
2016_Summer,The_Flex_Company,Panpan Wang,https://www.linkedin.com/in/panpanwang,,
2016_Summer,Ubiq,Jayanth Kottapalli,https://www.linkedin.com/in/jayanthkottapalli,,
2016_Summer,Ubiq,Sumit Pasupalak,https://www.linkedin.com/pub/sumit-pasupalak/11/808/b41,,
2016_Summer,Upgraded,Hendrik Roosna,https://ee.linkedin.com/in/hroosna,,
2016_Summer,Upgraded,JR Rahn,https://sg.linkedin.com/in/jamonr,,
2016_Summer,Upgraded,Upgraded,https://www.linkedin.com/company/upgraded-technologies,https://www.twitter.com/upgraded_tech,
2016_Summer,Utilityscore,Brian Gitt,https://www.linkedin.com/in/brian-gitt-41467611,,
2016_Summer,Validere,Validere,https://www.linkedin.com/company/10389765/admin/,https://twitter.com/Validere,https://github.com/ValidereInc
2016_Summer,Validere,Nouman Ahmad,https://www.linkedin.com/in/noumanzahmad,,
2016_Summer,Vetcove,Alex Kates,http://linkedin.com/in/alexkates,https://twitter.com/ajkates,
2016_Summer,Vetcove,Vetcove,https://www.linkedin.com/company/vetcove,https://twitter.com/vetcove,https://github.com/vetcove
2016_Summer,Vetcove,Mitchell Kates,https://www.linkedin.com/in/mitchkates,,
2016_Summer,Vidcode,Melissa Halfon,http://linkedin.com/pub/dir/Melissa/Halfon,,
2016_Summer,Vidcode,Alexandra Diracles,https://www.linkedin.com/profile/view?id=117645650&trk=nav_responsive_tab_profile,,
2016_Summer,Vote_Org,Debra Cleaver,https://www.linkedin.com/in/debracleaver,,
2016_Summer,Whyd,Gilles Poupardin,https://www.linkedin.com/in/gillespoupardin,,
2016_Summer,Women_Who_Code,Alaina Percival,http://www.linkedin.com/in/alainapercival,https://twitter.com/alaina,
2016_Summer,Women_Who_Code,Zassmin Montes de Oca,https://linkedin.com/in/zassmin,,
2016_Summer,Women_Who_Code,Women Who Code,https://www.linkedin.com/company/women-who-code,https://twitter.com/womenwhocode,https://github.com/WomenWhoCode
2016_Summer,Workramp,WorkRamp,https://www.linkedin.com/company/workramp,https://www.twitter.com/workramp,
2016_Summer,Workramp,Arsh Mand,https://www.linkedin.com/in/arshmand,,
2016_Summer,Workramp,Ted Blosser,https://www.linkedin.com/in/tedblosser,https://www.twitter.com/tedblosser,
2016_Summer,Xberts,Simon Huang,https://www.linkedin.com/in/simon-huang-557a8a1a,,
2016_Summer,Xberts,Steven Huang,https://www.linkedin.com/in/steven-huang-global-platform-for-iot-51619953,,
2016_Summer,Yoshi_Mobility,Yoshi Mobility,https://www.linkedin.com/company/yoshimobility/,https://twitter.com/yoshimobility,
2016_Summer,Yoshi_Mobility,Bryan Frist,https://www.linkedin.com/in/bryan-frist-b2514017?trk=nav_responsive_tab_profile,,
2016_Summer,Yoshi_Mobility,Dan Hunter,https://www.linkedin.com/in/daniel-hunter-612bb720,https://twitter.com/danjohnhunter,
2016_Summer,Yoshi_Mobility,Nick Alexander,https://www.linkedin.com/in/ndalexander/,,
2016_Winter,Able_Health,Steve Daniels,http://linkedin.com/in/steveddaniels,,
2016_Winter,Able_Health,Rachel Katz,https://www.linkedin.com/in/rachellkatz,,
2016_Winter,Algoriz,Soraya Taghavi,https://www.linkedin.com/in/sorayataghavi,,
2016_Winter,Alphaflow,Ray Sturm,http://www.linkedin.com/pub/ray-sturm/3/270/439/,,
2016_Winter,Alphaflow,AlphaFlow,https://www.linkedin.com/company/alphaflow/,https://twitter.com/AlphaFlow?lang=en,https://github.com/AlphaFlow
2016_Winter,Amberbox_Gunshot_Detection,AmberBox Gunshot Detection,,https://amberbox.com/,
2016_Winter,Anchor_Health,Ryan Martin,https://www.linkedin.com/in/4ryanwmartin,,
2016_Winter,Anchor_Health,Jennifer Ma,https://www.linkedin.com/in/jennifer-ma-80912a28,,
2016_Winter,Apollo_Io,Apollo.io,https://www.linkedin.com/company/apolloio/,,https://github.com/apolloio
2016_Winter,Apollo_Io,Ray Li,https://www.linkedin.com/in/raysiruili,,
2016_Winter,Apollo_Io,Tim Zheng,https://www.linkedin.com/pub/tim-zheng/10/ba0/677,,
2016_Winter,Astranis,Astranis,https://www.linkedin.com/company/astranis/,https://twitter.com/Astranis,
2016_Winter,Astranis,John Gedmark,https://www.linkedin.com/in/johngedmark,https://twitter.com/gedmark,
2016_Winter,Astranis,Ryan McLinko,https://www.linkedin.com/in/mclinkor,,
2016_Winter,Bonsai,Matt Nish,https://www.linkedin.com/in/mattnish,,
2016_Winter,Bonsai,Bonsai,https://www.linkedin.com/products/bonsai/,https://www.twitter.com/bonsaiinc,
2016_Winter,Boom,Boom,https://www.linkedin.com/company/boom-technology-inc./,https://twitter.com/boomaero,
2016_Winter,Boom,Blake Scholl,https://www.linkedin.com/in/blakescholl/,,
2016_Winter,Bus_Com,Kyle Boulay,https://linkedin.com/in/kyleboulay,,
2016_Winter,Caper,Ahmed Beshry,https://ca.linkedin.com/in/ahmedbeshry,,
2016_Winter,Caper,Lindon Gao,https://www.linkedin.com/pub/lindon-gao/24/b31/1a1,,
2016_Winter,Carbic,Carbic,https://www.linkedin.com/company/38081356/,https://twitter.com/carbic_,
2016_Winter,Carbic,Jeff Garoon,https://www.linkedin.com/in/jeffgaroon,,
2016_Winter,Carbic,Jed Somers,https://www.linkedin.com/profile/preview?locale=en_US&trk=prof-0-sb,https://www.twitter.com/jedsomers,
2016_Winter,Castle,Max Nussenbaum,http://linkedin.com/in/maxnuss,https://twitter.com/maxnuss,
2016_Winter,Castle,Scott Lowe,https://linkedin.com/in/lowe0292,,
2016_Winter,Castle,Tim Dingman,https://linkedin.com/in/timdingman,https://twitter.com/timdingmanlive,
2016_Winter,Castle_2,Sebastian Wallin,http://se.linkedin.com/in/sebwal/,,
2016_Winter,Castle_2,Castle,https://www.linkedin.com/company/castle-intelligence,https://twitter.com/Castle_IO,https://github.com/castle
2016_Winter,Castle_2,Johan Brissmyr,https://www.linkedin.com/in/brissmyr,,
2016_Winter,Chatfuel,Chatfuel,,https://twitter.com/chatfuel,https://github.com/chatfuel
2016_Winter,Chatfuel,Artem Ptashnik,https://www.linkedin.com/in/artem-ptashnik-828163bb/,,
2016_Winter,Chatfuel,Dmitrii Dumik,https://www.linkedin.com/in/ddumik,,
2016_Winter,Chillabit,Mark Galloway,http://ca.linkedin.com/in/mgallowa,,
2016_Winter,Chillabit,Benjamin Lavin,https://ca.linkedin.com/in/benjaminlavin,,
2016_Winter,Chillabit,Tamara Bain,https://ca.linkedin.com/pub/tamara-bain/41/19b/70,,
2016_Winter,Chillabit,Kyle Kaiser,https://linkedin.com/in/kkaiser0,,
2016_Winter,Chillabit,Sabby Choudhary,https://www.linkedin.com/in/sabbychoudhary/,,
2016_Winter,Compgun,Tim Sze,http://www.linkedin.com/in/szetim/,,
2016_Winter,Compgun,Jake Seip,https://linkedin.com/in/jakeseip,https://twitter.com/jakeseip?lang=en,
2016_Winter,Constructvr,Jaime Bueza,https://ca.linkedin.com/in/jbueza,https://twitter.com/jbueza,
2016_Winter,Constructvr,Chris Tan,https://www.linkedin.com/in/chrismtan,,
2016_Winter,Copia,Copia,https://www.linkedin.com/company/gocopia/,http://www.twitter.com/gocopia,
2016_Winter,Copia,Komal Ahmad,https://www.linkedin.com/in/komalahmad,https://twitter.com/komal_ahmad,
2016_Winter,Cover,Cover,,https://twitter.com/cover,
2016_Winter,Cover,Natalie Gray,https://ca.linkedin.com/in/natalieevagray/,,
2016_Winter,Cover,Anand Dhillon,https://www.linkedin.com/in/ananddhillon,,
2016_Winter,Cover,Karn Saroya,https://www.linkedin.com/in/saroya,,
2016_Winter,Daily,Daily,https://www.linkedin.com/company/dailyco/,https://twitter.com/trydaily,https://github.com/daily-co
2016_Winter,Daily,Kwindla Hultman Kramer,https://www.linkedin.com/profile/view?id=ADEAAAABFE4BY9krVgKqlmVDm31cTgEvZKJ9UwE,https://twitter.com/kwindla,
2016_Winter,Deako,Derek Richardson,https://www.linkedin.com/in/drichardson1976,,
2016_Winter,Deepgram,Deepgram,https://www.linkedin.com/company/deepgram,https://www.twitter.com/DeepgramAI,https://github.com/deepgram
2016_Winter,Devcolor,Makinde Adeagbo,http://linkedin.com/in/makinde,,
2016_Winter,Devcolor,DevColor,https://www.linkedin.com/company/-dev-color/,https://twitter.com/devcolororg,https://github.com/devcolor
2016_Winter,Dosedr,John Sanders,https://www.linkedin.com/in/johnlsanders,,
2016_Winter,Elucify,Gerald Fong,https://www.linkedin.com/in/geraldfong,,
2016_Winter,Elucify,Mihir Deo,https://www.linkedin.com/in/mihirdeo,,
2016_Winter,Elucify,Naveen Krishnamurthi,https://www.linkedin.com/in/naveen401,,
2016_Winter,Embark_Trucks,Brandon Moak,https://ca.linkedin.com/in/brandonmoak,,
2016_Winter,Embark_Trucks,Alex Rodrigues,https://ca.linkedin.com/in/rodriguesalex,https://twitter.com/alexrodriguesca,
2016_Winter,Embark_Trucks,Embark Trucks,https://www.linkedin.com/company/embarktrucks/,,
2016_Winter,Emburse,Roger Gu,https://www.linkedin.com/in/guroger/,,
2016_Winter,Emburse,Peter Lai,https://www.linkedin.com/in/peterjlai,https://twitter.com/peterjlai,
2016_Winter,Enflux,Enflux,,http://getenflux.com/,
2016_Winter,Enflux,Elijah Schuldt,https://www.linkedin.com/in/elijah-schuldt-a76570100,,
2016_Winter,Enflux,Doug Hoang,https://www.linkedin.com/pub/doug-hoang/66/a89/2,,
2016_Winter,Envyl,Tochukwu Okoro,https://www.linkedin.com/in/tcokoro,,
2016_Winter,Envyl,Perry Ogwuche,https://www.linkedin.com/profile/view?id=AAIAAAqS9gUB6TQTGWkLN2X1Mg8kfGxQjijBYWA&trk=nav_responsive_tab_profile,,
2016_Winter,Fightcamp,Khalil Zahar,https://ca.linkedin.com/pub/khalil-zahar/63/563/981,https://twitter.com/khalzahar,
2016_Winter,Fightcamp,Alexandre Marcotte,https://www.linkedin.com/,,
2016_Winter,Fightcamp,FightCamp,https://www.linkedin.com/fightcamp,https://twitter.com/joinfightcamp,https://github.com/fightcamp
2016_Winter,Fightcamp,Patrick Chandler,https://www.linkedin.com/in/patrick-chandler-b53a58b7,,
2016_Winter,Flexengage,flexEngage,,https://twitter.com/flexengage,
2016_Winter,Flexengage,Jay Patel,https://www.linkedin.com/in/jay-patel-9a98121,,
2016_Winter,Flexengage,Tomas Diaz,https://www.linkedin.com/in/tomasdiaz17,,
2016_Winter,Focal_Systems,Michael Cantalino,https://www.linkedin.com/pub/michael-john-cantalino/12/b44/747,,
2016_Winter,Function_Of_Beauty,Joshua Maciejewski,http://www.linkedin.com/in/joshuamac,,
2016_Winter,Function_Of_Beauty,Function of Beauty,https://www.linkedin.com/company/10877282,https://twitter.com/fxofbeauty,
2016_Winter,Function_Of_Beauty,Zahir Dossa,https://www.linkedin.com/in/dossa/,,
2016_Winter,Function_Of_Beauty,Hien Kaplan,https://www.linkedin.com/in/hientnguyen,,
2016_Winter,Gecko_Robotics,Gecko Robotics,https://www.linkedin.com/company/geckorobotics/,https://www.twitter.com/geckorobotics,https://github.com/GeckoRobotics
2016_Winter,Gecko_Robotics,Jake Loosararian,https://www.linkedin.com/profile/preview?locale=en_US&trk=prof-0-sb-preview-primary-button,,
2016_Winter,Gecko_Robotics,Troy Demmer,https://www.linkedin.com/profile/view?id=AAIAAAVknjQBfe-5mD0s-nYSWNXnFY_7rEl6whA&trk=nav_responsive_tab_profile,,
2016_Winter,Georgette_Packaging,Sarah Landstreet,https://ca.linkedin.com/pub/sarah-landstreet/11/667/a59,https://twitter.com/misslandstreet,
2016_Winter,Georgette_Packaging,Georgette Packaging,https://www.linkedin.com/company/georgette-packaging-inc-/,https://twitter.com/georgettepack,
2016_Winter,Getaccept,Carl Carell,https://se.linkedin.com/in/carlcarell,,
2016_Winter,Getaccept,Mathias Thulin,https://se.linkedin.com/in/mathiasthulin,https://twitter.com/mathiasthulin,
2016_Winter,Getaccept,GetAccept,https://www.linkedin.com/company/getaccept,https://twitter.com/getaccept,https://github.com/getaccept
2016_Winter,Getaccept,Samir Smajic,https://www.linkedin.com/in/samirsmajic,,
2016_Winter,Gigwell,Gigwell,https://www.linkedin.com/company/gigwell,https://twitter.com/gigwellofficial,https://github.com/gigwell
2016_Winter,Gigwell,Antonio Sierra,https://www.linkedin.com/in/antonioasierra,,
2016_Winter,Gigwell,Glade Luco,https://www.linkedin.com/in/gladeluco,,
2016_Winter,Gigwell,Jeremie Habib,https://www.linkedin.com/in/jeremiehabib,,
2016_Winter,Gitprime,GitPrime,https://www.linkedin.com/company/gitprime-analytics,https://twitter.com/gitprime,
2016_Winter,Gitprime,Ben Thompson,https://www.linkedin.com/in/thompsonben,https://twitter.com/thebent/,
2016_Winter,Gitprime,Travis Kimmel,https://www.linkedin.com/in/travis-kimmel-20111b2a,,
2016_Winter,Golorry,GoLorry,https://www.linkedin.com/company/golorry,,
2016_Winter,Golorry,J Richards,https://www.linkedin.com/in/jonathan-richards-26259bb6/,,
2016_Winter,Golorry,ZJ Lin,https://www.linkedin.com/in/zjlin/,,
2016_Winter,Golorry,Sanjay Mandava,https://www.linkedin.com/pub/sanjay-mandava/24/6aa/206,https://twitter.com/mandava_sanjay,
2016_Winter,Goodybag,Jag Santha,https://www.linkedin.com/pub/jag-santha/2a/b12/682,,
2016_Winter,Goodybag,Jay Panchal,https://www.linkedin.com/pub/jay-panchal/13/2b2/25a,,
2016_Winter,Goodybag,Om Panchal,https://www.linkedin.com/pub/om-panchal/33/213/640,,
2016_Winter,Hingeto,Akintunde Ismail Maiyegun,http://www.linkedin.com/in/maiyegun,,
2016_Winter,Hingeto,Leandrew Robinson,https://www.linkedin.com/in/leandrew-robinson-b679079,,
2016_Winter,Hingeto,Yaw Owusu-Barimah,https://www.linkedin.com/in/yawza,https://twitter.com/yawza,
2016_Winter,Histowiz,HistoWiz,https://www.linkedin.com/company/histowiz/,https://twitter.com/histowiz,https://github.com/histowiz
2016_Winter,Histowiz,Ke Cheng,https://www.linkedin.com/pub/ke-cheng/0/537/b18%20%20%20%20%20%20%20%20%20%20%20%20%20%20%20%20%20%20%20%20%20%20%20%20%20%20%20%20%20%20%20%20%20%20%20%20%20%20%20%20%20%20%20%20%20%20%20%20%20%20%20%20%20%20%20%20%20%20%20%20%20%20%20%20%20%20%20%20%20%20%20%20%20%20%20%20%20%20%20Richard%20Losick%20Teaching%20Fellow%20for%20Molecular%20Biology%20(MCB52).%2009/07-02/08,,
2016_Winter,Index_2,Cezar Grigore,https://www.linkedin.com/in/cezar-grigore-8a071a5a/,,
2016_Winter,Index_2,Denis Anscomb,https://www.linkedin.com/in/denisanscomb,,
2016_Winter,Inevitable_Tech,Inevitable Tech,https://www.linkedin.com/company/iron-ox/,https://twitter.com/ironoxfarms,https://github.com/iron-ox
2016_Winter,Inevitable_Tech,Brandon Alexander,https://www.linkedin.com/in/brandonacealexander,,
2016_Winter,Inevitable_Tech,Jonathan Binney,https://www.linkedin.com/pub/jon-binney/5/5b6/577,,
2016_Winter,Innovein,Austin Walker,https://www.linkedin.com/in/innovein,,
2016_Winter,Innovein,Al Chin,https://www.linkedin.com/pub/albert-k-chin-m-d/16/2b8/371,,
2016_Winter,Innovein,Tom Kramer,https://www.linkedin.com/pub/tom-kramer/7/a2a/582,,
2016_Winter,Interstate_Analytics,Jamie Quint,http://linkedin.com/in/jamiequint,https://twitter.com/jamiequint,
2016_Winter,Interstate_Analytics,Amir Ghazvinian,https://www.linkedin.com/in/amirghazvinian/,,
2016_Winter,Isono_Health,Shadi Saberi,http://www.linkedin.com/in/ssaberig,,
2016_Winter,Isono_Health,iSono Health,https://www.linkedin.com/company/isono-health/,https://twitter.com/isonohealth,
2016_Winter,Kip_Health,Kip Health,,https://twitter.com/hellokip,
2016_Winter,Kip_Health,Ti Zhao,http://linkedin.com/in/tizhao,,
2016_Winter,Kisan_Network,Aditya Agarwalla,https://linkedin.com/in/adiagarwalla,https://twitter.com/adi_agarwalla,
2016_Winter,Kisan_Network,Sanjay Kumar Agarwalla,https://linkedin.com/in/sanjaykagarwalla,,
2016_Winter,Kisan_Network,Kisan Network,https://www.linkedin.com/company/kisan-network,https://www.twitter.com/kisannetwork,
2016_Winter,Landed,Alex Lofton,http://www.linkedin.com/in/alexlofton,https://twitter.com/alexlofton,
2016_Winter,Landed,Landed,https://www.linkedin.com/company/landed-inc/,https://twitter.com/landedhomes,https://github.com/landedhomes
2016_Winter,Landed,Jonathan Asmis,https://www.linkedin.com/in/jonathanasmis,,
2016_Winter,Lattice,Lattice,https://www.linkedin.com/company/lattice-hq/,https://twitter.com/latticehq,
2016_Winter,Lattice,Eric Koslow,https://www.linkedin.com/in/erickoslow,https://twitter.com/ekosz1,
2016_Winter,Lattice,Jack Altman,https://www.linkedin.com/in/jackealtman,,
2016_Winter,Lendedu,Matthew Lenhard,https://www.linkedin.com/pub/matthew-lenhard/37/bb0/ba/en,,
2016_Winter,Loop_Genomics,Tuval Ben-Yehezkel,https://www.linkedin.com/in/tuval-ben-yehezkel-04608424,,
2016_Winter,Luciq,Moataz Soliman,https://eg.linkedin.com/pub/moataz-soliman/53/42/289,https://x.com/mzsoliman,
2016_Winter,Luciq,Luciq (formerly Instabug),https://www.linkedin.com/company/luciq,https://x.com/Luciq_AI,https://x.com/Luciq_AI
2016_Winter,Luciq,Omar Gabr,https://www.linkedin.com/in/okgabr,https://x.com/OKGabr,
2016_Winter,Luminist_Labs,Storm Stillman,https://www.linkedin.com/in/stormstillman,https://twitter.com/StormStillman,
2016_Winter,Lygos,Eric Steen,http://www.linkedin.com/in/EricJSteen,,
2016_Winter,Lygos,Lygos,https://www.linkedin.com/company/lygos,https://twitter.com/LygosBiotech,
2016_Winter,Lynks,Mostafa ElBatsh,https://www.linkedin.com/profile/view?id=AAIAAAYzAiMB4uZ_1SS_seu7jrnGN58CzCmpJHM&trk=nav_responsive_tab_profile_pic,,
2016_Winter,Magic_Instruments,Andrew Song,http://www.linkedin.com/in/ajsong,https://x.com/asong408,
2016_Winter,Magic_Instruments,Brian Fan,http://www.linkedin.com/in/brianfan/en,,
2016_Winter,Magic_Instruments,Mark Liebman,http://www.linkedin.com/in/markliebman,,
2016_Winter,Magicbus,Jason Kraft,https://linkedin.com/in/jasonjkraft,,
2016_Winter,Magicbus,Ray Wu,https://www.linkedin.com/in/raycwu,https://twitter.com/raywu,
2016_Winter,Magicbus,Chris Upjohn,https://www.linkedin.com/pub/chris-upjohn,,
2016_Winter,Mailtime,Gary Lau,http://hk.linkedin.com/pub/gary-lau/28/51b/a55,,
2016_Winter,Mailtime,Heatherm Huang,http://linkedin.com/in/heathermhuang,http://twitter.com/heathermhuang,
2016_Winter,Mason,Mason,https://www.linkedin.com/company/mason-america/,https://twitter.com/buildwithMason,
2016_Winter,Mason,Jim Xiao,https://www.linkedin.com/in/jimxiao,https://twitter.com/jimxmeter,
2016_Winter,Meter_Feeder,Meter Feeder,https://www.linkedin.com/company/meter-feeder-inc,https://twitter.com/MeterFeeder,
2016_Winter,Meter_Feeder,Daniel Lopretto,https://www.linkedin.com/pub/daniel-lopretto/4b/838/182,,
2016_Winter,Meter_Feeder,Jim Gibbs,https://www.linkedin.com/pub/james-gibbs/0/8/4ab,https://twitter.com/heezo,
2016_Winter,Mineralsoft,Jon Parker,https://www.linkedin.com/in/jparker165,,
2016_Winter,Mineralsoft,Gabe Wilcox,https://www.linkedin.com/pub/gabe-wilcox/8/744/b59,,
2016_Winter,Mio,Mio,,https://twitter.com/mio,
2016_Winter,Mio,Tom Hadfield,http://www.linkedin.com/in/hadfieldtom/,http://twitter.com/tomhadfield,
2016_Winter,Mio,James Cundle,https://www.linkedin.com/in/jamescundle/,https://twitter.com/jamescundle,
2016_Winter,Modal,Aaron Krane,https://www.linkedin.com/in/aaronkrane/,,
2016_Winter,Monthli,Darrick Brown,http://www.linkedin.com/in/darrickbrown/en,,
2016_Winter,Monthli,Shane Dosch,https://www.linkedin.com/in/shanedosch,,
2016_Winter,Monthli,Alex Burton,https://www.linkedin.com/pub/alex-burton/0/290/191/en,,
2016_Winter,Mrelief,Genevieve Nielsen,https://www.linkedin.com/in/genevievenielsen,,
2016_Winter,Mrelief,Rose Afriyie,https://www.linkedin.com/in/roseafriyie,,
2016_Winter,Mux,Mux Player: The <video> tag with Mux superpowers,,https://mux.com/player,
2016_Winter,Mux,Mux,https://www.linkedin.com/company/mux/,http://mux.com/,http://mux.com/
2016_Winter,Mux,Adam Brown,https://www.linkedin.com/in/adam-brown-7452b03a/,,
2016_Winter,Mux,Steve Heffernan,https://www.linkedin.com/in/heffernan,https://twitter.com/heff,
2016_Winter,Mux,Jon Dahl,https://www.linkedin.com/in/zencoder,https://twitter.com/jondahl,
2016_Winter,Mux,Matthew McClure,https://www.linkedin.com/profile/view?id=AAIAAAJfgWIBGxc9zShLz4cBthEtfFkCOgyYI78,https://twitter.com/matt_mcclure,
2016_Winter,Netbeez,Panickos Neophytou,http://www.linkedin.com/in/panickos/en,https://twitter.com/panickos,
2016_Winter,Netbeez,NetBeez,https://www.linkedin.com/company/2937752/,https://twitter.com/NetBeez,https://github.com/netbeez
2016_Winter,Netbeez,Panos Vouzis,https://www.linkedin.com/in/pvouzis,,
2016_Winter,Netbeez,Stefano Gridelli,https://www.linkedin.com/in/stefanogridelli/en,https://twitter.com/Stefanogridelli,
2016_Winter,Netomi,Netomi,https://www.linkedin.com/company/netomi/,https://twitter.com/netomi_official,https://github.com/msgai
2016_Winter,Netomi,Puneet Mehta,https://www.linkedin.com/profile/view?id=AAIAAABf99YBV9eQCLdt0E2AyvhyTITW2oLZUB4,,
2016_Winter,Nova,Bryan Pirtle,https://www.linkedin.com/in/bpirtle,,
2016_Winter,Nova,Will Dinkel,https://www.linkedin.com/in/wdinkel,,
2016_Winter,Nurx,NURX,https://www.linkedin.com/company/nurx/?viewAsMember=true,https://www.nurx.com/,
2016_Winter,Nurx,Edvard Engesaeth,https://www.linkedin.com/profile/view?id=254149970&trk=nav_responsive_tab_profile_pic,https://twitter.com/Dreddielicious,
2016_Winter,Open_Motors,Tin Hang Liu,https://linkedin.com/in/tinhangliu,https://twitter.com/tinhangliu,
2016_Winter,Open_Motors,Open Motors,https://www.linkedin.com/company/openmotors/,,
2016_Winter,Open_Motors,Yuki Liu,https://www.linkedin.com/in/yukiliu,,
2016_Winter,Opentrons,Opentrons,,https://twitter.com/opentrons_,https://github.com/Opentrons
2016_Winter,Opentrons,Nicholas Wagner,https://www.linkedin.com/in/nicholas-wagner-b7b743229/,,
2016_Winter,Opentrons,Will Canine,https://www.linkedin.com/in/will-canine-602a9266,,
2016_Winter,Opentrons,Chiu Chau,https://www.linkedin.com/pub/chiu-chau/b/297/bb2,,
2016_Winter,Outschool,Outschool,https://www.linkedin.com/company/outschool/,https://twitter.com/outschool,
2016_Winter,Outschool,Nicholas Grandy,https://www.linkedin.com/profile/view?id=AAMAAABZlEsBToF_BCHS0McY54D6pM73t9TzIWE&trk=hp-identity-name,,
2016_Winter,Patchwork_Security,Shamiq Islam,https://www.linkedin.com/in/shamiqislam,,
2016_Winter,Pathmind,Pathmind,https://www.linkedin.com/company/37560379/,https://twitter.com/pathmindAI,
2016_Winter,Pave,JP Patel,https://www.linkedin.com/in/jp415,,
2016_Winter,Paystack,Shola Akinlade,http://ng.linkedin.com/in/shollsman/en,,
2016_Winter,Paystack,Ezra Olubi,https://ng.linkedin.com/in/cfezra,https://twitter.com/0x,
2016_Winter,Paystack,Paystack,https://www.linkedin.com/company/paystack/,https://twitter.com/paystack,
2016_Winter,Perlara,Perlara,,https://twitter.com/perlarapbc,
2016_Winter,Petcube,Petcube,https://www.linkedin.com/company/petcube,https://twitter.com/petcube,
2016_Winter,Petcube,Andriy Klen,https://www.linkedin.com/in/andreyklen,https://twitter.com/_klen,
2016_Winter,Petcube,Yaroslav Azhnyuk,https://www.linkedin.com/in/YaroslavAzhnyuk,,
2016_Winter,Petcube,Alex (Sasha) Neskin,https://www.linkedin.com/pub/alex-neskin/15/244/155,,
2016_Winter,Physiohealth,Firdevs Abacioglu,https://www.linkedin.com/in/firdevsabacioglu,,
2016_Winter,Physiohealth,Melike Abacioglu Gunes,https://www.linkedin.com/in/melikeabacioglu,,
2016_Winter,Plato,Plato,https://www.linkedin.com/company/platohq/,https://twitter.com/platohq,
2016_Winter,Plato,Jean-Baptiste Coger,https://www.linkedin.com/pub/jean-baptiste-coger/51/2b0/527,,
2016_Winter,Plato,Quang Hoang,https://www.linkedin.com/pub/quang-hoang/37/abb/2b1,https://x.com/qhoang09,
2016_Winter,Pocketsuite,PocketSuite,https://www.linkedin.com/company/pocketsuite,https://twitter.com/PocketSuite,
2016_Winter,Pocketsuite,Yang Forjindam,https://www.linkedin.com/in/yangforjindam,,
2016_Winter,Podium,Podium,https://www.linkedin.com/company/podium/,https://twitter.com/podiumhq,https://github.com/podium
2016_Winter,Podium,Eric Rea,https://www.linkedin.com/in/ericrea,,
2016_Winter,Podium,Dennis Steele,https://www.linkedin.com/in/steeledennis,,
2016_Winter,Poppy,Poppy,,https://twitter.com/meetpoppy,
2016_Winter,Poppy,Richerd Chan,https://www.linkedin.com/in/richerd,,
2016_Winter,Protonet,Protonet,https://www.linkedin.com/company/protonet-gmbh/,https://twitter.com/protonet,
2016_Winter,Protonet,Ali Jelveh,https://www.linkedin.com/in/alijelveh/,,
2016_Winter,Protonet,Christopher Blum,https://www.linkedin.com/profile/view?id=AAIAAADCIYUBtE8v5K3_Te-rvWb8rHxzYFqaYgU,,
2016_Winter,Pulpix,Pulpix,,https://www.pulpix.com/,
2016_Winter,Pulpix,Denis Vilar,http://fr.linkedin.com/in/denisvilar/,,
2016_Winter,Pulpix,Sabry Otmani,http://fr.linkedin.com/pub/sabry-otmani/42/328/801,https://twitter.com/sabryotmani,
2016_Winter,Quilt_Data,Quilt Data,,https://twitter.com/quiltdata,https://github.com/quiltdata
2016_Winter,Quilt_Data,Kevin Moore,https://www.linkedin.com/in/kevinemoore,,
2016_Winter,Qvin,Qvin,https://www.linkedin.com/company/qvin/,https://twitter.com/weareqvin/,
2016_Winter,Qvin,Søren Therkelsen,https://www.linkedin.com/in/sorenrt,,
2016_Winter,Qvin,Sara Naseri,https://www.linkedin.com/profile/view?id=AAMAAAWjCzsBfsUv5rIxaaWge7Eycs-TJsC37zE&trk=hp-identity-name,,
2016_Winter,Rappi,Simon Borrero,https://co.linkedin.com/in/simonborrero,,
2016_Winter,Rappi,Rappi,https://www.linkedin.com/company/rappi/,https://twitter.com/rappicolombia,https://github.com/rappiinc
2016_Winter,Rappi,Felipe Villamarin,https://www.linkedin.com/in/felipe-villamarin-85518161,,
2016_Winter,Rappi,Sebastian Mejia,https://www.linkedin.com/in/sebastianmejia,https://twitter.com/mejiasebas,
2016_Winter,Real_Artists,Real Artists,,https://twitter.com/shiprealartists,
2016_Winter,Redspread,Mackenzie Burnett,http://linkedin.com/in/mackenzieburnett,https://twitter.com/ciaomack,
2016_Winter,Redspread,Dan Gillespie,https://www.linkedin.com/in/ethernetdan,,
2016_Winter,Relativity_Space,Relativity Space,https://www.linkedin.com/company/relativity/,https://twitter.com/relativityspace,https://github.com/RelativitySpace
2016_Winter,Relativity_Space,Tim Ellis,https://www.linkedin.com/pub/tim-ellis/72/671/111,,
2016_Winter,Restocks,Luke Miles,https://www.linkedin.com/in/ylukem,,
2016_Winter,Revl,Eric Sanchez,https://linkedin.com/in/ericsanchezcurti,,
2016_Winter,Revl,Bruce Pla,https://www.linkedin.com/messaging/thread/6027669874958938112,,
2016_Winter,Revl,Nelson Vazquez,https://www.linkedin.com/pub/nelson-vazquez/a8/36/725,,
2016_Winter,Salt_Security,Salt Security,https://www.linkedin.com/company/saltsecurity,https://twitter.com/SaltSecurity,https://github.com/SECful
2016_Winter,Salt_Security,Roey Eliyahu,https://www.linkedin.com/profile/view?id=AAIAABIcm5MBfqBCyLhsb4LF4s6RylWpU2QCVVQ,,
2016_Winter,Sendbird,Sendbird,https://www.linkedin.com/company/sendbird,https://x.com/sendbird,https://x.com/sendbird
2016_Winter,Sendbird,Brandon Jeon,https://www.linkedin.com/in/brandonjeon/,,
2016_Winter,Sendbird,John S. Kim,https://www.linkedin.com/in/doshkim,https://twitter.com/doshkim,
2016_Winter,Sendbird,Harry Kim,https://www.linkedin.com/in/ysharrykim,,
2016_Winter,Silver,Victor Ng,https://www.linkedin.com/in/vicngtor,,
2016_Winter,Silver,Peter Xian,https://www.linkedin.com/pub/peter-xian/1a/830/80b,,
2016_Winter,Soundboks,Christoffer Nyvold,https://dk.linkedin.com/pub/christoffer-nyvold/101/84a/b38,,
2016_Winter,Soundboks,SOUNDBOKS,https://www.linkedin.com/company/soundboks/,https://twitter.com/SOUNDBOKS,https://github.com/SOUNDBOKS
2016_Winter,Soundboks,Jesper Theil Thomsen,https://www.linkedin.com/profile/view?id=AAIAABVMXEgBw5e16NKx-jQOYprAiCu8I34aBw8&trk=nav_responsive_tab_profile_pic,,
2016_Winter,Start_Closing,Ryan Nichols,https://www.linkedin.com/pub/ryan-nichols/30/250/406,,
2016_Winter,Stealth_Worker,Ken Baylor,https://www.linkedin.com/in/kenbaylor,,
2016_Winter,Stilt,Stilt,https://www.linkedin.com/company/stilt-loans,https://www.twitter.com/stilt_inc,
2016_Winter,Stilt,Priyank Singh,https://www.linkedin.com/in/priyanksingh,,
2016_Winter,Stilt,Rohit Mittal,https://www.linkedin.com/pub/rohit-mittal/6/30a/58a,https://twitter.com/rohitdotmittal,
2016_Winter,Streamup,Kyle Michelson,http://www.linkedin.com/in/kylemichelson,https://x.com/kyledmichelson,
2016_Winter,Streamup,Streamup,https://www.linkedin.com/company/streamup/,https://twitter.com/streamup,
2016_Winter,Strongintro,Fouad Matin,https://linkedin.com/in/fouadmatin,https://twitter.com/fouadmatin,
2016_Winter,Superside,Fredrik Thomassen,http://id.linkedin.com/in/fredrikthomassen,https://twitter.com/f_thomassen,
2016_Winter,Superside,Superside,https://www.linkedin.com/company/superside,https://twitter.com/SupersideHQ,
2016_Winter,Thunkable,Thunkable,https://www.linkedin.com/company/thunkable/,https://twitter.com/thunkable,
2016_Winter,Thunkable,Arun Saigal,https://www.linkedin.com/in/aksaigal,https://twitter.com/aksaigal?lang=en,
2016_Winter,Thunkable,WeiHua Li,https://www.linkedin.com/pub/weihua-li/14/877/62b,,
2016_Winter,Tovala,Tovala,,https://twitter.com/tovalafood,https://github.com/tovala
2016_Winter,Tovala,David Rabie,http://www.linkedin.com/in/davidrabie/en,,
2016_Winter,Tovala,Bryan Wilcox,https://linkedin.com/in/bryanwilcox,,
2016_Winter,Toymail,Gauri Nanda,https://www.linkedin.com/pub/gauri-nanda/3/88a/691,,
2016_Winter,Trac,Griffin Kelly,https://www.linkedin.com/in/grifkelly,,
2016_Winter,Truebill,Truebill,https://www.linkedin.com/company/rocketmoney/,https://twitter.com/rocketmoneyapp,
2016_Winter,Truebill,Haroon Mokhtarzada,https://www.linkedin.com/in/haroonmokhtarzada/,https://www.twitter.com/haroon,
2016_Winter,Truebill,Idris Mokhtarzada,https://www.linkedin.com/in/idrismokhtarzada,https://twitter.com/idris,
2016_Winter,Truebill,Yahya Mokhtarzada,https://www.linkedin.com/in/yahyamokhtarzada,,
2016_Winter,Unima,Unima,,http://www.unimadx.com/,
2016_Winter,Unima,Alejandro Nuño Ayala,https://www.linkedin.com/in/alejandronuno/,,
2016_Winter,Unima,Jose Luis Nuno,https://www.linkedin.com/in/joseluisnuno,https://twitter.com/joseluisnuno,
2016_Winter,Unima,Maria Laura Mendoza,https://www.linkedin.com/in/lauramendoza,,
2016_Winter,Unima,Rodrigo Nuno,https://www.linkedin.com/in/rodrigo-nuno-585570a/,,
2016_Winter,Unnyhog,Margarita Belorukova,https://ru.linkedin.com/in/belorukova,https://twitter.com/Dead_air_ballon,
2016_Winter,Uplabs,UpLabs,,https://twitter.com/uplabs,
2016_Winter,Uplabs,Matt Delac,https://linkedin.com/in/matthieuaussaguel,,
2016_Winter,Uplabs,Guillemette Dejean,https://pt.linkedin.com/pub/guillemette-dejean/74/4/a34,https://twitter.com/Geekemette,
2016_Winter,Urodev_Medical,Derek Herrera,https://www.linkedin.com/in/derekherrera,,
2016_Winter,Urodev_Medical,Zach McKinney,https://www.linkedin.com/profile/view?id=AAMAAAPVReMBqUtDVGMlJiVo9OKZeKGUxM6J8rc&trk=hp-identity-photo,,
2016_Winter,Vinebox,Matthew Dukes,https://linkedin.com/in/wmatthewdukes,,
2016_Winter,Vinebox,VINEBOX (Usual Beverage Co.),https://www.linkedin.com/company/vinebox/,http://www.getvinebox.com/,
2016_Winter,Wakie,Wakie,https://www.linkedin.com/company/wakie/about/,https://twitter.com/wakieapp,
2016_Winter,Wakie,Hrachik Ajamian,https://www.linkedin.com/in/hrachik,,
2016_Winter,Worldcover,WorldCover,,https://twitter.com/worldcovr,
2016_Winter,Worldcover,Christopher Sheehan,https://www.linkedin.com/in/ctsheehan,https://twitter.com/evolsb,
2016_Winter,Yardbook,Mark Ke,https://www.linkedin.com/pub/mark-ke/1/84/a97,,
2016_Winter,Zenysis,Ian Webster,http://linkedin.com/in/ianww,,
2016_Winter,Zenysis,Jonathan Stambolis,https://www.linkedin.com/in/jstambolis,,
2017_Summer,10_By_10,April Chang,https://www.linkedin.com/in/aprilschang/,,
2017_Summer,10_By_10,Robert Bartruff,https://www.linkedin.com/in/robertbartruff,,
2017_Summer,Advano,Alexander Girau,http://www.linkedin.com/in/alexandergirau,https://twitter.com/AlexanderGirau,
2017_Summer,Advano,Advano,https://www.linkedin.com/company/advano/,https://twitter.com/advanotech,
2017_Summer,Advano,Shiva Adireddy,https://www.linkedin.com/in/shiva-adireddy-5aab1850,,
2017_Summer,Airthium,Airthium,https://linkedin.com/company/airthium,https://twitter.com/airthium,
2017_Summer,Airthium,Andrei Klochko,https://www.linkedin.com/in/andreiklochko/?locale=en_US,,
2017_Summer,Airthium,Franck Lahaye,https://www.linkedin.com/in/francklahaye,,
2017_Summer,And_Comfort,Jeffrey Zhao,http://linkedin.com/in/jeffrey-zhao-7b062545/,,
2017_Summer,Assemblyai,AssemblyAI,https://www.linkedin.com/company/assemblyai/,https://twitter.com/assemblyai,https://github.com/AssemblyAI
2017_Summer,Assemblyai,Dylan Fox,https://www.linkedin.com/in/dylanbfox/,,
2017_Summer,Audm,Christian Brink,http://www.linkedin.com/in/christianpbrink,,
2017_Summer,Audm,Ryan Wegner,https://linkedin.com/in/ryantwegner,https://twitter.com/ouegner,
2017_Summer,Audm,Audm,https://www.linkedin.com/company/audm/,https://twitter.com/audmapp,
2017_Summer,Autohub,AutoHub,https://www.linkedin.com/company/autohub.io/,,
2017_Summer,Autohub,Arnaud Douceur,https://www.linkedin.com/in/douceur/,,
2017_Summer,Autohub,Sam Naimi,https://www.linkedin.com/in/sam-naimi-674b53135/,,
2017_Summer,Billiontoone,BillionToOne,https://www.linkedin.com/company/billiontoone/,https://twitter.com/billiontooneinc?lang=en,
2017_Summer,Billiontoone,David Tsao,https://www.linkedin.com/in/davidtsao,,
2017_Summer,Billiontoone,Oguzhan Atay,https://www.linkedin.com/in/oatay,,
2017_Summer,Bloom_Institute_Of_Technology,Austen Allred,https://www.linkedin.com/in/austenallred,https://twitter.com/austen,
2017_Summer,Bloom_Institute_Of_Technology,Ben Nelson,https://www.linkedin.com/in/sunjieming/,https://www.x.com/sunjieming,
2017_Summer,Bloom_Institute_Of_Technology,Bloom Institute of Technology,https://www.linkedin.com/school/bloominstituteoftechnology/,https://twitter.com/bloomtech,https://github.com/bloominstituteoftechnology
2017_Summer,Bumpline,Amit Patel,https://www.linkedin.com/in/amit-patel-7b907837/,,
2017_Summer,Bumpline,Puja Patel,https://www.linkedin.com/in/puja-puja-o-d-6486772a/,,
2017_Summer,Bxblue,👨‍💻Fabricio Buzeto,http://www.linkedin.com/in/fabriciobuzeto,https://twitter.com/nukdf,
2017_Summer,Bxblue,bxblue,https://www.linkedin.com/company/bxblue,https://twitter.com/bxbluebr,https://github.com/bxblue
2017_Summer,Bxblue,Gustavo Gorenstein,https://www.linkedin.com/in/gorenstein/,https://twitter.com/GorensteinG,
2017_Summer,Bxblue,Roberto Braga,https://www.linkedin.com/in/robertomb,https://twitter.com/robertomb,
2017_Summer,Caelum_Health,Lauren Kelley-Chew,https://www.linkedin.com/in/lauren-kelley-chew-27052024,,
2017_Summer,Caelum_Health,Luke Kelley-Chew,https://www.linkedin.com/in/luke-kelley-chew-724a894a,,
2017_Summer,Cairns_Health,Cairns Health,https://www.linkedin.com/company/cairnshealth,,
2017_Summer,Cairns_Health,Brad Eckert,https://www.linkedin.com/in/bradleymeckert/,https://x.com/ChefEckert,
2017_Summer,Cairns_Health,Kiran Joshi,https://www.linkedin.com/in/kiran-joshi-2b11ab4,,
2017_Summer,Cairns_Health,Neal Khosla,https://www.linkedin.com/in/nealkhosla/,,
2017_Summer,Cambridge_Cancer_Genomics,Cambridge Cancer Genomics,,https://twitter.com/CCGenomics,
2017_Summer,Cambridge_Cancer_Genomics,Evaline Tsai,https://www.linkedin.com/in/evaline-tsai-710b4386/,https://twitter.com/EvalineTsai,
2017_Summer,Cambridge_Cancer_Genomics,John Cassidy,https://www.linkedin.com/in/john-w-cassidy,,
2017_Summer,Cambridge_Cancer_Genomics,Nirmesh Patel,https://www.linkedin.com/in/nirmesh-patel/,,
2017_Summer,Candidate_Ly,Candidate.ly,https://www.linkedin.com/company/candidately,,
2017_Summer,Candidate_Ly,Daniel Bartakovics,https://www.linkedin.com/in/bartakovics/,,
2017_Summer,Candidate_Ly,Benjamin Bartakovics,https://www.linkedin.com/in/bbartakovics/,,
2017_Summer,Candidate_Ly,Jan Alexander Jedlinski,https://www.linkedin.com/in/janalexanderjedlinski/,,
2017_Summer,Carrot_Fertility,Asima Ahmad,https://www.linkedin.com/in/asima-ahmad-md-mph-a13523117?trk=nav_responsive_tab_profile,,
2017_Summer,Carrot_Fertility,Tammy Sun,https://www.linkedin.com/in/tammysun1,,
2017_Summer,Cashfree_Payments,Reeju Datta,https://in.linkedin.com/in/reejudatta,,
2017_Summer,Cashfree_Payments,Akash Sinha,https://in.linkedin.com/in/sinhaakash,,
2017_Summer,Cashfree_Payments,Cashfree Payments,https://www.linkedin.com/company/cashfree,https://twitter.com/gocashfree,https://github.com/cashfree
2017_Summer,Cocusocial,Billy Guan,https://www.linkedin.com/in/billy-guan-03b53b19/,,
2017_Summer,Cocusocial,Helen Sun,https://www.linkedin.com/in/helen-yiwen-sun-a366b872/,,
2017_Summer,Commissary_Club,Commissary Club (formerly 70 Million Jobs),https://www.linkedin.com/company/commissary-club/?viewAsMember=true,https://twitter.com/CommissaryClub,
2017_Summer,Commissary_Club,Richard Bronson,https://www.linkedin.com/in/richard-bronson-6b00675/,https://twitter.com/Richard_Bronson,
2017_Summer,Covetly,Covetly,https://www.linkedin.com/company/covetly,https://twitter.com/covetly,
2017_Summer,Covetly,Brian Law,https://www.linkedin.com/in/brian-law-97a74213a/,,
2017_Summer,Covetly,Reid Nahm,https://www.linkedin.com/in/reidnahm/,,
2017_Summer,D_Id,Eliran Kuta,https://www.linkedin.com/in/eliran-kuta-24165878/,,
2017_Summer,D_Id,Gil Perry,https://www.linkedin.com/in/gil-perry-21532655/,,
2017_Summer,D_Id,Sella Blondheim,https://www.linkedin.com/in/sella-blondheim-531096a5/,,
2017_Summer,Darmiyan,Kaveh Vejdani,https://www.linkedin.com/in/kaveh-vejdani-5369561,,
2017_Summer,Darmiyan,Padideh Kamali-Zare,https://www.linkedin.com/in/padideh/,,
2017_Summer,Dharma_Labs,Dharma Labs,,https://twitter.com/Dharma_HQ,
2017_Summer,Dharma_Labs,Nadav Hollander,https://www.linkedin.com/in/nadav-hollander-8268585a/,,
2017_Summer,Disclosures_Io,Brian Sloss,https://linkedin.com/in/briansloss,,
2017_Summer,Disclosures_Io,Paul Nichols,https://linkedin.com/in/paulcnichols,,
2017_Summer,Disclosures_Io,disclosures.io,https://www.linkedin.com/company/disclosuresio,https://twitter.com/disclosuresio,
2017_Summer,Disclosures_Io,Adam Gothelf,https://www.linkedin.com/in/adamgothelf,,
2017_Summer,Dropleaf,Vikram Rangraj,https://www.linkedin.com/in/vikram-rangraj/,,
2017_Summer,Dropleaf,Zi Guo,https://www.linkedin.com/in/zi-guo-439b33b0,,
2017_Summer,Eduflow,Eduflow,https://www.linkedin.com/company/eduflow,https://twitter.com/eduflowapp,https://github.com/eduflow
2017_Summer,Eduflow,Malthe Jørgensen,https://www.linkedin.com/in/malthejorgensen,https://twitter.com/malthejorgensen,
2017_Summer,Eduflow,Simon Lind,https://www.linkedin.com/in/simonlind,https://twitter.com/simonlind,
2017_Summer,Eduflow,David Kofoed Wind,https://www.linkedin.com/in/utdiscant,https://twitter.com/utdiscant,
2017_Summer,Elucd,Elucd,https://www.linkedin.com/company/elucdinc/,https://twitter.com/elucd_inc,
2017_Summer,Elucd,Michael Simon,https://www.linkedin.com/in/michael-simon/,https://twitter.com/mbsimon,
2017_Summer,Entocycle,Entocycle,,https://twitter.com/Entocycle,
2017_Summer,Entocycle,Keiran Olivares Whitaker,https://www.linkedin.com/in/keiran-olivares-whitaker-a2b8b795/,,
2017_Summer,Enzyme,Jared Seehafer,http://linkedin.com/in/seehafer,https://twitter.com/seehafer,
2017_Summer,Enzyme,Enzyme,https://www.linkedin.com/company/enzymecorp,https://twitter.com/enzymecorp,
2017_Summer,Enzyme,Jacob Graham,https://www.linkedin.com/in/jacobgraham1/,,
2017_Summer,Fam,Eddie Zhang,http://www.linkedin.com/in/eddieyzhang/,,
2017_Summer,Fam,Mike McIntyre,https://www.linkedin.com/in/michaelcmcintyre/,,
2017_Summer,Fastpad,Sanat Ghosh,https://www.linkedin.com/in/ghoshsanat/,,
2017_Summer,Fat_Llama,Fat Llama,,https://twitter.com/fatllamaHQ,
2017_Summer,Fat_Llama,Owen Turner-Major,https://linkedin.com/in/oturnermajor,,
2017_Summer,Fat_Llama,Chaz Englander,https://www.linkedin.com/in/chazenglander,,
2017_Summer,Fat_Llama,Rosie Dallas,https://www.linkedin.com/in/rosie-dallas-1a1957221/,,
2017_Summer,Fazz,Jefriyanto,https://id.linkedin.com/in/jefriyanto,,
2017_Summer,Fazz,FAZZ,https://www.linkedin.com/company/fazz-financial-group/,,
2017_Summer,Fazz,Hendra Kwik,https://www.linkedin.com/in/hendra-kwik-4a291242?trk=hp-identity-name,,
2017_Summer,Fazz,Ricky Winata,https://www.linkedin.com/in/ricky-winata-75735458,,
2017_Summer,Feather,Feather,https://www.linkedin.com/company/feather1,https://twitter.com/livefeather,
2017_Summer,Feather,Jay Reno,https://www.linkedin.com/in/jayjreno,https://twitter.com/jayjreno,
2017_Summer,Flock_Safety,Flock Safety,https://www.linkedin.com/company/flock-safety,https://twitter.com/flock_safety,
2017_Summer,Flock_Safety,Garrett Langley,https://www.linkedin.com/in/glangley/,,
2017_Summer,Flock_Safety,Matt Feury,https://www.linkedin.com/in/matt-feury-a105a339/,,
2017_Summer,Flowspace,Ben Eachus,https://www.linkedin.com/in/beneachus,,
2017_Summer,Flowspace,Jason Harbert,https://www.linkedin.com/in/jason-harbert-5704b41/,,
2017_Summer,Followupthen,FollowUpThen,,https://twitter.com/followupthen,
2017_Summer,Followupthen,Reilly Sweetland,https://www.linkedin.com/in/reillysweetland/,https://twitter.com/rsweetland,
2017_Summer,Forever_Labs,Forever Labs,https://www.linkedin.com/company/forever-labs-inc/,https://twitter.com/ForeverLabsInc,https://github.com/ForeverLabs
2017_Summer,Forever_Labs,Mark Katakowski,https://www.linkedin.com/in/mark-katakowski-4a626b127/,https://twitter.com/markkatakowski,
2017_Summer,Forever_Labs,Steven Clausnitzer,https://www.linkedin.com/in/steven-clausnitzer-5142bb127/,,
2017_Summer,Gameday,LC Carrier,https://www.linkedin.com/in/lc-carrier,,
2017_Summer,Gamelynx,Gamelynx,,https://twitter.com/playgamelynx,
2017_Summer,Gamelynx,Alexander Mistakidis,https://www.linkedin.com/in/aamistak,https://twitter.com/alexanderzone7,
2017_Summer,Gem,Gem,https://www.linkedin.com/company/gem-recruiting-software,https://twitter.com/Gem_Software,
2017_Summer,Goodcover,Goodcover,https://www.linkedin.com/company/goodcover,https://twitter.com/goodcover,https://github.com/goodcover
2017_Summer,Goodcover,Christopher Lotz,https://www.linkedin.com/in/chrislotz/,https://twitter.com/chrisplotz,
2017_Summer,Goodcover,Daniel Di Spaltro,https://www.linkedin.com/in/dispaltro,,
2017_Summer,Goosebump,Axel Delafosse,,https://twitter.com/axeldelafosse,
2017_Summer,Goosebump,Henry Fontanier,https://www.linkedin.com/in/hfontanier/,,
2017_Summer,Goosebump,Raphael Doulonne,https://www.linkedin.com/in/rapha%C3%ABl-doulonne-a2509994/,,
2017_Summer,Greo,Brandon Hill,https://www.linkedin.com/in/bhill93,,
2017_Summer,Greo,Elizabeth Davis,https://www.linkedin.com/in/elizabethsdavis,,
2017_Summer,Greo,Tre Kirkman,https://www.linkedin.com/in/trekirkman/,,
2017_Summer,Guggy,Rotem Yakir,https://www.linkedin.com/in/rotemyakir/,https://twitter.com/yakirrotem,
2017_Summer,Guggy,Shahar Yakir,https://www.linkedin.com/in/shahar-yakir-1895a13,,
2017_Summer,Guilded,Eli Brown,http://www.linkedin.com/pub/eli-brown/b1/847/622/en,https://twitter.com/iEchoic,
2017_Summer,Guilded,Guilded,https://www.linkedin.com/company/18158391,https://twitter.com/teamguilded,
2017_Summer,Headstart,Nicholas Shekerdemian,https://uk.linkedin.com/in/nicholasshekerdemian,,
2017_Summer,Headstart,Headstart,https://www.linkedin.com/company/headstart-io/,,
2017_Summer,Headstart,Jeremy Hindle,https://www.linkedin.com/in/jeremyhindle/,https://twitter.com/mentioum,
2017_Summer,Helium_Health,Adegoke Olubusi,https://linkedin.com/in/adegokeolubusi/,,
2017_Summer,Helium_Health,Helium Health,https://www.linkedin.com/company/11053562,https://twitter.com/HeliumHealth,
2017_Summer,Helium_Health,Dimeji Sofowora,https://www.linkedin.com/in/dimeji-sofowora-65a20a3b/,,
2017_Summer,Helpwear,Andre Bertram,https://www.linkedin.com/in/andrebertram/,,
2017_Summer,Honeydue,Honeydue,https://www.linkedin.com/company/honeydue,https://www.twitter.com/gethoneydue,
2017_Summer,Honeydue,Eugene Park,https://www.linkedin.com/in/eugenejohnpark,https://twitter.com/ejpark,
2017_Summer,Indivio,Josh Dorward,https://www.linkedin.com/in/dorward/,,
2017_Summer,Indivio,Kenji Hashimoto,https://www.linkedin.com/in/kenjihashimoto,,
2017_Summer,Jerry_Inc,Jerry,https://www.linkedin.com/company/jerryinc,https://twitter.com/thejerryapp,https://github.com/getjerry
2017_Summer,Jerry_Inc,Art Agrawal,https://www.linkedin.com/in/artagrawal,,
2017_Summer,Jerry_Inc,Lina Zhang,https://www.linkedin.com/in/lina-zhang-47324721,,
2017_Summer,Jerry_Inc,Musawir Shah,https://www.linkedin.com/in/musawirshah,https://twitter.com/musawiralishah,
2017_Summer,Just_Appraised,Imran Khoja,https://www.linkedin.com/in/imrankk/,,
2017_Summer,Just_Appraised,Travis Noll,https://www.linkedin.com/in/travisalexandernoll/,,
2017_Summer,Leon_And_George,Leon & George,https://www.linkedin.com/company/l%C3%A9on-&-george,http://twitter.com/leonandgeorge,https://github.com/leonandgeorge
2017_Summer,Leon_And_George,Nicolas Bartoli,https://www.linkedin.com/in/nicolasbartoli/,,
2017_Summer,Long_Term_Stock_Exchange,Long Term Stock Exchange,https://www.linkedin.com/company/ltse,https://twitter.com/ltse,
2017_Summer,Long_Term_Stock_Exchange,Eric Ries,https://www.linkedin.com/in/eries,,
2017_Summer,Long_Term_Stock_Exchange,John Bautista,https://www.linkedin.com/in/john-bautista-a010912,,
2017_Summer,Lotuspay,LotusPay,https://www.linkedin.com/company/lotuspay/,,
2017_Summer,Lotuspay,Anand Krishna,https://www.linkedin.com/in/anand-krishna-9b61a4/,https://twitter.com/getak100,
2017_Summer,Lotuspay,Atma Krishna,https://www.linkedin.com/in/atmakrishna/,,
2017_Summer,Lotuspay,Dinesh Gadge,https://www.linkedin.com/in/dineshgadge/,https://x.com/dineshgadge,
2017_Summer,Lyrebird,Jose Sotelo,http://linkedin.com/in/jos%C3%A9-sotelo-02496a50/,,
2017_Summer,Lyrebird,Alexandre de Brébisson,https://www.linkedin.com/in/adebrebisson/,,
2017_Summer,Lyrebird,Kundan Kumar,https://www.linkedin.com/in/kundan2510/,https://x.com/kundan2510,
2017_Summer,May_Mobility,May Mobility,https://www.linkedin.com/company/18036611/,https://twitter.com/may_mobility,https://github.com/maymobility
2017_Summer,May_Mobility,Edwin Olson,https://www.linkedin.com/in/edwin-olson-6644387/,https://twitter.com/edwinolson,
2017_Summer,Meetingbird,Henry Dornier,https://www.linkedin.com/in/henrydornier,,
2017_Summer,Meetingbird,Paul Dornier,https://www.ycombinator.com/companies/linkedin.com/in/pdornier,,
2017_Summer,Modern_Fertility,Modern Fertility,https://www.linkedin.com/company/modernfertility/,https://twitter.com/ModernFertility?s=20,
2017_Summer,Modern_Fertility,Afton Vechery,https://www.linkedin.com/in/aftonv/,,
2017_Summer,Modern_Fertility,Carly Leahy,https://www.linkedin.com/in/carlyleahy,,
2017_Summer,Modular_Science,Modular Science,https://www.linkedin.com/company/modular-science/,https://twitter.com/modularscience,
2017_Summer,Modular_Science,Peter Sand,https://www.linkedin.com/in/petersand,,
2017_Summer,Muzz,Shahzad Younas,https://uk.linkedin.com/in/shahzad-younas-16a6909b,,
2017_Summer,Muzz,Muzz,https://www.linkedin.com/company/11089336/,https://twitter.com/muzz_app,https://github.com/muzmatch
2017_Summer,Mystery_Org,Mystery.org,https://www.linkedin.com/company/9162626,https://twitter.com/mysterysci?lang=en,
2017_Summer,Mystery_Org,Doug Peltz,https://www.linkedin.com/in/doug-peltz-809511/,,
2017_Summer,Mystro,Dwayne Shaw,https://www.linkedin.com/in/dwaynenshaw,,
2017_Summer,Nextdrop,Devin Miller,https://in.linkedin.com/in/devin-miller-5138817a,,
2017_Summer,Nextdrop,Anu Sridharan,https://www.linkedin.com/in/anu-sridharan-b24a016/,,
2017_Summer,Nimble,Nimble,https://www.linkedin.com/company/hirenimble,https://twitter.com/Nimblek12,
2017_Summer,Nimble,Lauren Dachille,https://www.linkedin.com/in/laurendachille,,
2017_Summer,Nobell_Foods,Nobell Foods,https://www.linkedin.com/company/nobellfoods/,https://twitter.com/Nobellfoods,
2017_Summer,Nobell_Foods,Magi Richani,https://www.linkedin.com/in/magi-richani,,
2017_Summer,Officely,Officely,https://www.linkedin.com/company/67154401,,
2017_Summer,Officely,Max Shepherd-Cross,https://www.linkedin.com/in/max-shepherd-cross-94153440/,,
2017_Summer,Officely,Rich Turnbull,https://www.linkedin.com/in/rich-turnbull-756bb229/,,
2017_Summer,Oncobox,Oncobox,,http://oncobox.com/,
2017_Summer,Oncobox,Anton Buzdin,https://www.linkedin.com/in/anton-buzdin-8284972,,
2017_Summer,Oncobox,Andrew Garazha,https://www.linkedin.com/in/garazha/,,
2017_Summer,Onelocal,OneLocal,https://www.linkedin.com/company/onelocalco/,,
2017_Summer,Onelocal,Edward Yao,https://www.linkedin.com/in/edward-yao-2599a26/,,
2017_Summer,Opearlo,Oscar Merry,https://uk.linkedin.com/in/oscarmerry,https://twitter.com/MerryOscar,
2017_Summer,Opearlo,Jess Williams,https://www.linkedin.com/in/jess-williams-66a9012b,,
2017_Summer,Passerine_Aircraft,Matthew Whalley,https://www.linkedin.com/in/matthew-whalley-67852b107/,,
2017_Summer,Pathrise,Evan Limanto,http://www.linkedin.com/in/evanlimanto,,
2017_Summer,Pathrise,Pathrise,https://www.linkedin.com/company/pathrise,https://twitter.com/pathriseio,https://github.com/pathrise-eng
2017_Summer,Pathrise,Kevin Wu,https://www.linkedin.com/in/kevintxwu,,
2017_Summer,Percept_Ai,Shuo Han,http://www.linkedin.com/in/hanshuo1,,
2017_Summer,Percept_Ai,Percept.AI,https://www.linkedin.com/company/6652394/,,
2017_Summer,Percept_Ai,Deyang (Derek) Zhao,https://www.linkedin.com/in/derek-deyang-zhao-4a08993b,,
2017_Summer,Percept_Ai,Joe (Zhou) Sha,https://www.linkedin.com/in/zhousha/,,
2017_Summer,Piggy,Piggy,,https://twitter.com/savewithpiggy,
2017_Summer,Piggy,Ankush Singh,http://linkedin.com/in/ankushsinghbaedas,,
2017_Summer,Piggy,Kunal Sangwan,https://in.linkedin.com/in/kunal-sangwan-9127a418,,
2017_Summer,Piggy,Nikhil Satya Mantha,https://in.linkedin.com/in/nikhilsmantha,,
2017_Summer,Plasticity,Ajay Patel,https://www.linkedin.com/in/ajay-patel-ab876795/,,
2017_Summer,Plasticity,Alex Sands,https://www.linkedin.com/in/alexsands/,,
2017_Summer,Polly,James Zhang,https://linkedin.com/in/jamesfzhang,https://twitter.com/jamesfzhang,
2017_Summer,Polly,Ranidu Lankage,https://www.linkedin.com/in/ranidulankage,https://twitter.com/ranidu,
2017_Summer,Polly,Vicc Alexander,https://www.linkedin.com/in/vicc/,https://twitter.com/viccsmind,
2017_Summer,Pop_Meals,Chris Edelmann,https://www.linkedin.com/in/christian-edelmann-we-are-hiring-27166531/,,
2017_Summer,Pop_Meals,Jessica Li,https://www.linkedin.com/in/jessicaykli/,,
2017_Summer,Pop_Meals,Jonathan Weins,https://www.linkedin.com/in/jonathanweins/,,
2017_Summer,Predxion_Bio,Timothy Cornell,https://www.linkedin.com/in/timothy-cornell-64a19145,,
2017_Summer,Predxion_Bio,Walker McHugh,https://www.linkedin.com/in/walker-mchugh-517b86b7/,https://twitter.com/walker_mchugh?s=21&t=mXbPwUBOPCQgoonxNjWP9Q,
2017_Summer,Prelim,Prelim,https://www.linkedin.com/company/18020119,,
2017_Summer,Prelim,Chris Blaser,https://www.linkedin.com/in/chris-nguyen-blaser-553665107/,,
2017_Summer,Prelim,Heang Chan,https://www.linkedin.com/in/heangchan,,
2017_Summer,Prism_Labs,Adam Breckler,http://www.linkedin.com/in/adambreckler,https://x.com/adambreckler,
2017_Summer,Pullrequest,PullRequest,,https://www.twitter.com/pullrequestinc,
2017_Summer,Pullrequest,Lyal Avery,https://www.linkedin.com/in/lyalavery/,,
2017_Summer,Pyka,Pyka,https://www.linkedin.com/company/18059383,,
2017_Summer,Pyka,Chuma Ogunwole,https://www.linkedin.com/in/chuma-ogunwole-10893316,,
2017_Summer,Pyka,Kyle Moore,https://www.linkedin.com/in/kyle-moore-1485536a/,,
2017_Summer,Pyka,Michael Norcia,https://www.linkedin.com/in/michael-norcia-13a79124/,,
2017_Summer,Pyka,Nathan White,https://www.linkedin.com/in/nathan-white-8a1950a9,,
2017_Summer,Rabbet,Will Mitchell,https://www.linkedin.com/in/mitchellrw,,
2017_Summer,Relationship_Hero,Relationship Hero,,https://twitter.com/relhero,
2017_Summer,Relationship_Hero,Liron Shapira,https://linkedin.com/in/lironshapira,https://x.com/liron,
2017_Summer,Releaf_Earth,Releaf Earth,https://www.linkedin.com/company/releaf-africa,https://twitter.com/ReleafAfrica,
2017_Summer,Releaf_Earth,Kenna Nzewi,https://www.linkedin.com/in/inzewi,https://twitter.com/keenkenna,
2017_Summer,Releaf_Earth,Uzoma Ayogu,https://www.linkedin.com/in/uzomabayogu,https://twitter.com/Uzoayo,
2017_Summer,Rev_Genomics,Bertrand Vick,https://www.linkedin.com/in/bertrand-vick-4056044?trk=hp-identity-photo,,
2017_Summer,Ribbon_Health,Ribbon Health,https://www.linkedin.com/company/ribbonhealth/,https://twitter.com/ribbonhealthapi,
2017_Summer,Ribbon_Health,Nate Fox,https://www.linkedin.com/in/natfox/,,
2017_Summer,Ribbon_Health,Nate Maslak,htttp://www.linkedin.com/in/anmaslak,http://www.twitter.com/anmaslak,
2017_Summer,Ridealong,RideAlong,,http://twitter.com/getridealong,
2017_Summer,Ridealong,Meredith Hitchcock,https://www.linkedin.com/in/meredithahitchcock,,
2017_Summer,Roofr,Kevin Redman,https://www.linkedin.com/in/iredmedia/,,
2017_Summer,Roofr,Richy Nelson,https://www.linkedin.com/in/richard-nelson-105b7593/,,
2017_Summer,Routable,Routable,https://www.linkedin.com/company/routable/,https://twitter.com/RoutableHQ,https://github.com/routablehq
2017_Summer,Routable,Omri Mor,https://www.linkedin.com/in/omrimor/,https://twitter.com/omri_mor,
2017_Summer,Routable,Tom Harel,https://www.linkedin.com/in/tom-harel-74668864/,,
2017_Summer,Safebutler,Vincent Wei,https://linkedin.com/in/insuretech,,
2017_Summer,Safebutler,SafeButler,https://www.linkedin.com/company/safebutler,https://twitter.com/safebutler,https://github.com/safebutler
2017_Summer,Safebutler,Nan Zhong,https://www.linkedin.com/in/nanzhong/,,
2017_Summer,Semantix,Dave Ramish,https://www.linkedin.com/in/dave-ramish-0659bb48,,
2017_Summer,Semantix,John Ramish,https://www.linkedin.com/in/john-ramish-0b8730114,,
2017_Summer,Skyscrape,Skyscrape,,https://twitter.com/skyscrape_usa,
2017_Summer,Skyscrape,Brent Ridley,https://www.linkedin.com/in/brent-ridley,,
2017_Summer,Skyways,Skyways,https://www.linkedin.com/company/skyways-air-transportation-inc/,,
2017_Summer,Skyways,Charles Acknin,https://www.linkedin.com/in/charlesacknin,,
2017_Summer,Slik,Stefan Stokic,http://linkedin.com/in/stefanstokic,,
2017_Summer,Slik,Soroush Ghodsi,https://ca.linkedin.com/in/soroush-ghodsi-486211a7,,
2017_Summer,Social_Construct,Social Construct,https://www.linkedin.com/company/social-construct-company/,https://twitter.com/socialconstco,
2017_Summer,Social_Construct,Ben Huh,https://www.linkedin.com/in/benhuh/,https://twitter.com/benhuh,
2017_Summer,Solve,Justin Vencel,https://www.linkedin.com/in/justinvencel/,,
2017_Summer,Sourceress,Kanjun Qiu,http://www.linkedin.com/in/kanjun,https://twitter.com/kanjun,
2017_Summer,Sourceress,Sourceress,https://www.linkedin.com/company/sourceress,https://twitter.com/sourceress,
2017_Summer,Sourceress,Josh Albrecht,https://www.linkedin.com/in/joshalbrecht,,
2017_Summer,Spect,Ankur Gupta,https://www.linkedin.com/in/regenMD,http://twitter.com/regenmd,
2017_Summer,Spect,Rishab Gargeya,https://www.linkedin.com/in/rishab-gargeya-a617b3132/,,
2017_Summer,Spect,Ted Leng,https://www.linkedin.com/in/theodoreleng/,,
2017_Summer,Standard_Ai,Standard AI,,https://twitter.com/standardAI,https://github.com/Standard-Cognition
2017_Summer,Standard_Ai,John Novak,https://linkedin.com/in/john-novak-87051279,https://twitter.com/DONT_USE_TWITTER,
2017_Summer,Standard_Ai,Michael Suswal,https://linkedin.com/in/michael-suswal-51b45421,https://twitter.com/MSuswal,
2017_Summer,Standard_Ai,Jordan Fisher,https://www.google.com/url?sa=t&rct=j&q=&esrc=s&source=web&cd=1&cad=rja&uact=8&ved=0CB0QFjAAahUKEwj25PGt07bIAhUMbT4KHcqIC2c&url=https%3A%2F%2Fwww.linkedin.com%2Fpub%2Fjordan-fisher%2F25%2F450%2F811&usg=AFQjCNG9WQJxgJVIGYvr2hALo3KV53m02w,,
2017_Summer,Standard_Ai,David Valdman,https://www.linkedin.com/in/dmvaldman/,https://x.com/dmvaldman,
2017_Summer,Storyboard,Storyboard,https://www.linkedin.com/company/getstoryboard,https://twitter.com/getstoryboard,
2017_Summer,Storyboard,Sébastien Sikorski,https://www.linkedin.com/in/sebastiensikorski/,http://twitter.com/sebsikorski,
2017_Summer,Sunfolding,Sunfolding,https://www.linkedin.com/company/sunfoldinginc/,,
2017_Summer,Sunfolding,Leila Madrone,https://www.linkedin.com/in/robot/,,
2017_Summer,Sunu,Sunu,https://www.linkedin.com/company/sunu-inc./?viewAsMember=true,https://twitter.com/sunu_io,
2017_Summer,Sunu,Fernando Albertorio,https://www.linkedin.com/in/fernandoalbertorio,,
2017_Summer,Sunu,Marco Trujillo,https://www.linkedin.com/in/marco-trujillo-tejeda,,
2017_Summer,Surematics,Dan Hughes,https://www.linkedin.com/in/dan-hughes-2a6b117/,,
2017_Summer,Templarbit,Templarbit,https://www.linkedin.com/company/templarbit,https://twitter.com/templarbit,https://github.com/templarbit
2017_Summer,Templarbit,Bjoern Zinssmeister,https://www.linkedin.com/in/zinssmeister/,,
2017_Summer,Tesseract,Tesseract,,https://twitter.com/tesseract_space,
2017_Summer,Tesseract,Erik Franks,https://linkedin.com/in/erfrnk,https://twitter.com/erikjfranks,
2017_Summer,Tesseract,Jake Teufert,https://www.linkedin.com/in/jake-teufert-86b375133/,,
2017_Summer,Tesseract,Jeff Gibson,https://www.linkedin.com/in/jeff-gibson-59866a86/,,
2017_Summer,Thematic,Thematic,https://www.linkedin.com/company/thematic-ltd,https://twitter.com/getthematic,
2017_Summer,Thematic,Alyona Medelyan,https://www.linkedin.com/in/medelyan,https://twitter.com/zelandiya,
2017_Summer,Thematic,Nathan Holmberg,https://www.linkedin.com/in/nathanholmberg/,,
2017_Summer,Therecraft,Star Simpson,https://www.linkedin.com/in/star-simpson-90a63a160,,
2017_Summer,Tpaga,Andres Gutierrez,https://co.linkedin.com/in/andres-gutierrez-8516588,https://twitter.com/andresgcn,
2017_Summer,Tpaga,tpaga,https://www.linkedin.com/company/tpaga/,https://twitter.com/tpagaco,https://github.com/Tpaga
2017_Summer,Truepill,Umar Afridi,http://www.linkedin.com/in/umarafridi/,https://twitter.com/UAfridi,
2017_Summer,Truepill,Sid Viswanathan,https://www.linkedin.com/in/sidviswanathan,,
2017_Summer,Upcodes,UpCodes,https://www.linkedin.com/company/upcodes,https://twitter.com/upcodes,https://github.com/upcodes
2017_Summer,Upcodes,Garrett Reynolds,https://www.linkedin.com/in/garrettreynolds,https://twitter.com/upcodes,
2017_Summer,Upcodes,Scott Reynolds,https://www.linkedin.com/in/scott-reynolds,,
2017_Summer,Upfort,Han Wang,http://www.linkedin.com/in/hanwangcyber,,
2017_Summer,Upfort,Upfort,https://www.linkedin.com/company/upfort/,,
2017_Summer,Upfort,Daniel Bilbao,https://www.linkedin.com/in/danielbilbao/,https://twitter.com/ddbilbao,
2017_Summer,Value_Voting,Can Sar,https://www.linkedin.com/in/cansar/,https://http//twitter.com/cansar,
2017_Summer,Value_Voting,James Vaughan,https://www.linkedin.com/in/jvaughan2/,,
2017_Summer,Vergesense,VergeSense,https://www.linkedin.com/company/vergesense/,https://twitter.com/VergeSense,https://github.com/vergesense
2017_Summer,Vergesense,Kelby Green,https://www.linkedin.com/in/kelby-green-583014174,,
2017_Summer,Vergesense,Dan Ryan,https://www.linkedin.com/profile/view?id=AAMAAALP47EBt7V6Qy9eIJZ4mJt-BUjHxtb87rc&trk=hp-identity-name,,
2017_Summer,Vida_And_Co,Umaimah Mendhro,https://www.linkedin.com/in/umaimah/,,
2017_Summer,Waterfx,WATERFX,,https://twitter.com/AaronMandell,
2017_Summer,Waterfx,Aaron Mandell,https://www.linkedin.com/in/aaron-mandell-011175133/,https://twitter.com/AaronMandell,
2017_Summer,Wheelstreet,Moksha Srivastava,https://www.linkedin.com/in/moksha-srivastava-35aa32a1/,,
2017_Summer,Wheelstreet,Pranay Shrivastava,https://www.linkedin.com/in/shrivastavapranay,,
2017_Summer,Wildfire,Hriday Kemburu,https://www.linkedin.com/in/hridaykemburu/,,
2017_Summer,Wildfire,Vinay A. Ramesh,https://www.linkedin.com/in/vinayramesh93,https://twitter.com/vinaytion,
2017_Summer,X3_Builders,Aecore,https://www.linkedin.com/company/aecoreinc,,
2017_Summer,X3_Builders,Anthony Cirinelli,https://www.linkedin.com/in/acirinelli,,
2017_Summer,X3_Builders,Casey Bell,https://www.linkedin.com/pub/casey-bell/25/a97/42,,
2017_Summer,Zendar,Jimmy Wang,https://www.linkedin.com/in/jimmy-wang-9186a39/,,
2017_Summer,Zendar,Vinayak Nagpal,https://www.linkedin.com/in/vinayak-nagpal-45087b/,,
2017_Winter,Aclu,Anthony Romero,https://www.linkedin.com/in/anthony-romero-7a28454,,
2017_Winter,Aella,Aella,https://ng.linkedin.com/company/aella-app,https://twitter.com/Aella,https://github.com/aellacredit
2017_Winter,Aella,Akin Jones,https://www.linkedin.com/in/akin-akinola-j-65b89ba?authType=NAME_SEARCH&authToken=fE9q&locale=en_US&srchid=1755705741441958449722&srchindex=1&srchtotal=1&trk=vsrp_people_res_name&trkInfo=VSRPsearchId%3A1755705741441958449722%2CVSRPtargetId%3A32057063%2CVSRPcmpt%3Aprimary%2CVSRPnm%3Atrue%2CauthType%3ANAME_SEARCH,https://twitter.com/akinj110,
2017_Winter,Alemhealth,AlemHealth,https://www.linkedin.com/company/alemhealthltd,https://twitter.com/alemhealth,
2017_Winter,Alemhealth,Aschkan Abdul Malek,https://www.linkedin.com/in/aschkan,,
2017_Winter,Ambient_Ai,Ambient.ai,https://www.linkedin.com/company/ambient-ai/?viewAsMember=true,https://twitter.com/ambientai?lang=en,https://github.com/AmbientAI
2017_Winter,Ambient_Ai,Shikhar Shrestha,https://www.linkedin.com/in/shikharshrestha,,
2017_Winter,Ambient_Ai,Vikesh Khanna,https://www.linkedin.com/in/vikesh-khanna-27184722,https://twitter.com/vikeshkhanna,
2017_Winter,Anasen,Nour Lake,https://linkedin.com/in/nourlake,,
2017_Winter,Anasen,Anasen,https://www.linkedin.com/company/anasen,https://twitter.com/AnasenData,
2017_Winter,Anasen,Naim Kosayyer,https://www.linkedin.com/in/naim-kosayyer-66b5988a/,,
2017_Winter,Aon3D,Kevin Han,http://linkedin.com/in/hankevin,,
2017_Winter,Aon3D,Randeep Singh,https://linkedin.com/in/rndeep,,
2017_Winter,Aon3D,AON3D,https://www.linkedin.com/company/aon3d/,https://twitter.com/aon3d,https://github.com/aon3d
2017_Winter,Aon3D,Andrew Walker,https://www.linkedin.com/in/andrewrswalker,,
2017_Winter,Apozy,Erhan Justice,https://www.linkedin.com/in/erhan-justice,,
2017_Winter,Armory,Armory,https://www.linkedin.com/company/armory.io/,https://twitter.com/cloudarmory,https://github.com/armory
2017_Winter,Armory,Ben Mappen,https://www.linkedin.com/in/bmappen,,
2017_Winter,Armory,Isaac Mosquera,https://www.linkedin.com/in/isaacmosquera,https://twitter.com/imosquera,
2017_Winter,Arthena,Arthena,,https://twitter.com/arthenaart,https://github.com/arthena
2017_Winter,Arthena,Madelaine D'Angelo,https://linkedin.com/in/madelaine-d-angelo-b3508816?trk=hp-identity-name,,
2017_Winter,Arthena,Michael DAngelo,https://www.linkedin.com/in/michaelldangelo,,
2017_Winter,Arylla,Arylla,,https://twitter.com/Arylla_Inc,
2017_Winter,Arylla,Graham Thomas,https://ca.linkedin.com/in/graham-thomas-25b6328a,,
2017_Winter,Arylla,Benjamin Rasera,https://www.linkedin.com/in/benjamin-rasera-814b8547?trk=nav_responsive_tab_profile,,
2017_Winter,Arylla,Perry Everett,https://www.linkedin.com/in/perry-everett-77402176,,
2017_Winter,Beek,Max Holzheu,http://gt.linkedin.com/in/maxholzheu,https://twitter.com/maxholzheu,
2017_Winter,Beek,Beek,https://www.linkedin.com/company/beek-io/,https://twitter.com/beek_io,https://github.com/beek
2017_Winter,Beek,Pamela Valdes,https://www.linkedin.com/in/pamelavaldesesteva,https://twitter.com/PameVls,
2017_Winter,Bicycle_Ai,Arpit Mohan,https://in.linkedin.com/in/arpitmohan,,
2017_Winter,Bios_Health,Emil Hewage,https://uk.linkedin.com/in/ehewage,,
2017_Winter,Bios_Health,Oliver Armitage,https://uk.linkedin.com/in/oliver-armitage-87280731,,
2017_Winter,Bitrise,Bitrise,,https://twitter.com/bitrise,https://github.com/bitrise-io
2017_Winter,Bitrise,Daniel Balla,https://hu.linkedin.com/in/balladaniel,,
2017_Winter,Bitrise,Barnabas Birmacher,https://hu.linkedin.com/in/birmacher,,
2017_Winter,Bitrise,Viktor Benei,https://hu.linkedin.com/in/viktorbenei,https://twitter.com/viktorbenei,
2017_Winter,Bloomapi,BloomAPI,https://www.linkedin.com/company/bloomapi/,,
2017_Winter,Bloomapi,Heather Milone,https://www.linkedin.com/in/heathermilone,,
2017_Winter,Bloomapi,Michael Wasser,https://www.linkedin.com/in/michaelwasser,,
2017_Winter,Bountiful,Bountiful,http://linkedin.com/company/bountifulag,https://twitter.com/BountifulAg,https://github.com/VinsightCo
2017_Winter,Bountiful,Megan Nunes,https://www.linkedin.com/in/megan-nunes-73340525,https://twitter.com/megannunes,
2017_Winter,Boxouse,Luke Iseman,https://www.linkedin.com/in/lukeiseman/,,
2017_Winter,Breaker,Breaker,https://www.linkedin.com/company/breaker-inc.,https://twitter.com/Breaker,
2017_Winter,Breaker,Leah Culver,https://www.linkedin.com/in/leahculver,https://twitter.com/leahculver,
2017_Winter,Brex,Henrique Dubugras,https://br.linkedin.com/in/henriquedubugras,https://twitter.com/hdubugras,
2017_Winter,Brex,Brex,https://www.linkedin.com/company/brexhq/,https://www.brex.com/,https://www.brex.com/
2017_Winter,Brex,Pedro Franceschi,https://www.linkedin.com/in/pfranceschi,,
2017_Winter,Bulk_Mro_Industrial_Supply,Bulk MRO Industrial Supply,https://www.linkedin.com/company/bulkmro/,,
2017_Winter,Bulk_Mro_Industrial_Supply,Devang Shah,https://www.linkedin.com/in/devangvshah,,
2017_Winter,Bulk_Mro_Industrial_Supply,Gaurang Shah,https://www.linkedin.com/in/gaurangvshah,,
2017_Winter,Bulletin,Bulletin,https://www.linkedin.com/company/10448984,https://twitter.com/bulletin_co,
2017_Winter,Bulletin,Alana Branston,https://www.linkedin.com/in/alanabranston,,
2017_Winter,Bulletin,Ali Kriegsman,https://www.linkedin.com/pub/ali-kriegsman/52/29/8aa,,
2017_Winter,Buypower,BuyPower,https://www.linkedin.com/company/buypower-inc/,https://twitter.com/buypowerng,
2017_Winter,Buypower,OJIMA BENJAMIN UFARUNA,https://www.linkedin.com/in/ojima-benjamin-ufaruna-16a47714,,
2017_Winter,Buypower,Asehinde Oladipo,https://www.linkedin.com/in/oladipo-asehinde-49581b137,,
2017_Winter,Cartcam,Jonathan Wald,http://www.linkedin.com/pub/jonathan-wald/35/523/a36,,
2017_Winter,Clear_Genetics,Clear Genetics,,https://twitter.com/cleargenetics,
2017_Winter,Clear_Genetics,Guy Snir,https://www.linkedin.com/in/guysnir,https://twitter.com/guysnir,
2017_Winter,Clear_Genetics,Moran Snir,https://www.linkedin.com/in/moran-ronnie-shochat-snir-a29a23,,
2017_Winter,Clipboard,Clipboard,https://www.linkedin.com/company/clipboard/,https://x.com/clipboardhealth,https://x.com/clipboardhealth
2017_Winter,Clipboard,Wei Deng,https://www.linkedin.com/in/dengwei,,
2017_Winter,Collectly,Collectly,https://www.linkedin.com/company/collectly,,
2017_Winter,Collectly,Levon Brutyan,https://www.linkedin.com/in/levonbrutyan,,
2017_Winter,Collectly,Max Mizotin,https://www.linkedin.com/in/maxim-mizotin-5a073a62,,
2017_Winter,Cowlar,Umer Adnan,https://www.linkedin.com/in/umer27,,
2017_Winter,Delee,Alejandro Abarca-Blanco,https://linkedin.com/in/alejandroabarca,,
2017_Winter,Delee,Juan Felipe Yee De León,https://mx.linkedin.com/in/juan-felipe-yee-55107a5b,,
2017_Winter,Delee,Delee,https://www.linkedin.com/company/35691474,https://twitter.com/deleecorp,
2017_Winter,Delee,Liza Velarde,https://www.linkedin.com/in/lizavelarde/,https://twitter.com/liza_velarde21,
2017_Winter,Dost_Education,Dost Education,https://www.linkedin.com/company/dost-education/,https://twitter.com/DostEducation,https://github.com/DostEducation
2017_Winter,Dost_Education,Sneha Sheth,https://www.linkedin.com/in/snehaksheth,https://twitter.com/snehaksheth,
2017_Winter,Dost_Education,Sindhuja Jeyabal,htttp://www.linkedin.com/in/sindhujajeyabal,https://twitter.com/sindhujajeyabal,
2017_Winter,Entry,Emil Mikhailov,https://linkedin.com/in/emilmikhailov1,https://twitter.com/emilmikhailov,
2017_Winter,Entry,Entry,https://www.linkedin.com/company/entry1/,https://twitter.com/getentry_com,
2017_Winter,Extern,Extern,https://www.linkedin.com/company/paragon-one/,,
2017_Winter,Extern,Matt Wilkerson,https://www.linkedin.com/in/mattwilkerson,,
2017_Winter,Faire,Faire,https://www.linkedin.com/company/fairewholesale/,https://twitter.com/faire_wholesale,https://github.com/Faire
2017_Winter,Faire,Daniele Perito,https://www.linkedin.com/in/danieleperito,,
2017_Winter,Faire,Marcelo Cortes,https://www.linkedin.com/in/marcelo-cortes-b34317,,
2017_Winter,Faire,Max Rhodes,https://www.linkedin.com/in/max-rhodes,,
2017_Winter,Fibo,Zane Salim,https://www.linkedin.com/in/zanesalim,https://twitter.com/zanes,
2017_Winter,Fiix,Arif Bhanji,https://www.linkedin.com/in/arif-bhanji/,,
2017_Winter,Fiix,Khallil Mangalji,https://www.linkedin.com/in/khallilmangalji,,
2017_Winter,Fiix,Zain Manji,https://www.linkedin.com/in/zainmanji,https://twitter.com/ZainManji,
2017_Winter,Firsthand,Brian Yang,https://www.linkedin.com/in/brianliyang,,
2017_Winter,Floydhub,FloydHub,,https://twitter.com/floydhub_,
2017_Winter,Floydhub,Naren Thiagarajan,https://www.linkedin.com/in/narenst,https://x.com/narenst,
2017_Winter,Floydhub,Sai Prashanth Soundararaj,https://www.linkedin.com/in/saiprashanths,,
2017_Winter,Helix_Nanotechnologies,Helix Nanotechnologies,,http://twitter.com/helixnano,
2017_Winter,Helix_Nanotechnologies,Nikolai Eroshenko,https://www.linkedin.com/in/nikolai-eroshenko-668998119,,
2017_Winter,Hivy,Pierre-Alain Loiseau,https://www.linkedin.com/in/paloiseau,,
2017_Winter,Hivy,Pauline Tordeur,https://www.linkedin.com/in/pauline-tordeur/,https://twitter.com/paulinetordeur,
2017_Winter,Hogaru,Hogaru,https://www.linkedin.com/company/hogarucol/,https://twitter.com/hogarucol?lang=es,
2017_Winter,Hogaru,Gonzalo Ucar,https://www.linkedin.com/in/gonzalo-ucar-rodriguez,,
2017_Winter,Humi,Kevin Kliman,http://www.linkedin.com/in/kkliman,,
2017_Winter,Humi,Humi,https://www.linkedin.com/company/humi-hr,https://twitter.com/gethumi,
2017_Winter,Humi,Matt Loszak,https://www.linkedin.com/in/matt-loszak-09531a150,,
2017_Winter,Inboxbooster,Marcus Engene,https://www.linkedin.com/in/ehsmeng/,,
2017_Winter,Inboxbooster,Nicolas Toper,https://www.linkedin.com/in/nicolas,,
2017_Winter,Indee_Labs,Indee Labs,https://www.linkedin.com/company/indee-/,https://twitter.com/indeelabs,
2017_Winter,Indee_Labs,Ryan Pawell,https://www.linkedin.com/in/rpawell,https://twitter.com/rpawell,
2017_Winter,Innamed,InnaMed,https://www.linkedin.com/company/innamed,https://twitter.com/InnaMed_Inc,
2017_Winter,Innamed,Anup Singh,https://www.linkedin.com/in/anup-singh-229678b3,,
2017_Winter,Kidpass,KidPass,,https://twitter.com/kidpass,
2017_Winter,Kidpass,Chhay Chhun,https://linkedin.com/in/chhay,https://twitter.com/djbobbydrake,
2017_Winter,Kidpass,Solomon Liou,https://linkedin.com/in/solomonliou,,
2017_Winter,Kidpass,Aaron Kaufman,https://www.linkedin.com/in/aaronkaufman2/,,
2017_Winter,Ledger_Investing,Ledger Investing,https://www.linkedin.com/company/ledger-investing,https://twitter.com/LedgerInvesting,https://github.com/LedgerInvesting
2017_Winter,Ledger_Investing,Samir Shah,https://www.linkedin.com/in/samir-shah-7410649,,
2017_Winter,Lithit,Eric Mills,https://linkedin.com/in/ericmills2,https://twitter.com/ericmillsio,
2017_Winter,Lithit,Anthony Crivolio,https://www.linkedin.com/profile/view?id=242252404&trk=nav_responsive_tab_profile_pic,,
2017_Winter,Lively_Inc,"Lively, Inc.",https://www.linkedin.com/company/livelyhsa,https://twitter.com/Livelyhsa,
2017_Winter,Lively_Inc,Alex Cyriac,https://www.linkedin.com/in/alex-cyriac-1218137,,
2017_Winter,Lively_Inc,Shobin Uralil,https://www.linkedin.com/shobinuralil,,
2017_Winter,Loop_Support,Dean Yim,https://www.linkedin.com/in/deanyim,,
2017_Winter,Loop_Support,Paul Gut,https://www.linkedin.com/in/paulgut/,,
2017_Winter,Lvl5,lvl5,,https://twitter.com/lvl5inc,
2017_Winter,Lvl5,George Tall,http://www.linkedin.com/in/georgetall,,
2017_Winter,Marketfox,Mohammed Aboobacker,https://in.linkedin.com/in/mohammedaboobacker,,
2017_Winter,Mdalgorithms_Inc,Oded Harth,http://www.linkedin.com/in/odedharth,https://twitter.com/odedharth,
2017_Winter,Mdalgorithms_Inc,Yoram Harth MD,https://il.linkedin.com/in/yoram-harth-md-5413461,https://twitter.com/YoramHarth_MD,
2017_Winter,Mdalgorithms_Inc,MDalgorithms Inc.,https://www.linkedin.com/company/mdalgorithms,,
2017_Winter,Mednet,Mednet,https://www.linkedin.com/company/themednet/,https://twitter.com/themednet,
2017_Winter,Mednet,Nadine Housri,https://www.linkedin.com/in/nadinehousri,https://twitter.com/nadinehousri,
2017_Winter,Mednet,Samir Housri,https://www.linkedin.com/in/samirhousri,https://twitter.com/shousri,
2017_Winter,Mirror_Ai,Evgeny Kuryshev,https://linkedin.com/in/evgenyq,,
2017_Winter,Nanonets,NanoNets,https://in.linkedin.com/company/nanonets,https://twitter.com/nanonets_,https://github.com/NanoNets
2017_Winter,Nanonets,Sarthak Jain,https://in.linkedin.com/in/jainsarthak,,
2017_Winter,Neema,Barak Ben Ezer,https://www.linkedin.com/in/barakb,,
2017_Winter,Niles,Mack Lu,https://www.linkedin.com/in/macklu,,
2017_Winter,No_Lean_Season,Karen Levy,https://ke.linkedin.com/in/kareninkenya,https://twitter.com/KareninKenya,
2017_Winter,No_Lean_Season,Md. Sohel Rana,https://www.linkedin.com/in/md-sohel-rana-69642849?trk=nav_responsive_tab_profile,,
2017_Winter,Nomba,Nomba,https://ng.linkedin.com/company/nombahq,https://twitter.com/nombahq,
2017_Winter,Nomba,Pelumi Aboluwarin,https://uk.linkedin.com/in/pelumiaboluwarin,,
2017_Winter,Nomba,Yinka Adewale,https://www.linkedin.com/in/adeyinka-adewale-7b779448?trk=nav_responsive_tab_profile_pic,,
2017_Winter,Nuvola,Nuvola,https://www.linkedin.com/company/nuvola-technology/,,
2017_Winter,Nuvola,Janet Hur,https://www.linkedin.com/in/janethur,,
2017_Winter,Nuvola,Leland Smith,https://www.linkedin.com/in/lelandsmith50?trk=hp-identity-name,,
2017_Winter,Onefin,Harshit Vaishnav,https://in.linkedin.com/in/harshitv,,
2017_Winter,Onefin,OneFin,https://www.linkedin.com/company/onefinin/,https://twitter.com/onefindotin,
2017_Winter,Onefin,Pratish Gandhi,https://www.linkedin.com/in/pratishgandhi,,
2017_Winter,Origin,Oliver Takach,https://www.linkedin.com/in/oliver-takach-a5499b68,https://twitter.com/TheTakach,
2017_Winter,Pearl,Greg Kress,https://linkedin.com/in/gregorykress,,
2017_Winter,Pearl,Pearl,https://www.linkedin.com/company/mere-coffee-inc./,,
2017_Winter,Pearl,Scott Steber,https://www.linkedin.com/in/scottsteber,,
2017_Winter,Peer5,Shachar Zohar,https://il.linkedin.com/in/shachar-zohar-2356a72,,
2017_Winter,Peer5,Peer5,https://www.linkedin.com/company/peer5/,https://twitter.com/peer5,
2017_Winter,Peer5,Hadar Weiss,https://www.linkedin.com/in/whadar,https://twitter.com/whadar,
2017_Winter,Penny,Alex Quach,https://www.linkedin.com/in/imquach,,
2017_Winter,Penny,Mitch Lee,https://www.linkedin.com/in/mitchjlee,https://www.twitter.com/dontmitch,
2017_Winter,Pit_Ai,Yves-Laurent Kom Samo,https://uk.linkedin.com/in/komsamo,https://twitter.com/Dr_YLKS,
2017_Winter,Plane,Matt Pelc,https://linkedin.com/in/matid/,https://twitter.com/matid/,
2017_Winter,Plane,Plane,https://www.linkedin.com/company/planehr,https://twitter.com/useplane,
2017_Winter,Playment,Playment,,https://twitter.com/PlaymentHQ,
2017_Winter,Playment,Siddharth Mall,https://in.linkedin.com/in/siddharthmall05,,
2017_Winter,Playment,Akshay Lal,https://www.linkedin.com/in/akshaykumarlal,,
2017_Winter,Pulse,Chaitu Aluru,https://www.linkedin.com/in/chaitu-aluru-723b12165,,
2017_Winter,Pulse,Vamsee Chamakura,https://www.linkedin.com/in/vamseems,,
2017_Winter,Rankscience,RankScience,,http://twitter.com/rankscience,https://github.com/rankscience
2017_Winter,Rankscience,Ryan Bednar,https://www.linkedin.com/in/ryan-bednar-9520853,https://twitter.com/ryanbed,
2017_Winter,Reliance_Health,Matthew Mayaki,https://ng.linkedin.com/in/matthew-mayaki-00b8345b,,
2017_Winter,Reliance_Health,Reliance Health,https://www.linkedin.com/company/reliance-health-global,,https://github.com/reliancehealthinc
2017_Winter,Reliance_Health,Femi Kuti,https://www.linkedin.com/in/femi-kuti-3766506,,
2017_Winter,Request_Network,Request Network,https://www.linkedin.com/company/11247783/,https://twitter.com/RequestNetwork,https://github.com/RequestNetwork
2017_Winter,Request_Network,Christophe Lassuyt,https://www.linkedin.com/in/christophelassuyt,,
2017_Winter,Request_Network,Etienne TATUR,https://www.linkedin.com/in/etiennetatur,,
2017_Winter,Retool,Retool,https://www.linkedin.com/company/tryretool/,,https://github.com/tryretool
2017_Winter,Retool,David Hsu,https://www.linkedin.com/in/dvdhsu,,
2017_Winter,Rezi,Harsh Yadav,https://linkedin.com/in/harsh-yadav-a382b911,,
2017_Winter,Rezi,Sean Mitchell,https://linkedin.com/in/seanfmitchell,,
2017_Winter,Rezi,REZI,https://www.linkedin.com/company/rentrezi/,https://twitter.com/rentrezi,
2017_Winter,Rezi,Keenan D. Williams,https://www.linkedin.com/in/keenan-d-williams-4a4a08b,,
2017_Winter,Riley,Helson Taveras,https://www.linkedin.com/in/helsontaveras/,,
2017_Winter,Rippling,Rippling,https://www.linkedin.com/company/rippling/,https://twitter.com/rippling,https://github.com/Rippling
2017_Winter,Rippling,Prasanna S,https://www.linkedin.com/in/myprasanna,https://www.twitter.com/myprasanna,
2017_Winter,Rippling,Parker Conrad,https://www.linkedin.com/in/parkerconrad,https://twitter.com/parkerconrad,
2017_Winter,Sandbox_Banking,Sandbox Banking,https://www.linkedin.com/company/sandboxbanking/,https://twitter.com/sandboxbanking,https://github.com/alphapack
2017_Winter,Sandbox_Banking,Ravi Balasubramanian,https://www.linkedin.com/in/ravibalasubramanian,,
2017_Winter,Sandbox_Banking,Skye Isard,https://www.linkedin.com/in/skyeisard,,
2017_Winter,Scaphold_Io,Michael Paris,https://www.linkedin.com/in/michaelparis1,,
2017_Winter,Scaphold_Io,Vince Ning,https://www.linkedin.com/in/vcning,,
2017_Winter,Scopeai,Natalie Abeysena,https://linkedin.com/in/natalieabeysena,,
2017_Winter,Scopeai,ScopeAI,https://www.linkedin.com/company/scopeai,https://www.twitter.com/scopeai,
2017_Winter,Scopeai,Luciano Arango,https://www.linkedin.com/in/whosluciano/,https://x.com/ai_luce,
2017_Winter,Scribe,Rutika Muchhala,https://www.linkedin.com/in/rutikamuchhala,,
2017_Winter,Scribe,Sachin Bhat,https://www.linkedin.com/in/sachin-a-s-16863014,https://twitter.com/sachinbhat_,
2017_Winter,Shipamax,Fabian Blaicher,https://uk.linkedin.com/in/fabian-blaicher-86936120,,
2017_Winter,Shipamax,Jenna Brown,https://uk.linkedin.com/in/jenna-brown-2539b716,,
2017_Winter,Shipamax,Shipamax,https://www.linkedin.com/company/shipamax/,https://shipamax.com/,https://shipamax.com/
2017_Winter,Sigma_Genetics,Chris Pihl,https://www.linkedin.com/in/chris-pihl-4a84b1a/,,
2017_Winter,Sigma_Genetics,Karen Eaton,https://www.linkedin.com/in/eatonkaren,https://twitter.com/DrKeaton,
2017_Winter,Sigma_Genetics,Matthew Scholz,https://www.linkedin.com/in/matthewscholz,,
2017_Winter,Sinovia_Technologies,George Burkhard,https://www.linkedin.com/in/george-burkhard-a396022?trk=hp-identity-name,,
2017_Winter,Sleep_Reset,Sleep Reset,https://www.linkedin.com/company/sleep-reset/,https://twitter.com/SleepReset,
2017_Winter,Sleep_Reset,Yunha Kim,https://www.linkedin.com/in/yunhajudykim,,
2017_Winter,Smart_Alto,Hassan Riggs,https://www.linkedin.com/in/hassanmayriggs,,
2017_Winter,Smart_Alto,Wayne Anderson,https://www.linkedin.com/public-profile/settings?trk=prof-edit-edit-public_profile,,
2017_Winter,Snappr,Snappr,https://www.linkedin.com/company/snappr.co/,https://twitter.com/snappr_co,https://github.com/snappr
2017_Winter,Snappr,Matt Schiller,https://www.linkedin.com/in/mdschiller,,
2017_Winter,Solugen,Solugen,https://www.linkedin.com/company/solugen/,https://twitter.com/solugen,
2017_Winter,Solugen,Gaurab Chakrabarti,https://www.linkedin.com/in/gaurabchakrabarti?utm_source=share&utm_campaign=share_via&utm_content=profile&utm_medium=ios_app,http://www.x.com/gaurabc,
2017_Winter,Solugen,Sean Hunt,https://www.linkedin.com/in/huntsean,,
2017_Winter,Soomgo,Robin Kim,https://www.linkedin.com/in/rhkim85,,
2017_Winter,Sourcebeacon,Jack Wang,https://www.linkedin.com/in/jackwang28,,
2017_Winter,Speak,Andrew Hsu,http://www.linkedin.com/in/andrewdhsu,https://x.com/adhsu,
2017_Winter,Speak,Speak,https://www.linkedin.com/company/usespeak,,
2017_Winter,Sudden_Coffee,Josh Zloof,https://www.linkedin.com/in/joshua-zloof-9b09648,,
2017_Winter,Supr_Daily,Puneet Kumar,https://www.linkedin.com/in/kumar-puneet/,https://twitter.com/_puneetKumar,
2017_Winter,Supr_Daily,Shreyas Nagdawane,https://www.linkedin.com/in/shreyasnag,,
2017_Winter,Sycamore,Steven Syverud,https://linkedin.com/in/steven-syverud-9b77539,,
2017_Winter,Sycamore,Goutham Buchi,https://www.linkedin.com/in/gouthambuchi,https://twitter.com/bgoutham,
2017_Winter,Terark,Sean Fu,https://cn.linkedin.com/in/xinyuanfu,,
2017_Winter,Terark,Peng Lei,https://www.linkedin.com/in/peng-lei-b2599535,,
2017_Winter,Tetra,Jon Goldsmith,https://www.linkedin.com/in/goldsmith1,,
2017_Winter,Tetra,Nikolas Liolios,https://www.linkedin.com/in/nik-liolios-aa9024102,,
2017_Winter,The_Centre_For_Effective_Altruism,William MacAskill,http://uk.linkedin.com/in/wdmacaskill,,
2017_Winter,The_Essential,Chai Mishra,https://linkedin.com/in/chaitanyamishra,,
2017_Winter,Tizeti,Ifeanyi Okonkwo,https://www.linkedin.com/in/ifeanyi-okonkwo-a5005429/,https://twitter.com/PrimFanyius,
2017_Winter,Token_Transit,Token Transit,https://linkedin.com/company/tokentransit,https://twitter.com/tokentransit,
2017_Winter,Token_Transit,Morgan Kikuchi-Conbere,https://linkedin.com/in/mconbere,https://twitter.com/mconbere,
2017_Winter,Token_Transit,Ekate Kuznetsova,https://www.linkedin.com/in/ekate,https://twitter.com/technekate,
2017_Winter,Token_Transit,Zachary Browne,https://www.linkedin.com/in/zacharybrowne,,
2017_Winter,Tolemi,Nico Tejera,http://linkedin.com/in/nicotejera,,
2017_Winter,Tolemi,Andrew Kieve,"https://www.google.com/url?sa=t&rct=j&q=&esrc=s&source=web&cd=1&cad=rja&uact=8&ved=0ahUKEwj-xbmHxsLPAhXKHB4KHTDwBQkQFggeMAA&url=https%3A%2F%2Fwww.linkedin.com%2Fin%2Fandrew-kieve-7848974b&usg=AFQjCNHRNivmcnPOhVKZdSiXZK7NpI6FGw&bvm=bv.134495766,d.dmo",,
2017_Winter,Tolemi,Tolemi,https://www.linkedin.com/company/tolemi/,https://twitter.com/tolemihq,
2017_Winter,Trade,Wilson Cusack,https://www.linkedin.com/in/wilsoncusack,,
2017_Winter,Tress,Priscilla Hazel,https://gh.linkedin.com/in/priscahazel,,
2017_Winter,Tress,Esther Olatunde,https://ng.linkedin.com/in/esther-olatunde-3193a11a,https://twitter.com/MsEOlatunde,
2017_Winter,Tress,Cassandra Sarfo,https://www.linkedin.com/in/cassandra-sarfo-26679795?,,
2017_Winter,Upcall,Upcall,,https://twitter.com/upcall_com,
2017_Winter,Upcall,Samuel Devyver,https://www.linkedin.com/in/samueldevyver,,
2017_Winter,Upkeep,Ryan Chan,https://linkedin.com/in/ryan-chan-72aa6256,https://twitter.com/ryanchanupkeep,
2017_Winter,Upkeep,UpKeep,https://www.linkedin.com/company/upkeep-maintenance-management/,https://twitter.com/onupkeep,https://github.com/upkeepapp
2017_Winter,Vango,Marta Jamrozik,https://www.linkedin.com/in/martajamrozik,,
2017_Winter,Vango,Misha Laskin,https://www.linkedin.com/pub/michael-laskin/7b/35/481,https://twitter.com/MishaLaskin,
2017_Winter,Veryfi_Inc,"Veryfi, Inc.",https://www.linkedin.com/company/veryfi-inc/,https://twitter.com/veryfi_inc,https://github.com/veryfi
2017_Winter,Veryfi_Inc,Dmitry Birulia,https://www.linkedin.com/in/birulia,https://twitter.com/dbirulia,
2017_Winter,Veryfi_Inc,Ernest Semerda,https://www.linkedin.com/in/semerda,https://twitter.com/semerda,
2017_Winter,Voiceops,Voiceops,https://www.linkedin.com/company/voiceops/,,
2017_Winter,Voiceops,Ethan Barhydt,https://www.linkedin.com/pub/ethan-barhydt/a1/739/b35?domainCountryName=&csrfToken=ajax%3A0438287707557206339,,
2017_Winter,Volansi,Volansi,https://www.linkedin.com/company/volansi,https://twitter.com/volans_i,https://github.com/volansi
2017_Winter,Volansi,Hannan Parvizian,https://www.linkedin.com/in/hannanparvizian/,https://twitter.com/HaPi31415,
2017_Winter,Volt_Health,"Scott Wolf, MD",https://www.linkedin.com/in/sjwolf,,
2017_Winter,Voodoo_Manufacturing,Jon Miller Schwartz,https://www.linkedin.com/in/jmschwartz11,https://twitter.com/JMSchwartz11,
2017_Winter,Voodoo_Manufacturing,Max Friefeld,https://www.linkedin.com/in/mfriefeld,,
2017_Winter,Voodoo_Manufacturing,Patrick Deem,https://www.linkedin.com/in/patrick-deem-7851511?trk=nav_responsive_tab_profile_pic,,
2017_Winter,Wavy,Hammad Bashir,http://www.linkedin.com/in/hbashir,,
2017_Winter,Wavy,Sonia Sharma,https://www.linkedin.com/in/sonia95sharma,,
2017_Winter,Waystocap,WaystoCap,https://www.linkedin.com/company/waystocap/,https://twitter.com/WaystoCap,
2017_Winter,Waystocap,Anis Abdeddine,https://www.linkedin.com/in/anis-abdeddine-a9ab74113,,
2017_Winter,Waystocap,Aziz Jaouhari,https://www.linkedin.com/in/medaziz/,,
2017_Winter,Waystocap,Niama El Bassunie,https://www.linkedin.com/in/niama-el-bassunie-cfa,,
2017_Winter,Wifi_Dabba_Inc,Shubhendu Sharma,https://linkedin.com/in/shubhendusharma,https://twitter.com/shubhendusharma,
2017_Winter,Wifi_Dabba_Inc,"Wifi Dabba, Inc.",https://www.linkedin.com/company/wifidabba,https://www.twitter.com/DabbaNetwork,
2017_Winter,Wright_Electric,Wright Electric,https://www.linkedin.com/company/wrightelectric/,https://twitter.com/weflywright,
2017_Winter,Wright_Electric,Doug Griswold,https://www.linkedin.com/in/doug-griswold-96312212?trk=nav_responsive_tab_profile,,
2017_Winter,Wright_Electric,Jeff Engler,https://www.linkedin.com/in/jeffengler,,
2017_Winter,Zestful,Rally Tennis,,http://www.twitter.com/playrallytennis,
2017_Winter,Zestful,Mat Vogels,https://www.linkedin.com/in/matvogels,,
2017_Winter,Zinc_Platform,Sam Li,https://www.linkedin.com/in/samsli,,
2017_Winter,Zipx,ZipX,,https://zipx.com/,
2017_Winter,Zipx,James Steinberg,https://www.linkedin.com/in/james-steinberg-3a0a4b30/,https://twitter.com/darefailed,
2017_Winter,Zipx,Osman Mendoza,https://www.linkedin.com/in/ozmendoza/,,
2018_Winter,Aalo,Sejun Park,https://linkedin.com/in/sejunpark,,
2018_Winter,Acely,Acely,,https://twitter.com/junilearning,https://github.com/JuniLearning
2018_Winter,Acely,Vivian Midha Shen,https://www.linkedin.com/in/vivianmshen/,https://x.com/vivianmshen,
2018_Winter,Aerones,Aerones,,https://twitter.com/aerones_com,https://github.com/Aerones-com
2018_Winter,Aerones,Dainis Kruze,https://www.linkedin.com/in/dainis-kruze-63b19013/,,
2018_Winter,Aerones,Janis Putrams,https://www.linkedin.com/in/janis-putrams-2ab19345/,,
2018_Winter,Aesculatech,Niki Bayat,https://www.linkedin.com/in/niki-bayat-1ba52b4b/,,
2018_Winter,Algosurg_Inc,AlgoSurg Inc,https://www.linkedin.com/company/10368877/admin/dashboard/,,
2018_Winter,Algosurg_Inc,Amit Maurya,https://www.linkedin.com/in/amitdmaurya/,,
2018_Winter,Algosurg_Inc,Vikas Karade,https://www.linkedin.com/in/vikaskarade/,,
2018_Winter,Anjuna,Anjuna,https://www.linkedin.com/company/anjuna-security/,https://twitter.com/anjuna_security,https://github.com/anjuna-security
2018_Winter,Anjuna,Ayal Yogev,https://www.linkedin.com/in/ayalyogev/,,
2018_Winter,Archform,ArchForm,https://www.linkedin.com/company/archform,https://x.com/archform,
2018_Winter,Archform,Andrew Martz,https://www.linkedin.com/in/martzandrew/,https://twitter.com/martz_andrew,
2018_Winter,Aspire,Giovanni Casinelli,https://sg.linkedin.com/in/giovannicasinelli,https://twitter.com/CasinelliG,
2018_Winter,Aspire,Aspire,https://www.linkedin.com/company/aspireapp-global,,
2018_Winter,Aspire,Andrea Baronchelli,https://www.linkedin.com/in/andrea-baronchelli%EF%BC%88%E5%AE%89%E5%88%A9%EF%BC%89-0979a541/,https://x.com/andrea_aspire,
2018_Winter,Assembly_Com,Neil Raina,https://linkedin.com/in/rnraina/,,
2018_Winter,Assembly_Com,Assembly,https://www.linkedin.com/company/assemblycom/,https://x.com/assemblycom,
2018_Winter,Assembly_Com,Marlon Misra,https://www.linkedin.com/in/marlonmisra/,https://twitter.com/marlonmisra,
2018_Winter,Atrium,Atrium,,https://twitter.com/atrium?lang=en,
2018_Winter,Atrium,Justin Kan,https://www.linkedin.com/in/justinkan,https://twitter.com/justinkan,
2018_Winter,Avro_Life_Science,Keean Sarani,https://ca.linkedin.com/in/imkeean,,
2018_Winter,Avro_Life_Science,Shak Lakhani,https://ca.linkedin.com/in/shaklakhani,,
2018_Winter,Beanstalk,Beanstalk,https://www.linkedin.com/company/beanstalk-inc/about/,,
2018_Winter,Beanstalk,Jack Ross,https://www.linkedin.com/in/jacklross/,,
2018_Winter,Beanstalk,Mike Ross,https://www.linkedin.com/in/mross9/,,
2018_Winter,Bear_Flag_Robotics,Bear Flag Robotics,https://www.linkedin.com/company/bear-flag-robotics/,https://twitter.com/BFRobotics,
2018_Winter,Bear_Flag_Robotics,Aubrey Donnellan,https://www.linkedin.com/in/aubrey-donnellan-0b676b7/,,
2018_Winter,Bear_Flag_Robotics,Igino Cafiero,https://www.linkedin.com/in/igino-cafiero-43b213b0,,
2018_Winter,Ben,Ben,,https://twitter.com/getbendotco,
2018_Winter,Ben,Alex Sismanis,https://www.linkedin.com/in/alex-sismanis-5300b351/,https://twitter.com/alexsismanis,
2018_Winter,Ben,Miguel Kudry,https://www.linkedin.com/in/kudry/,https://twitter.com/kudry,
2018_Winter,Biobot_Analytics,Biobot Analytics,,https://twitter.com/biobotanalytics/,https://github.com/biobotanalytics
2018_Winter,Biobot_Analytics,Mariana Matus,https://www.linkedin.com/in/marianamatus/,https://twitter.com/MarianaMatusG,
2018_Winter,Biobot_Analytics,Newsha Ghaeli,https://www.linkedin.com/in/newshaghaeli/,,
2018_Winter,Biorender,BioRender,https://www.linkedin.com/company/biorender/,https://www.twitter.com/biorender,https://github.com/BioRender-Team
2018_Winter,Biorender,Katya Shteyn,https://www.linkedin.com/in/ekaterinashteyn/,,
2018_Winter,Biorender,Ryan Marien,https://www.linkedin.com/in/ryanmarien/,,
2018_Winter,Blueberry_Pediatrics,Harrison Gordon,https://www.linkedin.com/in/harrisonmgordon,,
2018_Winter,Bump_2,Secured,,https://twitter.com/_secured,
2018_Winter,Bump_2,Jack Ryder,https://linkedin.com/in/jackryder,,
2018_Winter,Bump_2,Sam Howarth,https://www.linkedin.com/in/sam-howarth-21146597,,
2018_Winter,California_Dreamin,California Dreamin,,https://twitter.com/drinkdreamin,
2018_Winter,California_Dreamin,Amy Bishop,https://www.linkedin.com/in/amy-ludlum-81314635/,,
2018_Winter,California_Dreamin,Peter Bishop,https://www.linkedin.com/in/peter-bishop-b16b5732,,
2018_Winter,Captivateiq,Hubert Wong,http://www.linkedin.com/in/hubertw,,
2018_Winter,Captivateiq,CaptivateIQ,https://www.linkedin.com/company/captivateiq/,https://twitter.com/captivateiq,https://github.com/captivateiq
2018_Winter,Captivateiq,Conway Teng,https://www.linkedin.com/in/conway-teng/,,
2018_Winter,Captivateiq,Mark Schopmeyer,https://www.linkedin.com/in/mschop/,,
2018_Winter,Clearbrain,ClearBrain,,https://twitter.com/clearbraininc,
2018_Winter,Clearbrain,Eric Pollmann,http://linkedin.com/in/ericpollmann/,,
2018_Winter,Clearbrain,Bilal Mahmood,https://www.linkedin.com/in/mbmahmood,,
2018_Winter,Closer_Sports,Gopal Ramachandran,https://www.linkedin.com/in/gopal-ramachandran-1b810b11b/,,
2018_Winter,Closer_Sports,Jeffrey Warren,https://www.linkedin.com/in/jeffrey-warren-11619b22/,,
2018_Winter,Codestream,CodeStream,https://www.linkedin.com/company/teamcodestream/,https://twitter.com/teamcodestream,
2018_Winter,Codestream,Claudio Pinkus,https://www.linkedin.com/in/claudiopinkus/,https://twitter.com/Claudio_Pinkus,
2018_Winter,Codestream,Peter Pezaris,https://www.linkedin.com/in/ppezaris/,https://x.com/pezster,
2018_Winter,Cognition_Ip,Cognition IP,https://www.linkedin.com/company/cognitionip,https://twitter.com/cognition_ip,
2018_Winter,Cognition_Ip,Andrew Tjang,https://www.linkedin.com/in/andrew-tjang/,http://www.twitter.com/drandr00,
2018_Winter,Cointracker,CoinTracker,https://www.linkedin.com/company/cointracker,https://twitter.com/CoinTracker,https://github.com/coin-tracker
2018_Winter,Cointracker,Chandan Lodha,https://www.linkedin.com/in/clodha,https://twitter.com/cglodha,
2018_Winter,Cointracker,Jon Lerner,https://www.linkedin.com/in/jonlerner,https://twitter.com/jon_lerner,
2018_Winter,Correlia_Biosystems,Correlia Biosystems,https://www.linkedin.com/company/8775625,,
2018_Winter,Correlia_Biosystems,Akwasi Apori,https://www.linkedin.com/in/akwasi-apori-465b5211/,,
2018_Winter,Correlia_Biosystems,Kursad Araz,https://www.linkedin.com/in/kursadaraz,,
2018_Winter,Correlia_Biosystems,Samuel Tia,https://www.linkedin.com/in/samtia/,,
2018_Winter,Culture_Biosciences,Culture Biosciences,https://www.linkedin.com/company/culture-robotics/,https://twitter.com/culturebiosci,https://github.com/culturerobotics
2018_Winter,Culture_Biosciences,Matt Ball,https://www.linkedin.com/in/mab43,,
2018_Winter,Culture_Biosciences,Will Patrick,https://www.linkedin.com/in/wgpatrick,,
2018_Winter,Curious_Fictions,Curious Fictions,,https://twitter.com/curiousfictions,
2018_Winter,Curious_Fictions,Tanya Breshears,https://www.linkedin.com/in/tanyabreshears/,,
2018_Winter,Dataform,Dataform,,https://twitter.com/dataform,
2018_Winter,Dataform,Lewis Hemens,https://www.linkedin.com/in/lewishemens/,,
2018_Winter,Dear_Brightly,Dear Brightly,https://www.linkedin.com/company/dearbrightly/,https://twitter.com/dearbrightly,
2018_Winter,Dear_Brightly,Alda Luong,https://www.linkedin.com/in/aldaluong/,,
2018_Winter,Dear_Brightly,Amy Chiu,https://www.linkedin.com/in/amyleechiu/,,
2018_Winter,Draftbit,Brian Luerssen,http://www.linkedin.com/in/brianluerssen/,https://twitter.com/bluerssen,
2018_Winter,Draftbit,Draftbit,https://www.linkedin.com/company/draftbit/,https://twitter.com/draftbit,https://github.com/draftbit
2018_Winter,Edwin,Dmitry Alekseev,https://www.linkedin.com/in/dmitryalexeev/,,
2018_Winter,Edwin,Dmitry Stavisky,https://www.linkedin.com/in/dstavisky/,https://twitter.com/dstavisky,
2018_Winter,Envkey,EnvKey,,https://twitter.com/EnvKeyConfig,https://github.com/envkey
2018_Winter,Envkey,Dane Schneider,https://www.linkedin.com/in/daneschneider/,https://twitter.com/Danenania,
2018_Winter,Erudifi,ErudiFi,https://www.linkedin.com/company/erudifi/,,https://github.com/erudifi
2018_Winter,Erudifi,Naga Tan,https://www.linkedin.com/in/nagatan/,,
2018_Winter,Erudifi,Susli Lie,https://www.linkedin.com/in/susli/,,
2018_Winter,Evolve_Makers_Of_Podcast_App_And_Rest_Ai,Evolve (makers of Podcast App & Rest AI),,https://twitter.com/thepodcastapp,
2018_Winter,Evolve_Makers_Of_Podcast_App_And_Rest_Ai,Juan Catalano,https://ar.linkedin.com/in/juancatalano,,
2018_Winter,Evolve_Makers_Of_Podcast_App_And_Rest_Ai,Martin Siniawski,https://www.linkedin.com/in/msinia,http://twitter.com/msinia,
2018_Winter,Evry_Health,Chris Gay,http://www.linkedin.com/in/chrisgay,,
2018_Winter,Evry_Health,Evry Health,https://www.linkedin.com/company/evryhealth,,
2018_Winter,Evry_Health,Jay Startz,https://www.linkedin.com/in/jonathanstartz,,
2018_Winter,Evry_Health,Mark Jamilkowski,https://www.linkedin.com/in/markjamilkowski/,,
2018_Winter,Fidocure,FidoCure®,https://www.linkedin.com/company/the-one-health-company/,https://twitter.com/fidocure,
2018_Winter,Fidocure,christina lopes,https://www.linkedin.com/in/christina-lopes-8679455/,,
2018_Winter,Flinto,Alonso Garcia Molina,https://www.linkedin.com/in/alonso-garcia-molina-962a56150/,,
2018_Winter,Flinto,Eugenio Sánchez Rabiella,https://www.linkedin.com/in/cesrabiella/,,
2018_Winter,Flinto,Tiago Sada,https://www.linkedin.com/in/santiagosada,https://twitter.com/tiagosada,
2018_Winter,Fondo,David J. Phillips,https://linkedin.com/in/davjphillips,http://twitter.com/davj,
2018_Winter,Fondo,Fondo,https://www.linkedin.com/company/fondohq/,https://twitter.com/tryfondo,
2018_Winter,Gainful,Gainful,https://www.linkedin.com/company/gogainful/,https://twitter.com/gainful,
2018_Winter,Gainful,Jahaan Ansari,https://www.linkedin.com/in/jahaan,,
2018_Winter,Glimpse_K12,Nicole Pezent,https://www.linkedin.com/in/nicole-pezent-2463a38?trk=hp-identity-name,,
2018_Winter,Glowing_Io,Glowing.io,https://www.linkedin.com/company/13206234/,,
2018_Winter,Glowing_Io,Jasen Lew,https://www.linkedin.com/in/jasenlew,,
2018_Winter,Groww,Harsh Jain,https://in.linkedin.com/in/harshjainiitd,,
2018_Winter,Groww,Ishan Bansal,https://in.linkedin.com/in/ishan-bansal-8678b216,,
2018_Winter,Groww,Groww,https://www.linkedin.com/company/groww.in/,https://twitter.com/_groww,https://github.com/Groww
2018_Winter,Groww,Lalit Keshre,https://www.linkedin.com/in/lalitkeshre,,
2018_Winter,Groww,Neeraj Singh,https://www.linkedin.com/in/neeraj-singh-a910819,,
2018_Winter,Haiku,Haiku,,https://twitter.com/haikuforteams,
2018_Winter,Haiku,Zack Brown,https://linkedin.com/in/zack-brown,,
2018_Winter,Helloverify,Karan Mirchandani,https://www.linkedin.com/in/karan-mirchandani-917a1a84/,,
2018_Winter,Helloverify,Varun Mirchandani,https://www.linkedin.com/in/varun-mirchandani-b342a43/,,
2018_Winter,Hexel,John Palmer,https://www.linkedin.com/in/john-palmer-38018191/,,
2018_Winter,Hunter2,Fletcher Heisler,https://www.linkedin.com/in/fheisler/,,
2018_Winter,Jasper_Ai,Jasper.ai,http://www.linkedin.com/company/heyjasperai,https://twitter.com/heyjasperai,
2018_Winter,Jasper_Ai,Chris Hull,https://www.linkedin.com/in/chrishull7,,
2018_Winter,Jasper_Ai,Dave Rogenmoser,https://www.linkedin.com/in/daverogenmoser,https://twitter.com/DaveRogenmoser,
2018_Winter,Jasper_Ai,JP Morgan,https://www.linkedin.com/in/jpamorgan,https://twitter.com/jpamorgan,
2018_Winter,Jido_Maps,Jido Maps,,https://twitter.com/jidomaps,https://github.com/jidomaps
2018_Winter,Jido_Maps,Jaeyong Sung,https://www.linkedin.com/in/jaeyongsung/,,
2018_Winter,Jido_Maps,Mark Stauber,https://www.linkedin.com/in/mark-stauber-01151638/,,
2018_Winter,Key_Values,Lynne Tye,https://www.linkedin.com/in/lynne-tye-26622381/,,
2018_Winter,Lambda_Tea,Cat Zeng,https://www.linkedin.com/in/hoppermori/,,
2018_Winter,Lambda_Tea,Robert Henning,https://www.linkedin.com/in/robert-henning-925b67111/,,
2018_Winter,Lawyaw,Lawyaw,https://www.linkedin.com/company/17916760,https://twitter.com/golawyaw,
2018_Winter,Lawyaw,Tucker Cottingham,https://www.linkedin.com/in/tucker-cottingham-53b34611/,,
2018_Winter,Let_S_Do_This,Sam Browne,https://uk.linkedin.com/in/sam-browne-a86268b0,,
2018_Winter,Let_S_Do_This,Let's Do This,https://www.linkedin.com/company/lets-do-this/,,
2018_Winter,Let_S_Do_This,Alex Rose,https://www.linkedin.com/in/alexrose1?trk=nav_responsive_tab_profile,,
2018_Winter,Look_After_My_Bills,Henry de Zoete,https://www.linkedin.com/in/henry-de-zoete-aa01835/,,
2018_Winter,Look_After_My_Bills,Will Hodson,https://www.linkedin.com/in/will-hodson-5266a013/,,
2018_Winter,Lucy_Goods_Inc,"Lucy Goods, Inc",,http://www.twitter.com/lucynicotine,
2018_Winter,Lucy_Goods_Inc,John Coogan,http://www.linkedin.com/in/jacoogan,http://www.twitter.com/johncoogan,
2018_Winter,Lucy_Goods_Inc,David Renteln,https://www.linkedin.com/in/drenteln,,
2018_Winter,Lucy_Goods_Inc,Samy Hamdouche,https://www.linkedin.com/in/samy-hamdouche-6aa24738/,,
2018_Winter,Lus_Brands,Sahar Saidi,https://www.linkedin.com/in/saharsaidi/,,
2018_Winter,Macromoltek,Macromoltek,https://www.linkedin.com/company/macromoltek-inc/,https://twitter.com/macromoltek,
2018_Winter,Macromoltek,Monica Berrondo,https://www.linkedin.com/in/monicaberrondo,https://twitter.com/monicaberrondo,
2018_Winter,Macromoltek,Susana Kaufmann,https://www.linkedin.com/in/susanakaufmannn,,
2018_Winter,Mayhem,Mayhem,,https://twitter.com/mayhemapp,
2018_Winter,Mayhem,Anhang Zhu,https://linkedin.com/in/anhangzhu,,
2018_Winter,Mayhem,Ivan Zhou,https://www.linkedin.com/in/ivanzhou/,,
2018_Winter,Medumo,Medumo,,https://twitter.com/medumoinc,
2018_Winter,Medumo,Adeel Yang,https://www.linkedin.com/in/adeelyang,https://twitter.com/AdeelYang,
2018_Winter,Medumo,Jacob Cohen,https://www.linkedin.com/in/jacob-cohen-23353bb2/,,
2018_Winter,Meitre,Luis Caviglia,http://uy.linkedin.com/in/luiscaviglia,,
2018_Winter,Meitre,Meitre,https://www.linkedin.com/company/meitre/,,https://github.com/vixur
2018_Winter,Meitre,Juan Caviglia,https://www.linkedin.com/profile/view?id=45967611,https://twitter.com/juancaviglia,
2018_Winter,Memora_Health,Memora Health,https://www.linkedin.com/company/memora-health/,https://twitter.com/memorahealth,https://github.com/Memora-Health
2018_Winter,Memora_Health,Kunaal Naik,https://www.linkedin.com/in/kunaalnaik,,
2018_Winter,Memora_Health,Manav Sevak,https://www.linkedin.com/in/manavsevak,https://twitter.com/mnvsevak,
2018_Winter,Memora_Health,Nisarg Patel,https://www.linkedin.com/in/nisargp,https://x.com/nxpatel,
2018_Winter,Meson,Meson,,https://twitter.com/mesonfi,
2018_Winter,Meson,Xin Sun,https://www.linkedin.com/in/0xsaam/,,
2018_Winter,Meson,Zehao Li,https://www.linkedin.com/in/zehao-li,,
2018_Winter,Mighty_Buildings,Mighty Buildings,https://www.linkedin.com/company/mightybuildings/,https://twitter.com/mightybuildings,
2018_Winter,Mighty_Buildings,Dmitry Starodubtsev,https://www.linkedin.com/in/dimastar/,https://twitter.com/dmitry_star,
2018_Winter,Mind_Emulation_Foundation,Dan Siroker,https://www.linkedin.com/in/dsiroker/,,
2018_Winter,Miru,Rohan Relan,https://www.linkedin.com/in/rohan-relan-05938b41/,,
2018_Winter,Modern_Health,Modern Health,https://www.linkedin.com/company/modern-health/,https://twitter.com/modernhealthco,https://github.com/modernhealth
2018_Winter,Modern_Health,Alyson Watson,https://www.linkedin.com/in/alyson-friedensohn-58317b27/,,
2018_Winter,Mojo,Mojo,https://www.linkedin.com/company/archery-inc,,
2018_Winter,Mojo,Francescu Santoni,https://www.linkedin.com/in/fsantoni/,,
2018_Winter,Mojo,Jean Patry,https://www.linkedin.com/in/jean-patry-41244348/,https://twitter.com/jean_patry,
2018_Winter,Naborly,Dylan Lenz,https://ca.linkedin.com/in/dylanlenz,https://twitter.com/dylanlenz,
2018_Winter,Naborly,Naborly,https://www.linkedin.com/company/naborly,https://twitter.com/naborly,https://github.com/naborly
2018_Winter,Necto,Adam Montgomery,https://www.linkedin.com/in/adam-montgomery-5b214621/,https://twitter.com/montasaurus_rex,
2018_Winter,Necto,Benjamin Huang,https://www.linkedin.com/in/benjaminhuang1/,,
2018_Winter,Nectome,Aurelia Song,https://www.linkedin.com/in/aurellem,,
2018_Winter,Newcraft,Cameron Sadler,https://linkedin.com/in/rulesbycam,,
2018_Winter,Newfront_Insurance,Newfront,https://www.linkedin.com/company/newfront,,https://github.com/newfront-insurance
2018_Winter,Newfront_Insurance,Gordon Wintrob,https://www.linkedin.com/in/gwintrob,https://twitter.com/gwintrob,
2018_Winter,Newfront_Insurance,Spike Lipkin,https://www.linkedin.com/in/spike-lipkin-8173651b/,,
2018_Winter,Nexgent,Terry Kim,https://linkedin.com/in/projectkim,,
2018_Winter,Nexgent,Jacob Hess,https://www.linkedin.com/in/jacobchess,,
2018_Winter,Nutrigene,Nutrigene,,https://twitter.com/mynutrigene,
2018_Winter,Nutrigene,Min FitzGerald,https://www.linkedin.com/in/minfitzgerald,,
2018_Winter,Nuvocargo,Nuvocargo,https://www.linkedin.com/company/nuvocargo,https://twitter.com/nuvocargo,https://github.com/nuvocargo
2018_Winter,Nuvocargo,Deepak Chhugani,https://www.linkedin.com/in/deepakchhugani/,https://twitter.com/dchhugani,
2018_Winter,Observant_Ai,Observant AI,https://www.linkedin.com/company/observantai,https://twitter.com/observantai,
2018_Winter,Observant_Ai,Daniel DeCovnick,https://www.linkedin.com/in/daniel-decovnick-37aa362/,https://twitter.com/icodestuff,
2018_Winter,Observant_Ai,Dave Schukin,https://www.linkedin.com/in/dschukin,https://twitter.com/schukin,
2018_Winter,Observe_Ai,Observe.AI,https://www.linkedin.com/company/observeai,https://twitter.com/observeAI,
2018_Winter,Observe_Ai,Swapnil Jain,https://www.linkedin.com/in/swapniljain849/,,
2018_Winter,Onederful,Alex Yee,https://www.linkedin.com/in/alexyee1/,,
2018_Winter,Onederful,Karen Taylor,https://www.linkedin.com/in/karenyt/,,
2018_Winter,Openland,Openland,,https://twitter.com/OpenlandHQ,
2018_Winter,Openland,Yury Lifshits,http://linkedin.com/in/lifshits,https://twitter.com/yurylifshits,
2018_Winter,Opensea,OpenSea,https://www.linkedin.com/company/opensea-io/,https://twitter.com/opensea,https://github.com/ProjectOpenSea
2018_Winter,Opensea,Devin Finzer,https://www.linkedin.com/in/dfinzer,https://twitter.com/dfinzer,
2018_Winter,Orangewood_Labs,Abhinav Das,http://in.linkedin.com/in/abhinavdas1985,https://twitter.com/Abhindas1,
2018_Winter,Orangewood_Labs,Orangewood Labs,https://www.linkedin.com/company/orangewood-labs/,https://twitter.com/orangewoodlabs,
2018_Winter,Orangewood_Labs,🦾 Orangewood Labs - RoboGPT 🚀,https://www.linkedin.com/in/abhinavdas1985/,https://twitter.com/orangewoodlabs,
2018_Winter,Orangewood_Labs,Aditya Bhatia,https://www.linkedin.com/in/aditya-bhatia-0904b086/,https://twitter.com/orangewoodlabs,
2018_Winter,Osimple,Amanda Chan,https://www.linkedin.com/in/amanda-chan-6427a8120/,,
2018_Winter,Osimple,Mike Miller,https://www.linkedin.com/in/mike-miller-09262979/,,
2018_Winter,Ourmenu,Hamik Mukelyan,https://www.linkedin.com/in/hamik-mukelyan-8127ab7/,,
2018_Winter,Ourmenu,Yogi Seetharaman,https://www.linkedin.com/in/yogesh-seetharaman-738a1344/,,
2018_Winter,Ovipost,Ovipost,https://www.linkedin.com/company/ovipost/,,
2018_Winter,Ovipost,James Ricci,https://www.linkedin.com/in/james-ricci/,,
2018_Winter,Ovipost,Trina Chiasson,https://www.linkedin.com/in/trinac/,,
2018_Winter,Pagedraw,Gabriel Guimaraes,https://www.linkedin.com/in/glguimaraes,,
2018_Winter,Pagedraw,Jared Pochtar,https://www.linkedin.com/in/jared-pochtar-ab9426103/,https://twitter.com/jpochtar,
2018_Winter,Pelago,Pelago,https://www.linkedin.com/company/pelago-health,https://twitter.com/pelagohealth,
2018_Winter,Pelago,Maroof Ahmed,https://www.linkedin.com/in/maroof-ahmed-b5b8b3100/,,
2018_Winter,Pelago,Sarim Siddiqui,https://www.linkedin.com/in/sarim-siddiqui-m-d-64b4b8103/,,
2018_Winter,Pelago,Yusuf Sherwani,https://www.linkedin.com/in/ysherwani/,https://twitter.com/ysherwani,
2018_Winter,Persephone_Biosciences,Persephone Biosciences,https://www.linkedin.com/company/18624497/admin/,,
2018_Winter,Persephone_Biosciences,Stephanie Culler,https://www.linkedin.com/in/stephanie-culler/,,
2018_Winter,Persephone_Biosciences,Stephen Van Dien,https://www.linkedin.com/in/steve-van-dien-48479/,,
2018_Winter,Players_Lounge,Players' Lounge,,https://twitter.com/_playerslounge,https://github.com/players-lounge
2018_Winter,Players_Lounge,Austin Woolridge,https://www.linkedin.com/in/austin-woolridge-64b81730/,https://twitter.com/wooldynasty,
2018_Winter,Players_Lounge,Dan Delaney,https://www.linkedin.com/in/dandelaney8/,,
2018_Winter,Players_Lounge,Zach Dixon,https://www.linkedin.com/in/zachdixon,,
2018_Winter,Plexus,Plexus,https://www.linkedin.com/company/digital-kinematics/about/,,
2018_Winter,Plexus,Charles Duffy,https://www.linkedin.com/in/charles-duffy-6573ba62/,,
2018_Winter,Plexus,Matt Hogbin,https://www.linkedin.com/in/matt-h-774901205/,,
2018_Winter,Point_Api,Point API,,https://www.twitter.com/pointapi,
2018_Winter,Point_Api,Lambert Chu,https://www.linkedin.com/in/lambertchu,https://x.com/LambertChu_,
2018_Winter,Precious,Chris Lau,http://www.linkedin.com/in/chrisclau/en,,
2018_Winter,Precious,Daniel Lau,https://www.linkedin.com/in/danielclau,,
2018_Winter,Promise,Promise,https://www.linkedin.com/company/joinpromise,,
2018_Winter,Promise,Diana Frappier,https://www.linkedin.com/in/diana-frappier-b3304710,,
2018_Winter,Promise,Phaedra Ellis-Lamkins,https://www.linkedin.com/in/phaedra-ellis-lamkins-9b51206/,,
2018_Winter,Proven_Group,Amy Yuan,https://www.linkedin.com/in/amy-zaoshi-yuan-b482707/,,
2018_Winter,Proven_Group,Ming Zhao,https://www.linkedin.com/in/mingszhao/,,
2018_Winter,Psylaris,Psylaris,https://www.linkedin.com/company/psylaris,https://twitter.com/psylaris,
2018_Winter,Psylaris,Christoph Lynen,https://www.linkedin.com/in/christophlynen/,,
2018_Winter,Pulse_2,Pulse,,https://twitter.com/pulseqa,
2018_Winter,Pulse_2,Anand Thaker,https://www.linkedin.com/in/anand-thaker-937b961,,
2018_Winter,Pulse_2,Mayank Mehta,https://www.linkedin.com/in/imayank,,
2018_Winter,Quantstamp,Quantstamp,,https://twitter.com/quantstamp,https://github.com/quantstamp
2018_Winter,Quantstamp,Richard Ma,https://www.linkedin.com/in/rtmtd/,,
2018_Winter,Qulture_Rocks,Qulture.Rocks,,https://twitter.com/qulture_rocks,
2018_Winter,Qulture_Rocks,Francisco Homem de Mello,https://br.linkedin.com/in/franciscoshmello,https://x.com/kiko_himself,
2018_Winter,Replit,Replit,https://www.linkedin.com/company/repl-it,https://twitter.com/replit,https://github.com/replit
2018_Winter,Replit,Amjad Masad,https://www.linkedin.com/in/amjadmasad,,
2018_Winter,Replit,Haya Abdalla,https://www.linkedin.com/in/haya-odeh-b0725928,,
2018_Winter,Reverie_Labs,Connor Duffy,http://www.linkedin.com/in/cvduffy,,
2018_Winter,Reverie_Labs,Reverie Labs,https://www.linkedin.com/company/reverie-labs/,https://twitter.com/reverielabs,https://github.com/reverielabs
2018_Winter,Reverie_Labs,Ankit Gupta,https://www.linkedin.com/in/ankitvgupta/,https://twitter.com/GuptaAnkitV,
2018_Winter,Reverie_Labs,Jonah Kallenbach,https://www.linkedin.com/in/jonah-kallenbach-5a306985/,,
2018_Winter,Rhythmm,Raymond (George) Kennedy,https://www.linkedin.com/in/franzwarning/,https://x.com/franzwarning,
2018_Winter,Rhythmm,Zachary Waleed Saraf,https://www.linkedin.com/in/zachary-saraf-67bb034b/,,
2018_Winter,Runa,Runa,https://www.linkedin.com/company/runahr,https://twitter.com/runahr,
2018_Winter,Runa,Courtney McColgan,https://www.linkedin.com/in/courtney-mccolgan-7976873/,,
2018_Winter,Safetywing,Sarah Sandnes,http://www.linkedin.com/in/sarahbeate/,https://twitter.com/sarahbeyahte,
2018_Winter,Safetywing,SafetyWing,https://www.linkedin.com/company/safetywing/,,https://github.com/safetywing
2018_Winter,Safetywing,Hans Nyvold Kjellby,https://www.linkedin.com/in/hans-nyvold-kjellby-84975162/,,
2018_Winter,Safetywing,Sondre Rasch,https://www.linkedin.com/in/srasch,,
2018_Winter,Sepsis_Scout,Robert Quinn,https://www.linkedin.com/in/biomechrobert/,,
2018_Winter,Sepsis_Scout,Wei-Jien Tan,https://www.linkedin.com/in/wei-jien-tan/,,
2018_Winter,Sharpestminds,SharpestMinds,https://www.linkedin.com/company/sharpestminds/,https://twitter.com/sharpestmindsai,https://github.com/sharpest-minds
2018_Winter,Sharpestminds,Edouard Harris,https://www.linkedin.com/in/edouard-harris/,https://twitter.com/neutronsNeurons,
2018_Winter,Shogun,Finbarr Taylor,https://linkedin.com/in/finbarrtaylor,https://twitter.com/finbarr,
2018_Winter,Shogun,Shogun,https://www.linkedin.com/company/shogun,https://twitter.com/shogun,https://github.com/shogun-toolbox
2018_Winter,Shogun,Nick Raushenbush,https://www.linkedin.com/in/nickraushenbush,https://twitter.com/nickraushenbush,
2018_Winter,Shone,Antoine de Maleprade,https://www.linkedin.com/in/maleprade/,,
2018_Winter,Simetrik,Simetrik,https://www.linkedin.com/company/24790658/admin/,,https://github.com/simetrikinc
2018_Winter,Simetrik,Alejandro Casas,https://www.linkedin.com/in/alejandrocasas/,,
2018_Winter,Simetrik,Santiago Gomez,https://www.linkedin.com/in/santiagomezgg/,,
2018_Winter,Sixfold_Bioscience,Sixfold Bioscience,https://www.linkedin.com/company/sixfoldbioscience/,https://twitter.com/sixfold_bio,
2018_Winter,Sixfold_Bioscience,Anna Perdrix Rosell,https://www.linkedin.com/in/annaperdrix/,,
2018_Winter,Sixfold_Bioscience,George Foot,https://www.linkedin.com/in/george-foot/,,
2018_Winter,Sketchbox,Joe Connolly,https://www.linkedin.com/in/jdconnol/,,
2018_Winter,Sketchbox,Peter Le Bek,https://www.linkedin.com/in/peter-le-bek-9a0353123/,,
2018_Winter,Skip,Skip,,https://twitter.com/skipscooters,
2018_Winter,Skip,Sanjay Dastoor,https://linkedin.com/in/dastoor,,
2018_Winter,Skip,Matt Tran,https://www.linkedin.com/in/matthew-tran-12159a18/,https://twitter.com/aerotran,
2018_Winter,Slite,Christophe Pasquier,http://fr.linkedin.com/pub/christophe-pasquier/56/759/938,https://twitter.com/Christophepas,
2018_Winter,Slite,Slite,https://www.linkedin.com/company/slitehq/,https://twitter.com/sliteHQ,https://github.com/sliteteam
2018_Winter,Snackpass,Snackpass,https://www.linkedin.com/company/snackpass,https://twitter.com/snackpass_,https://github.com/snackpass
2018_Winter,Snackpass,Jamie Marshall,https://www.linkedin.com/in/jamie-marshall-b291a2120/,,
2018_Winter,Sourcify,Sourcify,,https://twitter.com/sourcifyinc,
2018_Winter,Sourcify,Nathan Resnick,https://linkedin.com/in/nathanresnick,https://twitter.com/naterez94,
2018_Winter,Spellbrush,Ruwen Liu,,https://twitter.com/ramblingrhubarb,
2018_Winter,Spellbrush,Haitao Mao,http://linkedin.com/in/haitao-mao-3a083528,,
2018_Winter,Spellbrush,Spellbrush,https://www.linkedin.com/company/18479828,https://twitter.com/nijijourney,https://github.com/sizigi
2018_Winter,Spellbrush,Cory Li,https://www.linkedin.com/in/scoryli,https://twitter.com/cixelyn,
2018_Winter,Sqreen,Sqreen,https://www.linkedin.com/company/sqreen/,https://twitter.com/SqreenIO,
2018_Winter,Sqreen,Jean-Baptiste Aviat,https://www.linkedin.com/in/jbaviat,https://twitter.com/jbaviat,
2018_Winter,Sqreen,Pierre Betouin,https://www.linkedin.com/in/pbetouin/,https://twitter.com/pbetouin,
2018_Winter,Squad,Squad,,https://twitter.com/squad,
2018_Winter,Squad,Ethan Sutin,https://www.linkedin.com/in/ethan-sutin-ba598b6,https://twitter.com/EthanSutin,
2018_Winter,Srtx,SRTX,https://www.linkedin.com/company/sheertex/,https://twitter.com/SheertexLabs,
2018_Winter,Srtx,Katherine Homuth,https://www.linkedin.com/in/katherinehomuth/,,
2018_Winter,Station,Station,,https://twitter.com/stationhq,
2018_Winter,Station,Julien Berthomier,https://www.linkedin.com/in/julienberthomier/,,
2018_Winter,Storyline,Vasili Shynkarenka,https://www.linkedin.com/in/flreln/,https://twitter.com/flreln,
2018_Winter,Storyline,Maksim Abramchuk,https://www.linkedin.com/in/maxim-abramchuck-9945bba0/,,
2018_Winter,Substack,Substack,,https://twitter.com/substackinc,https://github.com/substackinc
2018_Winter,Substack,Hamish McKenzie,http://linkedin.com/in/hamishmckenzie,,
2018_Winter,Substack,Chris Best,https://www.linkedin.com/in/cjgbest/,http://twitter.com/cjgbest,
2018_Winter,Substack,Jairaj Sethi,https://www.linkedin.com/in/jairaj-sethi-3823b525,,
2018_Winter,Super,Michael Rendy Tanuwidjaja,https://id.linkedin.com/in/michael-rendy-3641ab67,,
2018_Winter,Super,Super,https://www.linkedin.com/company/superapp-id/?viewAsMember=true,,
2018_Winter,Super,Steven Wongsoredjo,https://www.linkedin.com/in/stevenwongsoredjo/,,
2018_Winter,Supermedium,Supermedium,https://www.linkedin.com/company/supermedium,https://twitter.com/supermediumvr,https://github.com/supermedium
2018_Winter,Supermedium,Diego Marcos Segura,https://www.linkedin.com/in/diegomarcos/,,
2018_Winter,Swayable,Swayable,https://www.linkedin.com/company/swayable,https://twitter.com/swayable,https://github.com/swayable
2018_Winter,Swayable,James Slezak,https://www.linkedin.com/in/jslezak,http://twitter.com/jslez,
2018_Winter,Swipehouse,Luke Heine,https://www.linkedin.com/in/lukeheine/,https://twitter.com/HeineLuke,
2018_Winter,Tarjimly,Tarjimly,https://www.linkedin.com/company/tarjimly,https://twitter.com/tarjimly,
2018_Winter,Tarjimly,Atif Javed,https://www.linkedin.com/in/atifmjaved/,,
2018_Winter,Tarjimly,Aziz Alghunaim,https://www.linkedin.com/in/azizkag,https://twitter.com/azizkag,
2018_Winter,Tequitable,tEQuitable,https://www.linkedin.com/company/tequitable/,https://twitter.com/t_equitable,
2018_Winter,Tequitable,Lisa Gelobter,https://www.linkedin.com/in/lisagelobter/,https://twitter.com/LisaGelobter,
2018_Winter,Tilt_Fka_Delphia,Andrew Peek,https://linkedin.com/in/drupeek,https://twitter.com/drupeek,
2018_Winter,Tilt_Fka_Delphia,Tilt (f.k.a. Delphia),https://www.linkedin.com/company/ridethetilt,http://twitter.com/ridethetilt,https://github.com/delphia
2018_Winter,Tilt_Fka_Delphia,Cliff van der Linden,https://www.linkedin.com/in/cliffvanderlinden,https://x.com/CliffvdLinden,
2018_Winter,Tingles,Tingles,https://www.linkedin.com/company/tingles-app,https://twitter.com/tinglesapp,
2018_Winter,Tingles,Gasper Kolenc,https://www.linkedin.com/in/gasperkolenc/,,
2018_Winter,Tingles,Miha Mlakar,https://www.linkedin.com/in/mlakarmiha,https://twitter.com/MihaPopsy,
2018_Winter,Tipe,Tipe,,https://twitter.com/TipeIO,
2018_Winter,Tipe,Patrick Stapleton,http://linkedin.com/in/gdi2290,https://twitter.com/PatrickJS__,
2018_Winter,Tipe,Michael Moss,https://www.linkedin.com/in/realmikemoss/,,
2018_Winter,Tipe,Scott Moss,https://www.linkedin.com/in/willscottmoss/,http://twitter.com/scotups,
2018_Winter,Torch,Torch,https://www.linkedin.com/company/torch-labs/,https://twitter.com/torchlabs,
2018_Winter,Torch,Cameron Yarbrough,https://www.linkedin.com/in/cameron-yarbrough-60579948/,https://twitter.com/yarbroughcam,
2018_Winter,Torch,Keegan Walden,https://www.linkedin.com/in/keegan-walden-ph-d-672ab9101/,,
2018_Winter,Tradewind_Bioscience,Tradewind BioScience,,https://twitter.com/tradewindbio,
2018_Winter,Tradewind_Bioscience,Thaddeus Allen,https://www.linkedin.com/in/thaddeus-allen-1a80466/,,
2018_Winter,Treasury_Prime,Treasury Prime,https://www.linkedin.com/company/treasuryprime/,https://twitter.com/treasuryprime,https://github.com/treasuryprime
2018_Winter,Treasury_Prime,Chris Dean,https://www.linkedin.com/in/ctdean/,,
2018_Winter,Tributi,Simón González,http://linkedin.com/in/sim%C3%B3n-gonz%C3%A1lez-78964269,,
2018_Winter,Tributi,Tributi,https://www.linkedin.com/company/tributi,,
2018_Winter,Tributi,Andrés Vélez,https://www.linkedin.com/in/andr%C3%A9s-v%C3%A9lez-8263a443/,https://twitter.com/avelez89,
2018_Winter,Universe,Universe,https://www.linkedin.com/company/universe-,http://twitter.com/onuniverse,
2018_Winter,Universe,Joseph Cohen,https://www.linkedin.com/in/josephmcohen/,,
2018_Winter,Vanta,Christina Cacioppo,http://linkedin.com/in/ccacioppo,https://twitter.com/christinacaci,
2018_Winter,Vanta,Vanta,https://www.linkedin.com/company/vanta-security/,https://twitter.com/trustvanta,https://github.com/VantaInc
2018_Winter,Vathys,Vathys,,https://twitter.com/Vathysdl,
2018_Winter,Vathys,Debabrata Ghosh,https://linkedin.com/in/debabratadebughosh,,
2018_Winter,Vena_Medical,Phillip Cooper,http://www.linkedin.com/in/phillip-cooper-95b06810b,,
2018_Winter,Vena_Medical,Vena Medical,https://www.linkedin.com/company/venamedical,https://twitter.com/vena_medical,
2018_Winter,Vena_Medical,Michael Phillips,https://www.linkedin.com/in/m4philli/,,
2018_Winter,Veriff,Veriff,https://www.linkedin.com/company/veriff/,https://twitter.com/veriff,https://github.com/Veriff
2018_Winter,Veriff,Kaarel Kotkas,https://www.linkedin.com/in/kaarelkotkas/,,
2018_Winter,Viaopt,Mustafa Sakalsiz,https://linkedin.com/in/sakalsiz,https://x.com/sakalsiz,
2018_Winter,Viaopt,Yusuf Umac,https://www.linkedin.com/in/yusufumac/,,
2018_Winter,Voicery,Andrew Gibiansky,https://www.linkedin.com/in/andrew-gibiansky,,
2018_Winter,Volley,James Wilsterman,http://linkedin.com/in/jameswilsterman,https://www.twitter.com/jameswilsterman,
2018_Winter,Volley,Max Child,http://www.linkedin.com/in/mlchild,,
2018_Winter,Volley,Volley,https://www.linkedin.com/company/volley,https://twitter.com/volleygames,
2018_Winter,Worklytics,Worklytics,https://www.linkedin.com/company/9466181/,https://twitter.com/worklytics,https://github.com/Worklytics
2018_Winter,Worklytics,Philip Arkcoll,https://www.linkedin.com/in/philiparkcoll/,http://twitter.com/parkcoll,
2018_Winter,Youteam,YouTeam,https://www.linkedin.com/company/youteam,https://twitter.com/youteamUK,
2018_Winter,Youteam,Yura Riphyak,https://www.linkedin.com/in/riphyak/,https://twitter.com/Chumakway,
2018_Winter,Zbiotics,ZBiotics,https://www.linkedin.com/company/zbiotics,https://twitter.com/zbioticscompany,
2018_Winter,Zbiotics,Stephen Lamb,https://www.linkedin.com/in/stephen-lamb-295a7819/,,
2018_Winter,Zyper,Zyper,,https://twitter.com/zyper_official,
2018_Winter,Zyper,Amber Atherton,https://www.linkedin.com/in/amber-atherton/,https://twitter.com/amberatherton,