id,name,slug,batch,status,one_liner,long_description,website,ycdc_company_url,all_locations,team_size,industry,subindustry,industries,tags,regions,stage,top_company,isHiring,nonprofit,former_names,small_logo_thumb_url,launched_at
1993,Momentus,momentus,Summer 2018,Public,The space infrastructure services company,"Momentus is a space infrastructure services company. As a first mover, Momentus will offer the most basic, foundational services that enable businesses to flourish in space. With their experienced team of aerospace, propulsion, and robotics engineers, Momentus makes and operates cost-effective and energy-efficient in-space transport and service vehicles that utilize water plasma propulsion technology. Momentus has service agreements in place with numerous private satellite companies, government agencies, and research organizations.",https://momentus.space,https://www.ycombinator.com/companies/momentus,"San Francisco, CA, USA; Santa Clara, CA, USA",125,Industrials,Industrials -> Aviation and Space,"Industrials, Aviation and Space","Commercial Space Launch, Solar Power, Space Exploration","United States of America, America / Canada",Growth,True,False,False,"Space Apprentices Enterprise, Momentus Space, MOMENTUS",https://bookface-images.s3.amazonaws.com/small_logos/a9e04d61888abfae102ae9245cd5325c24e4bef5.png,1525748776
1886,Honeylove,honeylove,Summer 2018,Active,Honeylove makes functional undergarments for women,"Honeylove is a DTC startup founded by EDM artist Betsie Larkin. After searching high and low for quality shapewear that made her feel confident on stage, Betsie decided to create her own line of stage-worthy shapewear and launched publicly in 2018. Since then, Honeylove has expanded to tops, bras, and many other garments that have set new standards in their verticals. We apply a technical and artistic approach to problems we see in the fashion industry, creating products that serve our customers of all shapes, sizes, and backgrounds.",https://www.honeylove.com,https://www.ycombinator.com/companies/honeylove,"Los Angeles, CA, USA; San Francisco, CA, USA",100,Consumer,Consumer -> Apparel and Cosmetics,"Consumer, Apparel and Cosmetics",Smart Clothing,"United States of America, America / Canada, Remote, Partly Remote",Growth,True,False,False,HoneyLove,https://bookface-images.s3.amazonaws.com/small_logos/50726ec2a923dcdbc1976fc34ca5ae61e74a8d58.png,1524535497
2037,Kunduz,kunduz,Summer 2018,Active,Kunduz provides instant answers to students' questions and makes…,"Kunduz is making test prep resources 10x faster and cheaper for students who prepare for university entrance tests. With its first mobile platform, Kunduz provides instant answers to students’ test prep questions through its 35,000 tutors. Kunduz currently serves students in Turkey and India. ",https://kunduz.com/,https://www.ycombinator.com/companies/kunduz,"Istanbul, Istanbul, Turkey; Remote",85,Education,Education,Education,"AI-Enhanced Learning, Artificial Intelligence, Education, Marketplace","Turkey, Middle East and North Africa, Remote, Fully Remote",Early,False,False,False,,https://bookface-images.s3.amazonaws.com/small_logos/f4aa5d347be6e7c59289b2b79a76f9271de78f1c.png,1528211129
2034,Aesthetic,aesthetic,Summer 2018,Active,Your AI-powered creative apprentice 🪄,"Trained on your unique style, Aesthetic generates high-quality visuals that match your aesthetic in seconds.",https://www.aesthetic.com,https://www.ycombinator.com/companies/aesthetic,"New York City, NY, USA; New York, NY, USA; Remote",4,B2B,"B2B -> Engineering, Product and Design","B2B, Engineering, Product and Design","Design, AI","United States of America, America / Canada, Remote, Fully Remote",Early,False,False,False,"Plato Design, Aesthetic (formerly Plato Design)",https://bookface-images.s3.amazonaws.com/small_logos/af963059fbdc3975392ff966a4a4103c25893ce8.png,1528157030
2032,OkCredit,okcredit,Summer 2018,Active,Simple and secure bookkeeping for Indian businesses.,"Today, over 50 million SMBs issue informal credit in India, This is a hugely manual process which they spend hours tracking, reconciling, and collecting! 

The 50M SMBs in India account for 40% of the nation’s GDP. As much as 60% of their sales happen on credit. That’s ~24% of the country’s GDP (500B$) lying on paper!

OKCREDIT as a company came into existence to start solving the most important problem of credit recovery in MSMEs. We as first movers developed a bookkeeping app that would help any merchant sitting at the remotest corner of the country with internet connectivity to record his transactions digitally. We helped them track the credit given to their customers and suppliers. With our Okcredit app a merchant can track the amount of credit given, monitor credit limit, send reminders and eventually can collect faster from their customers. So as a company our vision was to bring the data dark merchants onto the digital platform. We have changed the way the MSMEs record the transactions and eased their life today. 

",https://www.okcredit.in,https://www.ycombinator.com/companies/okcredit,"Bengaluru, KA, India",70,Fintech,Fintech -> Payments,"Fintech, Payments","FinOps, Fintech, Payments, Finance, India, SMB","India, South Asia, Remote, Partly Remote",Growth,False,False,False,,https://bookface-images.s3.amazonaws.com/small_logos/319d958d1c1ed34dab6fa69de4c65c566d82fcc8.png,1528153427
2030,Culdesac,culdesac,Summer 2018,Active,"We build cities for people, not cars. ","Culdesac designs, builds, and manages walkable communities. 

Culdesac is a real estate developer and property manager. We build neighborhoods that embrace community, open space, and mobility. We offer residential units at a variety of price points integrated with local retail, commercial uses, and open space for nature and public plazas.

Our communities prioritize biking, walking, and transit over cars and parking. We partner with leading mobility companies to deliver convenient and affordable transportation services. This creates a vibrant urban lifestyle without the need for a private vehicle.

Read more here > https://medium.com/culdesac/introducing-culdesac-3fbfe7c4219c",http://culdesac.com,https://www.ycombinator.com/companies/culdesac,"San Francisco, CA, USA; Tempe, AZ, USA",100,Real Estate and Construction,Real Estate and Construction -> Housing and Real Estate,"Real Estate and Construction, Housing and Real Estate","Real Estate, Housing, Proptech, ClimateTech","United States of America, America / Canada, Remote, Partly Remote",Growth,False,True,False,,https://bookface-images.s3.amazonaws.com/small_logos/496d0ff1f20ae199837eebe1bfef35fa059329d0.png,1575871649
2029,Circumvent,circumvent,Summer 2018,Active,Utilizing monogenic disorders to inform and solve highly complex…,,https://www.circumventpharmaceuticals.com/,https://www.ycombinator.com/companies/circumvent,"Portland, OR, USA",6,Healthcare,Healthcare -> Therapeutics,"Healthcare, Therapeutics","Neurotechnology, Biotech, Genomics","United States of America, America / Canada",Early,False,False,False,Circumvent Pharmaceuticals,https://bookface-images.s3.amazonaws.com/small_logos/b5fd725fe8e2cac76ed87eacf3161d3f37da8f61.png,1527534673
2028,Rejuvenation Technologies Inc.,rejuvenation-technologies-inc,Summer 2018,Active,mRNA therapeutics to extend healthspan entering clinical trials,"Stanford-patented essential drug platform unlocks the healthspan, which is limited by short telomeres. Extends mouse lifespan by equivalent of 10 years in humans. Reverses 5-10 years of telomere shortening with one dose in one day. Preclinical efficacy in 4 organ systems including immune system. Entering clinical stage. CEO is Subject #1 in longevity trial. 50+ granted patents, 7 patent families. FDA INTERACT cleared. Raising $10M seed extension ($2M+ wired) to fund 3 investigator-initiated trials. Readouts in Q3 2027. $6.8B in comparable mRNA-LNP M&A in last 12 months. ",https://www.rejuvenationtech.com/,https://www.ycombinator.com/companies/rejuvenation-technologies-inc,"San Francisco, CA, USA",2,Healthcare,Healthcare -> Therapeutics,"Healthcare, Therapeutics","Anti-Aging, Gene Therapy, Nanomedicine","United States of America, America / Canada, Remote, Partly Remote",Early,False,False,False,"Rejuvenation Technologies Inc., Rejuvenation Technologies",https://bookface-images.s3.amazonaws.com/small_logos/8570f907143e200c57848585eb12a16271d3643f.png,1527534662
2026,iLabService,ilabservice,Summer 2018,Active,"AIoT monitoring, workflow, and evidence systems for regulated labs.","iLabService builds real-time LabOps infrastructure for regulated laboratories.
We help pharma, biotech, CRO/CDMO, testing, and enterprise R&D teams turn lab-floor signals into audit-ready operating evidence. Our platform connects environmental conditions, equipment state, sample risk, inventory movement, people response, workflow ownership, and compliance requirements into one traceable operating record.
Since 2016, iLabService has worked close to real laboratory operations, combining lab management software, AIoT hardware, and Sci-Edge local response infrastructure. Teams use iLabService to monitor critical scenes, respond to risks earlier, reconstruct incidents faster, support QA/EHS/LabOps workflows, and prepare evidence aligned with validation and audit review.
Our focus is simple: monitoring should not stop at alarms. It should become the operating context that helps labs control risk, improve efficiency, defend decisions, and prepare for the AI for Science era.",https://www.ilabservice.ai,https://www.ycombinator.com/companies/ilabservice,"Shanghai, Shanghai, China",50,B2B,B2B -> Productivity,"B2B, Productivity","SaaS, IoT, Productivity, AI Assistant","China, East Asia, Remote, Partly Remote",Growth,False,False,False,Snaprocess LLC,https://bookface-images.s3.amazonaws.com/small_logos/61e5909632a59998a05ddf3639be15ca20ce6478.png,1527534631
2025,LemonBox,lemonbox,Summer 2018,Active,"AI-generated personalized nutrition solutions, built for you daily.","LemonBox is an AI-driven personalized nutrition company. Using generative AI nutrition（AI 生成式定制营养）, LemonBox analyzes each user's dietary habits, health goals, and biometric data to generate a custom daily supplement formula — then produces and delivers it as a personalized day pack via monthly subscription. Founded in Silicon Valley in 2016 and backed by Y Combinator, Bessemer Venture Partners, and Partech Ventures, LemonBox has served over 10 million users globally.",http://www.lemonbox.com/,https://www.ycombinator.com/companies/lemonbox,"San Francisco, CA, USA",20,Healthcare,Healthcare -> Consumer Health and Wellness,"Healthcare, Consumer Health and Wellness","Generative AI, Health Tech, Health & Wellness, AI, China","United States of America, America / Canada",Growth,False,False,False,"LemonBox, LemonBox Health",https://bookface-images.s3.amazonaws.com/small_logos/a8e0f926603810ff5a714566d5b989b02b6c7398.png,1527526952
2024,Enveritas,enveritas,Summer 2018,Active,We verify global supply chains for issues like child slavery and…,,http://www.enveritas.org,https://www.ycombinator.com/companies/enveritas,"New York City, NY, USA; New York, NY, USA",60,Industrials,Industrials -> Agriculture,"Industrials, Agriculture","Sustainability, Supply Chain","United States of America, America / Canada, Remote, Partly Remote",Early,False,False,True,,https://bookface-images.s3.amazonaws.com/small_logos/074ac1d57f3ba2ba147974418b410eb7f31b3067.png,1527105752
2023,SPATE,spate,Summer 2018,Active,Trends prediction for marketers,"Spate is your machine intelligence solution for finding the next big trend in Beauty and Food. For example, we spotted trends such as turmeric, face masks, and cold brew.",https://www.spate.nyc,https://www.ycombinator.com/companies/spate,"New York City, NY, USA; New York, NY, USA; Remote",15,B2B,B2B -> Retail,"B2B, Retail","Machine Learning, AI","United States of America, America / Canada, Remote, Fully Remote",Early,False,False,False,"SPATE, Spate",https://bookface-images.s3.amazonaws.com/small_logos/7577742d36a89182bb27d25c3ad944da530cabbf.png,1527062926
2022,Oxygen,oxygen,Summer 2018,Active,A leading digital bank in the US offering personal and business…,,http://getoxygen.com,https://www.ycombinator.com/companies/oxygen,"San Francisco, CA, USA; Los Angeles, CA, USA; Remote",68,Fintech,Fintech -> Consumer Finance,"Fintech, Consumer Finance","Fintech, Neobank","United States of America, America / Canada, Remote, Fully Remote",Growth,False,True,False,,https://bookface-images.s3.amazonaws.com/small_logos/5ac044a14a32245f624d5efa2cd41127c9f84b1c.png,1527052080
2020,"Mark Cuban Cost Plus Drug Company, PBC",mark-cuban-cost-plus-drug-company-pbc,Summer 2018,Active,Making low cost versions of high cost generic drugs.,,http://www.costplusdrugs.com,https://www.ycombinator.com/companies/mark-cuban-cost-plus-drug-company-pbc,"Dallas, TX, USA",,Healthcare,Healthcare -> Consumer Health and Wellness,"Healthcare, Consumer Health and Wellness",,"United States of America, America / Canada",Early,False,False,False,"Osh's Not-for-Profit Pharmaceuticals, Osh's Affordable Pharmaceuticals",https://bookface-images.s3.amazonaws.com/small_logos/505f4f8a5a34c6839bee7c09bc0df2cc832c41f7.png,1527048484
2018,AnnieCannons,anniecannons,Summer 2018,Active,Connecting Survivors to Careers in Tech,"AnnieCannons' mission is to train, prepare, and connect human trafficking survivors of sustainable careers in tech. Through a trauma-informed coding and workforce development program, AnnieCannons trains survivors to become professional software developers and AI engineers and places them in paid apprenticeships with partner companies through a model that converts at over 80%, with median starting salaries of $75,000 or more. The program is tailored for people who have faced compounded barriers including poverty, housing insecurity, interrupted education, and trauma across multiple systems. ",https://www.anniecannons.com,https://www.ycombinator.com/companies/anniecannons,"New York City, NY, USA; Remote",14,Education,Education,Education,"Assistive Tech, SaaS, Civic Tech","United States of America, America / Canada, Remote, Fully Remote",Early,False,False,True,,https://bookface-images.s3.amazonaws.com/small_logos/324bfa1e5d16ce99b583a7336b9027c846e41503.png,1527048482
2017,Leena AI,leena-ai,Summer 2018,Active,We at Leena AI build a virtual assistant that answers employee's…,"HR/IT/Finance professionals spend 50% of their time answering employees' questions and tickets. It’s even worse on the employee side, they have to wait for a long time for simple answers.

We are live with 500 customers like Coca-Cola, Sony, Puma, Vodafone, Nestle, P&G, Airbnb, etc. We have raised over $40M from top VCs like Bessemer, Greycroft, Elad Gil, etc.

Leena AI consumes company’s enterprise knowledge & starts answering all employee questions just like a human would. It can even answer complex personalized questions like Why is my salary less this month?

Employees can access Leena AI from commonly used UIs like MS Teams or Slack.",https://www.leena.ai,https://www.ycombinator.com/companies/leena-ai,"New York City, NY, USA; New Delhi, DL, India",500,B2B,B2B,B2B,"Artificial Intelligence, Generative AI, Chatbot, Enterprise Software, AI Assistant","United States of America, India, America / Canada, South Asia, Remote, Partly Remote",Growth,False,True,False,,https://bookface-images.s3.amazonaws.com/small_logos/94c28dea71127938b04b08e8639750865f5a274e.png,1527048478
2015,Synkrino Biotherapeutics,synkrino-biotherapeutics,Summer 2018,Active,"Synkrino's AI, SATIS is a powerful, unbiased discovery system for…",,http://www.synkrino.bio,https://www.ycombinator.com/companies/synkrino-biotherapeutics,"San Francisco, CA, USA; Oakland, CA, USA",2,Healthcare,Healthcare -> Drug Discovery and Delivery,"Healthcare, Drug Discovery and Delivery","AI-powered Drug Discovery, Biotech","United States of America, America / Canada",Early,False,False,False,SF17 Therapeutics,https://bookface-images.s3.amazonaws.com/small_logos/075baf0892710c7766a502a96091aa7dc37059b8.png,1526443476
2014,Mutiny,mutiny,Summer 2018,Active,"Your AI agent for creating anything customer-facing, in minutes.","Mutiny is your AI agent for creating anything customer-facing, in minutes. From ABM campaigns to executive business cases to ROI reports, you'll never have to wait on another team to get your deal from cold to closed. Our customers include Figma, Rippling, Uber, Snowflake. We are backed by Sequoia Capital, Tiger Global, Insight Partners, and Y Combinator.",https://www.mutinyhq.com,https://www.ycombinator.com/companies/mutiny,"New York City, NY, USA",20,B2B,B2B -> Sales,"B2B, Sales","Artificial Intelligence, SaaS, B2B","United States of America, America / Canada, Remote, Partly Remote",Early,False,True,False,,https://bookface-images.s3.amazonaws.com/small_logos/bbf89554c6427af53173ae6918c6b17b2d7f50b9.png,1526439893
2012,Cowrywise,cowrywise,Summer 2018,Active,Digitizing wealth management in Africa,"Cowrywise is a FinTech company democratizing access to premium financial services by making these services available to the mass market cheaply. We are leveraging technology and investment management to re-imagine how financial planning, savings and investment products are delivered to people. We do this by helping our customers achieve their savings and investments goals in a simple, secure and affordable manner.",https://cowrywise.com,https://www.ycombinator.com/companies/cowrywise,"Lagos, LA, Nigeria; LA, Nigeria",40,Fintech,Fintech -> Asset Management,"Fintech, Asset Management",Fintech,"Nigeria, Africa, Remote, Partly Remote",Early,False,False,False,CowryWise,https://bookface-images.s3.amazonaws.com/small_logos/1be40958eef551178d608eaecb35f9c6882c4993.png,1526439889
2011,Helicarrier (prev Buycoins),helicarrier-prev-buycoins,Summer 2018,Active,Cryptocurrency infrastructure for Africa.,"Helicarrier (previously Buycoins) is building cryptocurrency infrastructure for Africa. 

Sendcash is an app that lets Africans in the diaspora send money back home. Buycoins is the easiest place to buy, sell, and manage your cryptocurrency portfolio.",https://helicarrier.studio,https://www.ycombinator.com/companies/helicarrier-prev-buycoins,"London, England, United Kingdom; LA, Nigeria",30,Fintech,Fintech -> Banking and Exchange,"Fintech, Banking and Exchange",Crypto / Web3,"United Kingdom, Nigeria, Europe, Africa, Remote, Partly Remote",Early,False,False,False,"Bitkoin Africa, BuyCoins, Buycoins, Helicarrier",https://bookface-images.s3.amazonaws.com/small_logos/43f6ad213b156602e95160d80103b0750e2abdef.png,1526439888
2007,Khatabook,khatabook,Summer 2018,Active,Manage your ledgers and avail Financial Services like Lending on your…,"Replace your traditional ledgers with new digital Khatabook and Avail financial services like Lending for your business. Business owners can use the app to record credit (Jama) and debit (Udhar) transactions for their trusted customers. It is 100% Free, Safe, and Secure for all types of businesses to maintain their customers'​ accounts.
",https://khatabook.com/,https://www.ycombinator.com/companies/khatabook,"Bengaluru, KA, India",350,Fintech,Fintech -> Payments,"Fintech, Payments",Fintech,"India, South Asia",Growth,False,False,False,Kyte,https://bookface-images.s3.amazonaws.com/small_logos/66b2f57ed74a17802ce2f389dc5be76a7d2e0fe0.png,1526436265
2006,BrainHi,brainhi,Summer 2018,Active,Automated receptionist that answers missed calls for local businesses ,"BrainHi is an automated receptionist for local businesses.  Local businesses are in search of new clients and revenue, yet 25% of phone calls to local businesses are missed and 80% of potential clients don’t leave voicemails.

BrainHi uses AI to create an automated receptionist that answers  missed calls 24/7 and chats with clients to schedule appointments and answer admin questions, resulting in more business. Cofounders Emmanuel and Israel started BrainHi after Hurricane Maria made communicating with doctors offices nearly impossible on the island of Puerto Rico.
",https://www.brainhi.com,https://www.ycombinator.com/companies/brainhi,"San Juan, San Juan, Puerto Rico",18,Healthcare,Healthcare -> Healthcare IT,"Healthcare, Healthcare IT","Artificial Intelligence, SaaS","Puerto Rico, Latin America, Remote, Partly Remote",Early,False,False,False,,https://bookface-images.s3.amazonaws.com/small_logos/8d5e51fdf1cb361f6b203c84acf2793b82ca95d5.png,1526436262
2005,Four Growers,four-growers,Summer 2018,Active,Robots that feed the world - robotic harvesting and analytics,"Four Growers was founded to provide healthy, affordable, local produce by reducing the production costs of greenhouse growers through robotics technology. We are positioning ourselves to be the automated solutions provider for greenhouse crop management. We are working closely with various greenhouse growers to develop a tomato harvesting robot. Our technology relies on two layers of protection, patents filed protecting the physical design of the robot and a proprietary algorithm that controls the robot's decision making. Our solution is not only capable of harvesting the tomatoes, but also of performing a quality check and packaging.",https://fourgrowers.com/,https://www.ycombinator.com/companies/four-growers,"Pittsburgh, PA, USA",14,Industrials,Industrials -> Agriculture,"Industrials, Agriculture","Robotics, Analytics, Agriculture","United States of America, America / Canada",Early,False,False,False,,https://bookface-images.s3.amazonaws.com/small_logos/a86e5aae41ca760baa70c54d2b6ae402c4f84280.png,1526346165
2004,SkydropX,skydropx,Summer 2018,Active,Logistic Management System for E-commerce & Retail in Mexico. ,"We automate the shipping process for businesses. Our “AI Dispatch” makes it easier to select, buy/print shipping labels, track, estimate drop-off times and handle returns. We enable 
companies to own the entire experience from shopping cart to delivery.
",http://skydropx.com,https://www.ycombinator.com/companies/skydropx,"Monterrey, N.L., Mexico",320,B2B,B2B -> Supply Chain and Logistics,"B2B, Supply Chain and Logistics","Marketplace, SaaS, Logistics","Mexico, Latin America, Remote, Partly Remote",Growth,False,False,False,"Skydropx, INC, Skydrop",https://bookface-images.s3.amazonaws.com/small_logos/4c86b7bf10246fd23a57801537d0dc70f36504a2.png,1525888951
2003,Eden,eden-2,Summer 2018,Active,Developing AI to unleash diagnostic abundance.,"Developing AI to unleash diagnostic abundance: accurate and timely medical imaging for all of humanity.

Eden is the leading AI-and-cloud-native Diagnostic OS, empowering over 2,600 medical institutions across 18 countries and impacting millions of patients every year.

All, with one purpose: building the best tools to perform medicine at its highest level.

",https://edenmed.com,https://www.ycombinator.com/companies/eden-2,"Mexico City, CDMX, Mexico",55,Healthcare,Healthcare -> Healthcare IT,"Healthcare, Healthcare IT","Digital Health, Healthcare","Mexico, Latin America, Remote, Partly Remote",Growth,False,True,False,"Higia, Inc., Higia, Eva Tech, Eva Center",https://bookface-images.s3.amazonaws.com/small_logos/e9ed624456ba1fbda4567d62416d80343145cd4d.png,1525846177
1998,Nestor,nestor,Summer 2018,Active,Skills-based talent management solutions for a dynamic workforce.,"Nestor is a Skills-based talent management platform that helps HR and managers identify, activate, and strategically deploy skills in their organization to drive peak performance, innovation, and growth.

With a market library of over 20,000 skills enhanced by Nestor’s AI skills suggestions, you gain unprecedented visibility into your people’s capabilities and dynamic mapping of their skills.

Our leading platform combines the tools, insights, and decision-making support you need to understand people's strengths and skill gaps and effectively guide them with personalized upskilling and reskilling initiatives aligned with career goals and company business priorities.

Nestor’s Talent and Opportunity Marketplace helps connect talent with gigs, projects, or new open roles based on AI smart-matching, ensuring people with the right skills are in the right place at the right time.

Using the capabilities of the Nestor platform, HR and business leaders can benefit from:
- Skills Mapping
- Increased Performance
- Upskilling & Reskilling
- Talent Deployment
- Growth & Retention
- Internal Hiring
- Succession Planning
- Workforce Agility
- Optimized learning ROI
- Emerging Skills

Nestor is trusted by HR and people leaders in mid-to-large enterprises, including F500 companies, across the US, Latin America, Europe, and the Middle East.

Nestor is rated the #1st Easiest to Use Skills Management Software on G2.

Request a demo here: https://nestorup.com/demo.",https://nestorup.com,https://www.ycombinator.com/companies/nestor,"San Francisco, CA, USA; Remote",20,B2B,B2B -> Human Resources,"B2B, Human Resources","SaaS, HR Tech","United States of America, America / Canada, Remote, Fully Remote",Early,False,True,False,"Marionette Studio, Emojer (was Marionette Studio), Emojer",https://bookface-images.s3.amazonaws.com/small_logos/cb0b822e6856385d3543855ed728bb5905505e0e.png,1525756011
1995,ZiffyHomes,ziffyhomes,Summer 2018,Active,ZiffyHomes is managed corporate housing for white collar employees in…,"ZiffyHomes is a living solace for young professionals with beautiful living spaces, vibrant community, excellent services and full time support to all our customers. We work towards providing the highest standards of living for young professionals and saving them from woes of house hunt. We wish to provide a space for them where they can flourish. 

Founded by Saurabh Kumar & Sanchal Ranjan where they are fascinated about formation of communities around both living and working spaces in a country like India for the last 15 years of their educational and corporate lifetimes and now fostering India's first physical social network via co-living.

Join us on our journey of excited times ahead.

Visit us at www.ziffyhomes.com or follow our progress on:

Facebook: https://www.facebook.com/ziffyhomes/
Twitter: https://twitter.com/ZiffyHomes
Instagram: https://www.instagram.com/ziffyhomes/",https://www.ziffyhomes.com/,https://www.ycombinator.com/companies/ziffyhomes,"Gurugram, HR, India",57,Real Estate and Construction,Real Estate and Construction -> Housing and Real Estate,"Real Estate and Construction, Housing and Real Estate","Real Estate, India","India, South Asia",Early,False,True,False,,https://bookface-images.s3.amazonaws.com/small_logos/7dd61e2b44bb90e6f9b4169365ff16e3a68009d4.png,1525748782
1994,Bot MD,bot-md,Summer 2018,Active,AI Clinical Assistant for Doctors,Bot MD is an A.I assistant for doctors. Our company's mission is to Empower Doctors around the world. Bot MD can be trained on any type of hospital content to provide instant answers to clinical questions.,https://www.botmd.io,https://www.ycombinator.com/companies/bot-md,"Singapore, Singapore",15,Healthcare,Healthcare -> Healthcare Services,"Healthcare, Healthcare Services",,"Singapore, Southeast Asia, Remote, Partly Remote",Growth,False,True,False,"Doc Bot, Bot, M.D., 5 Health, Bot M.D.",https://bookface-images.s3.amazonaws.com/small_logos/68f1e609dbf04a24cdb56fcd4771c47aa0ce6074.png,1525748781
1992,Fintual,fintual,Summer 2018,Active,Wealth manager,"We allow people to invest.

We manage +USD 2B from +200,000 customers. 

We are regulated in Mexico and Chile.",https://fintual.com,https://www.ycombinator.com/companies/fintual,"Santiago, Santiago Metropolitan Region, Chile",100,Fintech,Fintech -> Consumer Finance,"Fintech, Consumer Finance",Fintech,"Chile, Latin America, Remote, Partly Remote",Growth,False,False,False,"Fintual, Fintual Inc., Fintual, Fintual Inc.",https://bookface-images.s3.amazonaws.com/small_logos/cbf5d38f9bacbb95da30894913569c413307b19d.png,1525745161
1991,Names & Faces,names-and-faces,Summer 2018,Active,"Technology to create fast, visual indexes of people and organizations.","Build a visual index of everyone in your organization that's instantly accessible, fully customizable, and always connected to your data. Help everyone from the CEO to the new joiner get to know who's who, get context for where people fit in and get in touch when they need to.",http://www.namesandfaces.com,https://www.ycombinator.com/companies/names-and-faces,"San Francisco, CA, USA; Palo Alto, CA, USA",20,B2B,B2B -> Human Resources,"B2B, Human Resources",SaaS,"United States of America, America / Canada, Remote, Partly Remote",Early,False,False,False,,https://bookface-images.s3.amazonaws.com/small_logos/cf701830a11ee7b44f7e149accbdf43a20eed525.png,1525745159
1990,TENDERD,tenderd,Summer 2018,Active,AI Platform for Efficient and Sustainable Operations,"TENDERD is an AI and IoT platform that helps companies manage and optimize their physical operations. By connecting and analyzing data from fleets, equipment, and worksites in real time, TENDERD enables organizations to improve safety, productivity, and sustainability while reducing fuel use, emissions, and downtime. Trusted by leading energy, logistics, and infrastructure companies, TENDERD turns operational data into actionable intelligence for smarter, more efficient field operations.",https://www.tenderd.com/,https://www.ycombinator.com/companies/tenderd,"Dubai, United Arab Emirates",60,B2B,B2B,B2B,"Construction, Logistics, Energy, Mining, AI","United Arab Emirates, Middle East and North Africa, Remote, Partly Remote",Growth,False,False,False,Tenderd,https://bookface-images.s3.amazonaws.com/small_logos/2590cf75bbfc536155814f35756a6bb7704b7358.png,1525745157
1989,Calii,calii,Summer 2018,Active,Full-stack grocery delivery in LatAm,"Calii is building the future of grocery shopping in LatAm by delivering ultra-fresh produce and thousands of grocery items in less than two hours– with savings and less waste!

Founded by Stanford engineers, Calii is taking a full-stack, tech-driven approach connecting directly with producers and brands, automating the food supply chain end-to-end, and delivering to users’ doorsteps via a network of micro-fulfillment centers. By cutting middlemen and inefficiencies in the food supply chain, users get ultra-fresh groceries with savings, meanwhile helping the environment by reducing waste by up to 3X.

Even though COVID-19 increased the use of grocery delivery apps, grocery shopping remains largely offline (~95%) and represents a multi-trillion dollar opportunity. Calii is already cracking the $1T groceries market in its path to become the next-gen Amazon in LatAm.",https://calii.com,https://www.ycombinator.com/companies/calii,"Monterrey, N.L., Mexico; N.L., Mexico",750,Consumer,Consumer -> Food and Beverage,"Consumer, Food and Beverage","Grocery, Marketplace, Logistics, Supply Chain","Mexico, Latin America",Growth,False,False,False,"Clinea, Calii, Calii (was Clinea)",https://bookface-images.s3.amazonaws.com/small_logos/fdc1dade5d599753363072ccca1f464b94be4308.png,1525745156
1988,Prodigal,prodigal,Summer 2018,Active,Lending Intelligence Software,"We build AI agents for loan servicing and collections

Prodigal has AI agents for loan servicing and collections. Our AI agents and apps help teams improve margins, run leaner operations, and maximize payments.

We are working towards an Agentic vision for consumer finance wherein our AI agents automate critical roles, enhance operations, and drive revenue. 

Headquartered in Mountain View, California, Prodigal's global team combines deep expertise in financial services, AI research, and product innovation, driving efficiency and transformative results across the consumer finance landscape.",https://prodigaltech.com/,https://www.ycombinator.com/companies/prodigal,"San Francisco, CA, USA",99,Fintech,Fintech -> Credit and Lending,"Fintech, Credit and Lending","Fintech, SaaS, Consumer Finance, AI","United States of America, America / Canada, Remote, Partly Remote",Early,False,True,False,"Prodigal technologies, Prodigal Technologies",https://bookface-images.s3.amazonaws.com/small_logos/e46d97427184f51f49b12df6e51ecf8765104fa0.png,1525745154
1979,Canary Technologies,canary-technologies,Summer 2018,Active,Modernizing the hospitality tech stack. ,"We bring paper based workflows in hospitality online.  Canary's solutions are trusted by hotels worldwide, including Ace Hotel Group, Four Season, Wyndham Hotels, Classic Hotels, and others. We are going to eat all of hospitality software. ",https://www.canarytechnologies.com,https://www.ycombinator.com/companies/canary-technologies,"New York City, NY, USA; San Francisco, CA, USA",150,B2B,B2B -> Operations,"B2B, Operations",SaaS,"United States of America, America / Canada, Remote, Partly Remote",Growth,False,True,False,,https://bookface-images.s3.amazonaws.com/small_logos/c73e5d7e87b17b5d0be130664eecb7362c9ced88.png,1525327684
1978,Papa,papa,Summer 2018,Active,One-stop-shop for flexible family care,"Papa is a one-stop-shop for flexible family care, providing companionship and a helping hand wherever it’s needed. With wide-ranging industry, technology, and transformation experience, we share a vision for a world where no one has to go it alone. And a deep well of gratitude for the Papa People who move this vision forward.


Founded in 2017 and headquartered in Miami, Papa is backed by Canaan, Tiger Global Management, Comcast Ventures, SoftBank Vision Fund 2, TCG, Initialized Capital, and Seven Seven Six, among other revered institutional and individual investors. 


Papa is an equal opportunity employer. We proudly support the ParityPledge® for gender and/or racial parity at the highest levels of business.

",https://www.papa.com,https://www.ycombinator.com/companies/papa,"Miami, FL, USA",500,Healthcare,Healthcare -> Healthcare IT,"Healthcare, Healthcare IT","Consumer Health Services, Digital Health","United States of America, America / Canada, Remote, Partly Remote",Growth,False,False,False,,https://bookface-images.s3.amazonaws.com/small_logos/8b6b5d357c2bb5599f3c6678242b725827948182.png,1525316920
1977,MentalHappy,mentalhappy,Summer 2018,Active,Group-Therapy Platform for Providers and Health Systems,"MentalHappy is a secure and compliant platform that leverages AI and data-driven analytics to enhance the group-based therapy experience and boost client/patient engagement. Our platform streamlines administrative tasks for providers, improves group participant self-management capabilities, automates group participant check-ins, and identifies group members who may be at risk. Additional features on the platform allow providers to schedule and host virtual sessions, engage members in secure chat, and share health resources, and offer support groups ",http://www.MentalHappy.com,https://www.ycombinator.com/companies/mentalhappy,"San Francisco, CA, USA; Remote",7,Healthcare,Healthcare -> Healthcare IT,"Healthcare, Healthcare IT","Mental Health Tech, Consumer Health Services","United States of America, America / Canada, Remote, Fully Remote",Early,False,False,False,"MentalHappy, Cheerbox (Formally MentalHappy), Cheerbox",https://bookface-images.s3.amazonaws.com/small_logos/da247ee06a3c14ecd2ef6e9e67fac5e015f08c68.png,1525316917
1970,Alpha Vantage,alpha-vantage,Summer 2018,Active,Developer-friendly and enterprise-grade APIs for financial market…,"Alpha Vantage provides enterprise-grade financial market data through a set of powerful and developer-friendly data APIs and spreadsheets. Whether you need traditional asset classes (e.g., stocks, ETFs, commodities), economic metrics, foreign exchange rates, cryptocurrencies, fundamental data or even technical indicators, Alpha Vantage is your one-stop shop for global market data delivered through REST APIs.",https://www.alphavantage.co/,https://www.ycombinator.com/companies/alpha-vantage,"Boston, MA, USA",8,Fintech,Fintech -> Banking and Exchange,"Fintech, Banking and Exchange","Developer Tools, SaaS, Analytics, API, AI","United States of America, America / Canada, Remote, Partly Remote",Early,False,True,False,,https://bookface-images.s3.amazonaws.com/small_logos/fccb7b1e6dbde25d668a442439b79122df4f20cd.png,1525316905
1969,BlueCargo,bluecargo,Summer 2018,Active,The automated solution for complex freight transactions.,"BlueCargo is building the automated solution for complex freight transactions. We envision a world where BlueCargo manages all financial transactions between logistics businesses, so they can focus on moving cargo. We help global shippers optimize their supply chain with accurate and automated financial and operational audits, and a tech first user experience.

Our startup was founded by two female entrepreneurs, graduated from Y Combinator (2018 batch), and has raised a 4 million seed round followed by a $11m Series A. The company has two offices located in Los Angeles and New York. We are at the beginning of an exciting growth phase where we have already developed product-market fit, a working platform, and hundreds of daily active users. We are looking for a Senior Software Engineers to grow the team and deliver a product to bring us to the next level.

If working to bring technology to the logistics industry sounds exciting, then we’d like to connect with you! We are looking for a highly experienced professional who has created several full stack web applications and has experience with AWS.",http://www.bluecargo.io/,https://www.ycombinator.com/companies/bluecargo,"Los Angeles, CA, USA",35,B2B,B2B -> Supply Chain and Logistics,"B2B, Supply Chain and Logistics","Logistics, Supply Chain","United States of America, America / Canada, Remote, Partly Remote",Early,False,True,False,,https://bookface-images.s3.amazonaws.com/small_logos/96b73225a7fdc8841c526bb16e3bc4cb32073599.png,1525313283
1967,Mytos,cytera-cellworks,Summer 2018,Active,Robotic human cell manufacturing,"Mytos builds robots for manufacturing human cells. Operators input stem cells, and our platform turns them into specific cells such as neurons and heart cells over multiple weeks.

Last year, patients were cured of Parkinson’s, vision loss, and Type 1 diabetes using stem-cell derived cells. We need 1000x the global capacity to produce these cells, and treat millions of patients. But today these Regenerative Medicines are produced by hand, meaning they’re too expensive and don’t scale.

Mytos has fully automated production of these cells, making it scalable. We have our first manufacturing deal - neurons for treating Parkinson’s - and we’re in conversations with majority of the other top players.",https://www.mytos.bio,https://www.ycombinator.com/companies/cytera-cellworks,"London, England, United Kingdom",26,Healthcare,Healthcare -> Industrial Bio,"Healthcare, Industrial Bio","Hardware, IoT, Biotech, Automation, Biotechnology","United Kingdom, Europe, Remote, Partly Remote",Early,False,True,False,"HackScience, Cytera CellWorks",https://bookface-images.s3.amazonaws.com/small_logos/47b55852a1fff0b5b096b7decf0a07ed6cdb0636.png,1525313281
1965,Pine Park Health,pine-park-health,Summer 2018,Active,We provide primary care in senior living communities.,"We're a primary care practice that helps residents of senior living communities lead healthier, happy lives.

Our mission is to keep senior living residents healthy—by keeping them away from hospitals where exposure to health risks is high. Through our new clinical care delivery model, we bring clinicians right into senior living communities, providing safer, more convenient primary care. Pine Park partners with senior living communities to provide primary care to their residents, building a value-based care model where we keep patients healthier. This allows us to provide comprehensive healthcare on-site, see patients regularly, and better support their holistic health.",http://pineparkhealth.com,https://www.ycombinator.com/companies/pine-park-health,"San Francisco, CA, USA; Oakland, CA, USA",75,Healthcare,Healthcare -> Healthcare Services,"Healthcare, Healthcare Services",Healthcare,"United States of America, America / Canada, Remote, Partly Remote",Growth,False,True,False,Togg,https://bookface-images.s3.amazonaws.com/small_logos/3facf7f7379345c5f8e16d3059db45980ba0aa68.png,1525309681
1964,CB Therapeutics,cb-therapeutics,Summer 2018,Active,Fermentation-derived natural products to solve health problems ,"CB Therapeutics engineers microbes to produce high-value ingredients for medicines, supplements, and other wellness products through sustainable biomanufacturing. 
",http://www.cbthera.com,https://www.ycombinator.com/companies/cb-therapeutics,"San Diego, CA, USA",18,Healthcare,Healthcare -> Industrial Bio,"Healthcare, Industrial Bio","Cellular Agriculture, Biotech","United States of America, America / Canada, Remote, Partly Remote",Early,False,False,False,,https://bookface-images.s3.amazonaws.com/small_logos/95cebc7f272bba7c432325c1ec6e9b828643bcb5.png,1525302481
1961,"DreamCraft Entertainment, Inc.",dreamcraft-entertainment-inc,Summer 2018,Active,Platform that allows anyone to create and monetize video games.,"DreamCraft enables anyone to create, publish, and monetize video games. The company’s core product is a code-free game creation platform, bundled with high quality art assets. DreamCraft is backed by March Capital, Makers Fund, Tencent Corporation, Y Combinator, and other top investors in the gaming space. The company was founded in 2018 and now has a global team of 20+ people with half remote and half based in Silicon Valley.",https://www.dreamcraft.com/,https://www.ycombinator.com/companies/dreamcraft-entertainment-inc,"San Francisco, CA, USA; Redwood City, CA, USA",23,Consumer,Consumer -> Gaming,"Consumer, Gaming","Developer Tools, Entertainment, Gaming","United States of America, America / Canada, Remote, Partly Remote",Growth,False,True,False,"DreamCraft Entertainment, DreamCraft Entertainment, Inc., DreamCraft",https://bookface-images.s3.amazonaws.com/small_logos/e5350e1545dde29c153c2bb23ad5d1fdb3f3bf68.png,1525237578
1960,Ajaib,ajaib,Summer 2018,Active,Consumer fintech for Indonesia,"Ajaib is an online brokerage that allows Indonesians to buy and sell stocks, ETFs and mutual funds. We are Indonesia's leading financial technology platform driven by a mission to educate the importance of investing for the future.

Guided by the three principles; Everyone is an owner, a growth mindset, and a will to win, we aim to increase the number of financial inclusion within Indonesians through investment. Ajaib is committed to opening the door to access safe, trusted and affordable investment instruments. We transformed the way young generations invested when we first established in 2018.

Today, Ajaib is the third-largest brokerage by the number of transactions in Indonesia, with over 1 million investors based on our platform and titled as the fastest-growing unicorn in South East Asia.",https://www.ajaib.co.id/,https://www.ycombinator.com/companies/ajaib,"Jakarta, Jakarta, Indonesia; Remote",300,Fintech,Fintech -> Banking and Exchange,"Fintech, Banking and Exchange","Fintech, Consumer","Indonesia, Southeast Asia, Remote, Fully Remote",Early,False,False,False,,https://bookface-images.s3.amazonaws.com/small_logos/e1bf471cb1ca823b88101b2542b323bf09e743d5.png,1525233992
1959,UBITS,ubits,Summer 2018,Active,Learning Hub for companies in Latam,"We help Spanish-speaking companies create, execute and measure their online learning strategy. We offer more than 5.000 courses across three categories: Soft skills, business, and tech skills. ",http://ubits.com,https://www.ycombinator.com/companies/ubits,"Mexico City, CDMX, Mexico; Santiago, Santiago Metropolitan Region, Chile; Lima, Callao Region, Peru; Panama City, Panama, Panama; Remote",300,B2B,B2B -> Human Resources,"B2B, Human Resources","Education, SaaS, eLearning, B2B","Mexico, Chile, Peru, Panama, Latin America, Remote, Fully Remote",Growth,False,False,False,"Ubits, Ubits",https://bookface-images.s3.amazonaws.com/small_logos/b9a720aa5522e39c139f85f5dc94d1dd97fb3e5b.png,1525233977
1957,Quickchat AI,quickchat-ai,Summer 2018,Active,Conversation Design platform to build Al Assistants tailored to your…,"Quickchat AI empowers companies to build their own Multilingual AI Assistants powered by generative AI models such as GPT. Thanks to our powerful integrations and API they can add the power of conversational AI to any website, product, app, game or smart device. Backed by Y Combinator and other notable investors.",https://quickchat.ai/,https://www.ycombinator.com/companies/quickchat-ai,"Warsaw, Masovian Voivodeship, Poland",7,B2B,B2B -> Productivity,"B2B, Productivity","Artificial Intelligence, Chatbot, Conversational AI","Poland, Europe, Remote, Partly Remote",Early,False,True,False,"Incentivai, Itemsy, Itemsy (was Incentivai), Itemsy, Quickchat",https://bookface-images.s3.amazonaws.com/small_logos/cd166d2e1d19120e911f2639492f073fb0275541.png,1525230404
1953,Duffel,duffel,Summer 2018,Active,The complete toolkit to sell travel.,"Any business - from travel startups to financial enterprises - can build with Duffel. Shop flights and accommodation, purchase extras, manage bookings and more.",https://duffel.com/,https://www.ycombinator.com/companies/duffel,"London, England, United Kingdom",55,Consumer,"Consumer -> Travel, Leisure and Tourism","Consumer, Travel, Leisure and Tourism","Airplanes, B2B, Travel, API, Transportation","United Kingdom, Europe, Remote, Partly Remote",Growth,False,True,False,,https://bookface-images.s3.amazonaws.com/small_logos/7ed3effeac481fb858f8cf67828524e20b606b12.png,1525230394
1950,Corvus Robotics,corvus-robotics,Summer 2018,Active,Autonomous drones to help warehouses scan inventory.,"Our software allows drones to fly indoors and collect analytics, helping warehouses automate inventory tracking.",https://www.corvus-robotics.com,https://www.ycombinator.com/companies/corvus-robotics,"San Francisco, CA, USA",30,Industrials,Industrials -> Drones,"Industrials, Drones","Warehouse Management Tech, Robotics, Drones, Logistics, Supply Chain","United States of America, America / Canada, Remote, Partly Remote",Growth,False,False,False,,https://bookface-images.s3.amazonaws.com/small_logos/a834aa68231adfb62bba1347854fb4089ce584f5.png,1525226777
1946,Easol,easol,Summer 2018,Active,Shopify for experiences ,"Easol is the all-in-one platform for managing your entire experience business, on your terms. Sell directly on your own website with smart booking, payment, and marketing tools that all work together, brilliantly.

We believe that with the right tools, anyone can turn their passion into an empire. So we made them – and brought them together to work in sync, all in one place.

We call it Experience Commerce. It's e-commerce specially designed for selling experiences and especially designed for experience creators.
",http://www.easol.com,https://www.ycombinator.com/companies/easol,"London, England, United Kingdom; Lisbon, Lisbon, Portugal; New York, NY, USA",70,B2B,B2B,B2B,"SaaS, Travel, E-commerce, Creator Economy","United Kingdom, Portugal, United States of America, Europe, America / Canada, Remote, Partly Remote",Growth,False,False,False,Fixers,https://bookface-images.s3.amazonaws.com/small_logos/9ced7b33328e934d0dba3f16b4bd312b431da86b.png,1525147504
1942,Tall Poppy,tall-poppy,Summer 2018,Active,Protecting your employees against online harassment,"Tall Poppy is building tools and services to make personal digital safety accessible to everyone. Founded in 2018, we work both proactively to help prevent harassment from escalating, and also provide expert incident response services when people come under attack.",https://tallpoppy.com,https://www.ycombinator.com/companies/tall-poppy,"Ottawa, ON, Canada",10,B2B,B2B -> Human Resources,"B2B, Human Resources","Security, HR Tech","Canada, America / Canada, Remote, Partly Remote",Early,False,False,False,,https://bookface-images.s3.amazonaws.com/small_logos/dea1b3e7cb043f7da1f6f8f5cf22b81184391a3d.png,1525143912
1941,Pocket Worlds,pocket-worlds,Summer 2018,Active,"Our platform enables creators to build experiences, games, and worlds…","We're the creators of Highrise, now featured in the iOS App Store with 50 million users and rapidly growing. We're building bleeding-edge technology for developers and amateurs to create immersive experiences and worlds inside our virtual universe.

We believe that the future of virtual worlds is bright, and we're excited to be at the forefront of this industry. As we continue to grow and expand our platform, we're looking for talented individuals to join us on this journey of innovation and creativity. If you're passionate about building the platform to power virtual experiences that bring people together and push the boundaries of what's possible, we want you on our team!",https://pocketworlds.com,https://www.ycombinator.com/companies/pocket-worlds,"Austin, TX, USA; Remote",100,Consumer,Consumer -> Social,"Consumer, Social","Gaming, Social","United States of America, America / Canada, Remote, Fully Remote",Growth,False,False,False,"Highrise, #me, Highrise, #ME, Highrise",https://bookface-images.s3.amazonaws.com/small_logos/cb33e87a2697a70c09d13511e8b5a86ca7d0ef84.png,1525143910
1940,Anima App,anima-app,Summer 2018,Active,Anima - Design Agent | AgentGrid.io - Shared drive for humans & agents,"For professional design, product, and R&D teams, Anima offers professional vibe coding.
For agents, AgentGrid.io is a shared workspace for humans and agents to share files and collaborate.

At AnimaApp.com - We offer on-brand Vibe-coding, anyone in the team can build fast without breaking your look and feel. No Figma skills required. Anima generates clean and developer-friendly code. So your prototypes could also be used for handoff.

Three ways to start
- Figma to Code → Instantly generate clean React, HTML, or Vue code from Figma designs.
- Website to Code (Cloning / Remixing) → Import any live website and turn it into editable code.
- Prompt to Design (coming soon) → Generate high-end UI directly from natural language prompts, automatically styled to your brand.

Key features
- Start at AnimaApp.com to bring your design or your website to Anima
- Chat in Anima playground to iterate on your project's code while staying on-brand
- Handoff playground link to engineering
- Or, download code to continue with Clause code ot Cursor
- Or, publish a public link to share with clients or stakeholders",https://www.animaapp.com,https://www.ycombinator.com/companies/anima-app,"Tel Aviv-Yafo, Tel Aviv District, Israel",20,B2B,"B2B -> Engineering, Product and Design","B2B, Engineering, Product and Design","Developer Tools, SaaS, B2B, Design Tools, AI","Israel, Middle East and North Africa, Remote, Partly Remote",Growth,False,False,False,,https://bookface-images.s3.amazonaws.com/small_logos/5ac294c5898028a9f3fcb798baa22860c935493f.png,1525143908
1939,64x Bio,64x-bio,Summer 2018,Active,Enabling next generation medicines. A comprehensive platform and…,"The future of medicine is taking shape, but scaling it remains a challenge. Some of the biggest breakthroughs in next generation therapies are being held back by manufacturing constraints. The science is moving fast, but the infrastructure is still catching up.

Our VectorSelect platform is designed to unlock the scale these therapies need to survive. We combine massively parallelized screens with computational insights to engineer high yield cell lines and production technologies — accelerating the manufacturing of advanced therapies from the inside out. ",http://www.64xbio.com,https://www.ycombinator.com/companies/64x-bio,"San Francisco, CA, USA",25,Healthcare,Healthcare -> Industrial Bio,"Healthcare, Industrial Bio","Gene Therapy, Machine Learning","United States of America, America / Canada",Early,False,False,False,"64-X, 64-x",https://bookface-images.s3.amazonaws.com/small_logos/cfea1f5fda223a069c00cebbc1559d75a397a3f2.png,1609711472
1938,Embeddables,embeddables,Summer 2018,Active,The funnel builder built for health & wellness brands.,"We replace form builders like Typeform and custom code as the way you collect information from users using low code tools. For example you’re a health tech startup and want an onboarding flow but don’t want to use Typeform and don’t have engineering bandwidth. You can use Embeddables to build a totally custom concierge flow and embed it in your app. Then make edits and view analytics, without writing code.",https://embeddables.com,https://www.ycombinator.com/companies/embeddables,"San Francisco, CA, USA; Remote",23,B2B,B2B -> Productivity,"B2B, Productivity","SaaS, B2B","United States of America, America / Canada, Remote, Fully Remote",Early,False,True,False,"Savvy, Embeddables (formerly Savvy)",https://bookface-images.s3.amazonaws.com/small_logos/e2e7cc961daf91fd34139f65969fe6d1eb62c853.png,1525143905
1936,Vimcal,vimcal,Summer 2018,Active,"The world's fastest calendar, beautifully designed for remote teams.",,http://www.vimcal.com,https://www.ycombinator.com/companies/vimcal,"New York City, NY, USA; New York, NY, USA; Remote",9,B2B,B2B -> Productivity,"B2B, Productivity","SaaS, Productivity, Scheduling, Calendar","United States of America, America / Canada, Remote, Fully Remote",Early,False,False,False,"AdSpecter, CloudWorkout, Cloud Workout",https://bookface-images.s3.amazonaws.com/small_logos/b12cac9857ae502090bf009e94dffb302617cdf0.png,1525143899
1935,Meru Health,meru-health,Summer 2018,Active,An online provider for greater mental health,"Meru Health is an online provider for greater mental health with remote clinicians (licensed therapists & psychiatrists), a smartphone-based treatment program, a biofeedback wearable and an anonymous peer-support group. Meru Health is committed to evidence-based care and has published groundbreaking clinical outcomes in several peer-reviewed medical journals with Harvard & UC Davis. Meru Health has offices in San Mateo CA, Denver CO and Helsinki, Finland.",http://www.meruhealth.com,https://www.ycombinator.com/companies/meru-health,"San Francisco, CA, USA; Helsinki, Finland",55,Healthcare,Healthcare -> Consumer Health and Wellness,"Healthcare, Consumer Health and Wellness","Mental Health Tech, Digital Health, Healthcare","United States of America, Finland, America / Canada, Europe, Remote, Partly Remote",Growth,False,True,False,Meru Health Inc.,https://bookface-images.s3.amazonaws.com/small_logos/ff0e4ec05f88c63eda462c8b5d235f5b4a5e19c0.png,1525140296
1934,Paladin,paladin,Summer 2018,Active,We deploy autonomous drones to 911 calls. Our software gives first…,"When a 911 call is received, our drone is autonomously dispatched from a fire station and flies to the scene. It streams a live video feed back to the first responders, providing them with key situational details, such as the size and exact location of a fire. ",http://paladindrones.io,https://www.ycombinator.com/companies/paladin,"Houston, TX, USA",12,Industrials,Industrials -> Drones,"Industrials, Drones","SaaS, Drones, GovTech","United States of America, America / Canada, Remote, Partly Remote",Early,False,False,False,Paladin Drones,https://bookface-images.s3.amazonaws.com/small_logos/8d5942ba09555d929f556c3c20d281485efbde5d.png,1525133083
1933,Clear Gene,clear-gene,Summer 2018,Active,Our tests help eradicate cancer by telling doctors whether they got…,,https://cleargene.com,https://www.ycombinator.com/companies/clear-gene,"San Francisco, CA, USA; San Carlos, CA, USA",4,Healthcare,Healthcare -> Diagnostics,"Healthcare, Diagnostics","Healthcare, Diagnostics, Women's Health, Oncology","United States of America, America / Canada, Remote, Partly Remote",Early,False,False,False,,https://bookface-images.s3.amazonaws.com/small_logos/4c3988b74387b722e9f7364d78e224dbb7a5e2f7.png,1616188654
1931,Hepatx,hepatx,Summer 2018,Active,Replacing organ transplant with an infusion,Our vision is to provide regenerative medicine treatments that free patients from chronic liver disease and help usher in an era where diseased and damaged tissues can be repaired.,http://www.hepatx.com,https://www.ycombinator.com/companies/hepatx,"San Francisco, CA, USA; Palo Alto, CA, USA",4,Healthcare,Healthcare -> Therapeutics,"Healthcare, Therapeutics",Biotech,"United States of America, America / Canada, Remote, Partly Remote",Early,False,False,False,Hepatx Corporation,https://bookface-images.s3.amazonaws.com/small_logos/de67131e3a59da3affe582ccd6f671eb18fb38f2.png,1524801868
1930,The Good Food Institute,the-good-food-institute,Summer 2018,Active,Building a world where alternative proteins are no longer alternative.,"The Good Food Institute is a nonprofit working internationally to accelerate alternative protein innovation.

Globally, meat consumption is the highest it’s ever been. According to the UN, global meat production is projected to double by 2050.

With plant-based meat, cultivated meat, and fermentation, we can mitigate the environmental impact of our food system, decrease the risk of zoonotic disease, and ultimately feed more people with fewer resources. 

By making meat from plants and cultivating meat from cells, we can modernize meat production. ",http://www.gfi.org,https://www.ycombinator.com/companies/the-good-food-institute,"Washington, DC, USA",110,Consumer,Consumer -> Food and Beverage,"Consumer, Food and Beverage","Climate, Plant-based Meat, Cultivated Meat","United States of America, America / Canada, Remote, Partly Remote",Early,False,False,True,The Good Food Institute,https://bookface-images.s3.amazonaws.com/small_logos/329aa63027b5be79e5fb530982ddedf229ee326b.png,1524765800
1929,Rebellyous Foods,rebellyous-foods,Summer 2018,Active,Rebellyous Foods is a food manufacturing technology and production…,"Rebellyous Foods is a food manufacturing technology and production company defined solely to catapult meat alternative production toward price parity with animal-based meat.  Rebellyous implements novel food manufacturing equipment and processes in large-scale production to produce low-cost plant-based meat at high volumes.  These goals are achieved through uniquely designed food products, the use of high-throughput manufacturing automation and ‘smart’ production centers, and the development and utilization of new innovative low-energy manufacturing tools.  Working closely with industry partners, Rebellyous makes plant-based meat sustainable, affordable, and widely available.",https://rebellyous.com/,https://www.ycombinator.com/companies/rebellyous-foods,"Seattle, WA, USA",12,Healthcare,Healthcare -> Industrial Bio,"Healthcare, Industrial Bio","Climate, Plant-based Meat","United States of America, America / Canada, Remote, Partly Remote",Growth,False,False,False,Seattle Food Tech,https://bookface-images.s3.amazonaws.com/small_logos/fa274e976e92095b797b9e82efa82ff1863ea237.png,1524722586
1927,"AskMyClass, now Soundkins",askmyclass-now-soundkins,Summer 2018,Active,Audio learning assistant for teachers and students.,"AskMyClass, is a learning assistant that helps teachers save time and enhance learning, using smart speakers like Alexa, and help students get back-on-task quickly and build life skills through classroom management, social-emotional learning, and lesson support.",https://soundkins.com/,https://www.ycombinator.com/companies/askmyclass-now-soundkins,"San Francisco, CA, USA; Remote",2,Education,Education,Education,"AI-Enhanced Learning, Education","United States of America, America / Canada, Remote, Fully Remote",Early,False,False,False,"Hoogalit, Inc., Hoogalit, AskMyClass",https://bookface-images.s3.amazonaws.com/small_logos/2177907760d08fb491a5c3607a0b5577d2629c98.png,1524715384
1924,Quo (fka OpenPhone),openphone,Summer 2018,Active,The all-in-one business phone for teams.,"OpenPhone is the modern business phone system. It comes with powerful calling, messaging, and a lightweight CRM. Works great for individuals and teams. It allows you to share a phone number with teammates, like an inbox. Available on Mac, Windows, Web, iOS, and Android.",https://www.quo.com,https://www.ycombinator.com/companies/openphone,"San Francisco, CA, USA; Remote",125,B2B,B2B -> Operations,"B2B, Operations",SaaS,"United States of America, America / Canada, Remote, Fully Remote",Growth,False,False,False,OpenPhone,https://bookface-images.s3.amazonaws.com/small_logos/d5da55606d5f202069f25f751e50c9e13902ff3a.png,1524715378
1923,College Pulse,college-pulse,Summer 2018,Active,Research and analytics company focused on college students.,"College Pulse is the leading research and analytics company focused on college students. We have built the largest database of college student opinion with over 700K student panelists from 1500 universities in all 50 states, and we use our student panel to help our clients better understand the college demographic. Our ambition is to become a unique part of the global internet infrastructure - like Google for search, Facebook for social, Amazon for retail, we want it to be Pulse for public opinion.",https://collegepulse.com/,https://www.ycombinator.com/companies/college-pulse,"Frisco, CO, USA; San Francisco, CA, USA; Remote",9,B2B,B2B -> Analytics,"B2B, Analytics","Education, Analytics","United States of America, America / Canada, Remote, Fully Remote",Growth,False,False,False,,https://bookface-images.s3.amazonaws.com/small_logos/1196f6ffc28bd113ad56362e8ea7a54f092556f4.png,1524715377
1922,Apprentice Health,apprentice-health,Summer 2018,Active,We deploy sensors and software that increase hospital efficiency.,"We deploy location beacons to track the movements of patients and doctors, measure the inefficiencies in the doctors’ workflows, and then give the hospitals targeted recommendations on how to improve.",https://www.apprenticehealth.com,https://www.ycombinator.com/companies/apprentice-health,"Boston, MA, USA",6,Healthcare,Healthcare -> Healthcare IT,"Healthcare, Healthcare IT",Healthcare,"United States of America, America / Canada",Early,False,True,False,ClearView MD,https://bookface-images.s3.amazonaws.com/small_logos/2bac8275fdcfe971bb93e76e851a743444aaf613.png,1524715375
1918,JITX,jitx,Summer 2018,Active,Automatic circuit board design.,,http://www.jitx.com,https://www.ycombinator.com/companies/jitx,"San Francisco, CA, USA",18,Industrials,Industrials -> Manufacturing and Robotics,"Industrials, Manufacturing and Robotics","Automation, AI","United States of America, America / Canada, Remote, Partly Remote",Early,False,True,False,,/company/thumb/missing.png,1663689383
1917,Inscribe,inscribe,Summer 2018,Active,"AI Document Fraud Detection for Banks, Credit Unions & Lenders","Inscribe is AI-powered document fraud detection software for banks, credit unions, and lenders. It detects forged, fabricated, and AI-generated financial documents (including deepfake bank statements, manipulated pay stubs, and synthetic tax forms) in seconds, giving risk teams the clarity they need to stop fraud without slowing approvals.

Inscribe created the document fraud detection category and has been purpose-built for financial institutions since 2017. Our agentic AI is trained on millions of real-world applications and strengthened by in-house data scientists and fraud experts. According to Inscribe's 2026 State of Document Fraud Report, 1 in 16 documents show signs of fraud — with AI-generated document fraud growing 5x from April to December 2025.

Customers include BCU ($5.6M in prevented fraud losses), Logix Federal Credit Union ($3M in losses prevented in 8 months), and Ramp (30-minute reduction in application processing). Inscribe is SOC 2 Type II and ISO 27001 certified, and is backed by Threshold Ventures, Uncork Capital, Y Combinator, Crosslink Capital, and Foundry.",https://www.inscribe.ai/,https://www.ycombinator.com/companies/inscribe,"San Francisco, CA, USA",35,B2B,B2B -> Infrastructure,"B2B, Infrastructure","Artificial Intelligence, Fintech, Fraud Detection","United States of America, America / Canada, Remote, Partly Remote",Early,False,True,False,,https://bookface-images.s3.amazonaws.com/small_logos/56ca6c4bee93b67aa430b76fd900b6de1e467c6a.png,1524711773
1916,Data Driven Bioscience,data-driven-bioscience,Summer 2018,Active,"Cancer Diagnosis 10X faster, 10X cheaper",,http://datadrivenbioscience.com,https://www.ycombinator.com/companies/data-driven-bioscience,"Durham, NC, USA",10,Healthcare,Healthcare -> Diagnostics,"Healthcare, Diagnostics","Artificial Intelligence, Biotech, Healthcare","United States of America, America / Canada, Remote, Partly Remote",Early,False,True,False,,/company/thumb/missing.png,1524711770
1914,Titan,titan,Summer 2018,Active,Titan is an award-winning wealth manager with a mission to increase…,"Titan is an award-winning wealth manager with a mission to increase our generation’s compound growth rate. We plan to do this by putting a human wealth advisor in every pocket. Historically, wealth managers have been accessible to only the ultra-wealthy. With Titan, they’re available to everyone. We harness frontier technologies like artificial intelligence to build a platform that gives advisors superpowers, enabling them to serve clients they historically never could. Backed by a16z, General Catalyst, Sam Altman, and many others, we manage over $1 billion in assets for clients across the country.

",http://www.titan.com,https://www.ycombinator.com/companies/titan,"New York City, NY, USA",40,Fintech,Fintech -> Asset Management,"Fintech, Asset Management","Fintech, SaaS","United States of America, America / Canada",Growth,False,True,False,,https://bookface-images.s3.amazonaws.com/small_logos/19f24c2787f58320fe1255e16516516512e17575.png,1524711767
1910,Activeloop,activeloop,Summer 2018,Active,Database for AI,"We provide a simple API for creating, storing, versioning, and collaborating on multi-modal AI datasets of any size. With Activeloop's open-core stack, you can rapidly transform and stream data while training models at scale. Deep Lake powers foundational model training by acting as a vector database with significant benefits, such as (1) the ability to use multi-modal datasets to fine-tune your own LLM models, (2) storing both the embeddings and the original data with automatic version control, so no embedding re-computation is needed (3) truly serverless service with no vendor lock-in. How cool is that?

GitHub loves us - we're one of the fastest-growing libraries there, and we're used by little-known companies like Google, Waymo, and Intel. No big deal. 

Our founding team hails from places like Princeton, Stanford, Google, and Tesla, and we're backed by Y Combinator & other Silicon Valley heavyweights. 

Activeloop is hiring, and we want you! Check out our open roles on our YC page and join the fun.

10-min demo: https://activeloop.wistia.com/medias/aibvo0dst2
Whitepaper: https://www.deeplake.ai/whitepaper",https://activeloop.ai/,https://www.ycombinator.com/companies/activeloop,"San Francisco, CA, USA; Mountain View, CA, USA",15,B2B,B2B -> Infrastructure,"B2B, Infrastructure","Computational Storage, Deep Learning, Generative AI, Computer Vision, Open Source","United States of America, America / Canada, Remote, Partly Remote",Growth,False,True,False,"Snark.ai, Snark AI",https://bookface-images.s3.amazonaws.com/small_logos/c516ed5054847ecb1afb63f795f712b8d5c7f23d.png,1524690140
1908,OpenWrench,openwrench,Summer 2018,Active,We help retailers and restaurant chains manage repairs and…,"We helps retail and restaurant chains big and small deliver great customer experiences, putting money back in their budget and time back in their day.",https://www.useopenwrench.com,https://www.ycombinator.com/companies/openwrench,"San Francisco, CA, USA",,B2B,B2B -> Operations,"B2B, Operations",Enterprise,"United States of America, America / Canada",Early,False,False,False,"Emptor, Emptor.ai, Emptor",https://bookface-images.s3.amazonaws.com/small_logos/5f836a5277913ddee3992bbdddad781155bb8eaf.png,1524629147
1907,RevenueCat,revenuecat,Summer 2018,Active,Build and grow your app business,"RevenueCat removes the headaches of building and scaling in‑app subscriptions. Since graduating from YC’s S18 batch we’ve grown into the default monetization platform for mobile: we’re in >40% of newly shipped subscription apps, we process $12B+ in annual purchase volume, and we help everyone from a solo dev in Brazil to the OpenAI mobile team understand and grow their revenue.",https://www.revenuecat.com/,https://www.ycombinator.com/companies/revenuecat,"San Francisco, CA, USA; Remote",160,B2B,"B2B -> Engineering, Product and Design","B2B, Engineering, Product and Design","Developer Tools, Subscriptions","United States of America, America / Canada, Remote, Fully Remote",Growth,False,True,False,,https://bookface-images.s3.amazonaws.com/small_logos/f8dc20fcc951e007754d6896f9f4c42ee9502a51.png,1524629145
1901,Verse Medical,jetlenses,Summer 2018,Active,Software platform for in-home healthcare,"As healthcare costs have increased, the patient's home has become incredibly important as a site of care. Yet, patients recovering at home are highly underserved.

Patients can only get better at home if they receive the high-quality care that they need reliably. The existing in-home care process involves patchwork of different vendors, all connected through faxes by nurses. We're building modern, robust software that solves this challenge and brings this market online.",http://versemedical.com/,https://www.ycombinator.com/companies/jetlenses,"New York City, NY, USA; New York, NY, USA",200,Healthcare,Healthcare -> Consumer Health and Wellness,"Healthcare, Consumer Health and Wellness","Consumer Health Services, Medical Devices","United States of America, America / Canada, Remote, Partly Remote",Growth,False,True,False,JetLenses,https://bookface-images.s3.amazonaws.com/small_logos/2aff3fe26c747fac4d0b2d1e8d6b67a0b034d6e6.png,1524625564
1899,Dinesafe,dinesafe,Summer 2018,Active,We crowdsource food safety reports & detect and prevent outbreaks.,"We provides tools, data and systems to facilitate real-time insights, decluttering outbreak detection and enhancing risk mitigation. Our surveillance is used by industry, public heath and consumers globally.",https://dinesafe.org,https://www.ycombinator.com/companies/dinesafe,"Austin, TX, USA; New York, NY, USA; Remote",6,Healthcare,Healthcare -> Consumer Health and Wellness,"Healthcare, Consumer Health and Wellness",Crowdsourcing,"United States of America, America / Canada, Remote, Fully Remote",Early,False,False,False,"Iwaspoisoned.com, iwaspoisoned",https://bookface-images.s3.amazonaws.com/small_logos/e5cbc1f0864200da751ce15f6aa12b4753bba138.png,1524621949
1893,Modern Treasury,modern-treasury,Summer 2018,Active,Payment operations tools for money movement.,"Modern Treasury offers tools that automate the full cycle of money movement—from payment initiation, through approvals, to reconciliation—and are accessible through web application or API.",http://www.moderntreasury.com/,https://www.ycombinator.com/companies/modern-treasury,"San Francisco, CA, USA",160,B2B,B2B -> Finance and Accounting,"B2B, Finance and Accounting","Fintech, API","United States of America, America / Canada, Remote, Partly Remote",Growth,False,True,False,Turnkey Treasury,https://bookface-images.s3.amazonaws.com/small_logos/a530f58c560c991cc2b9487c24cfa90465e961d6.png,1524539157
1892,C16 Biosciences,c16-biosciences,Summer 2018,Active,"Next-gen ingredients to decarbonize consumer products, starting w/…","C16 Biosciences is decarbonizing consumer products supply chains by producing next-generation ingredients. The company's biomanufacturing platform produces better performing, more sustainable alternatives to oils and fats, and their first product is an alternative to palm oil. The company owns and operates Palmless™ alternative fats and oils.",https://www.c16bio.com/,https://www.ycombinator.com/companies/c16-biosciences,"New York City, NY, USA; New York, NY, USA",35,Healthcare,Healthcare -> Industrial Bio,"Healthcare, Industrial Bio","Biotech, Sustainability, Climate","United States of America, America / Canada, Remote, Partly Remote",Growth,False,False,False,,https://bookface-images.s3.amazonaws.com/small_logos/0c1ec14e5944503b574c2783312bcb19bad730fc.png,1524539156
1891,Within,within,Summer 2018,Active,Company Brain for people and agents to work in harmony. ,"Within (formerly Klarity) is a Company Brain used by OpenAI, DoorDash, ServiceNow, Salesforce, JLL, McKesson for AI Transformation. Our product maps  how work actually gets done, structure it, and reallocate it between people and agents.

Discover: Employees log into our web app — nothing to install — share their screen, and work as usual. Within maps and anonymizes every task while sending Signals back to highlight what they do well.

Structure: Within agents consolidate activity across the enterprise into a Company Brain: how work gets done, how decisions are made, how approvals flow, how controls are enforced, when work actually happens.

Improve: Against your business objectives, Within finds the right opportunities for agents, builds those agents, and redesigns the people, process, and rituals around them.
",http://within.ai,https://www.ycombinator.com/companies/within,"San Francisco, CA, USA",128,B2B,B2B,B2B,"Artificial Intelligence, Enterprise, AI","United States of America, America / Canada, Remote, Partly Remote",Growth,False,True,False,Klarity,https://bookface-images.s3.amazonaws.com/small_logos/2042332b2acb87efa7d99dd0d67b29d1b1a0c882.png,1524539154
1889,OWNY,owny,Summer 2018,Active,"Manage capital, investors & banking in one place.","Owny provides businesses with a turn-key portal to issue Funds, SAFEs and Notes. Your portal is fully equipped to manage investors, treasury, multi-currency accounts and ability to send and request ACH/Wire payments globally. Optional features include seamless crypto custody and solutions through Coinbase Institutional.",https://www.owny.com,https://www.ycombinator.com/companies/owny,"San Francisco, CA, USA",10,Fintech,Fintech,Fintech,"Artificial Intelligence, Banking as a Service, Fintech, Crypto / Web3","United States of America, America / Canada, Remote, Partly Remote",Early,False,True,False,RealtyBits,https://bookface-images.s3.amazonaws.com/small_logos/4b73cfea31b6ff0a32c8d2664edc429dc8262268.png,1524539152
1884,Curebase,curebase,Summer 2018,Active,"Modern, AI-powered clinical trial software platform.","Curebase is the modern eClinical platform built for flexibility, usability, and full-study oversight. We empower sponsors, CROs, and sites to launch studies faster, deliver better participant experiences, and seamlessly capture data with next-gen, AI-powered ePRO, eConsent, engagement tools, and integrated EDC.",https://www.curebase.ai/,https://www.ycombinator.com/companies/curebase,"Fort Lauderdale, FL, USA; Remote",27,Healthcare,Healthcare -> Healthcare Services,"Healthcare, Healthcare Services",Healthcare,"United States of America, America / Canada, Remote, Fully Remote",Growth,False,False,False,tlemberg,https://bookface-images.s3.amazonaws.com/small_logos/743d6b742bf525fbb43068b05726fc770af763b7.png,1524535493
2033,Kinside,kinside,Summer 2018,Acquired,Powering the $648b Care Economy,"Kinside powers bookings and payments for the $648B care economy. We’ve started with child care, a $136B category that despite being an essential and evergreen service, remains an undigitized space, driven mostly by cash. ",https://www.kinside.com,https://www.ycombinator.com/companies/kinside,"San Francisco, CA, USA; Remote",18,Fintech,Fintech -> Payments,"Fintech, Payments","Fintech, Marketplace","United States of America, America / Canada, Remote, Fully Remote",Growth,False,False,False,,https://bookface-images.s3.amazonaws.com/small_logos/70ca1a8a7c946397f4ff4c2f6fb41d8ea5ebf33e.png,1528157028
2027,Dorian Therapeutics,dorian-therapeutics,Summer 2018,Acquired,New therapeutics to rejuvenate tissue and treat age-related diseases ,,http://www.doriantherapeutics.com,https://www.ycombinator.com/companies/dorian-therapeutics,"San Francisco, CA, USA; San Carlos, CA, USA",8,Healthcare,Healthcare -> Therapeutics,"Healthcare, Therapeutics","Anti-Aging, Biotech, Therapeutics","United States of America, America / Canada",Early,False,False,False,Dorian therapeutics,https://bookface-images.s3.amazonaws.com/small_logos/e2ba869954327a53b835f8f98ae03cf923b67fa1.png,1527534657
2013,Grin,grin,Summer 2018,Acquired,Mobility and payments platform for Latin America,"A micromobility and payments company focused in Latin America with operations in Brazil, Mexico, Colombia, Chile, Uruguay, Argentina  and Peru",http://www.ongrin.com,https://www.ycombinator.com/companies/grin,"Mexico City, CDMX, Mexico",300,Consumer,Consumer -> Transportation Services,"Consumer, Transportation Services","Payments, Latin America, Mobility","Mexico, Latin America",Growth,False,False,False,"Grin, Grow Mobility",https://bookface-images.s3.amazonaws.com/small_logos/545aa7905bce45b76122eec22fc8ce59bb9e0398.png,1526439891
2002,Nova,nova-2,Summer 2018,Acquired,Digital subscriptions that delight investors.,"Nova centralizes digital subscriptions, data room, and ongoing investor communication in a single investor management platform for private funds.",https://novahq.com,https://www.ycombinator.com/companies/nova-2,"Dallas, TX, USA",12,Fintech,Fintech,Fintech,"Fintech, SaaS, B2B","United States of America, America / Canada, Remote, Partly Remote",Growth,False,False,False,"Abacus Protocol, Abacus",https://bookface-images.s3.amazonaws.com/small_logos/a0364689423de527320c7ab191c89691067d7e91.png,1525838958
2001,Shelf Engine,shelf-engine,Summer 2018,Acquired,Transforms how grocery stores buy highly perishable foods.,"Shelf Engine helps businesses increase sales by accurately predicting the perfect amount of perishable goods to order, thus reducing food waste. ",http://www.shelfengine.com,https://www.ycombinator.com/companies/shelf-engine,"Seattle, WA, USA",40,B2B,B2B -> Retail,"B2B, Retail",Machine Learning,"United States of America, America / Canada, Remote, Partly Remote",Growth,False,False,False,,https://bookface-images.s3.amazonaws.com/small_logos/30d8273cf77bf9ee7c72f1c08b3457034ba910b3.png,1525810118
1981,Coral Genomics,coral-genomics,Summer 2018,Acquired,New clinical tests for managing autoimmune treatments.,"Coral integrates molecular, functional, and clinical factors to create new clinical laboratory tests that predict optimal treatments for autoimmune diseases.

We have also identified a unique subpopulation of patients who do not respond to current therapies and are working towards addressing this unmet medical need.",https://www.coralgenomics.com,https://www.ycombinator.com/companies/coral-genomics,"San Francisco, CA, USA",5,Healthcare,Healthcare -> Drug Discovery and Delivery,"Healthcare, Drug Discovery and Delivery",Genomics,"United States of America, America / Canada, Remote, Partly Remote",Early,False,False,False,WeSeq,https://bookface-images.s3.amazonaws.com/small_logos/a6cfcb3e53947ed36f22a2c26c110aeb2434b48f.png,1619016800
1976,HeyDoctor,heydoctor,Summer 2018,Acquired,"HeyDoctor provides online primary care (like refilling birth control,…","Waiting rooms suck. Insurance and the paperwork are worse. We are a team of doctors, developers, lawyers, designers, and more working to try to fix it. Using our app, and soon the website, you can access medical care online right now and be done in 5 minutes. No insurance, video, or phone calls necessary and most visits are under $20. You can chat with your doctor anytime and anywhere.

Our services are currently available in Arizona, California, Connecticut, Florida, Georgia, Illinois, Montana, New York, Ohio, Pennsylvania, Rhode Island, Virginia and Washington, but don't worry the rest of the country coming soon. Here are the medical services we offer so far:

-   Acne Diagnosis, Treatment, and Prevention
-   High Cholesterol (Lipid) Testing and Treatment
-   Start or Refill Birth Control
-   Urinary Tract Infection (UTI) Testing and Treatment
-   Vitamin D Screening and Treatment
-   Pre-Diabetes Screening and Referral
-   Hepatitis C Screening and Referral
-   Female Condom Prescription
-   Help Quitting Smoking
-   Find Out Your Blood Type

We are adding new services every week, so if you don't see what you need let us know. We want HeyDoctor and our partner health systems to be your first stop for healthcare and be your personal medical record.",https://heydoctor.com,https://www.ycombinator.com/companies/heydoctor,"San Francisco, CA, USA",50,Healthcare,Healthcare -> Healthcare IT,"Healthcare, Healthcare IT","Telehealth, Digital Health, Primary Care","United States of America, America / Canada, Remote, Partly Remote",Early,False,False,False,,https://bookface-images.s3.amazonaws.com/small_logos/c51a4292c8ee46fff30d7035682e6a1c5761f58d.png,1525316916
1975,hypcloud,hypcloud,Summer 2018,Acquired,A tech-enabled commercial mortgage broker. hypcloud allows property…,,http://www.hypcloud.com,https://www.ycombinator.com/companies/hypcloud,"Berlin, Berlin, Germany",14,Real Estate and Construction,Real Estate and Construction -> Housing and Real Estate,"Real Estate and Construction, Housing and Real Estate","Fintech, Real Estate","Germany, Europe, Remote, Partly Remote",Early,False,False,False,,https://bookface-images.s3.amazonaws.com/small_logos/11c37762266e19ae06d56d6acbb5644eb70a26fb.png,1525316914
1966,HappiLabs,happilabs,Summer 2018,Acquired,"Virtual Lab Managers for scientists and biotech, research Labs","We're a SaaS company with emphasis on Service, and we have a mission:  to improve the happiness of scientists and the quality of their research. 

HappiLabs provides a service called the Virtual Lab Manager. We offer PhD level, former scientists to help with safety and regulatory, product research, lab shopping, negotiating, purchasing, inventory, and bookkeeping. Our software tools, such as the ETA Dashboard and the HappiApp, make it easy to request purchases, manage inventory, and check-in packages upon delivery. HappiLabs also has one of the most extensive databases of product prices. These tools, and experienced humans, make us the smartest lab managers in the world.

Another way to think of us is an outsourced purchasing department and/or a personal assistant for your scientists.  

Based in Chicago, and some presence in San Francisco.

If you're a newly funded PI, a startup, small biotech, or work with purchasing as a big pharma/biotech, you can use our help.",https://www.happilabs.org/,https://www.ycombinator.com/companies/happilabs,"San Francisco, CA, USA; Chicago, IL, USA",14,Healthcare,Healthcare -> Healthcare Services,"Healthcare, Healthcare Services","Assistive Tech, Smart Home Assistants, Warehouse Management Tech","United States of America, America / Canada, Remote, Partly Remote",Early,False,False,False,,https://bookface-images.s3.amazonaws.com/small_logos/74db772cdb6d5ff36bf91f3c639082d24c50ffd9.png,1525313279
1963,Rain Neuromorphics,rain-neuromorphics,Summer 2018,Acquired,We build artificial intelligence processors inspired by the brain.  ,"At Rain Neuromorphics, we envision a future where every device possesses a dynamic and continuously learning AI brain. Neural Networks are the most powerful engines behind today's AI, but simulations require massive amounts of power and time to learn all of the synaptic connections. As opposed to a simulation, our neuromorphic hardware is a physical artificial neural network, composed of spiking neurons and physical synapses. We combine unique electroceramic materials, nanofabrication techniques, and biologically plausible models of learning to create the Memristive Nanowire Neural Network (MN3), a new type of AI chip. The MN3 can possess over ten million spiking neurons per square centimeter, and uses far less power than conventional GPUs and CPUs.",http://www.rain-neuromorphics.com,https://www.ycombinator.com/companies/rain-neuromorphics,"San Francisco, CA, USA; Redwood City, CA, USA",12,Industrials,Industrials -> Manufacturing and Robotics,"Industrials, Manufacturing and Robotics","Artificial Intelligence, Hardware, Neurotechnology","United States of America, America / Canada, Remote, Partly Remote",Early,False,False,False,,https://bookface-images.s3.amazonaws.com/small_logos/9d8fe573409c782a57a9055002e8b6f07292ece3.png,1525295278
1956,Regology,regology,Summer 2018,Acquired,AI Agents for Regulatory Compliance,"Regology is an AI-powered regulatory intelligence platform that enables compliance, legal, risk, and operations teams to navigate complex regulatory environments across U.S. Federal, all 50 states, and global jurisdictions. At its core, the Smart Law Library™ provides a curated, continuously updated repository of applicable laws and regulations. Three specialized AI agents drive the platform: the Regulatory Change Agent tracks and alerts on jurisdiction-specific developments; the Compliance Agent maps changes to policies, controls, and risks; and the Regulatory Research Agent delivers plain-language summaries, multi-jurisdictional comparisons, and actionable insights—helping teams anticipate change, mitigate risk, and act decisively in fast-evolving regulatory landscapes.",http://regology.com,https://www.ycombinator.com/companies/regology,"San Francisco, CA, USA",60,B2B,B2B -> Legal,"B2B, Legal","Legal, LegalTech, Regtech, AI","United States of America, America / Canada, Remote, Partly Remote",Growth,False,False,False,"Regology, Regology, Inc.",https://bookface-images.s3.amazonaws.com/small_logos/b4e59148374543e5853a9de0a3bbd86ccab2246e.png,1525230401
1955,CSPA,cspa,Summer 2018,Acquired,The Computer Science Proficiency Assessment (CSPA™) is a…,"The Computer Science Proficiency Assessment (CSPA™) is a comprehensive standardized exam for software engineers. The CSPA assesses your technical knowledge, skills, and abilities across a broad array of topics.  We write the CSPA exam questions, software engineers take the test, and we share the results with employers and schools.

MARKETING & SALES:
We actively find software engineers to take our test, whether direct or through partnerships.  On the other side, we actively partner with employers looking to hire.

PRODUCT:
We build the exam content manage system, a proctoring framework, and autograding system, as well as a SaaS employer product to browse the candidate database.
",https://cspa.io,https://www.ycombinator.com/companies/cspa,"San Francisco, CA, USA",6,B2B,B2B -> Recruiting and Talent,"B2B, Recruiting and Talent","Education, Recruiting","United States of America, America / Canada",Early,False,False,False,CSPA,https://bookface-images.s3.amazonaws.com/small_logos/df269d054283def1701cadd70dbd3e84f8ffa32f.png,1525230398
1954,Impactive (formerly Outvote),impactive,Summer 2018,Acquired,Political/civic tech helping progressive campaigns organize & mobilize,"Impactive, backed by YCombinator and Higher Ground Labs, was founded in 2017 as a get-out-the-vote tool for Democrats. The Impactive product has since expanded to become a full-service platform allowing any campaign or cause to engage in distributed organizing.

In the 2018 midterms, volunteers contacted over 1 million voters using Impactive. In 2020, we scaled significantly to meet the demand of this unprecedented election cycle. We’ve worked with over 500 clients nationwide, and volunteers have sent over 100 million text messages on behalf of Planned Parenthood, the DCCC, SEIU, Community Change, When We All Vote, Greenpeace, and campaigns up and down the ballot. Our work has been featured in The New York Times, Washington Post, TechCrunch, Fast Company, and many more.

In 2021, Impactive will expand its platform further into nonprofit, advocacy, and additional markets. This will be an exciting time to play a critical role in helping shape the direction for what’s coming next. We will continue to prioritize our progressive values while building a feature-rich platform that will broaden our reach across the impact space.",https://www.impactive.io/,https://www.ycombinator.com/companies/impactive,"Boston, MA, USA; Remote",15,Government,Government,Government,"Election Tech, Civic Tech, GovTech","United States of America, America / Canada, Remote, Fully Remote",Early,False,False,False,Outvote,https://bookface-images.s3.amazonaws.com/small_logos/371003d912eebeb5c0de1c0b9e2e9ebd9d87ac80.png,1525230396
1951,Berbix,berbix,Summer 2018,Acquired,Convert more verified users. Instantly & accurately validate user IDs.,"Berbix’s mission is to enable all individuals to prove who they are and control how their information gets shared. Founded by the former engineering and product leaders for Trust & Safety at Airbnb, we empower companies to confidently answer the question: “Are you who you say you are?""​ 

This is a question many online platforms need to answer about their users. We solve that problem by offering best-in-class ID verification and proprietary fraud detection technology to our customers, which they can access through developer friendly SDKs. We serve customers in a broad variety of industries, recently raised our Series A led by Mayfield, and are actively growing our all-star team.
",https://www.berbix.com,https://www.ycombinator.com/companies/berbix,"San Francisco, CA, USA",39,B2B,"B2B -> Engineering, Product and Design","B2B, Engineering, Product and Design","SaaS, Identity","United States of America, America / Canada, Remote, Partly Remote",Growth,False,False,False,,https://bookface-images.s3.amazonaws.com/small_logos/338d0bd017de21261fbe5bf2009d4e4e4a4b1ff3.png,1525226778
1949,Scanwell Health,scanwell-health,Summer 2018,Acquired,"Smartphone-enabled, at-home diagnostics","Scanwell Health makes healthcare more accessible through smartphone-enabled, at-home diagnostics. Scanwell's innovative approach lets people test from anywhere, skip the waiting room and get same-day results. By quickly diagnosing acute illnesses, chronic diseases and rare conditions, Scanwell accelerates the path to treatment. Our first product is the only FDA-cleared over-the-counter app that provides testing and treatment for urinary tract infections (UTIs).",https://www.scanwellhealth.com,https://www.ycombinator.com/companies/scanwell-health,"Los Angeles, CA, USA; Remote",13,Healthcare,Healthcare -> Diagnostics,"Healthcare, Diagnostics","Health Tech, Diagnostics","United States of America, America / Canada, Remote, Fully Remote",Growth,False,False,False,,https://bookface-images.s3.amazonaws.com/small_logos/c239150be35c09cf1a917f12c84d7db6f28a85a6.png,1525226775
1947,OneGraph,onegraph,Summer 2018,Acquired,GraphQL API to connect all of the internet's APIs. Join us at Netlify!,"Connect Twitter, GitHub, Stripe, Salesforce, and more through the power of GraphQL. Acquired by Netlify in Q4 2021.",https://www.onegraph.com/,https://www.ycombinator.com/companies/onegraph,"San Francisco, CA, USA",2,B2B,"B2B -> Engineering, Product and Design","B2B, Engineering, Product and Design","API, GraphQL","United States of America, America / Canada",Early,False,False,False,,https://bookface-images.s3.amazonaws.com/small_logos/c737e9605e8441d79e97c3ae6c5b221915e552c9.png,1525205152
1925,Optic,optic,Summer 2018,Acquired,Making APIs Developer-friendly ,"We help developers collaborate at scale and build better APIs. Optic’s open source tools makes it easy for developers to document API changes, review each other’s API changes during code review, and catch breaking changes before they reach production. 

**tl;dr** It’s version control but for behavior not code. We are taking the really successful ideas from Git / Code Review / CI  and applying them to API descriptions and (future) other non-code artifacts. 

Engineers at [Snyk](https://snyk.io/) use Optic daily to make the new Snyk API great. Read their engineering blog: [Snyk's shift left approach to API development | Snyk](https://snyk.io/blog/snyk-api-development-shift-left/)",http://useoptic.com/,https://www.ycombinator.com/companies/optic,"New York City, NY, USA; New York, NY, USA; Remote",5,B2B,"B2B -> Engineering, Product and Design","B2B, Engineering, Product and Design","Developer Tools, Open Source","United States of America, America / Canada, Remote, Fully Remote",Early,False,False,False,,https://bookface-images.s3.amazonaws.com/small_logos/13e79085ad4efb3abef387683d79f4d78e55bb43.png,1524715380
1909,Demeanor.co,demeanor-co,Summer 2018,Acquired,Now part of thentwrk.com,,https://www.demeanor.co,https://www.ycombinator.com/companies/demeanor-co,"Los Angeles, CA, USA",4,Consumer,Consumer -> Social,"Consumer, Social","Media, Advertising","United States of America, America / Canada",Early,False,False,False,Splish,https://bookface-images.s3.amazonaws.com/small_logos/69a52a6127670bd5b12777ee62f92927bd18f31c.png,1524629148
1902,Lowkey,lowkey,Summer 2018,Acquired,"Capture, create, & share gaming moments (Acquired by Niantic!)",Lowkey was acquired on 11/30/2021 :),https://lowkey.gg,https://www.ycombinator.com/companies/lowkey,"San Francisco, CA, USA",10,Consumer,Consumer -> Gaming,"Consumer, Gaming","Gaming, Social","United States of America, America / Canada, Remote, Partly Remote",Early,False,False,False,"Camelot.ai, Lowkey.gg",https://bookface-images.s3.amazonaws.com/small_logos/0f83cc7033e3c711891eb500aeff6dc699be4a9f.png,1524625564
1888,Phiar,phiar,Summer 2018,Acquired,We are developing a revolutionary AI-powered augmented reality…,"At Phiar, we are building the first AI-powered AR navigation driving software solution that runs on a smartphone and in-vehicle displays, utilizing our ultra-lightweight road understanding AI that runs completely at-the-edge, in real-time, all on just a smartphone-level compute.

Our mission is to enhance driving safety, facilitate more intuitive wayfinding, and connect drivers with their surrounding environments.",https://www.phiar.net,https://www.ycombinator.com/companies/phiar,"San Francisco, CA, USA; Redwood City, CA, USA",12,Industrials,Industrials -> Automotive,"Industrials, Automotive","Artificial Intelligence, Machine Learning, Augmented Reality","United States of America, America / Canada, Remote, Partly Remote",Early,False,False,False,Phair,https://bookface-images.s3.amazonaws.com/small_logos/bb16323014c9e8250a467c58cc43f377d1919cf9.png,1524539151
1883,Allotrope Medical,allotrope-medical,Summer 2018,Acquired,Advancing surgical precision through safe electrical stimulation. ,"Allotrope Medical is a Houston-based medical device company founded and run by the surgeon that created the technology.

Our platform stimulation technology gives physicians control over the natural movements of the urinary and digestive systems. This control over smooth muscle tissues allows the surgeon to identify hidden anatomic structures (ureters, sphincters and others), determine tissue health, and even assist in diagnosing disease states. The technology is delivered through the surgeon's existing instruments (which have remained unchanged in over 30 years) giving a completely new capability to the surgeon while maintaining seamless workflow integration.

With an $600M (and growing)  initial market, the technology is future-proof and is readily able to be integrated into the continued advancements in the surgical space.",http://www.allotropemed.com,https://www.ycombinator.com/companies/allotrope-medical,"Houston, TX, USA",2,Healthcare,Healthcare -> Medical Devices,"Healthcare, Medical Devices","Hardware, Robotic Surgery, Medical Devices","United States of America, America / Canada, Remote, Partly Remote",Early,False,False,False,,/company/thumb/missing.png,1524535492
2031,Gerostate Alpha,gerostate-alpha,Summer 2018,Inactive,Developing novel therapeutics for aging and chronic disease,,http://www.gerostatealpha.com,https://www.ycombinator.com/companies/gerostate-alpha,"San Francisco, CA, USA; Novato, CA, USA",6,Healthcare,Healthcare -> Therapeutics,"Healthcare, Therapeutics","Biotech, Therapeutics","United States of America, America / Canada",Early,False,False,False,Gerostate𝝰,/company/thumb/missing.png,1527980791
2021,Perception Biosystems,perception-biosystems,Summer 2018,Inactive,Democratizing gene therapy by reinventing its manufacturing and…,"Perception Biosystems is democratizing gene therapy through lab automation. Our mission is to accelerate the clinical translation of gene therapy by reinventing its manufacturing and development processes.

We're building a robotic lab in the SF Bay Area to translate the large facilities, labor, and regulatory requirements of current gene therapy factories into automated flexible manufacturing systems and code. This enables us to produce gene therapies for use in human clinical trials an order of magnitude faster and cheaper than the current solution – opening up thousands of rare disease targets otherwise thought too rare to pursue.",https://www.perception.bio,https://www.ycombinator.com/companies/perception-biosystems,"San Francisco, CA, USA; Palo Alto, CA, USA",2,Healthcare,Healthcare -> Therapeutics,"Healthcare, Therapeutics","Gene Therapy, Biotech","United States of America, America / Canada",Early,False,False,False,"Reformer Therapeutics, Perception Therapeutics",https://bookface-images.s3.amazonaws.com/small_logos/6725a216e652408a9448418d0067920052e512a2.png,1527048485
2016,dNovo,dnovo,Summer 2018,Inactive,The cure for hair loss.,"At dNovo, we are curing hair loss by creating new hair, de novo. We are doing this with cellular reprogramming technology that we pioneered at Stanford and Harvard. With this technology, we can take any patient derived cell, whether it be blood, skin or fat and reprogram (convert) them into medically relevant cell types. Our first objective is to cure hair loss by using our reprogramming technology to make new hair (patent pending).  This is different from everything currently available on the market because the hair loss industry is focused on maintaining the hair that you already have, but no one is trying to produce NEW hair, de novo.  After hair, we envision using our cellular reprogramming technique to make any cell, any tissue or any organ on demand to replace what is lost as we age.",http://dnovobio.com/,https://www.ycombinator.com/companies/dnovo,"San Francisco, CA, USA; San Jose, CA, USA",4,Healthcare,Healthcare -> Therapeutics,"Healthcare, Therapeutics",Anti-Aging,"United States of America, America / Canada",Early,False,False,False,,https://bookface-images.s3.amazonaws.com/small_logos/22ea7b2ff1e1af9ded028f1c3a9d1ad91f17021f.png,1635867695
2009,Kobo360,kobo360,Summer 2018,Inactive,Africa's leading supply chain technology platform. ,"KOBO360 is powering African Enterprise through technology. The company was founded in 2018 to solve the inefficiencies in Africa’s supply chain, by creating a platform that connects manufacturers and cargo owners with truck operators, to move their goods seamlessly across the continent.

KOBO's key focus is to accelerate economic development and sustainable growth in Africa through a streamlined delivery process of raw materials from ports to the manufacturer, and finished goods from the manufacturer to the last-mile customer.

The company uses data analytics and artificial intelligence to reduce inefficiencies in last-mile delivery, provide transparency and visibility, reduce communication gaps within the entire ecosystem, optimize pick-ups and deliveries, and improve routes in real-time. Our predictive analysis also gives businesses valuable insights and enables them to make informed decisions, thereby enhancing productivity and improving customer experience.

We have a physical presence in 7 African countries; Nigeria, Benin, Ghana, Uganda, Kenya, Côte d'Ivoire, Burkina Faso.",http://www.kobo360.com,https://www.ycombinator.com/companies/kobo360,"Lagos, LA, Nigeria; Kampala, Central Region, Uganda",204,B2B,B2B -> Supply Chain and Logistics,"B2B, Supply Chain and Logistics",Logistics,"Nigeria, Uganda, Africa, Remote, Partly Remote",Growth,False,False,False,100 Kobo Logistics,https://bookface-images.s3.amazonaws.com/small_logos/3747c5c49f2601da338131da70e02c5d928efb09.png,1526436267
2008,Goodly,goodly,Summer 2018,Inactive,Student loan repayment as an employee benefit. ,,https://www.goodlyapp.com/,https://www.ycombinator.com/companies/goodly,"Boston, MA, USA; San Francisco, CA, USA",5,B2B,B2B -> Human Resources,"B2B, Human Resources",Fintech,"United States of America, America / Canada",Early,False,False,False,,https://bookface-images.s3.amazonaws.com/small_logos/473e5b973df006090e0a1b0fc932822a4b62f97f.png,1526436266
1984,The Supplant Company,stem-sugar,Summer 2018,Inactive,A brand-new blend of sugars – made from plant fiber!,"The Supplant Company is defining a new category of food ingredient: sugars from fiber. Supplant™ sugars from fiber is a brand-new blend of sugars found naturally in plant fiber. With Supplant™ sugars from fiber, your favorite treats can look, feel and taste like they’re supposed to. Because it’s made from fiber, Supplant™ sugars from fiber is lower in calories, has a lower glycemic response (compared to glucose), and is prebiotic. It’s made by upcycling agricultural side-streams. For example, in corn (maize), it’s made from the cob, not the kernel. In wheat and rice, it’s made from the straw, not the grain. These fiber-rich parts of crops are hugely abundant and don’t typically make their way into the food system.",https://supplant.com,https://www.ycombinator.com/companies/stem-sugar,"Cambridge, England, United Kingdom; England, United Kingdom",15,Consumer,Consumer -> Food and Beverage,"Consumer, Food and Beverage","Food Tech, Sustainable Agriculture","United Kingdom, Europe",Early,False,False,False,"Cambridge Glycoscience, Stem Sugar, Supplant",https://bookface-images.s3.amazonaws.com/small_logos/18e7a0823393f62971b9785fbd0b3ec56de1b851.png,1525399784
1973,FameGame,famegame,Summer 2018,Inactive,Live and interactive TV shows for mobile - starting with American…,,https://itunes.apple.com/us/app/famegame-become-a-star/id1343049421?mt=8,https://www.ycombinator.com/companies/famegame,,2,Consumer,Consumer -> Social,"Consumer, Social","Entertainment, Live",Unspecified,Early,False,False,False,,/company/thumb/missing.png,1525316910
1972,BHRD,bhrd,Summer 2018,Inactive,"BHRD (""Be Heard"") helps public companies communicate with investors.",,http://bhrdglobal.com,https://www.ycombinator.com/companies/bhrd,"Toronto, ON, Canada",3,B2B,B2B -> Finance and Accounting,"B2B, Finance and Accounting",Investing,"Canada, America / Canada",Early,False,False,False,BHRD (“Be Heard”),https://bookface-images.s3.amazonaws.com/small_logos/df3037e37dd5abf61bfbcf9696b903b8d97809c9.png,1525316908
1958,Purple Plate,purple-plate,Summer 2018,Inactive,We license brands for delivery and pick-up,"We're a food delivery logistics and culinary company that empowers restaurants to tap into the explosive world of food delivery.

We build delivery-native, multi-restaurant virtual kitchens that allow our restaurant partners to expand their delivery footprint to reach new customers. Our fully staffed kitchens handle cooking, delivery, and fulfillment on behalf of restaurant partners so they can focus on what they do best.",http://www.purpleplate.co,https://www.ycombinator.com/companies/purple-plate,"San Francisco, CA, USA",45,Consumer,Consumer -> Food and Beverage,"Consumer, Food and Beverage","Ghost Kitchens, Delivery","United States of America, America / Canada, Remote, Partly Remote",Early,False,False,False,"MAC'D, MAC'D, á la couch, A La Couch",https://bookface-images.s3.amazonaws.com/small_logos/f12f3d76ab6eaa96c5129b2fcfeca62980b539df.png,1525233972
1952,The Buttermilk Company,the-buttermilk-company,Summer 2018,Inactive,"Instant, fresh ethnic food that actually taste homemade. We're…","The Buttermilk Company is a direct-to-consumer business focused on bringing authentic and simple recipes from different cuisines to an American audience. We curate recipes from the local community and create packets filled with real, fresh ingredients and no preservatives. You can make a homemade meal in 5 minutes! We also give back a portion of our sales to the people who gave us the recipes.",http://www.thebuttermilkco.com,https://www.ycombinator.com/companies/the-buttermilk-company,"Seattle, WA, USA",3,Consumer,Consumer -> Food and Beverage,"Consumer, Food and Beverage","Consumer, Food & Beverage","United States of America, America / Canada",Early,False,False,False,,/company/thumb/missing.png,1525230393
1948,Avo,avo-2,Summer 2018,Inactive,Online convenience store for residential and office buildings,"Avo is powering the future of ""building commerce"". We have found a way to embed consumer goods and services in the largest physical point of sale in the world - residential and office buildings. By offering a virtual marketplace solution for residential and commercial buildings as a world class amenity, Avo has unlocked a new channel to deliver everything from groceries to cleaning services to millions of people, while avoiding costly CAC and last mile delivery fees. By consolidating deliveries and services and leveraging the building operators to acquire their tenants as customers, Avo has driven exponential revenue growth in large cities across the US. We are backed by Y Combinator, Kleiner Perkins, Insight Partners, JLL Spark, Box Group and strong angel investors who backed Facebook, WeWork & Uber at an early stage. We currently operate in New York, Chicago, Houston, and Israel. Our rapidly expanding customer list includes Facebook, Apple, Microsoft, Dropbox, MongoDB, Calendly, Cushman&Wakefield, Extell, Related, LeFrak, and 1000+ more locations.",https://www.avonow.com/,https://www.ycombinator.com/companies/avo-2,"Tel Aviv-Yafo, Tel Aviv District, Israel",10,Consumer,Consumer -> Home and Personal,"Consumer, Home and Personal","Grocery, E-commerce","Israel, Middle East and North Africa",Growth,False,False,False,Jul,https://bookface-images.s3.amazonaws.com/small_logos/bee0807cb6febcaa2c22dd16ba6bbaee02ad4e89.png,1660955196
1945,LabelFlow,labelflow,Summer 2018,Inactive,GitHub for visual data,"At LabelFlow, we build GitHub for visual data. Our mission is to facilitate and accelerate the development of AI at scale thanks to top-notch labeling tools and a dataset marketplace.",https://labelflow.ai/,https://www.ycombinator.com/companies/labelflow,"Nantes, Pays de la Loire, France; Remote",6,B2B,"B2B -> Engineering, Product and Design","B2B, Engineering, Product and Design","Computer Vision, Data Engineering, AI","France, Europe, Remote, Fully Remote",Early,False,False,False,Sterblue,https://bookface-images.s3.amazonaws.com/small_logos/799423cdb14bc1fbe4eb1d647eedf74d0a22e8c7.png,1525147499
1943,Ixora,ixora,Summer 2018,Inactive,We create the digital outdoor environment for a movie. ,,http://www.ixora.org,https://www.ycombinator.com/companies/ixora,"San Francisco, CA, USA; Palo Alto, CA, USA",2,Consumer,Consumer -> Virtual and Augmented Reality,"Consumer, Virtual and Augmented Reality","Entertainment, Media","United States of America, America / Canada",Early,False,False,False,ixora,/company/thumb/missing.png,1525147496
1937,Grabb-It,grabb-it,Summer 2018,Inactive,Grabb-It is a location based Dynamic Digital - OOH advertising…,"Social network, email aggregator",https://grabb-it.io,https://www.ycombinator.com/companies/grabb-it,"Milpitas, CA, USA",3,B2B,B2B -> Marketing,"B2B, Marketing","Advertising, Location-based","United States of America, America / Canada",Early,False,False,False,Grabb-It Inc,/company/thumb/missing.png,1525143903
1932,Radix Labs,radix-labs,Summer 2018,Inactive,Operating systems for biology labs,,http://radix.bio,https://www.ycombinator.com/companies/radix-labs,"Boston, MA, USA; Cambridge, MA, USA",7,Healthcare,Healthcare -> Diagnostics,"Healthcare, Diagnostics","IoT, Biotech","United States of America, America / Canada, Remote, Partly Remote",Growth,False,False,False,Phloem biotech,https://bookface-images.s3.amazonaws.com/small_logos/0cac41291118dec8729ffc4b179a57d24f1c93ac.png,1524873814
1928,Spero Foods,spero-foods,Summer 2018,Inactive,dairy reinvented from plants,"Spero is affordable, clean, sustainable plant-based dairy.

With 21 global patent apps and novel process engineering for high throughput low cost plant dairy, Spero recreates staple foods you love, in ways that are good for you and the planet.",https://www.sperofoods.co/,https://www.ycombinator.com/companies/spero-foods,"San Francisco, CA, USA; Oakland, CA, USA",,Healthcare,Healthcare -> Industrial Bio,"Healthcare, Industrial Bio","Consumer, Climate, Food, Food Tech","United States of America, America / Canada",Growth,False,False,False,,https://bookface-images.s3.amazonaws.com/small_logos/00f6e952bebbc75feba7484f32ab6f1010fc2c30.png,1524718984
1926,Medinas Health,medinas-health,Summer 2018,Inactive,Medinas helps hospitals manage their inventory and buy and sell their…,We're a cloud-based asset management and remarketing platform for hospitals.,https://www.medinas.com/,https://www.ycombinator.com/companies/medinas-health,"San Francisco, CA, USA; Remote",15,Healthcare,Healthcare -> Healthcare Services,"Healthcare, Healthcare Services","Medical Devices, Healthcare, Supply Chain","United States of America, America / Canada, Remote, Fully Remote",Early,False,False,False,,https://bookface-images.s3.amazonaws.com/small_logos/08678e1bf47fc014ad5d6837aa4efa17273ae185.png,1524715382
1921,INKHUNTER,inkhunter,Summer 2018,Inactive,Augmented Reality mobile app to try and buy tattoos,,http://inkhunter.tattoo/,https://www.ycombinator.com/companies/inkhunter,"San Francisco, CA, USA",3,Consumer,Consumer -> Virtual and Augmented Reality,"Consumer, Virtual and Augmented Reality","Marketplace, Augmented Reality","United States of America, America / Canada, Remote, Partly Remote",Early,False,False,False,"VIRTMOTION, INKHUNTER, InkHunter, INKHUNTER ",https://bookface-images.s3.amazonaws.com/small_logos/8c2f36a6fd0576c92cc4fe559b63417f375a86a1.png,1524715372
1920,Mylk Guys,mylk-guys,Summer 2018,Inactive,Amazon for Vegans,"We are a national vegan specialty store. Starting with food, we are expanding to other categories like beauty, healthcare, home goods etc. 
We use data to predict which products will succeed (and launch them exclusively) ",http://www.mylkguys.com/,https://www.ycombinator.com/companies/mylk-guys,"San Francisco, CA, USA",6,Consumer,Consumer -> Food and Beverage,"Consumer, Food and Beverage","E-Commerce, Food & Beverage","United States of America, America / Canada",Early,False,False,False,,https://bookface-images.s3.amazonaws.com/small_logos/ba5aba95e2650735ce66141f5a8e408c53f4f7c3.png,1524715369
1915,ShopWith,shopwith,Summer 2018,Inactive,ShopWith is mobile QVC for GenZ.,,https://www.shopwith.co,https://www.ycombinator.com/companies/shopwith,"San Francisco, CA, USA",3,B2B,B2B -> Marketing,"B2B, Marketing",E-Commerce,"United States of America, America / Canada",Early,False,False,False,,https://bookface-images.s3.amazonaws.com/small_logos/5a4ac65ed8679eb439b78227f5f9470cee178bdc.png,1524711770
1912,Inokyo,inokyo,Summer 2018,Inactive,We bring physical stores to the digital age with cashierless checkout.,,https://www.inokyo.com,https://www.ycombinator.com/companies/inokyo,"San Francisco, CA, USA",10,B2B,B2B -> Retail,"B2B, Retail","Cashierless Checkout, Retail Tech","United States of America, America / Canada",Early,False,False,False,,https://bookface-images.s3.amazonaws.com/small_logos/dc7d9010a87027e6273b47d80643278ca2e03619.png,1524708162
1911,Contrast,contrast,Summer 2018,Inactive,Developer Handoff - Reimagined for Storybook,"It's a better way to build frontend. It connects your Stories, Tokens, & Figma components. It lets you inspect designs with confidence and speed. And you can use it in Storybook.",https://mismatch.app/,https://www.ycombinator.com/companies/contrast,"New York City, NY, USA; New York, NY, USA",4,B2B,"B2B -> Engineering, Product and Design","B2B, Engineering, Product and Design",Developer Tools,"United States of America, America / Canada, Remote, Partly Remote",Early,False,False,False,Toybox,https://bookface-images.s3.amazonaws.com/small_logos/508f1978cc2dc172474c547c73cf0b9d8fd91bb0.png,1524708159
1905,Xkit,xkit,Summer 2018,Inactive,Universal CRM integration for B2B SaaS apps,"Xkit helps B2B SaaS app developers to deliver deep integrations to all of their customers' CRMs with a single build. From allowing your users to interact with your app from inside the CRM to interacting with existing data including custom fields, objects, and workflows, Xkit gives you a standard API that works for every customer's setup, no matter how customized.",https://xkit.co,https://www.ycombinator.com/companies/xkit,"San Francisco, CA, USA; Remote",6,B2B,"B2B -> Engineering, Product and Design","B2B, Engineering, Product and Design","Developer Tools, Sales, API","United States of America, America / Canada, Remote, Fully Remote",Early,False,False,False,"Kinesis, SparkSwap, Sparkswap",https://bookface-images.s3.amazonaws.com/small_logos/5984eb88950299a63c1af0ce81d0d5c22f263fe0.png,1524625569
1904,FREY,frey,Summer 2018,Inactive,FREY is a line of exceptional laundry and clothing care products.…,"FREY is a line premium clothing care products meticulously designed to smell better, treat clothing better, and generally be better: for the user, for others, for the planet. FREY was is revolutionizing a long-standing industry. We are bringing clothing care and household products into the 21st century, breaking down outdated gender stereotypes, bringing fashion into a realm that has not experienced it before, and making a philanthropic impact all the while.

FREY products use formulations that are safer for the environment, and has created a Wash for Wash program, where for every bottle purchased, the clothing of someone in need, from the homeless to low-income families, is washed, as part of our philanthropy-focused mission.",https://frey.com,https://www.ycombinator.com/companies/frey,"CA, USA",3,Consumer,Consumer -> Apparel and Cosmetics,"Consumer, Apparel and Cosmetics","Sustainability, Consumer Products","United States of America, America / Canada",Early,False,False,False,,https://bookface-images.s3.amazonaws.com/small_logos/0eadacbc7552902aff7514591899ed4a238c068b.png,1524625567
1903,Federacy,federacy,Summer 2018,Inactive,Penetration testing and bug bounty platform.,Penetration testing and bug bounty platform.,http://www.federacy.com,https://www.ycombinator.com/companies/federacy,"San Francisco, CA, USA; Remote",2,B2B,"B2B -> Engineering, Product and Design","B2B, Engineering, Product and Design",Security,"United States of America, America / Canada, Remote, Fully Remote",Early,False,False,False,,https://bookface-images.s3.amazonaws.com/small_logos/92f7e4043272afb2d32ff9d60730c4894c817ea3.png,1524625566
1900,Satchel,satchel,Summer 2018,Inactive,,,https://satchel.com/,https://www.ycombinator.com/companies/satchel,"San Francisco, CA, USA",8,Fintech,Fintech -> Payments,"Fintech, Payments",,"United States of America, America / Canada",Early,False,False,False,Send Reality,https://bookface-images.s3.amazonaws.com/small_logos/804e5d168311f12d90d32904b63bf345c1856c27.png,1524625562
1897,"numericcal, inc.",numericcal-inc,Summer 2018,Inactive,Distributed AI for Industrial Process Monitoring and Optimization.,"Turn-key solutions for anomaly detection, asset detection and tracking, and workforce management in automotive and manufacturing operations. We leverage modern Machine Learning to work with unstructured sensory data, like video and audio. By distributing the solution across the edge (on-premises) and multiple clouds (Azure + AWS/GCP) we lower the operating costs by 100x, while processing 1,000x more data than any cloud-based solution and provide better reliability and safety.",http://numericcal.com/,https://www.ycombinator.com/companies/numericcal-inc,"San Francisco, CA, USA",3,B2B,"B2B -> Engineering, Product and Design","B2B, Engineering, Product and Design","Artificial Intelligence, Industrial","United States of America, America / Canada",Early,False,False,False,"numericcal, Numericcal",https://bookface-images.s3.amazonaws.com/small_logos/ccfbd600952a8de3c7c0c9a881996760a17d89c4.png,1524621946
1896,Passenger AI,passenger-ai,Summer 2018,Inactive,Software for robotaxi operations.,Software for robotaxi operations.,http://www.passenger.ai,https://www.ycombinator.com/companies/passenger-ai,"Toronto, ON, Canada",5,Industrials,Industrials -> Automotive,"Industrials, Automotive",Mobility,"Canada, America / Canada",Early,False,False,False,,/company/thumb/missing.png,1524542730
1894,ExceptionALLY,exceptionally,Summer 2018,Inactive,Affordable expertise for special needs parenting.,,https://growexceptionally.com/,https://www.ycombinator.com/companies/exceptionally,"Atlanta, GA, USA",3,Education,Education,Education,,"United States of America, America / Canada",Early,False,False,False,,/company/thumb/missing.png,1524539158
1890,User Hero,user-hero,Summer 2018,Inactive,A hub for all your user research.,"User Hero collects all your user research in one place. Organize studies, transcribe interviews, take notes collaboratively, tag and search observations, and more. We automatically generate reports and rainbow charts so your team can learn and build faster.",https://www.userhero.io,https://www.ycombinator.com/companies/user-hero,"San Francisco, CA, USA; Remote",3,B2B,"B2B -> Engineering, Product and Design","B2B, Engineering, Product and Design","SaaS, B2B, Design Tools","United States of America, America / Canada, Remote, Fully Remote",Early,False,False,False,Public Recreation,https://bookface-images.s3.amazonaws.com/small_logos/1b781e87c10a59af660e4577dc230251e8092559.png,1524539153
1885,Penta Medical,penta-medical,Summer 2018,Inactive,"Smart hardware for injury recovery. 

","At Penta Medical we are dedicated to providing an innovative solution to injury management. We work with the top athletic teams and doctors to help them reduce injury rates and improve healing times. While working with our team you will have access to up to date information on all of your athletes, preventative statistics benchmarked across the field, and customized treatments.",http://pentavo.com,https://www.ycombinator.com/companies/penta-medical,"Waterloo, ON, Canada",5,Healthcare,Healthcare -> Consumer Health and Wellness,"Healthcare, Consumer Health and Wellness","Hardware, Medical Devices","Canada, America / Canada",Early,False,False,False,,/company/thumb/missing.png,1524535495
1873,Warpdrive by Synthetic Minds,synthetic-minds,Summer 2018,Inactive,From screen recordings to desktop automations using program synthesis,"What if you could turn your screen recording into an unattended automation, or on-screen guides for your coworkers? That is exactly what we allow you to do. We take the recording, run a compiler to analyze it, synthesize a program from that analysis, and create an automation or guide within seconds.",http://warpdrive.co,https://www.ycombinator.com/companies/synthetic-minds,"San Francisco, CA, USA; Remote",7,B2B,B2B -> Productivity,"B2B, Productivity","Hard Tech, Robotic Process Automation","United States of America, America / Canada, Remote, Fully Remote",Early,False,False,False,"XXV Inc., Synthetic Minds",https://bookface-images.s3.amazonaws.com/small_logos/a8bc972f9200404d5b7bdf30cf4fd37ff60f4653.png,1513364572
