id,name,slug,batch,status,one_liner,long_description,website,ycdc_company_url,all_locations,team_size,industry,subindustry,industries,tags,regions,stage,top_company,isHiring,nonprofit,former_names,small_logo_thumb_url,launched_at
1839,Groww,groww,Winter 2018,Public,"Making financial services simple, transparent and delightful. ","Groww aims to empower people in India by making financial services simple, transparent and delightful. By leveraging technology, we build reliable and accessible financial services. 

Groww is India's largest stock broker (in terms of active NSE clients) and the largest distributor of mutual fund SIPs. 
",https://groww.in,https://www.ycombinator.com/companies/groww,"Bengaluru, KA, India",1050,Fintech,Fintech -> Asset Management,"Fintech, Asset Management","India, Investing","India, South Asia",Growth,True,True,False,,https://bookface-images.s3.amazonaws.com/small_logos/0ae62cb1672e8223d9b0ae2e5b7ecde4ae763c5e.png,1510200189
1793,Sqreen,sqreen,Winter 2018,Acquired,Sqreen is the application security platform for the modern enterprise,"Sqreen is the application security platform for the modern enterprise. More than 800 organizations trust Sqreen to protect, observe and test their applications, APIs and microservices. As opposed to pattern-based approaches, Sqreen analyses in-app execution in real time to deliver more robust security without compromising performance.",https://www.sqreen.com/,https://www.ycombinator.com/companies/sqreen,"San Francisco, CA, USA",120,B2B,B2B -> Security,"B2B, Security","DevSecOps, B2B, Security","United States of America, America / Canada, Remote, Partly Remote",Growth,True,False,False,,https://bookface-images.s3.amazonaws.com/small_logos/9d891f44fe59b3c6d5bbb6ce15c0d60af544b9b8.png,1510027359
1743,Bear Flag Robotics,bear-flag-robotics,Winter 2018,Acquired,Autonomous driving technology for farm tractors.,"Bear Flag Robotics is developing autonomous driving technology for farm tractors. By equipping tractors and implements with technology, Bear Flag allows growers to automate and optimize many of their most common tasks. This addresses the farm labor shortage while removing workers from hazardous conditions. Additionally, Bear Flag provides growers with analytics that help them garner actionable insights about their crops and operations.",http://bearflagrobotics.com/,https://www.ycombinator.com/companies/bear-flag-robotics,"New York City, NY, USA; Newark, CA, USA",10,Industrials,Industrials -> Agriculture,"Industrials, Agriculture","Robotics, Agriculture","United States of America, America / Canada, Remote, Partly Remote",Early,True,False,False,,https://bookface-images.s3.amazonaws.com/small_logos/f6c760103131e6cfdd881aff2d03fe079d21ff37.png,1509562892
1654,Newfront,newfront-insurance,Winter 2018,Acquired,Modern insurance brokerage.,"Newfront is building the modern insurance brokerage. Transparent data delivered real-time translates into a lower total cost of risk and greater insights. We work with 20% of US unicorns, 100s of YC startups, and 150+ public companies on their Business Insurance and Total Rewards.

Headquartered in San Francisco, Newfront has more than 800 colleagues and offices throughout the US. ",https://www.newfront.com/,https://www.ycombinator.com/companies/newfront-insurance,"San Francisco, CA, USA",800,Fintech,Fintech -> Insurance,"Fintech, Insurance","Fintech, Insurance","United States of America, America / Canada, Remote, Partly Remote",Growth,True,False,False,"Abe, Newfront Insurance (FKA Abe), Newfront Insurance (was Abe)",https://bookface-images.s3.amazonaws.com/small_logos/6d7ef9c80d04b0eeccadce07af72fa59e617fb84.png,1493701824
1882,Snackpass,snackpass,Winter 2018,Active,Order ahead at restaurants and get rewards with friends.,"Skip the line, collect points and send gifts to friends 🎁
Snackpass is an app that makes ordering food more convenient, affordable and social.",https://snackpass.co,https://www.ycombinator.com/companies/snackpass,"San Francisco, CA, USA",38,Consumer,Consumer -> Food and Beverage,"Consumer, Food and Beverage","Marketplace, E-commerce","United States of America, America / Canada, Remote, Partly Remote",Growth,False,False,False,,https://bookface-images.s3.amazonaws.com/small_logos/7ac73e2746670c96205a96ceaa3fe2fd8ff8b46c.png,1515539196
1879,Replit,replit,Winter 2018,Active,Collaborative in-browser IDE ,"Replit is the world-leading collaborative browser-based development environment -- learn, create & deploy! Join a community of 20m+ developers.",https://replit.com,https://www.ycombinator.com/companies/replit,"San Francisco, CA, USA",65,B2B,"B2B -> Engineering, Product and Design","B2B, Engineering, Product and Design","Developer Tools, Collaboration","United States of America, America / Canada, Remote, Partly Remote",Growth,False,True,False,Repl.it,https://bookface-images.s3.amazonaws.com/small_logos/233d387923712777913e62bff3a3ea50d70ed780.png,1515103371
1878,Swayable,swayable,Winter 2018,Active,Swayable predicts consumer opinion and the impact of content,"Swayable partners with the world's leading brands and advocacy groups to change minds, behaviors and attitudes.

We are hiring in data science, full stack engineering, data visualization, design, and operations. We welcome unsolicited CVs from anyone, and especially encourage women and people from under-represented groups to talk to us.",http://swayable.com,https://www.ycombinator.com/companies/swayable,"New York City, NY, USA; New York, NY, USA",30,B2B,B2B -> Marketing,"B2B, Marketing",Machine Learning,"United States of America, America / Canada, Remote, Partly Remote",Early,False,True,False,,https://bookface-images.s3.amazonaws.com/small_logos/a5d215c7313a052e41f5b021db99a546ebcecf7a.png,1515103348
1877,FidoCure®,fidocure,Winter 2018,Active,FidoCure® is the leader in Precision Medicine for Canine Oncology.,"Cancer is a genetic disease. We know this from decades of human and veterinary cancer research. Precision medicine and targeted therapies are successfully used to treat humans with cancer. At FidoCure®, we bring this approach to the world of veterinary medicine. 

FidoCure® empowers veterinarians to offer genetic sequencing and targeted therapies to treat dogs with cancer. We are committed to expanding the veterinary oncology toolbox for both diagnostics and therapeutics. 

Our veterinary partners have treated thousands of dogs over the past 30 years and work closely with the growing FidoCure® network of over 143 clinics and 180 forward-thinking veterinary oncologists throughout the US.

Together, we can combat canine cancer!",https://www.fidocure.com/,https://www.ycombinator.com/companies/fidocure,"San Francisco, CA, USA; Palo Alto, CA, USA; Remote",14,Healthcare,Healthcare -> Healthcare Services,"Healthcare, Healthcare Services",Oncology,"United States of America, America / Canada, Remote, Fully Remote",Growth,False,False,False,"The One Health Company, FidoCure",https://bookface-images.s3.amazonaws.com/small_logos/bb9e634002d538d6dc6ede0e890087fb0447eb9b.png,1515099745
1876,Veriff,veriff,Winter 2018,Active,AI-powered identity verification solution for fraud prevention.,"Veriff is a global online identity verification company that enables organizations to build trust with their customers through intelligent, accurate, and automated online IDV. Veriff’s intelligent decision engine can analyze thousands of technological and behavioral variables in seconds, matching people to more than 10,000 government-issued IDs from over 190 countries. Veriff serves a global portfolio of organizations across fintech, crypto, and mobility sectors. 

Founded in 2015 by Kaarel Kotkas, today Veriff serves a global portfolio of internet businesses including fintech companies, sharing economy providers and marketplaces in the USA, Europe and other places in the world. Veriff is an alumnus of the startup accelerator Y Combinator and employs 350 people in its locations in Tallinn and Tartu in Estonia; New York, in the USA,  London in the UK and Barcelona in Spain.",https://veriff.com/,https://www.ycombinator.com/companies/veriff,"Tallinn, Harju County, Estonia; New York, NY, USA; London, England, United Kingdom; Barcelona, CT, Spain",42,B2B,"B2B -> Engineering, Product and Design","B2B, Engineering, Product and Design","Fintech, SaaS","Estonia, United States of America, United Kingdom, Spain, Europe, America / Canada, Remote, Partly Remote",Growth,False,False,False,,https://bookface-images.s3.amazonaws.com/small_logos/5fb14cdcb75e548883b7886a7495ab57d679fcb5.png,1514156539
1875,Aerones,aerones,Winter 2018,Active,Robotics for wind turbine maintenance.,"We have created a robotic system for wind turbine blade maintenance. It can perform tasks such as lightning conductivity testing, high-resolution inspection, drainage hole cleaning, cleaning, painting and leading-edge repair.",http://www.aerones.com,https://www.ycombinator.com/companies/aerones,"Riga, Latvia",250,Industrials,Industrials -> Climate,"Industrials, Climate","Robotics, Drones, Climate","Latvia, Europe",Early,False,False,False,,https://bookface-images.s3.amazonaws.com/small_logos/1241b6cc5bfd1f7f45f48f472f34dd754b9383e2.png,1514156538
1872,Super,super,Winter 2018,Active,Super is the first and leading Indonesian social commerce platform ,"We are building Pinduoduo for Indonesia by enabling community leaders to become retailers within their communities, starting by selling daily products through the Super app. We use technology to: 
1) Help community leaders find the best price 
2) build the lowest cost logistics network 
3) facilitate communication for this social buying behavior",http://superapp.id/,https://www.ycombinator.com/companies/super,"Surabaya, East Java, Indonesia; Makassar, South Sulawesi, Indonesia",1037,Consumer,Consumer,Consumer,"Marketplace, Consumer, E-commerce","Indonesia, Southeast Asia",Growth,False,False,False,"Nusantara Media Holdings, Playingviral, PlayingViral",https://bookface-images.s3.amazonaws.com/small_logos/b2e6a479f6bce7479db38cdc02766040277a9254.png,1513274569
1871,Helloverify,helloverify,Winter 2018,Active,Helloverify is a background screening platform (Checkr for India).  ,"With increasing fraud rates, the need for a credible background check system is more important than ever. Unlike other background check solutions that are manual, expensive and require a ton of documentation, HelloVerify creates a seamless experience through its technology platform that is cost effective and provides results instantly from trusted verification sources. It not only automates data collection and matching but streamlines the entire process from order requests, progress status to final report delivery.

We help prevent fraud by finding facts about individuals. The online service acts as a means of authenticating and objectively verifying an individual’s identity, court case status, educational check, credit score and employment history - thereby enabling commercial transactions and hiring decisions to take place between parties. Whether you are a corporate or a startup looking to hire new employees or a homeowner seeking to verify your driver's driving license or a landlord wanting to ascertain your tenant’s payment ability - we provide a wide range of checks at affordable rates & quick turnaround time. Sign up today!",https://www.helloverify.ae,https://www.ycombinator.com/companies/helloverify,"Noida, UP, India",600,B2B,B2B -> Human Resources,"B2B, Human Resources",AI,"India, South Asia, Remote, Partly Remote",Growth,False,True,False,"HelloVerify, HelloVerify",https://bookface-images.s3.amazonaws.com/small_logos/f46eb8e86078dd58976b9e441b93909beda32196.png,1513137770
1869,Runa,runa,Winter 2018,Active,Automating payroll for Latin America.,"Runa is a modern, cloud-based payroll and human resources software built for companies in Latin America. Companies can manage payroll, human resources, time tracking, performance management and reporting all in one platform. ",http://runahr.com/,https://www.ycombinator.com/companies/runa,"Mexico City, CDMX, Mexico",100,B2B,B2B -> Human Resources,"B2B, Human Resources","Fintech, SaaS, Payroll","Mexico, Latin America, Remote, Partly Remote",Growth,False,True,False,"Runa, Runa HR",https://bookface-images.s3.amazonaws.com/small_logos/9198e32a9228cae0e505965e16a622656e9c5d27.png,1513137767
1868,ErudiFi,erudifi,Winter 2018,Active,Digital financial services for students in Southeast Asia,"ErudiFi is a mission-driven technology company focused on expanding access to financial services for students. Operating as Danacita in Indonesia and Bukas in the Philippines, ErudiFi provides students a smarter way to pay for education and helps them build credit history. By providing financial inclusion to underserved students across the region, we believe we can drive generational transformation and build a better tomorrow.",http://www.erudifi.com,https://www.ycombinator.com/companies/erudifi,"Singapore, Singapore",88,Fintech,Fintech -> Credit and Lending,"Fintech, Credit and Lending","Education, Fintech","Singapore, Southeast Asia, Remote, Partly Remote",Growth,False,False,False,Dana Cita,https://bookface-images.s3.amazonaws.com/small_logos/c08a99595929227809d749f19797f066195ec973.png,1513134175
1867,CaptivateIQ,captivateiq,Winter 2018,Active,"Agile commission software to design, deploy & adapt commission plans.","CaptivateIQ is on a journey to modernize the world of incentive compensation. Our hope is that people will feel more connected at work if there is greater transparency in how they are rewarded for their efforts.

We partner with amazing companies like Carta, Intercom, Gong, and Newfront Insurance to simplify their commissions. 

Since launching in 2017, we have raised $63M and are backed by leading investors including Sequoia Capital, Accel, S28 Capital, Amity Ventures, and Y Combinator.",https://www.captivateiq.com,https://www.ycombinator.com/companies/captivateiq,"San Francisco, CA, USA; Remote",280,B2B,B2B -> Finance and Accounting,"B2B, Finance and Accounting",SaaS,"United States of America, America / Canada, Remote, Fully Remote",Growth,False,True,False,,https://bookface-images.s3.amazonaws.com/small_logos/d6335987a80e28fc8c303050aa104d2e7285ef01.png,1513134171
1866,Vena Medical,vena-medical,Winter 2018,Active,Vena Medical is providing physicians with the world's smallest camera…,"Pre-clinical results published in the Journal of Neuro-Interventional Surgery. Technology presented at the World Live Neurovascular Conference. Technology selected as a top 3 finalist for Innovator of the Year by the Congress of Neurological Surgeons. Raised a Series A to fund commercialization (FDA Clearance, Health Canada, ISO 13485, First-in-man and early revenue).",https://www.venamed.ca/,https://www.ycombinator.com/companies/vena-medical,"Kitchener, ON, Canada",7,Healthcare,Healthcare -> Medical Devices,"Healthcare, Medical Devices","Hardware, Medical Devices","Canada, America / Canada",Growth,False,False,False,,https://bookface-images.s3.amazonaws.com/small_logos/fa541d38f62009703cadf97964bc4d1769849376.png,1513130572
1865,Mind Emulation Foundation,mind-emulation-foundation,Winter 2018,Active,,,https://mindemulation.org/,https://www.ycombinator.com/companies/mind-emulation-foundation,,1,Healthcare,Healthcare -> Therapeutics,"Healthcare, Therapeutics",,Unspecified,Early,False,False,True,Connectomics Foundation,https://bookface-images.s3.amazonaws.com/small_logos/0dbc747704a44b3c663e381fc1c6222694e3d1a4.png,1513047754
1863,Anjuna,anjuna,Winter 2018,Active,Anjuna enabled organizations to trust any infrastructure,"Anjuna makes hardware-grade application and data protection simple, fast and enterprise-ready. Anjuna software enables IT to “lift and shift” applications and data into the hardware-encrypted confines of a secure enclave, protecting them from malicious software, insiders, and bad actors. Available from every major chip, cloud, and system vendor, secure enclaves are the data security gold standard. Unlike point memory-only enclave solutions that require expensive and complicated software rewrites, Anjuna enables enterprises to achieve managed enterprise-class enclave protection that span memory, storage, networks, and clouds in minutes--without recoding. Anjuna is based in Palo Alto, California.",https://www.anjuna.io,https://www.ycombinator.com/companies/anjuna,"San Francisco, CA, USA; Palo Alto, CA, USA",55,B2B,B2B -> Security,"B2B, Security","Cloud Workload Protection, Security","United States of America, America / Canada, Remote, Partly Remote",Growth,False,False,False,Anjuna Security,https://bookface-images.s3.amazonaws.com/small_logos/b5b0d847ce1f2270b7fa71e371516e2163c704ac.png,1512586952
1861,Tarjimly (acquired),tarjimly-acquired,Winter 2018,Active,Translating for Humanity,"Tarjimly is a YC-backed nonprofit (YC W18) building language-access infrastructure for navigating critical life moments across healthcare, legal, and social services. The company was acquired by CLEAR Global in 2025.",https://tarjimly.org,https://www.ycombinator.com/companies/tarjimly-acquired,"San Francisco, CA, USA; Remote",20,Healthcare,Healthcare,Healthcare,"Marketplace, Nonprofit","United States of America, America / Canada, Remote, Fully Remote",Early,False,False,True,Tarjimly,https://bookface-images.s3.amazonaws.com/small_logos/afd0f94fe908901e234dd94e1cf271709a78f826.png,1512543744
1859,Observe.AI,observe-ai,Winter 2018,Active,Contact center AI platform.,"Observe.AI, a leader in Contact Center AI, transforms customer experiences and improves agent performance by helping top brands analyze 100% of calls and streamline quality assurance workflows. With Observe.AI, businesses transcribe every call with high accuracy and coach agents while gaining full visibility into their customer service operations. Observe.AI brings the power of agent assistance, automatic speech recognition, and Natural Language Processing (NLP) to modern contact centers and their frontline teams.
Observe.AI is trusted by more than 150 customers and partners, including Root Insurance, Alcon Laboratories, Tripadvisor, and Pearson. Backed by Menlo Ventures, Next47, NGP Capital, Scale Ventures, Nexus Ventures, Emergent Ventures, Steadview Capital, 01 Ventures and Y-Combinator, Observe.AI’s headquarters is in San Francisco with an office in Bangalore, India. For more information, visit www.observe.ai.",https://observe.ai,https://www.ycombinator.com/companies/observe-ai,"San Francisco, CA, USA",240,B2B,B2B -> Sales,"B2B, Sales","SaaS, Customer Service, AI","United States of America, America / Canada, Remote, Partly Remote",Growth,False,False,False,"ObserveAI, observe.ai",https://bookface-images.s3.amazonaws.com/small_logos/1a491d2ba965415d5df942f6ec5f8b631059b253.png,1512532942
1856,Culture Biosciences,culture-biosciences,Winter 2018,Active,We grow cells for biotech companies.,"Culture Biosciences grows cells for biotech companies.  Our customers genetically modify organisms to produce new therapeutics, materials, fuels and foods. We help them quickly run experiments and  develop manufacturing processes so they can get their products to market faster. We've built proprietary software and automation systems to make operating our bioreactors more efficient than existing systems. We also provide customers with new software tools that help them analyze and contextualize their data. We are currently serving a number of biotech customers and scaling out our infrastructure.
",https://culturebiosciences.com,https://www.ycombinator.com/companies/culture-biosciences,"San Francisco, CA, USA; South San Francisco, CA, USA",40,Healthcare,Healthcare -> Industrial Bio,"Healthcare, Industrial Bio","Cellular Agriculture, Biotech","United States of America, America / Canada, Remote, Partly Remote",Growth,False,False,False,Culture Robotics,https://bookface-images.s3.amazonaws.com/small_logos/ac962091728b8d8d331a854791fa1b892cb9f93f.png,1511233372
1849,ZBiotics,zbiotics,Winter 2018,Active,ZBiotics makes genetically engineered probiotics.,"ZBiotics is a synthetic biology company founded in 2016 and headquartered in San Francisco, California. The company bioengineers probiotic bacteria for nutraceutical and other applications. They launched the world's first genetically engineered probiotic in 2019 – a probiotic that breaks down a toxic byproduct of alcohol. They are currently developing a pipeline of additional engineered probiotics for other consumer health applications.",https://zbiotics.com/,https://www.ycombinator.com/companies/zbiotics,"San Francisco, CA, USA",22,Healthcare,Healthcare -> Consumer Health and Wellness,"Healthcare, Consumer Health and Wellness","Synthetic Biology, Health & Wellness, Food & Beverage","United States of America, America / Canada, Remote, Partly Remote",Growth,False,False,False,,https://bookface-images.s3.amazonaws.com/small_logos/ac92cff794f7ac885c165d746204eeb840916f70.png,1510977758
1847,ArchForm,archform,Winter 2018,Active,Replacing orthodontic braces with our clear aligner and software,"Archform is teeth aligner software startup that lets orthodontists create, design and 3D print aligners within their own offices.

The idea is to provide orthodontists with a way to better compete against some direct-to-consumer teeth aligner startups and cut down on the cost of Invisalign.",http://archform.com,https://www.ycombinator.com/companies/archform,"San Francisco, CA, USA",23,Healthcare,Healthcare -> Medical Devices,"Healthcare, Medical Devices","Robotics, Health Tech, Medical Devices, 3D Printing","United States of America, America / Canada, Remote, Partly Remote",Early,False,True,False,,https://bookface-images.s3.amazonaws.com/small_logos/611850d9929ff8231ea7f5c72b6f4d2500375fbe.png,1510365747
1844,OpenSea,opensea,Winter 2018,Active,This isn't just a marketplace; we're shaping the future of digital…,"OpenSea is your home for trading everything onchain. Founded in 2017, OpenSea pioneered the first non-custodial marketplace for digital assets and has evolved into the destination for the entire onchain economy. Trade tokens, culture, ideas, digital assets, and physical assets across all major blockchains.

At OpenSea, you'll be challenged to exceed your own expectations alongside a nimble, talent-dense crew shaping the future of digital economies for millions. Our culture is centered around those who take ownership, are energized by ambitious challenges, and build with urgency.",https://opensea.io,https://www.ycombinator.com/companies/opensea,"New York City, NY, USA; Remote",75,Consumer,Consumer -> Content,"Consumer, Content","Marketplace, Crypto / Web3, NFT","United States of America, America / Canada, Remote, Fully Remote",Early,False,False,False,Ozone,https://bookface-images.s3.amazonaws.com/small_logos/be12a7a3bea106077960a6e544db5840291bb150.png,1510275808
1842,AlgoSurg Inc,algosurg-inc,Winter 2018,Active,We make AI technology for Robotic and AR Surgeries,"AlgoSurg makes AI software solutions, for various next-generation surgical applications ranging from Robotics-surgeries, AR-based-navigation/training, cloud-based 3D surgery planning and automatic patient-specific instrument/implant design.
",http://www.algosurg.com,https://www.ycombinator.com/companies/algosurg-inc,"MH, India; Remote",8,Healthcare,Healthcare -> Healthcare Services,"Healthcare, Healthcare Services","Augmented Reality, Robotic Surgery, Medical Devices","India, South Asia, Remote, Fully Remote",Early,False,False,False,,https://bookface-images.s3.amazonaws.com/small_logos/4c9c6f9649c3dcfc12e8cb14536660a83da8adcb.png,1510247000
1836,Orangewood Labs,orangewood-labs,Winter 2018,Active,Orangewood Labs makes worlds most affordable and easiest AI robot arms,"Orangewood Labs makes the world's most affordable AI-powered industrial robotic arms for small businesses! Our robots can be programmed by just using natural language prompts and cost a fraction of human labor. 

",http://www.orangewood.co,https://www.ycombinator.com/companies/orangewood-labs,"San Francisco, CA, USA; Noida, UP, India",40,Industrials,Industrials -> Manufacturing and Robotics,"Industrials, Manufacturing and Robotics","Artificial Intelligence, Generative AI, Hardware, Robotics","United States of America, India, America / Canada, South Asia",Early,False,True,False,,https://bookface-images.s3.amazonaws.com/small_logos/3b36a43190da640752bb01710dff43f2c6e5ff91.png,1510200183
1834,Aspire,aspire,Winter 2018,Active,All-in-one Finance OS for businesses,"Aspire is the all-in-one finance operating system for businesses.

We help companies pay, manage, and earn smarter - by doing more than a bank, bookkeeper, or rewards program could ever do alone.

Our mission is to empower the next generation of entrepreneurs with the financial tools they need to realise their company’s full potential.

We believe that if we can empower business owners to be successful, they will go on to make a meaningful impact to the communities we are all part of.",https://aspireapp.com,https://www.ycombinator.com/companies/aspire,"Singapore, Singapore",500,Fintech,Fintech -> Payments,"Fintech, Payments","Fintech, SaaS, Payments, B2B, Neobank","Singapore, Southeast Asia, Remote, Partly Remote",Growth,False,True,False,,https://bookface-images.s3.amazonaws.com/small_logos/753f62b42ec2f778dd6395d3ae91802c52ab6b5a.png,1510196652
1833,SafetyWing,safetywing,Winter 2018,Active,Health insurance for remote teams," At SafetyWing, we’re building a global social safety net for remote workers—simple health, insurance, and retirement products designed to replace national welfare systems.",http://www.safetywing.com,https://www.ycombinator.com/companies/safetywing,"San Francisco, CA, USA; Remote",130,Fintech,Fintech -> Insurance,"Fintech, Insurance","Consumer Health Services, Insurance, Remote Work","United States of America, America / Canada, Remote, Fully Remote",Growth,False,True,False,,https://bookface-images.s3.amazonaws.com/small_logos/ddb944ea80d22a29ddc64949877063e0dd8d1343.png,1510196650
1832,Tilt (f.k.a. Delphia),tilt-fka-delphia,Winter 2018,Active,GitHub for Investment Methodology,"Tilt is building the audited methodology layer agents call before touching portfolios. As agents begin managing real portfolios, they need a neutral trusted source of verified investment logic before they can act.

We operate across two connected surfaces: InvestOS, an open standard that lets any brokerage or platform plug verified methodology into its own AI experience; and Tilt, the reference implementation of InvestOS. Tilt is an agentic harness where investors, portfolio managers, and creators can author, remix, and publish strategies. 

If you're thinking about working here, our mission is to price the world's information.",http://tilt.io,https://www.ycombinator.com/companies/tilt-fka-delphia,"Toronto, ON, Canada; Remote",25,Fintech,Fintech -> Consumer Finance,"Fintech, Consumer Finance","Fintech, Machine Learning, AI","Canada, America / Canada, Remote, Fully Remote",Growth,False,True,False,"Vox Pop Labs, Delphia, Delphia (d.b.a. Tilt)",https://bookface-images.s3.amazonaws.com/small_logos/d97c7b6a062bbf024d979f3e67fe169d6f103b8b.png,1510196648
1829,Pelago,pelago,Winter 2018,Active,The world's first digital clinic for substance use management,"Pelago, formerly Quit Genius, is the world’s leading virtual clinic for substance use management. We are transforming substance use support—from prevention to treatment—delivering education, management skills, and opportunities for positive change to members struggling with substance use, most commonly tobacco, alcohol, or opioids. Our solution gives employers the means to offer on-demand, personalized support to workers seeking to live healthier lives. Pelago’s cognitive behavioral therapy (CBT) and medication-assisted treatment (MAT) programs deliver convenient, accessible, and effective support that seamlessly integrates with health plans, pharmacy benefit managers, and wellness platforms. To date, Pelago has helped more than 750,000 members manage their substance use and improve their lives.  ",https://www.pelagohealth.com,https://www.ycombinator.com/companies/pelago,"New York City, NY, USA",180,Healthcare,Healthcare -> Healthcare Services,"Healthcare, Healthcare Services",Healthcare,"United States of America, America / Canada, Remote, Partly Remote",Growth,False,True,False,Quit Genius,https://bookface-images.s3.amazonaws.com/small_logos/6a08fb8cc507e4cfc49fd846f7ceb1572269a7af.png,1510196640
1828,Substack,substack,Winter 2018,Active,A place for independent writing.,"Start a newsletter. Build your community. Make money from subscriptions.
Publishing is free, with no limits. We only make money when you do.",https://substack.com,https://www.ycombinator.com/companies/substack,"San Francisco, CA, USA",90,B2B,B2B -> Marketing,"B2B, Marketing",Marketplace,"United States of America, America / Canada, Remote, Partly Remote",Growth,False,False,False,,https://bookface-images.s3.amazonaws.com/small_logos/5fdff68c6d284e1d2cbab6306ca3f1e7774d4d36.png,1510196639
1826,Weekend (fmr. Volley),weekend-fmr-volley,Winter 2018,Active,AI games and entertainment on TV,"Weekend builds the best AI games and entertainment experiences for TVs.

Popular Weekend games include Song Quiz, Jeopardy!, and Wheel of Fortune, and Wit's End.

Weekend was founded by Max Child and James Wilsterman and is headquartered in San Francisco.",https://weekend.com,https://www.ycombinator.com/companies/weekend-fmr-volley,"San Francisco, CA, USA",80,Consumer,Consumer -> Gaming,"Consumer, Gaming","Artificial Intelligence, Entertainment, Gaming, AI, Conversational AI","United States of America, America / Canada",Growth,False,True,False,Volley,https://bookface-images.s3.amazonaws.com/small_logos/68c8a6e771fdf5740d62e8d102b798b6c95ac403.png,1510193033
1819,Gainful,gainful,Winter 2018,Active,Personalized Performance Nutrition,"Gainful is performance nutrition that unlocks your full potential. We provide personalized products and 1:1 Registered Dietitian support to empower active people to reach their unique goals by transforming their health.

Founded in 2017, Gainful is backed by some of the world’s best venture investors (including Y Combinator, BrandProject, and Courtside VC). Our current products are Personalized Protein, Personalized Hydration, Personalized Pre-Workout, and our line of Performance Boosts (Collagen, Creatine, and Fiber).",https://gainful.com/,https://www.ycombinator.com/companies/gainful,"New York City, NY, USA; New York, NY, USA",30,Consumer,Consumer -> Food and Beverage,"Consumer, Food and Beverage","Consumer, E-commerce","United States of America, America / Canada, Remote, Partly Remote",Growth,False,False,False,,https://bookface-images.s3.amazonaws.com/small_logos/b6c8594105b257151ad5e919bb73419db2870498.png,1510121005
1818,Cognition IP,cognition-ip,Winter 2018,Active,Flat-fee patent & trademark counsel with top firm results,"Cognition IP is a tech-powered San Francisco based intellectual property law firm with partners who have represented some of the most innovative companies in the world in many aspects of intellectual property planning, including Apple, Salesforce, Purdue, Hewlett Packard, AstraZeneca, and Texas Instruments.

Offering patent and trademark filing and prosecution, innovation harvesting and portfolio management, Cognition IP supports early stage startups to Fortune 500 enterprises with on-demand, flat-fee IP counsel and the results expected from a top-tier firm.

Schedule a complimentary consultation at: https://www.CognitionIP.com",https://www.cognitionip.com,https://www.ycombinator.com/companies/cognition-ip,"San Francisco, CA, USA; Remote",12,B2B,B2B -> Legal,"B2B, Legal","Artificial Intelligence, GovTech, B2B, Legal","United States of America, America / Canada, Remote, Fully Remote",Early,False,False,False,Vertical Law,https://bookface-images.s3.amazonaws.com/small_logos/bf409816d2f4636d78706b6a700030dc1353a6a2.png,1510117404
1815,Players' Lounge,players-lounge,Winter 2018,Active,Win money betting on yourself playing AAA video games,"Players’ Lounge enables gamers of all skill levels to bet on the outcome of their video game matches and win money. Our mission at Players’ Lounge is to give gamers a monetary return on their gaming time, while adding a new layer of fun and entertainment. 

We have raised $15m in funding. Investors include: ycombinator, Samsung, Griffin Gaming Partners, Strauss Zelnick, Drake and Myles Garrett.
",https://playerslounge.co/,https://www.ycombinator.com/companies/players-lounge,"New York City, NY, USA; Brooklyn, NY, USA",13,Consumer,Consumer -> Gaming,"Consumer, Gaming",Gaming,"United States of America, America / Canada, Remote, Partly Remote",Growth,False,True,False,,https://bookface-images.s3.amazonaws.com/small_logos/fd4e4e9c1afabc39fd1748565af4e0fe70ed996f.png,1510117394
1814,Psylaris,psylaris,Winter 2018,Active,Psychotherapy through autonomous and personalized VR-sessions.,"We empower mental healthcare clients with virtual reality sessions that are additive to traditional therapy. Clients regain their self-reliance the moment they are given the chance to contribute to their treatment. Therapists can focus on the aspects of treatment that e-health is not equiped to deal with. Treatment efficiency goes up - costs go down: 
E-health the way it was meant to be.",https://www.psylaris.com/,https://www.ycombinator.com/companies/psylaris,"Maastricht, LI, Netherlands",23,Healthcare,Healthcare -> Healthcare Services,"Healthcare, Healthcare Services","Mental Health Tech, VR Health","Netherlands, Europe, Remote, Partly Remote",Early,False,False,False,EMDR-VR,https://bookface-images.s3.amazonaws.com/small_logos/56d2b197b86ac2a9ef797091216a58dc32bdb0a0.png,1510117392
1810,Treasury Prime,treasury-prime,Winter 2018,Active,Embedded banking software platform and marketplace,"Founded in 2017, Treasury Prime is an embedded banking software platform connecting enterprise companies to a vast marketplace of banks and product partners to launch next-gen payment ecosystems on their platform.  Our banking API offers the quickest, most secure way for fintechs and banks to partner, integrate and build modern financial products and increase revenue streams.

We power enterprise-class embedded banking solutions for a range of complex services including money transfer, risk mitigation and integration with bank infrastructure. It's these leading-edge capabilities that helped the company to win Best Banking-as-a-Service Platform from Tearsheet in 2021 and 2022. The company was also named to CB Insights’ annual 2021 Fintech 250 list.
",https://treasuryprime.com,https://www.ycombinator.com/companies/treasury-prime,"San Francisco, CA, USA; Remote",100,Fintech,Fintech -> Banking and Exchange,"Fintech, Banking and Exchange","Banking as a Service, Fintech, B2B, API","United States of America, America / Canada, Remote, Fully Remote",Growth,False,False,False,Ronin Financial Technology,https://bookface-images.s3.amazonaws.com/small_logos/fb0b666cc71eaf3fdcc64a67ec3b353f2339e37f.png,1510113792
1809,Acely,acely,Winter 2018,Active,Every student's AI coach for college readiness,"Acely is the leading AI tutor for the digital SAT and ACT, helping students get into their dream college. Our mission is to democratize opportunity for high school families through AI-native tools that empower students to learn smarter and gain confidence.

Backed by Forerunner Ventures, we've grown to $10M ARR with a lean, 10-person team, proof that small, mission-driven teams can deliver outsized impact. Our product has traction, our users are engaged, and we're now at an inflection point: ready to scale with speed, craft, and AI-native excellence.

Acely was launched out of beta in January 2024 as a spinout product from Juni (YC W18).",https://acely.com,https://www.ycombinator.com/companies/acely,"San Francisco, CA, USA",30,Education,Education,Education,"Education, eLearning, Consumer","United States of America, America / Canada, Remote, Partly Remote",Growth,False,True,False,"Juni Learning, Juni",https://bookface-images.s3.amazonaws.com/small_logos/4e1558ba3ecea486419a23248ce22eccdda564fb.png,1510113789
1808,Universe,universe,Winter 2018,Active,Design and build any kind of website. On your iPhone or iPad.,"Our mission is to empower everyone to build the internet. Universe is a magical new way to build websites –– it’s the first website builder designed for phones. Our app makes it easy for anyone to make a great looking website and start selling online in minutes from your iPhone, iPad, and Mac. And we make it as fun as playing with Legos! 

Give it a try: https://apps.apple.com/us/app/id1211437633

Explore sites made on Universe: https://onuniverse.com/explore

We are a remote-first 20+ person company with people all over the US. We were YC W18 and have raised $17.2MM in funding from Google Ventures, General Catalyst, Javelin Venture Partners, Box Group, and more top investors.

We value individual agency and ownership –– which guides our product design and our company’s culture. While other companies offer lots of perks, we prioritize your freedom: work from anywhere, in the way you’re at your best. We believe that an individual’s capacity for growth is far larger than most understand, and we’ve designed an environment to support rapid, continuous learning. Ideas here come from everyone, initiative is respected, and quality matters. We are here to build something special and enduring.
",http://onuniverse.com,https://www.ycombinator.com/companies/universe,"New York City, NY, USA; New York, NY, USA; Remote",25,Consumer,Consumer -> Content,"Consumer, Content",Design Tools,"United States of America, America / Canada, Remote, Fully Remote",Growth,False,False,False,,https://bookface-images.s3.amazonaws.com/small_logos/4e23c6cf14a0d52c956a029163d5a2c889a03aa7.png,1510113788
1805,Let's Do This,let-s-do-this,Winter 2018,Active,The online company that gets everyone offline,Marketplace for experiences starting with mass participation sports events ,https://www.letsdothis.com/,https://www.ycombinator.com/companies/let-s-do-this,"London, England, United Kingdom",75,Consumer,"Consumer -> Travel, Leisure and Tourism","Consumer, Travel, Leisure and Tourism","Marketplace, Sports Tech","United Kingdom, Europe, Remote, Partly Remote",Growth,False,False,False,"Lets Do This, LetsDoThis.com",https://bookface-images.s3.amazonaws.com/small_logos/77a1184800501f165961e33ee72ec6ba5ea70721.png,1510110194
1802,Evolve (makers of Podcast App & Rest),evolve-makers-of-podcast-app-and-rest,Winter 2018,Active,"Rest is an AI sleep coach that helps you fix your sleep for good,…","Evolve builds consumer apps used by millions. We're a YC W18 company with two products.

Rest (getrest.app) is an AI sleep coach for people tired of bad nights, whether that's lying awake for hours or waking up at 3am. It's built on the principles of CBT-I (cognitive behavioral therapy for insomnia), the method sleep clinicians recommend first, and turns them into a daily program with a coach you can talk to at any hour. No appointments, no waitlists. People use it to sleep well again without leaning on melatonin, sleep aids, or 2am doom-scrolling. Users often go from years of broken sleep to sleeping through the night in weeks. We build Rest with sleep scientists and behavior-design experts.

Podcast App is one of the largest independent podcast players: a minimalist app with tens of millions of downloads that uses machine learning to build playlists around what you like.

Our team has built consumer products with 100M+ installs, and our work has been featured by Apple, TechCrunch, Yahoo, Fast Company, and Fox. Get in touch: hello@getrest.app.",https://getrest.app,https://www.ycombinator.com/companies/evolve-makers-of-podcast-app-and-rest,"San Francisco, CA, USA; Remote",23,Consumer,Consumer -> Content,"Consumer, Content","Sleep Tech, Consumer, Digital Health, Podcasts","United States of America, America / Canada, Remote, Fully Remote",Growth,False,False,False,"Evolve, The Podcast App (formerly Evolve), The Podcast App, Podcast App, Evolve (makers of Podcast App & Rest AI)",https://bookface-images.s3.amazonaws.com/small_logos/7f40763c81d68b874181ebfd712ca663ff02c577.png,1510034570
1800,Supermedium,supermedium,Winter 2018,Active,VR space of immersive utilities,"Supermedium is a VR space to read books and comics, watch videos, view art, browse the Web, send messages, browse social media in a comfortable and focused environment. We're building a post-screen world to improve how we interact with technology by providing more screens, larger screens even while laying down, in a portable form factor.

https://supermedium.com/",https://supermedium.com/,https://www.ycombinator.com/companies/supermedium,"San Francisco, CA, USA",2,Consumer,Consumer -> Virtual and Augmented Reality,"Consumer, Virtual and Augmented Reality",Virtual Reality,"United States of America, America / Canada",Early,False,False,False,Super,https://bookface-images.s3.amazonaws.com/small_logos/6db55646ce62fc19bd69c6105494387a642028ee.png,1510034567
1798,Tributi,tributi,Winter 2018,Active,Tax filing automation for individuals in Latam.,"Tributi automates tax filing for individuals in Latam, and offers curated financial services to those users based on their financial data.",http://tributi.com,https://www.ycombinator.com/companies/tributi,"Antioquia, Colombia",20,Consumer,Consumer -> Home and Personal,"Consumer, Home and Personal",Fintech,"Colombia, Latin America, Remote, Partly Remote",Early,False,False,False,"Impuesto Correcto, tributi",https://bookface-images.s3.amazonaws.com/small_logos/90376179236233554d909881b9b687bdd2687e53.png,1510030965
1795,Sourcify,sourcify,Winter 2018,Active,Sourcify helps brands manufacture products in Asia.,Sourcify is a profitable high growth sourcing platform that helps ecommerce brands and Fortune 500s manufacture products in Asia.,https://www.sourcify.com/,https://www.ycombinator.com/companies/sourcify,"Salt Lake City, UT, USA; San Diego, CA, USA; Remote",15,B2B,B2B -> Retail,"B2B, Retail","Manufacturing, Supply Chain","United States of America, America / Canada, Remote, Fully Remote",Early,False,True,False,,https://bookface-images.s3.amazonaws.com/small_logos/5e4fd99a7fb118297905e55e8fc4ca3a82b0b560.png,1510030960
1794,Plexus,plexus,Winter 2018,Active,High-performance gloves for VR and AR,,http://plexus.im,https://www.ycombinator.com/companies/plexus,"London, England, United Kingdom",3,Consumer,Consumer -> Virtual and Augmented Reality,"Consumer, Virtual and Augmented Reality",AR,"United Kingdom, Europe",Early,False,False,False,,https://bookface-images.s3.amazonaws.com/small_logos/b77e9cfd5d8aa2ca55c88408e3f0561f9002430a.png,1510030958
1790,BioRender,biorender,Winter 2018,Active,'Figma/Canva for scientists’,"You can think of BioRender as the ‘Figma/Canva for scientists’, with a suite of web-based graphics communication products to empower scientists to create beautiful scientific visuals and presentations with ease.

BioRender is the world’s first tool to help scientists create and share beautiful, professional scientific figures. Our mission is to accelerate the world’s ability to learn, discover and communicate science. We are passionate about democratizing science communication in order to accelerate scientific discovery and understanding. ",https://www.biorender.com,https://www.ycombinator.com/companies/biorender,"Toronto, ON, Canada; Remote",205,B2B,B2B,B2B,"SaaS, Collaboration, Design Tools, Enterprise Software","Canada, America / Canada, Remote, Fully Remote",Early,False,True,False,BioRender.io,https://bookface-images.s3.amazonaws.com/small_logos/138dca9effd2082047d4791576a13931007cfa2b.png,1510027354
1787,tEQuitable,tequitable,Winter 2018,Active,tEQuitable's mission is to create work culture that works for everyone,"tEQuitable helps companies get in front of and prevent harassment. 
We are an independent, confidential platform to address issues of bias, discrimination, and harassment in the workplace.

For employees, we provide a sounding board they can consult without fear of retribution on issues ranging from subtle, insidious slights and invalidations to overt discrimination and harassment.

For companies, we provide data and insights to identify systemic issues, track behavioral trends, and develop actionable recommendations.

tEQuitable is using technology to make workplaces more equitable.",https://www.tEQuitable.com/,https://www.ycombinator.com/companies/tequitable,"San Francisco, CA, USA; Oakland, CA, USA",6,B2B,B2B -> Human Resources,"B2B, Human Resources","B2B, HR Tech, Diversity & Inclusion","United States of America, America / Canada, Remote, Partly Remote",Early,False,False,False,,https://bookface-images.s3.amazonaws.com/small_logos/9102cc77194050dba34a372dff80946908b37031.png,1509724941
1785,Meitre,meitre,Winter 2018,Active,Opentable for the world's top restaurants; we help them increase…,"Online reservations, guest and revenue management for the world's top restaurants.",http://meitre.com/,https://www.ycombinator.com/companies/meitre,"San Francisco, CA, USA; Palo Alto, CA, USA; Remote",9,B2B,B2B -> Retail,"B2B, Retail","SaaS, B2B","United States of America, America / Canada, Remote, Fully Remote",Early,False,False,False,,https://bookface-images.s3.amazonaws.com/small_logos/90023d7b76030afdda9744e0cfb456c230759851.png,1509685439
1784,Draftbit,draftbit,Winter 2018,Active,Build mobile apps visually. Source-code included. ,"We're building Draftbit to make it easier for everyone to build, launch, and iterate on mobile apps. And do it without writing code, unless you want to. Over time, we hope to make building great looking, high quality apps as easy as (or easier than?!) launching a website is now. And by doing so, we hope to democratize software development, allowing anyone to turn their idea into reality, and build it into something great. ",https://draftbit.com,https://www.ycombinator.com/companies/draftbit,"Carmel, IN, USA; Chicago, IL, USA; Remote",10,B2B,"B2B -> Engineering, Product and Design","B2B, Engineering, Product and Design","Developer Tools, Design Tools","United States of America, America / Canada, Remote, Fully Remote",Early,False,False,False,Orchard,https://bookface-images.s3.amazonaws.com/small_logos/d17a0ed990c48104bc90127a4fb06f01edc52a17.png,1509681882
1783,LUS Brands,lus-brands,Winter 2018,Active,Hair care products for curly hair. ,"LUS (Love Ur Self) Brands is a ""non-beauty""​ beauty brand startup based in Toronto, Canada. Launched as an e-Commerce brand in Jan 2017, LUS aims to create innovative products that help consumers embrace their own natural and unique features, instead of altering or masking them.

Our first product line, Love Ur Curls, consists of a simplified 3-step system for consumers with naturally curly/textured hair. Our innovative styling products are water-activated and customized for different hair types: wavy, curly, and kinky-coily.",http://lusbrands.com,https://www.ycombinator.com/companies/lus-brands,"Toronto, ON, Canada",20,Consumer,Consumer -> Apparel and Cosmetics,"Consumer, Apparel and Cosmetics",Beauty,"Canada, America / Canada",Early,False,False,False,LUS Brands Inc.,https://bookface-images.s3.amazonaws.com/small_logos/1676db4b2537031f9eb721f77f43209b9b72401d.png,1509681839
1781,Vanta,vanta,Winter 2018,Active,Vanta—the proven leader in automated compliance helping startups…,"About Vanta
Vanta (YC W18) is the leading automated compliance and trust management platform designed to simplify and centralize compliance and security workflows for organizations of all sizes.

Why YC Startups Need Vanta
As a YC company, proving your security compliance is crucial for hitting new milestones—from finding product market fit, to selling to bigger customers. We would know, we’ve been there—and we’ve helped over 10,000 customers do just that! Vanta's all-in-one solution, combined with expert service partners, helps you quickly and painlessly achieve and maintain compliance with top frameworks—like SOC 2 and ISO 27001—and build a strong security foundation, so you can close bigger deals and scale faster. Learn more at vanta.com.

YC Companies get Exclusive Discounts on Vanta’s packages:
Vanta’s packages for startups are designed to make security and compliance easier, faster, and more cost-effective. Whether you’re closing your first deal or gearing up for growth, our all-in-one solution provides the tools necessary to become compliant quickly, demonstrate your security posture, and build a strong security foundation.

Why Vanta?

Built for startups: Vanta knows startups. We went through YC in 2018 and have since helped thousands of startups, including YC companies Supabase (YC S20), Fern (YC W23), and Newfront (YC W18) achieve and maintain compliance quickly. Startups like Charityvest (YC S20), BreachRX, and Flo Health have gone from zero to SOC 2 Type I or ISO 27001 certification in 10 days or less with Vanta.

Future-proof, feature-rich, automated platform: Vanta’s modular platform is built for the needs of today and tomorrow, including:
* 35+ frameworks spanning security, privacy, industry, geographic, and custom frameworks
* 375+ integrations that automate evidence collection for these frameworks
* 1,200+ automated, hourly tests to ensure real, continuous security—not just at audit time, but all the time
* Pre-built policy templates, lightweight agent for security checks, background checks, cyber insurance, cookie consent management, auditor portal, user access reviews, security awareness training, risk assessments, vendor security reviews, managing vulnerabilities, and more
* Tailored support for early-stage companies: Vanta offers internal, no-cost Customer Success and GRC (compliance) experts, robust technical support, detailed documentation, and a 24/7 chatbot for frequently asked questions.
* (Optional) Purchase Vanta with auditors experienced in your framework and the Vanta platform, or choose from a range of MSP/consulting partners for additional services like penetration tests and virtual CISO support—some at no cost. We don’t force vendor lock-in.
* Transparent pricing and promises: Vanta strives to do what it says on the tin: we believe in setting and meeting customer expectations. We offer flexible contracts, fair and transparent pricing, and publish our support metrics. We prefer to focus on helping customers succeed and let them explain why they chose us over others—check out our G2 reviews and customer case studies!

Proven market leader and well-funded: Vanta was founded in 2018 and has raised $350M with over 700 employees. We’ve guided over 10,000 customers through their first or multiple audit cycles for various frameworks. These customer learnings and our funding help drive a fast pace of product development to delight customers and ensure Vanta will be there for you in the future.

Interested in seeing why Upflow (YC W20), Tailor (YC S22), and hundreds of other YC companies trust Vanta to automate compliance so they can focus on scaling? Reach out to our team at yc@vanta.com to get started!",https://vanta.com,https://www.ycombinator.com/companies/vanta,"San Francisco, CA, USA",700,B2B,B2B -> Security,"B2B, Security","B2B, Compliance, Security","United States of America, America / Canada, Remote, Partly Remote",Growth,False,True,False,Vanta,https://bookface-images.s3.amazonaws.com/small_logos/0660fb546ece5e50a895e790c299dcaaeeefad32.png,1509678272
1779,Dear Brightly,dear-brightly,Winter 2018,Active,"Dear Brightly makes personalized prescription skincare products,…","Dear Brightly offers prescription skin products online. Our mission is to get people access to the most effective, dermatologist vetted skincare products for healthy skin, using technology.",https://www.dearbrightly.com,https://www.ycombinator.com/companies/dear-brightly,"San Francisco, CA, USA; Remote",3,Healthcare,Healthcare -> Consumer Health and Wellness,"Healthcare, Consumer Health and Wellness",Telehealth,"United States of America, America / Canada, Remote, Fully Remote",Early,False,False,False,"DermaLoop, DearBrightly",https://bookface-images.s3.amazonaws.com/small_logos/c32d165d91cfa6f986d3b77764a91c313b23744b.png,1509678258
1778,Nuvocargo,nuvocargo,Winter 2018,Active,Your AI partner for North America truckload freight,"Nuvocargo is your AI partner for North American truckload freight - built for manufacturers, retailers, distributors, and shippers who want real outcomes, not more software to manage.

We help you:
- Cut freight costs — eliminate manual work, reduce software spend, reduce freight spend
- Improve service levels — accountable to your metrics: OTIF, OTP, OTD, landed cost
- Simplify your tech stack — replace 15+ tools with one managed platform
- Stay ahead on AI — we continuously swap in the best AI models and tools so you don’t have to

Access 300K+ carriers, deploy 12+ AI agents with 70%+ automated truckload touchpoints. ROI in weeks.

We don’t sell software - we sell outcomes, powered by AI and human freight experts. Go to www.nuvocargo.com​​​​​​​​​​​​​​​​ for a demo. 

Backed by $85m+ from leading investors - QED, Tiger Global, NFX, Hi, YC, the founders of Ramp, Nubank, Deel, Replit, Rappi, Dropbox, among others. 

Recognized as Fast Company’s Most Innovative Companies globally, FreightWaves 100, and Y Combinator Top Companies. ",http://www.nuvocargo.com,https://www.ycombinator.com/companies/nuvocargo,"New York City, NY, USA",100,B2B,B2B -> Supply Chain and Logistics,"B2B, Supply Chain and Logistics","Artificial Intelligence, Logistics","United States of America, America / Canada, Remote, Partly Remote",Early,False,False,False,"The Lobby, Savi Cargo, Savicargo",https://bookface-images.s3.amazonaws.com/small_logos/275e2a78b8a55a63263d69a44e49471cf75b7b7f.png,1509678252
1777,AesculaTech,aesculatech,Winter 2018,Active,"Responsive materials, better lives. ","AesculaTech believes in building better lives through smart chemistry. We design custom smart materials for a range of biomedical, commercial, and industrial applications. Our platform technology, AesculaGel offers adaptive response to a wide range of stimuli and can be tailor-made for biocompatibility, material strength, and a range of other attributes. 

Founded by one of MIT's 35 under 35 Innovators, AesculaTech is the shared vision of scientists, engineers, and medical experts. Our cornerstone product, Humidifeye, is an ophthalmic platform to treat dry eye disease. Dry eye affects more than 25 million Americans and the global treatment market is projected higher than $6 Billion within the next decade. Our thermally responsive, form-fitting materials are suitable for sustained yet reversible occlusion across a range of treatment times. In contrast to existing technologies, our product will not extrude, or cause discomfort as it adapts to patients. Though Humidifeye is not yet FDA approved, expect to hear about it soon!

In coordination with partners across several sectors, we have a variety of groundbreaking technologies in the works that live up to our vision. This work has already been recognized. AesculaTech was named a Rosenman Innovator, received a National Science Foundation I-Corps grant, was a finalist in the 2019 Octane High Tech Awards, and is a graduate of both the Y Combinator and TMCx accelerator programs. In short, Y-Combinator was only the beginning. 

",https://www.aesculatech.com/,https://www.ycombinator.com/companies/aesculatech,"Los Angeles, CA, USA",6,Healthcare,Healthcare -> Medical Devices,"Healthcare, Medical Devices","Medical Devices, Consumer Products","United States of America, America / Canada",Early,False,False,False,,https://bookface-images.s3.amazonaws.com/small_logos/558039f3c75c85d7f5fa8ce2aeb0ec091cf0ec1f.png,1509678251
1773,Persephone Biosciences,persephone-biosciences,Winter 2018,Active,We are using the gut microbiome to end cancer. ,"Persephone Biome develops live biotherapeutic products to modulate the metabolism of gut microbes, for applications in disease prevention and cure. We take a unique engineering approach using systems and synthetic biology to understand the complexities of the microbiome.",http://persephonebiosciences.com/,https://www.ycombinator.com/companies/persephone-biosciences,"San Diego, CA, USA",6,Healthcare,Healthcare -> Therapeutics,"Healthcare, Therapeutics","AI-powered Drug Discovery, COVID-19","United States of America, America / Canada",Early,False,False,False,Persephone Biome,https://bookface-images.s3.amazonaws.com/small_logos/23a03009ea76f97d455fc7ac751ee2643dbe4591.png,1509678246
1771,Modern Health,modern-health,Winter 2018,Active,A mental health benefits platform for employers.,"Modern Health is the leading mental wellness platform that combines clinically validated assessments, personalized stress management support, an international network of certified behavioral health coaches, and licensed therapists to deliver mental health support across a broad range of individual needs. Modern Health empowers employers to lead the charge in helping their employees be less stressed, more engaged, and happier through evidence-based technology and professional support.  Modern Health has raised over $170M from top investors Battery Ventures, Kleiner Perkins, Founders Fund, and John Doerr and supports over 200 companies globally including Lyft, Pixar, SoFi, Credit Karma, Electronic Arts, Cooley, and Okta.",https://www.modernhealth.com/,https://www.ycombinator.com/companies/modern-health,"Boston, MA, USA; San Francisco, CA, USA; Remote",375,Healthcare,Healthcare -> Healthcare Services,"Healthcare, Healthcare Services","Mental Health Tech, Health Tech","United States of America, America / Canada, Remote, Fully Remote",Growth,False,True,False,,https://bookface-images.s3.amazonaws.com/small_logos/8f57f5afcce30f36c43831a578b13163b110301a.png,1509678243
1769,Promise,promise,Winter 2018,Active,Better payment systems for governments and the communities they serve.,"Promise modernizes government payments helping agencies recover more revenue while giving residents flexible, humane ways to pay. We replace broken systems with tech that actually works for everyone.",http://promise-pay.com,https://www.ycombinator.com/companies/promise,"San Francisco, CA, USA",80,Government,Government,Government,"Artificial Intelligence, Fintech, GovTech, Payments","United States of America, America / Canada",Growth,False,True,False,Bail Co. ,https://bookface-images.s3.amazonaws.com/small_logos/25d5c9f4e48e09f1d27797d840d867bea150b1fb.png,1509645829
1768,Tradewind BioScience,tradewind-bioscience,Winter 2018,Active,Tradewind translates scientific insight into innovative ways of…,"Our lead candidate is a multifaceted attack antibody for ovarian cancer. Our approach enables targeting primary cancer cells directly, alongside enabling the immune system's natural anti-cancer function, all with one therapeutic antibody.",https://www.tradewindbio.com,https://www.ycombinator.com/companies/tradewind-bioscience,"San Francisco, CA, USA",2,Healthcare,Healthcare -> Therapeutics,"Healthcare, Therapeutics",,"United States of America, America / Canada, Remote, Partly Remote",Early,False,False,False,,https://bookface-images.s3.amazonaws.com/small_logos/f5d93a10e6cabf940fdedbb063ff7b383002367d.png,1509642227
1767,Nectome,nectome,Winter 2018,Active,Building a way to preserve long-term memories.,"Nectome is a neuroscience startup that aims to preserve the brain and keep all its memories intact.

The company is building the next generation of tools to preserve the connectome. The connectome is all the connections called synapses between neurons in the brain. Researchers from the company is now learning to manipulate individual memories, building advanced brain prosthetics, and reverse-engineering the brain.",https://nectome.com/,https://www.ycombinator.com/companies/nectome,"Portland, OR, USA; South San Francisco, CA, USA",5,Healthcare,Healthcare -> Therapeutics,"Healthcare, Therapeutics",Neurotechnology,"United States of America, America / Canada",Early,False,False,False,,/company/thumb/missing.png,1509602625
1763,Biobot Analytics,biobot-analytics,Winter 2018,Active,Population health analytics powered by wastewater.,"Our mission is to transform wastewater infrastructure into public health observatories.

Named as one of Fast Company’s most innovative companies in the world in 2021, Biobot Analytics is a wastewater epidemiology company and uses technology developed at MIT to measure biomarkers in sewage to better understand population health in cities. We first launched an opioid product to support government and public health officials in responding to the opioid epidemic, and in 2020 launched a Covid19 product to estimate the scope and trend of the outbreak in communities. We have operated in almost 500 communities across 43 U.S. states, generating Covid19 case estimates for over 13% of the U.S. population.

Battling the opioid epidemic and now the Covid19 pandemic is just the beginning - we’re transforming sewage into a data asset and building a public health database. Eventually, Biobot data will be an early warning system for disease outbreaks, a map of nutrition disparities, and more.

Please visit our website at www.biobot.io",http://biobot.io,https://www.ycombinator.com/companies/biobot-analytics,"Boston, MA, USA",12,Government,Government,Government,"Health Tech, Analytics","United States of America, America / Canada, Remote, Partly Remote",Early,False,False,False,,https://bookface-images.s3.amazonaws.com/small_logos/df9a4889e935ddd93b4102bb586d2990073ca598.png,1509599020
1761,NEXGENT,nexgent,Winter 2018,Active,,"We can provide you with the skills, experience  and knowledge you need to skyrocket through the ranks of the IT industry faster than anyone even if you have zero experience right now.  

Our job-ready training program (which is based on our thorough experience working at Cisco, Dimension Data, Arista, etc. and as IT instructors for the  U.S. Air Force) and and in-person certification will help you master the most in-demand networking skills in 2-5 months so that you can break into a tech job or get promoted. 

Additionally, we provide 1:1 live mentorship from some of the best engineers in the world, skills assessment, career guidance and a proven system that can help you prioritize and execute your career plans confidently.  

Apply to our program here: http://zerotoengineer.com
and/or 
learn more here: http://help.nexgent.com",https://ngt.academy/,https://www.ycombinator.com/companies/nexgent,"San Francisco, CA, USA; San Jose, CA, USA; Remote",25,Education,Education,Education,,"United States of America, America / Canada, Remote, Fully Remote",Growth,False,False,False,NEXGENT INC,https://bookface-images.s3.amazonaws.com/small_logos/9390f3baae325b7a05b8987dcf8985624b540009.png,1509599016
1760,Macromoltek,macromoltek,Winter 2018,Active,Computational antibody design,"Macromoltek: Revolutionizing antibody design.

Description:  Macromoltek, a computational de novo drug design company, rapidly produces accurate and credible antibody designs. We have built a proprietary platform that enables design against difficult targets inaccessible by traditional methods and have are already designing antibodies for large biopharmas and smaller biotechs. ",https://www.macromoltek.com,https://www.ycombinator.com/companies/macromoltek,"Austin, TX, USA",14,Healthcare,Healthcare -> Drug Discovery and Delivery,"Healthcare, Drug Discovery and Delivery","AI-powered Drug Discovery, Deep Learning, Therapeutics","United States of America, America / Canada",Early,False,False,False,,https://bookface-images.s3.amazonaws.com/small_logos/22ef7592b0b7fa7b4f61dab016b46e8d7b52fcd6.png,1509599015
1757,Avro Life Science,avro-life-science,Winter 2018,Active,Skin patches for generic drug delivery. ,,http://avrolifesci.com,https://www.ycombinator.com/companies/avro-life-science,"Waterloo, ON, Canada",8,Healthcare,Healthcare -> Drug Discovery and Delivery,"Healthcare, Drug Discovery and Delivery","Biotech, Drug Delivery","Canada, America / Canada",Early,False,False,False,,https://bookface-images.s3.amazonaws.com/small_logos/5ac9275384f9ff51e1062f157268e402e8ef1354.png,1509599008
1753,SRTX,srtx,Winter 2018,Active,Powering a better future for textiles.,"SRTX builds new materials and software to enable better textiles. SRTX is best known for its first technology, Sheertex, a knit made from one of the world's strongest polymers which has disrupted hosiery through impossibly strong pantyhose. ",https://www.srtxlabs.com/,https://www.ycombinator.com/companies/srtx,"Toronto, ON, Canada; Montreal, QC, Canada",150,Industrials,Industrials -> Manufacturing and Robotics,"Industrials, Manufacturing and Robotics","Hard Tech, Smart Clothing, Consumer, Manufacturing","Canada, America / Canada",Growth,False,False,False,"Sheerly Genius, Sheertex, SRTX, SRTX (Sheertex)",https://bookface-images.s3.amazonaws.com/small_logos/b8f27e765f9d63d4654849ec852c4f841e0eadcf.png,1509591807
1752,Simetrik,simetrik,Winter 2018,Active,No code enterprise SaaS for financial control automation.,No code enterprise SaaS for financial control automation. Empowering finops and accounting teams with a no code platform that allows them to automate and maintain financial control automation throughout the finops process. ,https://simetrik.com,https://www.ycombinator.com/companies/simetrik,"Bogotá, Bogota, Colombia; Remote",350,B2B,B2B -> Finance and Accounting,"B2B, Finance and Accounting","Fintech, SaaS","Colombia, Latin America, Remote, Fully Remote",Early,False,False,False,"Ropeo, WeExpenses",https://bookface-images.s3.amazonaws.com/small_logos/ab2e29daec9e4efba8cc8dc5764edc5ad41ae1ee.png,1509591804
1750,Key Values,key-values,Winter 2018,Active,Helping software developers find teams that share their values. ,,https://www.keyvalues.com,https://www.ycombinator.com/companies/key-values,"Seattle, WA, USA",1,B2B,B2B -> Recruiting and Talent,"B2B, Recruiting and Talent","Recruiting, Careers","United States of America, America / Canada",Early,False,False,False,,https://bookface-images.s3.amazonaws.com/small_logos/69b6a37b7adaa6a16d3c4640af935a47c7002a49.png,1509591799
1749,CoinTracker,cointracker,Winter 2018,Active,The gold standard in cryptocurrency portfolio tracking and taxes,"[CoinTracker](https://www.cointracker.io) makes cryptocurrency portfolio tracking and tax compliance simple. CoinTracker enables consumers and businesses to seamlessly track their cryptocurrency portfolio, investment performance, taxes, and more. We are a globally distributed team on a mission to enable everyone in the world to use crypto with peace of mind. [Learn more](https://www.notion.so/cointracker/CoinTracker-is-Hiring-7308c712493940a3b6e62257d283dad8) about our mission, culture, and hiring process.",https://cointracker.com,https://www.ycombinator.com/companies/cointracker,"San Francisco, CA, USA",70,Fintech,Fintech,Fintech,"Fintech, SaaS, Crypto / Web3, Consumer","United States of America, America / Canada, Remote, Partly Remote",Growth,False,True,False,"Nino Finance, Inc., Nino Finance",https://bookface-images.s3.amazonaws.com/small_logos/097c28935ffe6f2c55f615c50f2a9e6af69ae9d4.png,1509591796
1748,Slite,slite,Winter 2018,Active,The self-maintaining knowledge base,"Slite pairs a verified knowledge base with an AI agent connected to all team's tools, detecting when docs gets outdated and keeping them in sync with reality.

It gives teams a company brain that stays in sync with reality, for humans to trust and AI agents to act on.",https://slite.com/,https://www.ycombinator.com/companies/slite,"Berlin, Berlin, Germany; Remote",40,B2B,B2B -> Productivity,"B2B, Productivity","Documents, SaaS, Collaboration","Germany, Europe, Remote, Fully Remote",Growth,False,False,False,,https://bookface-images.s3.amazonaws.com/small_logos/db873106ddb92ab7ceb9101417308ccab78f6f3c.png,1509562905
1747,Glowing.io,glowing-io,Winter 2018,Active,"Unified, enterprise messaging platform for leading brands of the world",Glowing enables leading global brands and their customers  to text message with each other via existing popular mobile messaging platforms. Our solution allows for brands to appeal to millennials (and other digital travelers) as well as to the “silent guests” who prefer messaging as their primary communication channel.,http://www.glowing.io,https://www.ycombinator.com/companies/glowing-io,"Las Vegas, NV, USA",11,B2B,B2B,B2B,"SaaS, B2B, Messaging","United States of America, America / Canada, Remote, Partly Remote",Early,False,False,False,"Glowing.io, Glowing",https://bookface-images.s3.amazonaws.com/small_logos/1c92df8bc210fd186d92f28cce482984f5f181d3.png,1509562896
1746,Sixfold Bioscience,sixfold-bioscience,Winter 2018,Active,Delivering RNA therapies.,"Sixfold is focused on the commercialisation of its patented drug delivery systems for RNA therapeutics such as siRNAs for gene silencing and mRNAs for gene expression. 

",https://www.sixfold.bio,https://www.ycombinator.com/companies/sixfold-bioscience,"London, England, United Kingdom",27,Healthcare,Healthcare -> Drug Discovery and Delivery,"Healthcare, Drug Discovery and Delivery","Gene Therapy, Nanomedicine, Drug Delivery","United Kingdom, Europe",Early,False,False,False,Sixfold Bioscience ,https://bookface-images.s3.amazonaws.com/small_logos/b0f895aea5a3becf96dd016714d9e8aa78189e1b.png,1509562895
1745,Worklytics,worklytics,Winter 2018,Active,Analytics to improve how teams work and collaborate,"Worklytics identifies leading drivers of employee engagement, without the need for repetitive surveys. It does this by passively analyzing anonymous collaboration data, in tools like Google Workspace and Slack, and detecting patterns that lead to greater employee satisfaction. Worklytics uses these insights to promote positive organizational change by proactively nudging leaders and managers.",https://www.worklytics.co,https://www.ycombinator.com/companies/worklytics,"Seattle, WA, USA",,B2B,B2B -> Analytics,"B2B, Analytics","Human Resources, Productivity","United States of America, America / Canada, Remote, Partly Remote",Early,False,False,False,,https://bookface-images.s3.amazonaws.com/small_logos/6e12a0489b9aae208b2203d11474c6fdafff83ad.png,1509562894
1744,Fondo,fondo,Winter 2018,Active,"Bookkeeping, tax, & tax credits on autopilot for 2,000+ startups","Fondo is the easy way for startups to get their bookkeeping done, taxes filed, and cash back from the IRS (average startup gets $21k). We’ll optimize and file your taxes, and you’ll get cash back — up to $500k per year. Need more help? We’ll also do your bookkeeping, so you don’t have to worry about a thing.",https://fondo.com,https://www.ycombinator.com/companies/fondo,"San Francisco, CA, USA",80,B2B,B2B -> Finance and Accounting,"B2B, Finance and Accounting","Fintech, SaaS, B2B, AI","United States of America, America / Canada, Remote, Partly Remote",Early,False,True,False,"BloomJoy, Fondo, Fondo (was BloomJoy)",https://bookface-images.s3.amazonaws.com/small_logos/2f0b5fe4e91dafcccff1f484b17acd3b14006850.png,1580421990
1739,Observant AI,observant-ai,Winter 2018,Active,iPhone-based driver monitoring for commercial fleets.,"Observant AI is an iPhone-based driver monitoring system for commercial fleets. It uses machine learning + iPhone's depth sensors to detect unsafe driver behavior, prevent accidents, and save lives.",https://www.observantai.com,https://www.ycombinator.com/companies/observant-ai,"San Francisco, CA, USA; Remote",5,B2B,B2B -> Operations,"B2B, Operations","Autonomous Trucking, Hard Tech, Machine Learning, SaaS","United States of America, America / Canada, Remote, Fully Remote",Early,False,False,False,"Buglife, Observant",https://bookface-images.s3.amazonaws.com/small_logos/2e800cad3bc0abdaeb2231fae95e02400fb25188.png,1509562882
1736,Assembly,assembly-com,Winter 2018,Active,Create remarkable client experiences,"Assembly is the AI-powered platform for professional service firms. Give clients a clean, branded portal that brings everything together — tasks, payments, messages, files, contracts, and forms — and give your team a simple CRM and an AI Assistant that knows full client context. Run onboarding and back-office work faster, improve customer retention, and make clients happier. Extend the platform with embeds, Zapier/Make, webhooks, and a public API, or build Custom Apps for your exact workflow. ",https://www.assembly.com,https://www.ycombinator.com/companies/assembly-com,"New York City, NY, USA",25,B2B,B2B -> Productivity,"B2B, Productivity","B2B, E-commerce, AI, AI Assistant","United States of America, America / Canada",Early,False,True,False,"Piccolo, Portal, Copilot",https://bookface-images.s3.amazonaws.com/small_logos/c55057ac15a637901bedd0c55239dee969af0c01.png,1674146997
1734,Jasper.ai,jasper-ai,Winter 2018,Active,Jasper is a leader in creating content using Artificial Intelligence,"Launched in February 2021, Jasper is an AI content platform that helps creators and companies of all types expand their creative potential. Over 105,000 active customers are using Jasper to break through writer’s block, repackage their content, create original art, and adjust writing for language and tone. The interest in AI continues to grow and we are at the forefront of teaching the world how to leverage artificial intelligence as a creative partner. We are building teams that will pioneer the content generations space even further.",https://jasper.ai,https://www.ycombinator.com/companies/jasper-ai,"Austin, TX, USA; Salt Lake City, UT, USA",195,B2B,B2B,B2B,"Artificial Intelligence, Generative AI, AI, Conversational AI","United States of America, America / Canada, Remote, Partly Remote",Growth,False,False,False,"Proof, Proof (Jarvis), Jarvis, Jasper, Jasper AI, Inc., Jasper",https://bookface-images.s3.amazonaws.com/small_logos/18b90074b86630e3f25f2673c29d94e8c03c9018.png,1666106268
1732,Shogun,shogun,Winter 2018,Active,Shogun empowers brands to create exceptional ecommerce experience.,"Shogun is an ecommerce experience platform empowering brands to drive higher conversions, revenue, and brand loyalty. Our products Shogun Page Builder and Shogun Frontend help teams build and optimize their online stores to deliver exceptional experiences. Our products integrate with ecommerce platforms like Shopify and BigCommerce, and our 20,000+ customers include Leesa, MVMT, Timbuk2, and Chubbies. Visit www.getshogun.com for more.

We're an inclusive, remote, diverse, and globally distributed team. And we’re hiring!",https://getshogun.com/,https://www.ycombinator.com/companies/shogun,"San Francisco, CA, USA; Palo Alto, CA, USA; Remote",90,B2B,"B2B -> Engineering, Product and Design","B2B, Engineering, Product and Design","SaaS, B2B, E-commerce","United States of America, America / Canada, Remote, Fully Remote",Growth,False,False,False,,https://bookface-images.s3.amazonaws.com/small_logos/c4c9d88ca349da23988cd75431bf7ae58301ff05.png,1509562870
1731,Blueberry Pediatrics,blueberry-pediatrics,Winter 2018,Active,24/7 pediatric clinic in every family's living room,"Blueberry Medical provides concierge pediatric care with at-home medical diagnostics and an always-available team of Pediatricians. Blueberry handles twice as may illnesses as any other telemedicine provider and has proven to reduce ER costs by 50%.

",https://blueberrypediatrics.com,https://www.ycombinator.com/companies/blueberry-pediatrics,"San Francisco, CA, USA; Mountain View, CA, USA; Remote",15,Healthcare,Healthcare -> Healthcare IT,"Healthcare, Healthcare IT","Consumer Health Services, Health Tech, Telehealth, Pediatrics, Digital Health","United States of America, America / Canada, Remote, Fully Remote",Growth,False,False,False,"SparkMD Inc., SparkMD, sparkMD, Blueberry Medical",https://bookface-images.s3.amazonaws.com/small_logos/7f53180b1f0a5dbf45a41287bda60b7bd4a4c1b5.png,1509562869
1730,Beanstalk,beanstalk,Winter 2018,Active,"Great tasting produce, farmed around the corner","Brothers, Michael and Jack, started Beanstalk as a solution to solve a local restaurant’s need for consistent, high-quality salad. In doing so, they created a vertical farming technology capable of growing lettuces, spinach, basil, carrots, lavender, and more.

Beanstalk is at the nexus of industrial robotics, plant science, and the culinary arts. Our technology enables us to develop new products quickly, automate traditionally labor-intensive work, and connect consumers to fresh produce in ways not before seen.",http://beanstalk.farm,https://www.ycombinator.com/companies/beanstalk,"Washington, DC, USA",15,Industrials,Industrials -> Agriculture,"Industrials, Agriculture","Food Service Robots & Machines, Grocery, Vertical Farming","United States of America, America / Canada, Remote, Partly Remote",Growth,False,False,False,,https://bookface-images.s3.amazonaws.com/small_logos/1ccd8b9d6b1ac431234008946b6ca8bd57db0122.png,1509562868
1729,Spellbrush,spellbrush,Winter 2018,Active,Making Anime Real,"Here at Spellbrush, we're passionate about making a good anime game.

We also happen to be the world's leading generative AI studio — we're the team behind niji・journey.

We are currently investigating how AI can be used to help human artists perform masterpieces in the most complex medium of our times: video games.

Our games are characterized by a no-compromise approach to well-balanced gameplay married to a truthful love of visual arts.",https://spellbrush.com,https://www.ycombinator.com/companies/spellbrush,"San Francisco, CA, USA",30,Consumer,Consumer -> Gaming,"Consumer, Gaming","Artificial Intelligence, Deep Learning, Generative AI, Gaming","United States of America, America / Canada",Growth,False,True,False,"Sizigi, Sizigi Studios",https://bookface-images.s3.amazonaws.com/small_logos/fb441dcc9519c0cc22e2464b6b1c3b1ca462403b.png,1669939734
1727,Quantstamp,quantstamp,Winter 2018,Active,Security auditing for Web3,"Quantstamp has protected billions in digital assets from hackers on our mission to secure web3. As a global team of security professionals, we have honed our technology and expertise through hundreds of audits and gained the trust of our clients to keep their innovative products safe.

In addition to providing an array of security services, we facilitate the growth and longevity of the web3 space through strategic investments and acting as a trusted advisor to help projects scale. Quantstamp is honored to have worked with some of the top projects in the industry including Aave, Compound, Maker, OpenSea, Polygon and many more.

As the leading blockchain security company in this emerging industry, we are always looking for team members that love taking initiative and solving challenging problems. Join the team and help us secure the future of web3.
",https://quantstamp.com,https://www.ycombinator.com/companies/quantstamp,"San Francisco, CA, USA; Remote",80,B2B,B2B -> Security,"B2B, Security","Crypto / Web3, Security","United States of America, America / Canada, Remote, Fully Remote",Growth,False,False,False,,https://bookface-images.s3.amazonaws.com/small_logos/2dc377e8276c3eddb8f99613f0b90ed45fea6ee7.png,1509562863
1725,Precious,precious,Winter 2018,Active,AI to curate your baby photos,"Precious is the iPhone app that tells the story of your children growing up.

Using Artificial Intelligence, the app automatically finds the best baby pics on your phone, and then creates deliciously cute photo stories for you.

Our vision is to help all families capture the joy of childhood. To do this, we are building the platform for preserving, enjoying & sharing your family's memories.",https://preciousapp.com/,https://www.ycombinator.com/companies/precious,"San Francisco, CA, USA; Remote",7,Consumer,Consumer -> Social,"Consumer, Social",Artificial Intelligence,"United States of America, America / Canada, Remote, Fully Remote",Early,False,False,False,Baby Art,https://bookface-images.s3.amazonaws.com/small_logos/f10bce129335efc6703e8ae67890f02a5286fc9d.png,1509562860
1723,Proven Group,proven-group,Winter 2018,Active,"PROVEN is using AI, data and personalization to disrupt CPG","Proven is a data powered skincare company that creates personalized skincare products based on more than 47 factors about an individual's skin, genetic background, lifestyle and environment. Our formulations are rooted in the largest beauty database in the world, the proprietary Skin Genome Project, built in-house by Proven's cofounder Amy Yuan, a computational physicist from Stanford. The database has won MIT's AI Technology of the Year award and encompasses more than 20Million consumer datapoints and thousands of scientific articles on skin. Our challenge now is to tell the story of Proven, and share our industry leading personalized skincare products with the world.",https://www.provenskincare.com,https://www.ycombinator.com/companies/proven-group,"San Francisco, CA, USA; Remote",40,Consumer,Consumer,Consumer,"Artificial Intelligence, Machine Learning, Consumer, E-commerce","United States of America, America / Canada, Remote, Fully Remote",Growth,False,True,False,Proven,https://bookface-images.s3.amazonaws.com/small_logos/7c83aa289cd925acbb18fdef94c0f501396b2076.png,1508008727
1721,"Lucy Goods, Inc",lucy-goods-inc,Winter 2018,Active,Lucy’s mission is to reduce tobacco-related harm to zero. We provide…,"If it isn’t bad enough that smokers don’t realize the scientific facts about nicotine, most non-tobacco nicotine products are poorly designed and unappealing to use. The leading gum is sold like a pharmaceutical drug, with flavoring and packaging to match. Vapes provide a cumbersome, over-the-top experience — with use as tightly restricted as cigarette smoking itself, but more juvenile, conspicuous, and highly addictive. People want, and deserve, a better way.

Therefore, we want to deliver nicotine users a superior experience, and at the same time give them a way to transition out of feeling dependent. In a better society, people wouldn’t carry around the sensation that they’re stuck with an involuntary habit. Our mission isn’t to encourage nicotine use among people who haven’t started. Unlike certain vapes or other products, ours isn’t the sort coveted by underage users on social media. Our mission is to alleviate the harm related to tobacco — first and foremost, by switching people away from the most harmful products.

So, at Lucy, we take an evidence based view of nicotine. Nicotine’s pleasurable properties make it an inevitable part of modern society. Therefore, minimizing harm in all nicotine products is key, in addition to giving people products and strategies for cessation. We feel that, as 1,300 people are dying of tobacco related illnesses every day in the US, the most important and immediate step toward a better society is giving nicotine consumers products they enjoy using that will cause less harm.

Our first product is designed to appeal to smokers and encourage them to switch. And, looking ahead, we hope to secure approval in the future as a clinically proven smoking cessation aid, while continuing to participate in the FDA’s public hearings around how NRTs are best regulated. Our goals are simple: because harm reduction is a better strategy around nicotine delivery than abstinence or prohibition, we want to help improve public health — and reduce its costs — through a superior pure nicotine product.",https://lucy.co/,https://www.ycombinator.com/companies/lucy-goods-inc,"Los Angeles, CA, USA",7,Consumer,Consumer -> Food and Beverage,"Consumer, Food and Beverage","3D Printed Foods, Biotech, E-commerce","United States of America, America / Canada, Remote, Partly Remote",Growth,False,False,False,"Lucy, Lucy Nicotine",https://bookface-images.s3.amazonaws.com/small_logos/6fa905ed0111248b2a03722c5ba79f0b395dae83.png,1507160421
1874,Look After My Bills,look-after-my-bills,Winter 2018,Acquired,"Personal fintech - we optimise your bills, every year, automatically.",Look After My Bills is a new auto-switching service making sure you're always on the best possible energy deal.,http://www.lookaftermybills.com,https://www.ycombinator.com/companies/look-after-my-bills,"England, United Kingdom",2,Fintech,Fintech -> Consumer Finance,"Fintech, Consumer Finance",Fintech,"United Kingdom, Europe",Early,False,False,False,,https://bookface-images.s3.amazonaws.com/small_logos/67feedac703051e2ac7e071240d7e52a5d06db78.png,1513641739
1870,Qulture.Rocks,qulture-rocks,Winter 2018,Acquired,"The people, management, and culture operating system for your startup.","Qulture.Rocks makes people management, OKR management, and culture management software for some of the world's most innovative companies, backed by the likes of Founders Fund, Blackstone, Sequoia, and Tiger Global.

Our suite of products encompasses 1:1s, engagement surveys, performance reviews, OKRs/goals, ongoing feedback, and peer to peer recognition, and integrates seamlessly with your existing software (including Slack).

We also help our customers design their processes, which is of special help for startups and scaleups implementing these practices for the first time.",https://qulture.rocks/en/home/,https://www.ycombinator.com/companies/qulture-rocks,"San Francisco, CA, USA",70,B2B,B2B -> Human Resources,"B2B, Human Resources","Human Resources, Culture","United States of America, America / Canada, Remote, Partly Remote",Early,False,False,False,,https://bookface-images.s3.amazonaws.com/small_logos/1b3afc7c2c63e523dc5a45e2f08fde4ab63901d0.png,1513137768
1858,Jido Maps,jido-maps,Winter 2018,Acquired,Turn your data into a deployed computer vision model,"We help teams that may or may not have machine learning expertise quickly turn their data into deployed computer vision models. Example applications include security camera monitoring, automating data entry, interpreting web scraped images, validated user photo inputs, augmented reality and mobile product scanning. 

If you have visual or scanned data that you wish your software could interpret at scale, we can turn around a first proof of concept in under a week. Reach out and see how computer vision can change your business.",https://jidomaps.com/,https://www.ycombinator.com/companies/jido-maps,"San Francisco, CA, USA; Remote",6,B2B,B2B -> Infrastructure,"B2B, Infrastructure","Deep Learning, Indoor Mapping, Machine Learning, Computer Vision","United States of America, America / Canada, Remote, Fully Remote",Early,False,False,False,MapSync,https://bookface-images.s3.amazonaws.com/small_logos/788dc05b2141606cea9f6805759306ec0ea99f5e.png,1512529341
1852,Swipehouse,swipehouse,Winter 2018,Acquired,Meet other creators. Get daily matches. Find brand deals.,"The biggest social network in the world for TikTok celebs. One of the first 5 companies in the US to get the TikTok API. Launched over 400 companies on TikTok in under a year.

Work with Ridge, Hopper, and more. Acquired in 2021.",https://swipehouse.co,https://www.ycombinator.com/companies/swipehouse,"Boston, MA, USA; Cambridge, MA, USA",5,Consumer,Consumer -> Social,"Consumer, Social","Entertainment, Community, E-commerce","United States of America, America / Canada",Early,False,False,False,"Summer Playbook, Playbook, Duet - Meet TikTokers",https://bookface-images.s3.amazonaws.com/small_logos/a3f7556c86e636435ebc7f31c36db282e351820a.png,1510981361
1843,Medumo,medumo,Winter 2018,Acquired,We manage patient instructions for hospitals,"We’re a group of Harvard and Yale-trained physicians, engineers, designers, and social entrepreneurs who came together to transform care delivery.

Medumo’s CareTours™ enable healthcare organizations to effectively provide turn-by-turn guidance to patients without disrupting workflow by utilizing automated, precisely-timed messages sent via text and email. 

- Dramatically improve procedural completion rate
- Increase referral conversion
- Reduce staff burden 
- Recover revenue loss 

Want to get started in automating patient navigation for your Hospital, ASC, or Practice? We serve all specialties. Reach out to our leadership team for a brief chat or full presentation. 

Bob Smith - Director Strategic Partnerships 
Bob@medumo.com
Cell # is 502-744-2911  EST",https://www.medumo.com/,https://www.ycombinator.com/companies/medumo,"Boston, MA, USA",12,Healthcare,Healthcare -> Healthcare IT,"Healthcare, Healthcare IT","Healthcare, Healthcare IT","United States of America, America / Canada",Early,False,False,False,,https://bookface-images.s3.amazonaws.com/small_logos/e3af6c83572cda9e228f1e2c670bc2378dbaf0a3.png,1510254203
1841,Zyper,zyper,Winter 2018,Acquired,Recreating social networks for brands. ,"Zyper is a machine learning-led community marketing tool that enables brands to identify and engage with the top 1% of their social following, turning them from passive followers to active advocates.

These brand fans create authentic and emotive content, scaling peer-to-peer advertising in a unique way by uplifting market voice, engagement and social conversion.

Neither micro-influencers nor bloggers, brand fans are real, social-savvy consumers who influence their immediate peer group and immerse themselves in your brand ecosystem. We target them at scale to give you the equivalent reach of one influencer but with the value of repeat content, authenticity and higher engagement.",https://zyper.com/,https://www.ycombinator.com/companies/zyper,"San Francisco, CA, USA",35,B2B,B2B -> Marketing,"B2B, Marketing","Social, Networks","United States of America, America / Canada",Growth,False,False,False,,https://bookface-images.s3.amazonaws.com/small_logos/4248c76a3206fa82425c191a7b09f3b905910b5a.png,1510221792
1840,Memora Health,memora-health,Winter 2018,Acquired,Digitize and Automate Complex Care Workflows,"Memora Health helps healthcare organizations digitize and automate complex care workflows, making them simple for patients and clinicians to navigate. Memora ingests existing data on clinical workflows, converts them into cohesive messaging journeys that guide patients through their care episodes, and automates the completion of simple follow-up tasks in the EMR. Memora's platform reduces care team notifications by nearly 40%, has a >70 average NPS, and has improved clinical outcomes across various populations. Contact us at info@memorahealth.com",https://memorahealth.com,https://www.ycombinator.com/companies/memora-health,"San Francisco, CA, USA",115,Healthcare,Healthcare -> Healthcare IT,"Healthcare, Healthcare IT","Health Tech, Digital Health, AI","United States of America, America / Canada, Remote, Partly Remote",Early,False,False,False,,https://bookface-images.s3.amazonaws.com/small_logos/d4adcbb7670278fde1c3c6856a264e0cdcf8adf7.png,1510200190
1837,YouTeam,youteam,Winter 2018,Acquired,We make it easy for startups to hire engineers.,"YouTeam has helped more than 60 YC startups hire top-notch engineers they couldn't find elsewhere.

YouTeam connects you with select offshore developers seeking full-time contracts that aren't listed on any freelance portals or job boards. We are the only platform accessing this previously untapped talent pool, allowing us to select the ""crème de la crème"" of the talent.",https://youteam.io,https://www.ycombinator.com/companies/youteam,"San Francisco, CA, USA; Mountain View, CA, USA",34,B2B,B2B -> Recruiting and Talent,"B2B, Recruiting and Talent","Marketplace, Human Resources","United States of America, America / Canada, Remote, Partly Remote",Early,False,False,False,,https://bookface-images.s3.amazonaws.com/small_logos/3c9e2d9613351e5ded12760bc18a55ad140d6f08.png,1510200186
1835,Mojo,mojo,Winter 2018,Acquired,Mobile app for creating pro-quality social media videos,,https://mojo-app.com,https://www.ycombinator.com/companies/mojo,"Paris, Île-de-France, France",20,Consumer,Consumer -> Content,"Consumer, Content","Consumer, B2B, Design Tools, Video, Subscriptions","France, Europe, Remote, Partly Remote",Early,False,False,False,"Arrow, mojo",https://bookface-images.s3.amazonaws.com/small_logos/ab15fdb2009046919edffcb203ca318de5911113.png,1510196655
1830,Dataform,dataform,Winter 2018,Acquired,"Manage data in Snowflake, BigQuery, and Redshift","Dataform helps data teams build, version control, and deploy SQL pipelines in their data warehouse.

Acquired by Google Cloud in December 2020. ",https://dataform.co,https://www.ycombinator.com/companies/dataform,"London, England, United Kingdom",10,B2B,B2B -> Analytics,"B2B, Analytics",Analytics,"United Kingdom, Europe",Early,False,False,False,Tada analytics,https://bookface-images.s3.amazonaws.com/small_logos/46c81a7dc1e9ec184f2bab776059e6e905b81100.png,1510196643
1827,SharpestMinds,sharpestminds,Winter 2018,Acquired,Peer-to-peer mentorships through income-share agreements.,"SharpestMinds is a mentorship program for data scientists based on income share agreements. Experienced engineers mentor aspiring data scientists, who then pay the engineers back a percentage of their first year's salary after they're hired.

SharpestMinds mentors come from world leading AI groups at top companies including Apple, Uber, Tesla, Facebook and Amazon.",http://sharpestminds.com,https://www.ycombinator.com/companies/sharpestminds,"Toronto, ON, Canada; Remote",4,B2B,B2B -> Recruiting and Talent,"B2B, Recruiting and Talent","Artificial Intelligence, Education, Income Share Agreements","Canada, America / Canada, Remote, Fully Remote",Early,False,False,False,,https://bookface-images.s3.amazonaws.com/small_logos/fc79372b26499c03a396e60aabc6fe23d1e8f970.png,1510193034
1824,Naborly,naborly,Winter 2018,Acquired,A credit bureau for the renting generation.,"Naborly has reinvented how credit reports and scores work for the rental industry to help landlords know who they're renting to, while helping tenants build credit by just paying their rent.",https://naborly.com,https://www.ycombinator.com/companies/naborly,"Toronto, ON, Canada",25,Real Estate and Construction,Real Estate and Construction -> Housing and Real Estate,"Real Estate and Construction, Housing and Real Estate","Artificial Intelligence, Fintech, Real Estate","Canada, America / Canada, Remote, Partly Remote",Early,False,False,False,,https://bookface-images.s3.amazonaws.com/small_logos/9f516caa1f20b2a80bf28606a9ba74d6a01704b2.png,1510193024
1821,Hunter2,hunter2,Winter 2018,Acquired,Hunter2 trains engineering teams in application security through…,Hunter2 teaches modern appsec to engineering teams through interactive labs. Developers get hands-on practice exploiting and patching real web apps written in their tech stack.,https://hunter2.com,https://www.ycombinator.com/companies/hunter2,"Boston, MA, USA",,B2B,B2B -> Security,"B2B, Security","Developer Tools, Education, Cybersecurity","United States of America, America / Canada",Early,False,False,False,,/company/thumb/missing.png,1510124608
1816,Lawyaw,lawyaw,Winter 2018,Acquired,Automating document-based workflows,"Lawyaw is a vertical SaaS platform focused on enabling the digitization of legal services. Our platform solves a foundational gap in the market by making it easy to incorporate programmable documents into digital workflows. As a result we are transforming the $150B consumer legal services market by making access to legal services faster, cheaper and more convenient. We are currently power over 1,000 law firms and growing quickly, but have so much more to build!
",http://www.lawyaw.com,https://www.ycombinator.com/companies/lawyaw,"San Francisco, CA, USA",15,B2B,B2B -> Legal,"B2B, Legal","Documents, SaaS, Legal","United States of America, America / Canada, Remote, Partly Remote",Early,False,False,False,"Lawyaw, MyStacks",https://bookface-images.s3.amazonaws.com/small_logos/ecc7e8c288b10148057bc68d0b6b2bb86b0fcdc6.png,1510117398
1807,Edwin,edwin,Winter 2018,Acquired,Edwin is virtual English tutor - an AI-powered service for learning…,"It combines the latest adaptive learning and Natural Language Understanding technology with pedagogical content as well as on-demand human instructors to offer its students affordable, personalized, 1:1 learning. Based in San Francisco, the company was funded by General Catalyst, Y Combinator, Google Assistant Investments Program, and several other investors. Over 800 thousand students have improved their English with Edwin.

In early 2020 Edwin merged with MyBuddy.ai. The resulting company kept the name “Buddy.ai”. Headquartered in San Francisco, it focuses on building a virtual English conversation partner for over 500 million children around the globe who are trying to learn English, but can't reach fluency because they lack genuine practice speaking the language. The company doubled down on its mobile app Buddy, the voice-based English tutor for kids, organically combining solutions developed by Buddy.ai and Edwin.",https://edwin.ai,https://www.ycombinator.com/companies/edwin,"San Francisco, CA, USA; Remote",14,Education,Education,Education,"AI-Enhanced Learning, Education, Machine Learning, Smart Home Assistants, eLearning","United States of America, America / Canada, Remote, Fully Remote",Early,False,False,False,Edwin.ai,https://bookface-images.s3.amazonaws.com/small_logos/9acc840c27b5a4171f25ceb9a456d6444003093c.png,1510113785
1806,Flinto,flinto,Winter 2018,Acquired,Mexico's digital wallet,"Send money to friends, pay at merchants, and take care of your bills through your phone, even without a bank account.",http://flinto.app,https://www.ycombinator.com/companies/flinto,"Mexico City, CDMX, Mexico",,Fintech,Fintech -> Payments,"Fintech, Payments","Fintech, Consumer, Latin America","Mexico, Latin America",Early,False,False,False,Flint,https://bookface-images.s3.amazonaws.com/small_logos/ea3b87fd86a38827492c7301ba323f80925ce00c.png,1510113782
1789,Evry Health,evry-health,Winter 2018,Acquired,Better health insurance for mid-size companies,We build health insurance for mid-sized companies that costs 20% less and provides more effective medical care.  ,http://evryhealth.com/,https://www.ycombinator.com/companies/evry-health,"Dallas, TX, USA; Remote",87,Healthcare,Healthcare -> Healthcare Services,"Healthcare, Healthcare Services","Fintech, Healthcare, Health Insurance, Insurance","United States of America, America / Canada, Remote, Fully Remote",Growth,False,False,False,Evry Healthcare,https://bookface-images.s3.amazonaws.com/small_logos/54546a1f116479477e01202dfd79e3c0804a6e65.png,1510027351
1782,NewCraft,newcraft,Winter 2018,Acquired,Universal API for HR & Payroll,"NewCraft makes it easy for developers to connect to employee platforms like Workday, ADP, and Paylocity with a single API. To get access to these systems, some companies have spent over $10M in development costs alongside years of business development efforts. We believe innovators can build the future of employment faster with simplified access. On top of standardizing data across employee systems into a universal API, we offer a modern developer experience with test environments, documentation, and security.",https://www.newcraft.io/,https://www.ycombinator.com/companies/newcraft,Remote,2,B2B,"B2B -> Engineering, Product and Design","B2B, Engineering, Product and Design","Developer Tools, B2B","Remote, Fully Remote",Early,False,False,False,"TrapFi, NewCraft, newcraft, Newcraft",https://bookface-images.s3.amazonaws.com/small_logos/f3da9e158e41c3292ffa4b13f75dbd95d298fef9.png,1509678279
1780,Squad,squad,Winter 2018,Acquired,Squad is an app for live communities to have shared experiences…,Squad adds screen sharing to video chats so you can use any app with friends,http://squadapp.io,https://www.ycombinator.com/companies/squad,"San Francisco, CA, USA; Remote",10,Consumer,Consumer -> Social,"Consumer, Social",Social,"United States of America, America / Canada, Remote, Fully Remote",Early,False,False,False,"Olabot, Molly",https://bookface-images.s3.amazonaws.com/small_logos/19a9dff8066f2bf839ae7e07c10b32a4bac944d1.png,1509678265
1774,Glimpse K12,glimpse-k12,Winter 2018,Acquired,Glimpse eliminates ineffective spending in schools.,"Glimpse12 captures everything you're doing to impact student outcomes and evaluates these activities in the context of student achievement.

Traditionally, eROI is virtually impossible to track and manage. The company's approach maximizes district's education return on investment (eROI) by providing answers to critical questions essential to ensure your time and money are aligned with the unique needs of your students.",http://www.glimpsek12.com/,https://www.ycombinator.com/companies/glimpse-k12,"Huntsville, AL, USA",6,Education,Education,Education,"Education, Analytics","United States of America, America / Canada",Early,False,False,False,,https://bookface-images.s3.amazonaws.com/small_logos/0c2d4820bfd309e815cbd0ae84e1afb3bbdefdcc.png,1509678247
1766,CodeStream,codestream,Winter 2018,Acquired,CodeStream is a Developer Collaboration Platform designed to…,"CodeStream's IDE plugins take the pain out of code reviews. With one command, request feedback on a snapshot of your repo, including uncommitted & unpushed code, allowing you to verify that your work-in-progress is on the right track. (You can also do it the old-fashioned way by committing & pushing at the end of your dev sprint, of course)",http://codestream.com,https://www.ycombinator.com/companies/codestream,"New York City, NY, USA; New York, NY, USA; Remote",10,B2B,"B2B -> Engineering, Product and Design","B2B, Engineering, Product and Design","Developer Tools, SaaS, Collaboration, Open Source","United States of America, America / Canada, Remote, Fully Remote",Early,False,False,False,,https://bookface-images.s3.amazonaws.com/small_logos/162cbcf64286492bd4d396c89184015bac491ca1.png,1509602622
1762,onederful,onederful,Winter 2018,Acquired,Dental Insurance API,Onederful is an API for dental insurance. Automate verifications and claim submissions across 200+ dental insurance carriers.,http://www.onederful.co,https://www.ycombinator.com/companies/onederful,"San Francisco, CA, USA; Remote",2,Healthcare,Healthcare -> Healthcare IT,"Healthcare, Healthcare IT","SaaS, Healthcare, Dental","United States of America, America / Canada, Remote, Fully Remote",Early,False,False,False,,https://bookface-images.s3.amazonaws.com/small_logos/415f38a87a17fc0cfa4d081aff6eac5f9f09d510.png,1509599020
1759,Sepsis Scout,sepsis-scout,Winter 2018,Acquired,Wearables and AI to predict and prevent sepsis outside the hospital,"Formerly known as Patchd Medical, now acquired by Cytovale.

Wearable technology and AI to predict and prevent sepsis outside of hospital.

",https://sepsisscout.com,https://www.ycombinator.com/companies/sepsis-scout,"San Francisco, CA, USA",5,Healthcare,Healthcare -> Healthcare IT,"Healthcare, Healthcare IT","Deep Learning, Health Tech, Medical Devices","United States of America, America / Canada",Early,False,False,False,"Patch'd Medical, Patchd Medical, Sepsis Scout (Formerly Patchd Medical)",https://bookface-images.s3.amazonaws.com/small_logos/6e203795c935dfa82049aa5e5236b3db6130851e.png,1509599012
1751,ClearBrain,clearbrain,Winter 2018,Acquired,Causal Analytics for Growth Teams,"ClearBrain (YC W18) is a startup building the first self-serve AI platform for growth marketing.

We help companies automatically predict and retarget users when they are most likely to purchase. Fortune 1000 companies use ClearBrain’s automated machine learning platform to personalize experiences for hundreds of millions of user predictions - as effectively as Uber or Google.

We’re led by the founding engineers of Google Ads and Optimizely’s data infrastructure teams, and backed by investors in Dropbox, Optimizely, and AdMob. We’re a deeply technical team who value humility and customer empathy above all. As a group we’re also pretty good at bowling, D&D, and Rubik’s cubes.

We are building an advanced analytics platform with the challenge of making it accessible to a smart, capable clientele of growth experts that demands ease of use, utility, high availability and good responsiveness. You’ll join a startup environment where you'll be exposed to a variety of backend, frontend, machine learning frameworks in a fast-moving company!",https://clearbrain.com/,https://www.ycombinator.com/companies/clearbrain,"San Francisco, CA, USA",10,B2B,B2B -> Marketing,"B2B, Marketing",Analytics,"United States of America, America / Canada",Early,False,False,False,,https://bookface-images.s3.amazonaws.com/small_logos/6d5c4995d4edc2612597ff2b00cf6cc4b969c502.png,1509591800
1741,Pulse,pulse-2,Winter 2018,Acquired,We're crowdsourced Gartner so IT executives can learn directly from…,"Pulse is a startup building a crowdsourced knowledge marketplace for C-Suite Technology executives and the vendors that work with them. With nearly 15,000 C-Suite execs already on the Pulse platform and hundreds being added on a daily basis, Pulse is set to change how B2B decisions are made. Companies like Salesforce, Microsoft, Okta and Dialpad already rely on Pulse to turbocharge their strategy, content and marketing teams on a daily basis and as we build out our products, we are excited about what the future holds.",https://www.pulse.qa,https://www.ycombinator.com/companies/pulse-2,"San Francisco, CA, USA",11,B2B,B2B -> Productivity,"B2B, Productivity","Marketplace, Enterprise","United States of America, America / Canada",Growth,False,False,False,Pulse Q&A,https://bookface-images.s3.amazonaws.com/small_logos/25d86eb03156941574fe6ae1c6503e39212d3030.png,1509562887
1726,Mayhem,mayhem,Winter 2018,Acquired,Mayhem is the easiest way to play with your gaming community.,"Acquired by Niantic in 2020.
Automatic game tracking, real-time leaderboards, and global chat built into every community event.",https://www.mayhem.gg,https://www.ycombinator.com/companies/mayhem,"San Francisco, CA, USA",10,Consumer,Consumer -> Gaming,"Consumer, Gaming",Gaming,"United States of America, America / Canada",Growth,False,False,False,"Mayhem, Visor",https://bookface-images.s3.amazonaws.com/small_logos/738c0b22c64a9eef9858aaca8d4c6c4a0ecd1cd0.png,1509562862
1881,Lambda Tea,lambda-tea,Winter 2018,Inactive,We build self-serve bubble tea dispensers! :D,,http://lambdatea.com,https://www.ycombinator.com/companies/lambda-tea,,2,Consumer,Consumer -> Food and Beverage,"Consumer, Food and Beverage","Hardware, Food & Beverage",Unspecified,Early,False,False,False,,/company/thumb/missing.png,1515539193
1864,Hexel,hexel,Winter 2018,Inactive,Create a cryptocurrency for your community.,Hexel lets you create a cryptocurrency for your community.,https://www.onhexel.com,https://www.ycombinator.com/companies/hexel,"New York City, NY, USA; San Francisco, CA, USA",2,Consumer,"Consumer -> Travel, Leisure and Tourism","Consumer, Travel, Leisure and Tourism",Crypto / Web3,"United States of America, America / Canada",Early,False,False,False,"Pragma, Blockchange, Khaki",/company/thumb/missing.png,1512950552
1857,Point API,point-api,Winter 2018,Inactive,Point stores things you send over and over again and helps you re-use…,"Point stores things you send over and over again and helps you re-use them instantly.

Point can store ANYTHING, including long email templates, links, images, and emojis! When you want to re-send your pitch, support ticket resolution, or even just a Calendly link, Point makes it easy to find and reuse it so you never have to type it out again.

No need to search for your favorite emoticon anymore...¯\_(ツ)_/¯

Install our Chrome Extension to use Point anywhere on the web: https://pointapi.com/chrome.",https://pointapi.com,https://www.ycombinator.com/companies/point-api,"New York City, NY, USA; Cambridge, MA, USA",5,B2B,B2B -> Productivity,"B2B, Productivity","Artificial Intelligence, Assistive Tech","United States of America, America / Canada, Remote, Partly Remote",Early,False,False,False,"Point., EasyEmail",https://bookface-images.s3.amazonaws.com/small_logos/24a1b10ecd88a95d991b58dfef7185c0450e3ce6.png,1511931749
1855,Ben,ben,Winter 2018,Inactive,"The easiest way to learn about, buy, and store cryptocurrency.","Ben aims to be a unified platform for learning about, buying, selling, and storing cryptocurrency.

With the hundreds of wallets and exchanges floating around in the blockchain ether, it’s easy for novices to get lost in the fray. Ben’s mobile app distinguishes itself from other wallet exchanges by integrating crypto education, using the platform to also deliver news about currencies and offer Q&As related to crypto investing.",https://ben.co,https://www.ycombinator.com/companies/ben,"San Diego, CA, USA",2,Fintech,Fintech -> Banking and Exchange,"Fintech, Banking and Exchange",Crypto / Web3,"United States of America, America / Canada",Early,False,False,False,Benjamin,https://bookface-images.s3.amazonaws.com/small_logos/950a7ff21b20446149a3abc8e1f1ea56dfb41d52.png,1511226168
1854,Secured,bump-2,Winter 2018,Inactive,"Tools for Sneaker, NFT & web3 investors","Our vision is that anyone with a passion for collectibles (sneakers, NFTs, sports cards, Pokemon cards etc.) will need a Secured membership to access the ultimate market advice and best connect with their community.",https://secured.community,https://www.ycombinator.com/companies/bump-2,"London, England, United Kingdom; Remote",12,Consumer,Consumer -> Apparel and Cosmetics,"Consumer, Apparel and Cosmetics",Subscriptions,"United Kingdom, Europe, Remote, Fully Remote",Growth,False,False,False,BUMP,https://bookface-images.s3.amazonaws.com/small_logos/523f8f9b47a3ad97a77b93e8f9f2a4f0992ef465.png,1510981365
1853,Iambiq Technologies,iambiq-technologies,Winter 2018,Inactive,,We help organizations read and process large amounts of text-based data usually handled by humans.,http://www.iambiqtech.com/,https://www.ycombinator.com/companies/iambiq-technologies,"Washington, DC, USA",2,B2B,"B2B -> Engineering, Product and Design","B2B, Engineering, Product and Design",,"United States of America, America / Canada",Early,False,False,False,,https://bookface-images.s3.amazonaws.com/small_logos/615a8bafca9d7ed28c63cd42a9c8e9fa7c85ea6a.png,1510981363
1851,Voicery,voicery,Winter 2018,Inactive,Automated voice acting and emotive speech synthesis with deep neural…,"Voicery synthesizes the most realistic human voices using deep neural networks. Prior to starting Voicery, Andrew, one of the founders, led the speech synthesis research team at Baidu Research. By synthesizing speech nearly indistinguishable from human, Voicery enable new media applications, such as auto-generated audiobooks, podcasts, television dubs, and voice overs.",http://www.voicery.com,https://www.ycombinator.com/companies/voicery,"San Francisco, CA, USA; Remote",2,B2B,"B2B -> Engineering, Product and Design","B2B, Engineering, Product and Design","Machine Learning, SaaS, B2B","United States of America, America / Canada, Remote, Fully Remote",Early,False,False,False,Tensorac,https://bookface-images.s3.amazonaws.com/small_logos/d304f1473be86d423a2e762c1011d2016d56c04b.png,1510977762
1845,Atrium,atrium,Winter 2018,Inactive,Modern law firm for startups powered by proprietary technology,"Atrium is a new kind of law firm. We serve the startup community in ways our clients want to be served. We are organized like a modern business. We incentivize our team’s creativity and productivity through good management, not the billable hour. We build software to drive efficiency and transparency in our work. We achieve these differences through a technology and operations platform called Atrium LTS, which we co-founded with leading serial entrepreneurs and software developers who share our vision to fix the corporate legal practice.

Please find open jobs here: https://www.atrium.co/careers/",http://www.atrium.co,https://www.ycombinator.com/companies/atrium,"San Francisco, CA, USA",180,B2B,B2B -> Legal,"B2B, Legal",LegalTech,"United States of America, America / Canada",Growth,False,False,False,,https://bookface-images.s3.amazonaws.com/small_logos/a68d338c691e7fc84535f7b8cd41937ba6bbf631.png,1510300998
1838,OSIMple,osimple,Winter 2018,Inactive,Software for inspectors to automate their paper workflow. ,"OSIMple automates data entry for inspectors by replacing stacks of paper with tablets and by generating completed inspection forms. This saves inspectors almost half of their inspection time. Founder Amanda Chan and Michael Miller came across the idea while talking to friends and professors in the civil engineering department at their university. They started building better software for bridge inspectors who were using very manual processes, and it’s been used on over 400 bridges so far. They’ve recently expanded to service home inspectors as well.

Robust, easy to use software and committed team of self-starters providing fast and reliable customer service. We are chalk full of Software Engineering expertise and ready to automate routine inspection tasks to let you focus on meaningful work.",http://osimple.co,https://www.ycombinator.com/companies/osimple,"Kitchener, ON, Canada",2,Real Estate and Construction,Real Estate and Construction -> Construction,"Real Estate and Construction, Construction","Workflow Automation, Enterprise Software","Canada, America / Canada",Early,False,False,False,BigBridge Technologies Inc,https://bookface-images.s3.amazonaws.com/small_logos/6c1c2a9980ae69d40edf2b33fff65a5bb696aa68.png,1510200187
1831,Pagedraw,pagedraw,Winter 2018,Inactive,Pagedraw is a platform for productionizing designs into code.  Thanks…,"Pagedraw turns UI drawings into code, bringing your app's look to life, and ready to deploy to production 

Our mission is to make programming more powerful.",https://pagedraw.io/,https://www.ycombinator.com/companies/pagedraw,"San Francisco, CA, USA",5,B2B,"B2B -> Engineering, Product and Design","B2B, Engineering, Product and Design","Design Tools, No-code","United States of America, America / Canada",Early,False,False,False,,https://bookface-images.s3.amazonaws.com/small_logos/4d3bf96698ab83d289203f5d057793a42c2bf6e4.png,1510196645
1825,Shone,shone,Winter 2018,Inactive,Shone makes existing cargo ships autonomous through retrofit.,,http://www.shone.com/,https://www.ycombinator.com/companies/shone,"San Francisco, CA, USA",8,Industrials,Industrials -> Manufacturing and Robotics,"Industrials, Manufacturing and Robotics",Logistics,"United States of America, America / Canada",Early,False,False,False,,https://bookface-images.s3.amazonaws.com/small_logos/b79ec734901b1c8c328542886f98963466b79df7.png,1510193030
1823,Vathys,vathys,Winter 2018,Inactive,Accelerating machine learning through software,"Previously: Building machine learning hardware 10X faster than ASICs.

After Pivot: Accelerating deep learning through software

YC Winter 2018.",http://vathys.ai,https://www.ycombinator.com/companies/vathys,"Portland, OR, USA; Remote",6,Industrials,Industrials -> Manufacturing and Robotics,"Industrials, Manufacturing and Robotics","Artificial Intelligence, Deep Learning, Machine Learning","United States of America, America / Canada, Remote, Fully Remote",Early,False,False,False,,https://bookface-images.s3.amazonaws.com/small_logos/14e804e717af07615be4e94540c5779418d30a78.png,1510167825
1822,Station,station,Winter 2018,Inactive,Your team’s automated knowledge base,"Station is the central interface for your team’s knowledge. Thanks to our browser extension teams easily visualize and switch across all apps, documents, notes, messages, and more.

Connect any app to Station, customize your interface and watch how Station creates links between files and highlights the information you need when you need it.
It’s a one click install.",https://stationhq.com/,https://www.ycombinator.com/companies/station,"Paris, Île-de-France, France; Remote",9,B2B,B2B -> Productivity,"B2B, Productivity",SaaS,"France, Europe, Remote, Fully Remote",Early,False,False,False,,https://bookface-images.s3.amazonaws.com/small_logos/3c80af2b3ee2764e4e22e38521ed13789ebe2481.png,1510124613
1820,Nutrigene,nutrigene,Winter 2018,Inactive,Personalized liquid supplements based your health data,"Our mission is to optimize health and prevent nutrition-related disease, which affects over half of the world’s population. Current supplement solutions are ineffective and inconvenient. Dried pills lack potency while liquid vitamins quickly degrade - neither form gives your body specifically what it needs to perform. 

Nutrigene helps you optimize your health - by sending you pure, personalized liquid supplements. Pick a goal, fill out our metabolic assessment, and we will optimize your supplements based on scientific research to create unique formulations are 10x more effective than generic off the shelf pill-based formulations.",https://www.mynutrigene.com/,https://www.ycombinator.com/companies/nutrigene,"San Francisco, CA, USA",,Consumer,Consumer -> Food and Beverage,"Consumer, Food and Beverage",Health Tech,"United States of America, America / Canada",Early,False,False,False,,https://bookface-images.s3.amazonaws.com/small_logos/9bbb26655f7468ed5f7c7dfe1a17d75a13231032.png,1510121007
1813,Storyline,storyline,Winter 2018,Inactive,Create Alexa Skills without coding,No-code Alexa Skills builder.,https://www.producthunt.com/posts/storyline-7,https://www.ycombinator.com/companies/storyline,"London, England, United Kingdom",3,B2B,"B2B -> Engineering, Product and Design","B2B, Engineering, Product and Design","B2B, Design Tools","United Kingdom, Europe",Early,False,False,False,"Storyline, Invocable, Happy Aurora, Heyday Healthy, Heyday Health",https://bookface-images.s3.amazonaws.com/small_logos/72a75e7b5deda66d99592a696c3435ccc324d36e.png,1510117390
1804,miru,miru,Winter 2018,Inactive,Experience any piece of furniture in AR,Miru is an augmented reality app that shows you what any piece of furniture will look like in your home. We use a computer vision pipeline to create an augmented reality experience for furniture from any retailer's website so you can see what the coffee table you love will look like in your home.,https://www.miruhome.com,https://www.ycombinator.com/companies/miru,"San Francisco, CA, USA",1,B2B,"B2B -> Engineering, Product and Design","B2B, Engineering, Product and Design","Augmented Reality, Furniture","United States of America, America / Canada",Early,False,False,False,"Cursor Suite, Inc., Brine, Temper, Cursor Suite",https://bookface-images.s3.amazonaws.com/small_logos/7c44e7115231f4c835f804bca26ebeb4503af5c4.png,1510034576
1801,Haiku,haiku,Winter 2018,Inactive,Collaboration tools for software companies,"We offer several products —
Marketing & Sales: Haiku Optimizer (https://getoptimizer.com)
Branding: Diez (https://diez.org)
Design & Code: (https://www.haikuforteams.com/animator)",https://www.haikuforteams.com/,https://www.ycombinator.com/companies/haiku,"San Francisco, CA, USA; Remote",,B2B,"B2B -> Engineering, Product and Design","B2B, Engineering, Product and Design","Developer Tools, Fintech, B2B","United States of America, America / Canada, Remote, Fully Remote",Early,False,False,False,,https://bookface-images.s3.amazonaws.com/small_logos/a862081efb702444a803dd648a44d4fc1444fa94.png,1510034569
1799,Meson,meson,Winter 2018,Inactive,Meson is a stablecoin swap protocol among blockchains and Layer 2s,"Meson is the faster and safer way to execute low-cost, zero-slippage stablecoin cross-chain swaps across all leading blockchains and layer-2 rollups.",https://meson.fi/,https://www.ycombinator.com/companies/meson,"Singapore, Singapore; San Francisco, CA, USA; Remote",10,Consumer,Consumer,Consumer,Crypto / Web3,"Singapore, United States of America, Southeast Asia, America / Canada, Remote, Fully Remote",Early,False,False,False,"Hippo, Secrypto, Obsidian Labs",https://bookface-images.s3.amazonaws.com/small_logos/e8ae840fc8b953875257713883615eaaa4f535d5.png,1510030966
1797,Viaopt,viaopt,Winter 2018,Inactive,Uber pool for corporate trucking fleets,,http://www.viaopt.com,https://www.ycombinator.com/companies/viaopt,"San Francisco, CA, USA",2,B2B,B2B -> Supply Chain and Logistics,"B2B, Supply Chain and Logistics","Autonomous Trucking, Logistics","United States of America, America / Canada",Early,False,False,False,,https://bookface-images.s3.amazonaws.com/small_logos/4110b8cac3188390f99c836f3a6f0547d8bb25d8.png,1510030963
1796,Aalo,aalo,Winter 2018,Inactive,Lego-like furniture for design geeks. We create furniture that's…,,http://www.aalo.co,https://www.ycombinator.com/companies/aalo,"San Francisco, CA, USA; Toronto, ON, Canada",1,Consumer,Consumer -> Home and Personal,"Consumer, Home and Personal","Design, Furniture","United States of America, Canada, America / Canada",Early,False,False,False,,https://bookface-images.s3.amazonaws.com/small_logos/5b960c3cd3323ef642c02e83ce226f1403dfec5e.png,1510030962
1792,Openland,openland,Winter 2018,Inactive,Messenger for communities,"Openland is a messenger for communities. It is focused on fundamental human needs: making new friends, safe self-expression, and learning from others. Openland is a home for some of the most active and supportive chat communities on the Internet. Anyone can start and grow their own community on Openland, for free. Openland was founded in 2017 and is based in San Francisco. The company is backed by 30 prominent venture investors, including Y Combinator, Gagarin Capital, Sinai Ventures, Soma Capital, Liquid 2 Ventures, and Rainfall Ventures.",https://openland.com,https://www.ycombinator.com/companies/openland,"San Francisco, CA, USA; Remote",14,Consumer,Consumer -> Social,"Consumer, Social","Community, Messaging, Social","United States of America, America / Canada, Remote, Fully Remote",Early,False,False,False,Statecraft,https://bookface-images.s3.amazonaws.com/small_logos/a375bb2b5825f333532f9af82e4748e3712a25c8.png,1510027357
1791,Correlia Biosystems,correlia-biosystems,Winter 2018,Inactive,Next-gen blood testing to provide 1000x more data to pharma companies,"Correlia Biosystems is a UC Berkeley spinoff company based in Berkeley, CA. Correlia develops innovative microscale tools that accelerate rapid quantification of biomolecules.

Our versatile ""SimpleScan"" technology opens up new biological questions from one microliter of sample, with rapid results that allow for dynamic monitoring of protein expression profiles (rather than simple end-point measurement). Applications range from enabling next-gen proteomic data sets to point-of-care diagnostics.",http://www.correliabio.com,https://www.ycombinator.com/companies/correlia-biosystems,"San Francisco, CA, USA; Berkeley, CA, USA",16,Healthcare,Healthcare -> Diagnostics,"Healthcare, Diagnostics","Hardware, Lab-on-a-chip, Microfluidics","United States of America, America / Canada, Remote, Partly Remote",Growth,False,False,False,,https://bookface-images.s3.amazonaws.com/small_logos/d9aad85e9ea2a3b4df72a9807d29b7536bcb76ce.png,1510027355
1786,EnvKey,envkey,Winter 2018,Inactive,End-to-end encrypted configuration and secrets management,"EnvKey is a developer-friendly, cross-platform, end-to-end encrypted configuration and secrets manager. It can be used to store API keys, database credentials, and other application config securely. 

EnvKey makes it easy to grant least-privilege access to the developers and servers that need it from a user-friendly UI. Integration takes minutes.

Using EnvKey ensures that no 3rd party, including EnvKey itself, ever has access to your secrets. 

It takes a part of your system that used to be error-prone and insecure and makes it just work.",https://envkey.com,https://www.ycombinator.com/companies/envkey,"San Francisco, CA, USA; Remote",2,B2B,"B2B -> Engineering, Product and Design","B2B, Engineering, Product and Design",Security,"United States of America, America / Canada, Remote, Fully Remote",Early,False,False,False,"EnvKey, Plandex",https://bookface-images.s3.amazonaws.com/small_logos/1e132ca0e6ddbcae5090360eedff8684f41d05ef.png,1509724938
1776,Curious Fictions,curious-fictions,Winter 2018,Inactive,Patreon for professional authors.,"Read short stories on the go, tip authors for stories you love.",http://curiousfictions.com,https://www.ycombinator.com/companies/curious-fictions,"San Francisco, CA, USA",2,Consumer,Consumer -> Content,"Consumer, Content",Subscriptions,"United States of America, America / Canada",Early,False,False,False,,https://bookface-images.s3.amazonaws.com/small_logos/857b9ee7f965cb9363caf3f3fa39adaa5cefc6d5.png,1509678250
1775,Reverie Labs,reverie-labs,Winter 2018,Inactive," Engineering next-generation, brain-penetrant cancer therapies.","Reverie Labs is engineering next-generation, brain-penetrant cancer therapies.
",http://www.reverielabs.com,https://www.ycombinator.com/companies/reverie-labs,"Boston, MA, USA; Cambridge, MA, USA",29,Healthcare,Healthcare -> Therapeutics,"Healthcare, Therapeutics","AI-powered Drug Discovery, Machine Learning, Biotech","United States of America, America / Canada",Early,False,False,False,,https://bookface-images.s3.amazonaws.com/small_logos/c167c3874ed6d5b52b8c339d61851123a4540f2c.png,1509678248
1772,Tingles,tingles,Winter 2018,Inactive,Find content that helps you relax and fall asleep.,"Tingles is a video platform for relaxation. It's the best place to find content that helps you relax and fall asleep. Our main focus is a video genre called ASMR, the biggest and fastest growing relaxation technique.",https://www.gettingles.com,https://www.ycombinator.com/companies/tingles,"San Francisco, CA, USA",6,Consumer,Consumer -> Content,"Consumer, Content",Sleep Tech,"United States of America, America / Canada",Early,False,False,False,,https://bookface-images.s3.amazonaws.com/small_logos/281f95a09d29e0a6d7d6cf7075a843d4496d02fd.png,1509678245
1770,OurMenu,ourmenu,Winter 2018,Inactive,,"OurMenu provides an online food ordering service. The company replaces ordering from a waiter with ordering from a website.

OurMenu wants to let its users to order from phone instead of talking to a waiter, without downloading an app. Users can scan a QR code on the table, choose their food, order and pay, and then the food is brought tothem. OurMenu plans to charge restaurants $300 per month for the tech, and will aggregate the menu choice data to sell back to them.",http://www.ourmenu.io,https://www.ycombinator.com/companies/ourmenu,,3,B2B,B2B -> Retail,"B2B, Retail",,Unspecified,Early,False,False,False,"Bespoken Technologies, LLC, Bespoken Technologies, Bihedral",/company/thumb/missing.png,1509645831
1764,Skip,skip,Winter 2018,Inactive,Electric scooters for reliable last-mile transportation.,"Skip Scooters operates shared electric scooters for reliable last-mile transportation.

The company works with cities to ensure our fleets are operated with the support of the surrounding communities, and they stand behind their riders by providing vehicles, safety education, and training, and world-class support.

The scooter rental company is based in San Francisco, California. It is formerly known by its Y Combinator codename, Waybots.",https://rideskip.com/,https://www.ycombinator.com/companies/skip,"San Francisco, CA, USA",2,Consumer,Consumer -> Transportation Services,"Consumer, Transportation Services",Transportation,"United States of America, America / Canada",Early,False,False,False,Waybots,https://bookface-images.s3.amazonaws.com/small_logos/14e9911244ab7bf9fe482b5f57fa352b9a8e3cf3.png,1509599022
1758,Closer Sports,closer-sports,Winter 2018,Inactive,Mobile streaming platform connecting professional athletes with their…,,https://closersports.com,https://www.ycombinator.com/companies/closer-sports,,2,Healthcare,Healthcare -> Healthcare IT,"Healthcare, Healthcare IT","Sports Tech, Live",Unspecified,Early,False,False,False,DeepMed,/company/thumb/missing.png,1509599010
1756,Tipe,tipe,Winter 2018,Inactive,"Open-source, customizable, headless CMS","Tipe allows teams to edit, preview, and publish content for their apps. You can use tipe to change static content to dynamic, allow non-technical team members to edit anything. They can then preview those changes and get feedback before publishing. All of this is set up in less than 3 minutes from your developer.",https://tipe.io,https://www.ycombinator.com/companies/tipe,"San Francisco, CA, USA; Remote",5,B2B,B2B -> Infrastructure,"B2B, Infrastructure",Open Source,"United States of America, America / Canada, Remote, Fully Remote",Early,False,False,False,,https://bookface-images.s3.amazonaws.com/small_logos/8fe7eca773e37878444ee870052750282ac382aa.png,1509599007
1754,Mighty Buildings,mighty-buildings,Winter 2018,Inactive,"3D printing beautiful, high-quality, and sustainable homes.","Mighty Buildings is an innovative construction technology company based in Oakland, CA creating beautiful, sustainable, and high-quality homes using 3d-printing, robotics, and automation. Their mission is to have a positive impact on the environment, local communities, and the housing crisis through their sustainable approach.

Mighty Buildings' technology has the potential to unlock the needed productivity for large scale construction alongside the opportunity for reduced emissions, leading to a more sustainable product and future. Mighty Buildings was founded by a team of physicists and robotics engineers with extensive experience solving hard R&D problems and building successful engineering firms. They started by inventing a new material that is a 3D printing tech that enabled printing of an entire building, not just walls, in a single cycle. Unlike concrete, Mighty Buildings’ material is lighter, can be uniquely treated (trimmed and cut) by robotic arms, and features high thermal insulation properties. This allows them to produce prefab housing with up to 80% of operations automated.

Mighty Buildings has a near-zero waste production process, preventing 1,100 - 2,000 kg of CO2 emission per 3D-printed home. They are committed to achieving Net-Zero by 2028 - making the company 22 years ahead of the construction industry.

The company is certified under California's Factory Built Housing program to build units using 3D-printing, but they are also the first company to achieve certification under the UL 3401 standard for evaluating building structures and assemblies.",https://www.mightybuildings.com,https://www.ycombinator.com/companies/mighty-buildings,"San Francisco, CA, USA; Oakland, CA, USA",200,Real Estate and Construction,Real Estate and Construction -> Housing and Real Estate,"Real Estate and Construction, Housing and Real Estate","Robotics, Construction, 3D Printing","United States of America, America / Canada, Remote, Partly Remote",Growth,False,False,False,,https://bookface-images.s3.amazonaws.com/small_logos/0751a2456763d15191cc0c59216be6ab7810d208.png,1579431996
1738,Necto,necto,Winter 2018,Inactive,ISP starter kit,Everything one would need to start an ISP,http://joinnecto.com,https://www.ycombinator.com/companies/necto,"New York City, NY, USA; San Francisco, CA, USA",4,Consumer,Consumer -> Home and Personal,"Consumer, Home and Personal",Telecommunications,"United States of America, America / Canada",Early,False,False,False,Necto inc.,https://bookface-images.s3.amazonaws.com/small_logos/fe1dec1da87d011bdd6e9ab33b74b859fda878b0.png,1509562878
1737,Rhythmm,rhythmm,Winter 2018,Inactive,Read interesting conversations,"Rhythmm is a social app that enables its users to share interesting thoughts and conversations.

Users can follow awesome channels and tap through each thought, finding their Rhythmm. They can also create their own channel, invite others to contribute or rock it solo, and the app help with the rest.

Rhythmm wants to take live chat conversations from experts and interesting people and let others follow along. The startup wants to take the insights people are getting from chat groups on Telegram and remove all the noise with their own platform. Only people who have been invited by the chat creator can participate, everybody else just follows the conversations.",https://getrhythmm.com,https://www.ycombinator.com/companies/rhythmm,"San Francisco, CA, USA; Mountain View, CA, USA",2,Consumer,Consumer -> Social,"Consumer, Social","Community, Social","United States of America, America / Canada",Early,False,False,False,Jotdown,https://bookface-images.s3.amazonaws.com/small_logos/355036b1b5906a4e3cc60cbc5706cadbfea61065.png,1509562876
1735,Ovipost,ovipost,Winter 2018,Inactive,Automated insect farming,"Ovipost builds automated insect farms. Insects are the most efficient way to convert abundant, cheap byproducts into nutritionally dense protein. Today live insects are a $175m industry in the US, but the future of the industry is leveraging their excellent amino acid profiles and superior digestibility to replace fishmeal ($9.5B industry) and other expensive proteins in animal feeds. Led by co-founders Trina Chiasson (sold Infoactive to Tableau) and Teq Sassmannshaus (biotech hardware engineer), the Ovipost team has deep experience in hardware, software, and biology. ",https://ovipost.com,https://www.ycombinator.com/companies/ovipost,"LaBelle, FL, USA",20,Industrials,Industrials -> Agriculture,"Industrials, Agriculture","Biotech, Climate, Food Tech, Agriculture, ClimateTech","United States of America, America / Canada",Early,False,False,False,"Eclosion Technologies, Eclosion",https://bookface-images.s3.amazonaws.com/small_logos/e02035f8a52b75f92fad791bafe6e88fb705655d.png,1509562874
1733,California Dreamin,california-dreamin,Winter 2018,Inactive,Cannabis infused beverages,We're disrupting the $210B Alcoholic Beverage industry with all natural cannabis drinks.,https://www.drinkdreamin.com/,https://www.ycombinator.com/companies/california-dreamin,"Sacramento, CA, USA; Remote",2,Consumer,Consumer -> Food and Beverage,"Consumer, Food and Beverage",Cannabis,"United States of America, America / Canada, Remote, Fully Remote",Early,False,False,False,Seven Cities Beverage Company,https://bookface-images.s3.amazonaws.com/small_logos/00b4959165907ebfe95033ed850a7f57af4c704e.png,1509562871
1728,Torch,torch,Winter 2018,Inactive,,"Torch is a learning and development company that helps employers manage and measure employee growth at scale. Customers can draw from a pool of over 6000 mentors and coaches to pair with high performers and new managers at any layer of the organization. 

Torch was founded by a team of executive coaches and experienced psychologists who are passionate about helping all professionals perform at their highest level.

Torch is on a mission to empower managers to thrive in high growth, high-performance cultures by building the self-awareness and skills required to manage and lead effectively.",https://torch.io/,https://www.ycombinator.com/companies/torch,"San Francisco, CA, USA",130,B2B,B2B -> Recruiting and Talent,"B2B, Recruiting and Talent","Marketplace, SaaS, B2B","United States of America, America / Canada, Remote, Partly Remote",Growth,False,False,False,"Redfish Labs, Torch, Torch Leadership Labs",https://bookface-images.s3.amazonaws.com/small_logos/166d205fe9401e4dad34c43418600c86a5b2f471.png,1509562864
1724,Sketchbox,sketchbox,Winter 2018,Inactive,Wordpress for AR & VR,"Sketchbox is like WordPress for VR training simulations, we’ve built the underlying infrastructure that makes creating and updating VR training simulations fast. We primarily work with Fortune 500 companies, and all of our training sims include full student analytics and no-code scenario editors. All training simulations designed with Sketchbox work on the next generation of portable VR headsets, which are battery powered, don’t require a laptop and cost $400.",https://www.sketchbox3d.com,https://www.ycombinator.com/companies/sketchbox,"San Francisco, CA, USA; Remote",20,Consumer,Consumer -> Virtual and Augmented Reality,"Consumer, Virtual and Augmented Reality","Augmented Reality, Virtual Reality","United States of America, America / Canada, Remote, Fully Remote",Early,False,False,False,,https://bookface-images.s3.amazonaws.com/small_logos/2df5faaf3a1b84d44ea388d53291a399c7f6c297.png,1590595014
