id,name,slug,batch,status,one_liner,long_description,website,ycdc_company_url,all_locations,team_size,industry,subindustry,industries,tags,regions,stage,top_company,isHiring,nonprofit,former_names,small_logo_thumb_url,launched_at
982,Embark Trucks,embark-trucks,Winter 2016,Public,Self-driving semi trucks.,"Embark Technology develops self-driving truck software. 

Embark was the first self-driving truck company to achieve an autonomous coast-to-coast drive, the first to reach 100,000 miles driven on public roads, and the first to open a network of transfer points.

Embark went public on NASDAQ in 2021 and was acquired by Applied Intuition in 2023.",http://embarktrucks.com,https://www.ycombinator.com/companies/embark-trucks,"San Francisco, CA, USA",300,Industrials,Industrials -> Automotive,"Industrials, Automotive",Autonomous Trucking,"United States of America, America / Canada, Remote, Partly Remote",Growth,False,False,False,"Varden Labs, Embark Trucks",https://bookface-images.s3.amazonaws.com/small_logos/7f54038f84e639bce5c45d1756018b94f17f6125.png,1447199416
1005,Truebill,truebill,Winter 2016,Acquired,Live your best financial life,"Rocket Money (formerly Truebill) is a leading personal finance app that analyzes members' spending habits, identifies inefficiencies, and offers immediate methods to improve their financial health. It enables people to optimize their spending, manage subscriptions, lower their bills, and automatically set aside money to reach their savings goals. Truebill has saved members more than $100 million since 2016 and is headquartered in Silver Spring, Maryland, with offices in San Francisco. 

Truebill's mission is to empower people to live their best financial lives. Truebill offers members a unique understanding of their finances and a suite of valuable services that save them time and money - ultimately giving them a leg up on their financial journey. 

Truebill is backed by Accel, Bessemer Venture Partners, Eldridge Industries, and YCombinator.",https://www.truebill.com,https://www.ycombinator.com/companies/truebill,"Silver Spring, MD, USA",225,Fintech,Fintech -> Consumer Finance,"Fintech, Consumer Finance",Fintech,"United States of America, America / Canada, Remote, Partly Remote",Growth,True,False,False,,https://bookface-images.s3.amazonaws.com/small_logos/fae52e07d79df342dcfc28d120038d2083ae0679.png,1447311015
1058,Caper,caper,Winter 2016,Acquired,Plug-and-play cashier-less retail powered by computer vision and AI,"Caper focuses on compacting Amazon-Go's technology (image recognition, sensor fusion and artificial intelligence) into a smart shopping cart, allowing each shopper to throw her groceries into the cart and self-checkout without cashiers. The technology is looking to fundamentally transform physical retail and rapidly scale into existing grocery stores.",https://www.caper.ai/,https://www.ycombinator.com/companies/caper,,15,B2B,B2B -> Retail,"B2B, Retail","Artificial Intelligence, Cashierless Checkout, Computer Vision, Retail Tech",Unspecified,Growth,True,False,False,QueueHop,https://bookface-images.s3.amazonaws.com/small_logos/45034c22d81491a4e49c2c46c3c822d2d820941d.png,1447654816
1067,NURX,nurx,Winter 2016,Acquired,"Medicine or testing kit, prescribed online and delivered to your door.","Nurx is a telemedicine startup focused on increasing access to healthcare, starting with birth control and PrEP services.",https://www.nurx.com/,https://www.ycombinator.com/companies/nurx,"New York City, NY, USA; San Francisco, CA, USA",300,Healthcare,Healthcare -> Consumer Health and Wellness,"Healthcare, Consumer Health and Wellness",Consumer Health Services,"United States of America, America / Canada, Remote, Partly Remote",Growth,True,False,False,,https://bookface-images.s3.amazonaws.com/small_logos/e30eef55b4ffb18884d227d20476b264b3388dd6.png,1447747516
1021,Paystack,paystack,Winter 2016,Acquired,Modern payments infrastructure for Africa,"Paystack is a small and vibrant family working across Lagos and San Francisco.

We enable businesses to accept payments via credit card, debit card, money transfer, and mobile money, directly from their website or mobile app.",https://www.paystack.com,https://www.ycombinator.com/companies/paystack,"Lagos, LA, Nigeria; LA, Nigeria",115,Fintech,Fintech -> Payments,"Fintech, Payments",Fintech,"Nigeria, Africa, Remote, Partly Remote",Growth,True,False,False,,https://bookface-images.s3.amazonaws.com/small_logos/8f4d18618abc91ad79be53d918a199daffad6f58.png,1447312815
1091,GitPrime,gitprime,Winter 2016,Acquired,Visibility and analytics for software development leaders.,Acquired by Pluralsight in May 2019,https://www.gitprime.com,https://www.ycombinator.com/companies/gitprime,"Durango, CO, USA",110,B2B,"B2B -> Engineering, Product and Design","B2B, Engineering, Product and Design","Developer Tools, SaaS, B2B","United States of America, America / Canada, Remote, Partly Remote",Growth,True,False,False,,https://bookface-images.s3.amazonaws.com/small_logos/b2d3dd198bca90e8788c0aefde72b644504fe75e.png,1450505115
1042,Podium,podium,Winter 2016,Active,Get more leads. Make more money. ,"Podium is the all-in-one AI-powered lead management and communication platform used by more than 100,000 businesses to acquire and convert new customers. At the forefront of Podium’s innovation is its AI employee, who ensures businesses respond to leads instantly, anytime of the day or night—significantly increasing lead conversion rates and revenue.
Podium helps businesses obtain more reviews, rank higher on Google, and consolidate lead channels. Businesses can call and text customers from the web and/or mobile app, send payment links, drive repeat business through bulk messages, and more—all managed and delivered from one easy-to-use dashboard. Additionally, with Podium’s AI Employee and automations, businesses can efficiently handle customer inquiries seamlessly across all communication channels, providing timely and accurate responses that drive sales.
Podium’s innovative work has gained recognition on top industry lists, such as Forbes’ Next Billion Dollar Startups, Forbes’ Cloud 100, the Inc. 5000, and Fast Company’s World’s Most Innovative Companies.
Podium was founded in 2014 and is headquartered in Lehi, Utah. It is currently backed by Accel, Summit Partners, GV (formerly Google Ventures), and Y Combinator.",https://podium.com,https://www.ycombinator.com/companies/podium,"Lehi, UT, USA",1000,B2B,B2B -> Retail,"B2B, Retail","Fintech, SaaS, B2B, AI","United States of America, America / Canada, Remote, Partly Remote",Growth,True,True,False,,https://bookface-images.s3.amazonaws.com/small_logos/d90bc164db5dd25a81e6dcfa222470eadf2c783a.png,1447568415
1103,Rappi,rappi,Winter 2016,Active,On-demand delivery and financial services for Latin America.,"Rappi is a mega high growth, Series B, consumer tech StartUp looking to be the everything store of Latin America. We are a marketplace that connects users who want to purchase prepared foods, groceries, clothes, and more with contractors who fulfil them. Think of Rappi as a Doordarsh meets Delivery meets Instacart. We are venture backed by top VCs in the world including Sequoia, DST, Andreessen Horrowitz and YCombinator. Management consultant skills are highly valued and one of the founders and three of the company's top leaders are former top tier management consultants. We are across Argentina, Brasil, Mexico, Colombia and are aggressively growing in these markets and all throughout LatAm.",http://www.rappi.com,https://www.ycombinator.com/companies/rappi,"Bogotá, Bogota, Colombia",4800,Consumer,Consumer -> Food and Beverage,"Consumer, Food and Beverage","Fintech, Delivery, Latin America","Colombia, Latin America, Remote, Partly Remote",Growth,True,True,False,,https://bookface-images.s3.amazonaws.com/small_logos/44285cf605c3f1d288f2fb7c2f002f859ab92d0b.png,1453256409
999,Focal Systems,focal-systems,Winter 2016,Active,Building the Operating System for B&M Retail using Deep Learning,"Focal Systems is on a mission to lower the cost of living for all mankind by automating and optimizing Brick and Mortar Retail with the latest advancements in AI. Focal Systems is the industry leader in retail automation solutions. By digitizing store shelves hourly and unleashing FocalOS, retailers unlock huge operational efficiencies, optimized merchandising, and streamlined supply chains which deliver impactful financial results. Focal is transforming retail by empowering store management to make automated, data-driven decisions. We are the operating system of retail.",http://www.focal.systems,https://www.ycombinator.com/companies/focal-systems,"San Francisco, CA, USA; Toronto, ON, Canada; London, England, United Kingdom",170,B2B,B2B -> Retail,"B2B, Retail","Deep Learning, Grocery, Computer Vision","United States of America, Canada, United Kingdom, America / Canada, Europe, Remote, Partly Remote",Growth,False,False,False,,https://bookface-images.s3.amazonaws.com/small_logos/e25ba04ae8686807d958c48f1372502741b4b2e3.png,1447280416
997,Mio,mio,Winter 2016,Active,Mio powers seamless communication between workplace chat apps.,"Mio powers seamless communication between Slack, Microsoft Teams & Webex Teams. The Austin, Texas-based company was founded by Tom Hadfield and James Cundle in November 2015. M.io has raised $12m from investors including Goldcrest Capital, Eniac Ventures, Two Sigma Ventures, Khosla Ventures, Y Combinator and Capital Factory. Ready to sync your teams? Learn more and get started at https://m.io/",http://m.io,https://www.ycombinator.com/companies/mio,"Austin, TX, USA",12,B2B,"B2B -> Engineering, Product and Design","B2B, Engineering, Product and Design","SaaS, Messaging, Team Collaboration","United States of America, America / Canada, Remote, Partly Remote",Growth,False,False,False,"Prompt, Message.io",https://bookface-images.s3.amazonaws.com/small_logos/d2e2140644182cb7ec4a70381a94543d8c8de82a.png,1447280416
996,Daily,daily,Winter 2016,Active,Conversational Voice and Multimodal AI built with Open Source ,"Daily is real-time voice, video, and AI for developers. Our cross-platform SDKs and global infrastructure enable ultra-low latency, highest quality experiences for developers building real-time voice and video AI agents. Our platform also supports integration of traditional voice/video calls, in addition to AI agent experiences. ",https://daily.co,https://www.ycombinator.com/companies/daily,"San Francisco, CA, USA; Remote",126,B2B,B2B -> Productivity,"B2B, Productivity","Developer Tools, Open Source, AI, AI Assistant","United States of America, America / Canada, Remote, Fully Remote",Growth,False,False,False,"Pluot Communications, Daily, Daily.co",https://bookface-images.s3.amazonaws.com/small_logos/927c390a496a781ceefe9112931064f3f4b058ea.png,1447280415
995,Petcube,petcube,Winter 2016,Active,Petcube is on the mission to improve lives of pets and pet owners…,"Petcube is a company reimagining pet care, and using technology to keep people connected with their pets. Its first product, Petcube Camera, is an interactive pet monitor with real time video and built-in laser pointer. It allows pet owners to watch, talk to, and play with their pet from their smartphone, no matter where they are. 

Founded in Kyiv in 2013, Petcube was funded on Kickstarter and became one of the most successful crowdfunding pet products in history. Since graduating from the prestigious Y-Combinator incubation program, Petcube has gone on to launch two additional products, Petcube Play and Petcube Bites, as well as a cloud video recording service, Petcube Care. Petcube products are available online and in stores including Brookstone, Best Buy, and Petco.",http://petcube.com,https://www.ycombinator.com/companies/petcube,"San Francisco, CA, USA",51,Consumer,Consumer -> Consumer Electronics,"Consumer, Consumer Electronics",Hardware,"United States of America, America / Canada, Remote, Partly Remote",Growth,False,False,False,,https://bookface-images.s3.amazonaws.com/small_logos/4465bafb8a4cbc6c32c43f81430c3a0b42fecf0f.png,1447280415
994,Outschool,outschool,Winter 2016,Active,A live online learning platform that empowers kids ages 3–18.,"Outschool is an innovative education platform that offers a variety of engaging, small-group classes online. Unlike traditional classes, Outschool classes give kids the unique opportunity to explore their interests in-depth via interactive, live video by experienced, independent educators.

When Outschool was founded in 2015, homeschoolers were the first to discover our classes, but it wasn’t long before kids in conventional schools began supplementing their education with fun and unique, interest-based classes. During the COVID-19 pandemic, Outschool became vital to families who wanted to keep kids learning, social, and pursuing their passions.
Today, Outschool offers more than 140,000 live online classes to more than 1,000,000 learners in 183 countries worldwide.",http://outschool.com,https://www.ycombinator.com/companies/outschool,"San Francisco, CA, USA; Remote",107,Education,Education,Education,"Education, Marketplace","United States of America, America / Canada, Remote, Fully Remote",Growth,False,False,False,,https://bookface-images.s3.amazonaws.com/small_logos/8d4f5bc63953a4887b889e74645b81f6aa339942.png,1447280415
991,Mason,mason,Winter 2016,Active,Mason is the fastest way to take smart devices from idea to end user,"Mason is the fastest way to take smart devices from idea to end user. Whether building a single-use device from scratch or scaling a line of smart products, with Mason it’s 20x faster and 10x less costly to build, deploy and scale. Digital transformation is a modern requirement but operating a hardware-dependent initiative is hard – thousands of hours and millions of dollars are at stake.

The Mason Smart Device Platform is the only fully managed infrastructure for developing and delivering dedicated devices. It offers flexible usage-based pricing for fleets of devices and manages the underlying complexity of all associated backend services, making software delivery on a smart product line—whether it’s a tablet, wearable or new form factor—as simple as delivering software in the cloud. This frees innovators to focus on what matters: application development, feature specification and UX. Granular access to add, remove or lock down capabilities makes it possible for highly customized products to be built as envisioned.

Mason offloads hardware investment risks and logistics, including inventory procurement, warehousing and supply chain management. With options like zero-touch provisioning, devices can work perfectly out of the box without end user intervention. Remote fleet management, troubleshooting and automated software updates by Mason ensure security and positive end user experiences. Organizations of all sizes rely on Mason to bring innovations and hundreds of use cases to market without reinventing the wheel. Smarter from start to finish with Mason.™

AWARDS
* 2023: Best Places to Work & Best Startups to Work For, Built In Seattle
* 2022: Best Places to Work & Best Small Places to Work, Built In Seattle
* 2022: IoT Health & Wellness Innovation of the Year, IoT Breakthrough
* 2022: Bronze Stevie® Award - Emerging Technology, The 2022 American Business Awards®
* 2021: Deloitte Technology Fast 500™, Deloitte
* 2019: Tech Impact Awards, Mobile - Silver, Seattle Business magazine

Follow us on LinkedIn | https://www.linkedin.com/company/mason-america/",http://www.bymason.com,https://www.ycombinator.com/companies/mason,"Seattle, WA, USA",65,B2B,B2B,B2B,"Hardware, SaaS, Logistics","United States of America, America / Canada, Remote, Partly Remote",Growth,False,True,False,"Mason America, Mason, Mason America",https://bookface-images.s3.amazonaws.com/small_logos/70881ad94c495ff9a1501555a31b61ee9ba0c769.png,1447279515
990,MagicBus,magicbus,Winter 2016,Active,We make vanpool simple.,"Our mission is to take cars off the road by making it safe and easy to vanpool in the post Covid world.

A vanpool is a group of people who commute together, usually in a shared van. It’s an excellent, cost effective way to commute, used by hundreds of thousands of Americans, but the industry is largely offline. It’s difficult to find, join, and start vanpools. 

We build software that fixes this, making vanpooling simple and flexible. We believe that in a post Covid world, it will be more important than ever to rethink shared transportation and make it more adaptive.

Our customers are organizations like transit agencies and employers who have existing vanpool fleets. We provide these customers with our SaaS platform that manages their vanpool programs. We capture real time information about open seats, then make those seats available to book through our app. We also make it easy for people to crowdsource and start new vanpools.",http://www.magicbus.io,https://www.ycombinator.com/companies/magicbus,"Los Angeles, CA, USA",18,Consumer,Consumer -> Transportation Services,"Consumer, Transportation Services",Transportation,"United States of America, America / Canada",Growth,False,False,False,,https://bookface-images.s3.amazonaws.com/small_logos/42c5e78689fec00c14ce2b4bb21977a7d3dbc702.png,1447279515
989,Tovala,tovala,Winter 2016,Active,A smart-oven-paired subscription meal service.,Tovala is a Chicago-based food-tech company with a smart oven that is paired with a weekly meal delivery service.,http://www.tovala.com,https://www.ycombinator.com/companies/tovala,"Chicago, IL, USA",375,Consumer,Consumer -> Home and Personal,"Consumer, Home and Personal",Food & Beverage,"United States of America, America / Canada, Remote, Partly Remote",Growth,False,True,False,,https://bookface-images.s3.amazonaws.com/small_logos/247ac2d1345ad129934e37ac634a887b3dd3edf1.png,1447279515
988,iSono Health,isono-health,Winter 2016,Active,AI-powered platform for Accessible and Personalized Breast Health…,"The iSono Health platform combines automated 3D ultrasound technology with cloud computation and artificial intelligence to empower women and their physicians with early detection and monitoring of breast cancer. Our patented compact ultrasound scanner captures 3D images through automatic scanning of whole breast volume in 1 min. The device connects to a smartphone/tablet/laptop and is controlled by our mobile app. The data is transferred to a secure cloud for image processing and storage. Our machine learning algorithm uses acoustic biomarkers to identify abnormal masses.  Our platform’s automated operation and software expands ultrasound use in point-of-care diagnostics as well as monitoring of breast health at home, walk-in and mobile clinics. 

iSono Health offers women and healthcare providers :
Safety: No Radiation
Actionable Feedback with AI
Fast: 2min Scan
Easy to Use",http://www.isonohealth.com,https://www.ycombinator.com/companies/isono-health,"San Francisco, CA, USA",9,Healthcare,Healthcare -> Medical Devices,"Healthcare, Medical Devices","Artificial Intelligence, Consumer Health Services, Medical Devices","United States of America, America / Canada, Remote, Partly Remote",Early,False,True,False,,https://bookface-images.s3.amazonaws.com/small_logos/d92dab4a543fbdafaf35d8ee128bd09f103d392c.png,1447279515
987,GetAccept,getaccept,Winter 2016,Active,Close deals faster. Digitally.,"Close more deals by sending sales content with personalized video reminders, live chat and e-signature. We’re the Digital Sales Room platform for the best remote selling experience.

Today we are the fourth fastest growing SaaS company in the world and our platform is used in over 50 countries. From four founders, to over 200 employees worldwide in five years, and we still love every second of being a part of the journey. We have high hopes on what’s to come and could not be more excited for the future!",https://www.getaccept.com,https://www.ycombinator.com/companies/getaccept,"Malmö, Skåne County, Sweden; San Francisco, CA, USA",200,B2B,B2B -> Sales,"B2B, Sales","Documents, SaaS, Productivity, Sales","Sweden, United States of America, Europe, America / Canada, Remote, Partly Remote",Growth,False,False,False,,https://bookface-images.s3.amazonaws.com/small_logos/ab0099ae34e6606159dad752edf7880c52ae235b.png,1447279514
985,Chatfuel,chatfuel,Winter 2016,Active,Platform to easily create chatbots to engage with audiences on…,"We are the largest platform for building bots on Facebook Messenger. Bots are pieces of software that help automate communication with humans through messaging applications. Since messengers have become the most heavily used mobile apps, bots have emerged as effective instruments that are changing the world of digital marketing. Our customers use bots for sales and marketing funnel automation, lead generation and nurturing, customer support and communication.

Chatfuel’s bot creators range from small and medium businesses to the world’s most recognizable brands. Some of our largest customers include Adidas, T-Mobile, TechCrunch, LEGO, Golden State Warriors, and many others.",http://chatfuel.com,https://www.ycombinator.com/companies/chatfuel,"San Francisco, CA, USA",53,B2B,"B2B -> Engineering, Product and Design","B2B, Engineering, Product and Design","Messaging, Chatbots","United States of America, America / Canada",Growth,False,False,False,,https://bookface-images.s3.amazonaws.com/small_logos/5fd8bcf8d9a9b759b820215a29ca5d614328aac4.png,1447278614
984,Yardbook,yardbook,Winter 2016,Active,Marketplace & Software Revolutionizing Yard Care,"At Yardbook we know how proud you are to own and operate your own landscaping business. We also know how challenging it can be to make sure everything is running smoothly. With this in mind we are pleased to offer our free software for running landscaping businesses!

Yardbook is designed to provide an end-to-end solution in helping businesses with a multitude of roles such as creating schedules, estimates, completing invoices, payments, timesheets and so much more.

Since we launched a little over a year ago, over 7,000 businesses in the US are now powered by Yardbook. During that time we have processed millions of dollars in invoices and helped owners, like you, organize their many administrative responsibilities.

If you’re still using paper and pencil, or juggling between many different systems or spreadsheets in order to stay organized, give Yardbook a try today!",https://www.yardbook.com,https://www.ycombinator.com/companies/yardbook,"San Francisco, CA, USA; San Mateo, CA, USA",,B2B,B2B -> Finance and Accounting,"B2B, Finance and Accounting",Marketplace,"United States of America, America / Canada",Early,False,False,False,,https://bookface-images.s3.amazonaws.com/small_logos/e0abb3ad3f79aedaf3fc3be14e0dfb8e86dd36cf.png,1447199416
978,Stealth Worker,stealth-worker,Winter 2016,Active,"Information Security (Cyber Security), Compliance and Privacy (GDPR &…","We have hundreds of fully qualified and experienced contractors in Information Security, Cloud Security, Privacy and Compliance available at competitive hourly rates.",https://www.stealthworker.com,https://www.ycombinator.com/companies/stealth-worker,"San Francisco, CA, USA; Menlo Park, CA, USA; Remote",5,B2B,B2B -> Recruiting and Talent,"B2B, Recruiting and Talent","Compliance, Privacy","United States of America, America / Canada, Remote, Fully Remote",Early,False,False,False,,https://bookface-images.s3.amazonaws.com/small_logos/f3a6dd3a9eb972ed76c351911a07f4bc57b6bba3.png,1447199416
977,Deepgram,deepgram,Winter 2016,Active,Building foundational AI for speech transcription and understanding.,"Deepgram is a foundational AI company on a mission to understand human language. We give any developer access to the most advanced speech AI transcription and understanding with just an API call.

Our models deliver the fastest, most accurate transcription alongside contextual features like summarization, sentiment analysis, and topic detection. Beyond that, developers can:
🔊 Process live-streaming or pre-recorded audio
🌎 Transcribe in dozens of languages
⚙️ Train custom models for unique use cases
🔑 Access deep NLU with a unified API
💻 Build in any programming language with our SDKs
✅ Deploy on-prem or on DG’s managed cloud
📈 Get scalable GPU infra for training and inference

Deepgram is a proud NVIDIA partner and Y Combinator company, and we recently completed a $72M Series B to define the future of AI Speech Understanding, making us the most-funded speech AI company at its stage.",https://www.deepgram.com,https://www.ycombinator.com/companies/deepgram,"San Francisco, CA, USA; Remote",115,B2B,"B2B -> Engineering, Product and Design","B2B, Engineering, Product and Design","AI-Enhanced Learning, API, AI","United States of America, America / Canada, Remote, Fully Remote",Growth,False,True,False,,https://bookface-images.s3.amazonaws.com/small_logos/e8d9b89a7e8039b79a0d0a37b71313e724036e55.png,1447199415
974,SOUNDBOKS,soundboks,Winter 2016,Active,We're creating the loudest battery-driven speaker on the market,"SOUNDBOKS is a Copenhagen-based, Y Combinator backed, hardware start-up developing and selling the world's loudest battery powered speaker.

SOUNDBOKS was founded in 2015 by three young Danes who shared the same love and passion for music, amazing parties and festivals. Today, SOUNDBOKS is Scandinavia's fastest growing hardware start-up delivering speakers to happy customers all over Europe & North America. In March 2016, SOUNDBOKS launched the most succesful Danish Kickstarter Campaign of all time!

We are a young, ambitious team ready to take on the challenge of becoming the number 1 brand for outdoor audio and provide world-class service to our customers.

JOIN THE PARTY, JOIN SOUNDBOKS.",http://soundboks.com,https://www.ycombinator.com/companies/soundboks,"Copenhagen, Denmark",50,Consumer,Consumer -> Consumer Electronics,"Consumer, Consumer Electronics",,"Denmark, Europe, Remote, Partly Remote",Growth,False,True,False,,https://bookface-images.s3.amazonaws.com/small_logos/e4d31b409b1f0367d1d4bc6d8614148b73cc4b59.png,1447199415
973,Lattice,lattice,Winter 2016,Active,Modern people management platform.,"Lattice is people success software that empowers leaders to build engaged and high- performing teams, inspire winning cultures, and make strategic, data-driven business decisions. Our software helps nearly 4,000 companies globally align employees to the most critical objectives, measure and reward performance, and create an effective feedback loop between employees and managers.",https://lattice.com,https://www.ycombinator.com/companies/lattice,"San Francisco, CA, USA",540,B2B,B2B -> Human Resources,"B2B, Human Resources",HR Tech,"United States of America, America / Canada, Remote, Partly Remote",Growth,False,True,False,,https://bookface-images.s3.amazonaws.com/small_logos/a3bbe5d7f8ca797e1e542c827ac00dda238b0b81.png,1447199415
972,Mux,mux,Winter 2016,Active,Video infrastructure for developers,"Mux is an API-first video platform designed by experts to make world-class video streaming and analytics possible for every development team. Self-optimizing videos take the guesswork out of encodings, delivery, and renditions. Mux makes your video look beautiful on every device, every time.

We offer two products, Mux Video and Mux Data.

Mux Video is a simple API to advanced video streaming. Powered by data and designed by video experts, Mux Video makes beautiful video possible for every development team. Post a video or live stream with a single API call, and watch it within seconds. Mux Video handles the encoding, storage, and delivery. QoE and performance analytics provided by Mux Data is included by default for every Mux video stream.This real-time data is used to create the right renditions for every device and title, resulting in greater reliability and better viewer experiences.

Mux Data is a Quality of Experience analytics platform that measures the performance metrics that actually matter to viewers: rebuffering, startup time, video quality, and errors. Our intuitive dashboard quickly gives users the insight to find issues and make improvements through features like A/B testing, industry-wide scores, alerts, and detailed information about every single video view. The product works out of the box on HTML5, iOS, Android, and major OTT platforms. All data is available via exports and APIs, making it easy to integrate Mux Data into other systems.",http://mux.com,https://www.ycombinator.com/companies/mux,"San Francisco, CA, USA",95,B2B,B2B -> Infrastructure,"B2B, Infrastructure","Developer Tools, Video, API","United States of America, America / Canada, Remote, Partly Remote",Growth,False,True,False,,https://bookface-images.s3.amazonaws.com/small_logos/7f3a9eb63a2c18f13705cd10ff1859e90dbff5bb.png,1447199414
1214,AmberBox Gunshot Detection,amberbox-gunshot-detection,Winter 2016,Active,Detect Gunshots | Inform Law Enforcement | Empower First Responders,"AmberBox is the most advanced indoor gunshot detection and response system used in the US today. AmberBox automates emergency processes to significantly reduce response time and remove human error.

AmberBox detectors utilise a patented gunshot detection algorithm to respond immediately following a firearm discharge. With tri-factor authentication (percussion, audio and infrared), detectors are able to instantly determine a firearm signature with a near-zero false alarm rate. Upon activation, detectors alert first responders through our reporting network, and can integrate with other security systems, such as cameras, access control systems and mass notification to initiate.",https://amberbox.com,https://www.ycombinator.com/companies/amberbox-gunshot-detection,"Hamilton, Pembroke Parish, Bermuda; San Francisco, CA, USA",,B2B,B2B -> Security,"B2B, Security",Security,"Bermuda, United States of America, America / Canada",Early,False,False,False,"Sinclair Fire, AmberBox",https://bookface-images.s3.amazonaws.com/small_logos/4520c6bfa42649fe08afe6ca716089765076d7c3.png,1588692019
1101,Qvin,qvin,Winter 2016,Active,Empowering women. Period.,"Qvin is the first and only healthcare service to scientifically prove menstrual blood can test for critical health information – just like a traditional laboratory blood test.

Women's health has always been under-prioritized in science. We still operate in a world built by men, for men. It’s why in 2014, Dr. Sara Naseri and Søren Therkelsen started Qvin to research, develop, and patent a product that powers an underserved and understudied population—women.

Over 70% of the decisions our doctors make are influenced by blood test results.  Every month, 1.8 billion people across the world menstruate. However, the blood our bodies naturally deliver every month has never been explored as a testing source. And yet, menstrual blood has been left unexplored.

Qvin is the first and only healthcare service to use period blood as a non-invasive blood test. We exist to give women an easy, insightful way to monitor existing health issues, proactively screen for others, and go into doctor visits more informed and confident of their own health.

Our health technology platform helps women manage their health better through a non-invasive blood collection device named the Q-Pad™.

All of us at Qvin want to move the study of women forward. We want to close the gender data gap. And we stand for every person who identifies with women, however they define it.",https://qvin.com/,https://www.ycombinator.com/companies/qvin,"San Francisco, CA, USA; Menlo Park, CA, USA",30,Healthcare,Healthcare -> Consumer Health and Wellness,"Healthcare, Consumer Health and Wellness","AI-powered Drug Discovery, Consumer Health Services, Telemedicine","United States of America, America / Canada, Remote, Partly Remote",Early,False,False,False,Qurasense,https://bookface-images.s3.amazonaws.com/small_logos/98ad1729e40efda7a73fdca5b3a5d90c3364692d.png,1451989216
1100,Perlara,perlara,Winter 2016,Active,Perlara: building the YC for rare disease parents,"Perlara 1.0 (Feb 2014 - Feb 2019) launched early R&D joint ventures called PerlQuests with highly motivated rare disease families, companies or impact investors. We screened gene-edited patient avatars for repurposable drugs in order to build a predictive R&D engine called ArkBase. We planned to monetize programs based on ArkBase predictions by selectively spinning out asset-centric clinical development NewCos.

Perlara 1.5 (March 2019 - April 2020) was the transition to a one-person virtual clinical development company and when the epalrestat and aripiprazole repurposing trials were launched at Mayo Clinic for the treatment of PMM2-CDG and NGLY1-CDDG, respectively.

Perlara 2.0 (May 2020 --> The first decentralized and distributed biotech
",http://perlara.com,https://www.ycombinator.com/companies/perlara,"San Francisco, CA, USA; Oakland, CA, USA; Remote",1,Healthcare,Healthcare -> Drug Discovery and Delivery,"Healthcare, Drug Discovery and Delivery",,"United States of America, America / Canada, Remote, Fully Remote",Early,False,False,False,Perlstein Lab PBC,/company/thumb/missing.png,1451985616
1098,DevColor,devcolor,Winter 2016,Active,We give Black software engineers support they need to advance in tech.,"dev/color is a non-profit organization that aims to maximize the impact of Black software engineers. Our mission is to provide Black engineers with the connections and skills needed to start and stay in the industry, and advance into leadership roles. We’re a community for software engineers, by software engineers. We work with members throughout their careers, from college to industry, through mentorship, goal setting and events.",http://www.devcolor.org/,https://www.ycombinator.com/companies/devcolor,"San Francisco, CA, USA",7,Unspecified,Unspecified,Unspecified,"Education, Community, Diversity & Inclusion","United States of America, America / Canada",Early,False,False,True,,/company/thumb/missing.png,1451984715
1097,Lygos,lygos,Winter 2016,Active,Lygos engineers yeast to convert sugar into high-value industrial…,"Founded in 2010, Lygos is providing biotechnology solutions for today’s renewable chemical challenges. They engineer microbes to convert sugars into high-value, industrial chemicals, targeting compounds where biological production is cost-advantaged over petrochemical production.",http://www.lygos.com,https://www.ycombinator.com/companies/lygos,"San Francisco, CA, USA",55,Healthcare,Healthcare -> Industrial Bio,"Healthcare, Industrial Bio","Synthetic Biology, Climate, Biotechnology","United States of America, America / Canada",Growth,False,False,False,,/company/thumb/missing.png,1451966715
1096,Zenysis,zenysis,Winter 2016,Active,Building powerful data analysis software for developing countries.,"Zenysis builds data integration software that helps governments view and analyze all their data in one place. When governments face pandemic emergencies, humanitarian crises, or natural disasters, they turn to their data for actionable insights. Zenysis puts this information at their fingertips.",http://www.zenysis.com,https://www.ycombinator.com/companies/zenysis,"San Francisco, CA, USA",11,Government,Government,Government,,"United States of America, America / Canada",Growth,False,True,False,,/company/thumb/missing.png,1451679616
1093,Astranis,astranis,Winter 2016,Active,Advanced satellites for high orbits.,"Astranis builds advanced satellites for high orbits, expanding humanity’s reach into the solar system. Today Astranis satellites provide dedicated, secure networks to highly-sophisticated customers across the globe— large enterprises, sovereign governments, and the US military.

With five satellites on orbit and many more set to launch soon, the company is servicing a backlog of more than $1 billion of commercial contracts. Astranis is the preferred satellite communications partner for buyers with stringent requirements for uptime, data security, network visibility, and customization.

Astranis has raised over $750 million from some of the world’s best investors, from Andreessen Horowitz to Blackrock, and Fidelity, and employs a team of 450 engineers and entrepreneurs. Astranis designs, builds, and operates its satellites out of its 153,000 sq. ft. headquarters in Northern California, USA.",http://www.astranis.com,https://www.ycombinator.com/companies/astranis,"San Francisco, CA, USA",500,Industrials,Industrials -> Aviation and Space,"Industrials, Aviation and Space","Space Exploration, Satellites","United States of America, America / Canada",Growth,False,True,False,,https://bookface-images.s3.amazonaws.com/small_logos/4a112fc4219f2a5bab3ad0bf6a5c0be6feceee94.png,1450864215
1082,Protonet,protonet,Winter 2016,Active,Protonet provides the easiest way for a small business to run its own…,,https://protonet.info,https://www.ycombinator.com/companies/protonet,,,B2B,B2B -> Infrastructure,"B2B, Infrastructure","Hardware, Cloud Computing",Unspecified,Early,False,False,False,,/company/thumb/missing.png,1448421616
1081,Boom,boom,Winter 2016,Active,Economically and environmentally sustainable supersonic travel,"Boom Supersonic is transforming air travel with Overture, the world’s fastest airliner, optimized for speed, safety, and sustainability. Serving both civil and government markets, Overture will fly at twice the speed of today’s airliners and is designed to run on 100% sustainable aviation fuel (SAF). Symphony™, a Boom-led collaboration with industry leaders, is the propulsion system that will power Overture. Overture’s order book, including purchases and options from American Airlines, United Airlines, and Japan Airlines stands at 130 aircraft. Boom is working with Northrop Grumman for government and defense applications of Overture. Suppliers and partners collaborating with Boom on the Overture program include Collins Aerospace, Eaton, Florida Turbine Technologies (FTT), a business unit of Kratos Defense & Security Solutions, Inc., GE Additive, Safran Landing Systems, StandardAero and the United States Air Force. For more information, visit https://boomsupersonic.com

Boom’s world-class engineering team comes from places including SpaceX, Boeing, Gulfstream, Virgin Galactic, Scaled Composites, NASA, and Bombardier. 

We have uniquely challenging and world-changing opportunities for the most talented aerospace engineers, designers, and business people.",https://boomsupersonic.com/,https://www.ycombinator.com/companies/boom,"Centennial, CO, USA; Englewood, CO, USA",227,Industrials,Industrials -> Aviation and Space,"Industrials, Aviation and Space","Transportation, Aerospace","United States of America, America / Canada, Remote, Partly Remote",Growth,False,False,False,,https://bookface-images.s3.amazonaws.com/small_logos/99fad830d694e292b87e0628e50c052c9f87cf86.png,1448142615
1080,Relativity Space,relativity-space,Winter 2016,Active,Building humanity’s multiplanetary future.,"Relativity is building humanity’s multiplanetary future. We invented a new approach to design, build, and fly our own rockets, starting with Terran 1 – the world’s first entirely 3D printed rocket, and Terran R, our next generation medium-heavy lift reusable launch vehicle.
 
As a vertically integrated technology platform, Relativity is at the forefront of an inevitable shift toward software-defined manufacturing. By fusing 3D printing, artificial intelligence, and autonomous robotics, we are pioneering the factory of the future. Disrupting 60 years of aerospace, Relativity offers a radically simplified supply chain, building a rocket with fewer parts and faster iteration.
 
We believe in a future where interplanetary life fundamentally expands the possibilities for human experience. Our long-term vision is to upgrade humanity’s industrial base on Earth and on Mars.",http://relativityspace.com,https://www.ycombinator.com/companies/relativity-space,"Los Angeles, CA, USA",2500,Industrials,Industrials -> Aviation and Space,"Industrials, Aviation and Space","Machine Learning, Space Exploration, Rocketry, 3D Printing, Manufacturing","United States of America, America / Canada",Growth,False,True,False,"Relativity Space, Relativity",https://bookface-images.s3.amazonaws.com/small_logos/69fc3eaa7d024cb1636c3fb74c1b9ff45b63ca30.png,1448133615
1079,Sendbird,sendbird,Winter 2016,Active,"The AI agent that doesn’t just support, it delights.","We believe in a future where AI unlocks human potential across all facets of life. We envision an A2A (Agent-to-Agent) world where AI agents connect businesses and individuals, empowering them to achieve more than ever before. It’s a future where the impossible becomes possible, and human achievement is no longer bound by time and cognitive load. We power over 300M+ people's conversations every month and we are working with the leading customers such as DoorDash, Match Group, Yahoo!, PayPal, Walgreens, and have raised $220M+ in total funding from ICONIQ, Tiger Global, Meritech, Emergence, SoftBank Vision Fund, Steadfast, Shasta, and August.",https://sendbird.com,https://www.ycombinator.com/companies/sendbird,"San Francisco, CA, USA",300,B2B,"B2B -> Engineering, Product and Design","B2B, Engineering, Product and Design","Artificial Intelligence, SaaS, B2B, Enterprise, AI","United States of America, America / Canada, Remote, Partly Remote",Growth,False,True,False,SendBird,https://bookface-images.s3.amazonaws.com/small_logos/7872f78bdae8e125b0644c36f459e442d63a5054.png,1447797915
1076,Wakie,wakie,Winter 2016,Active,A social app for phone calls. Express yourself and make real friends.,Users perform millions of calls and send hundreds of millions of messages every month. The topics vary from language practicing to mental issues to personal life conversations.,http://www.wakie.com,https://www.ycombinator.com/companies/wakie,"San Francisco, CA, USA; Menlo Park, CA, USA; Remote",10,Consumer,Consumer -> Social,"Consumer, Social","Mental Health Tech, Community, Social Media","United States of America, America / Canada, Remote, Fully Remote",Early,False,False,False,,https://bookface-images.s3.amazonaws.com/small_logos/4e6b635a2e64b61418a8a3e7b739c3780c419c5f.png,1447748416
1071,Sanitation and Health Rights in India (SHRI),sanitation-and-health-rights-in-india-shri,Winter 2016,Active,,"Sanitation and Health Rights in India (SHRI) fights alongside communities to end open defecation as a key step in an ongoing struggle for health equity and social and economic justice.

The company has built a toilet that converts poop into methane gas that powers a water filtration system that creates clean drinking water. SHRI then sells the water in the local community to make the whole system sustainable. Source: TechCrunch",http://www.sanrights.org,https://www.ycombinator.com/companies/sanitation-and-health-rights-in-india-shri,"Boston, MA, USA; BR, India",1,Unspecified,Unspecified,Unspecified,,"United States of America, India, America / Canada, South Asia",Early,False,False,True,,/company/thumb/missing.png,1447748416
1068,Quilt Data,quilt-data,Winter 2016,Active,Quilt manages data like code so that companies can experiment faster,"We realized that S3 is kind of like ""git for data"" and have created services that make S3 function as a data hub for teams. Quilt consists of a Python Client, a web catalog for browsing and visualizing S3, and a CloudFormation backend for compute and identity management.",https://quiltdata.com,https://www.ycombinator.com/companies/quilt-data,"Kihei, HI, USA; San Francisco, CA, USA; Remote",6,B2B,"B2B -> Engineering, Product and Design","B2B, Engineering, Product and Design",Analytics,"United States of America, America / Canada, Remote, Fully Remote",Early,False,False,False,,/company/thumb/missing.png,1447748415
1065,FightCamp,fightcamp,Winter 2016,Active,Home boxing gym with motion trackers that compute punches and reps. ,"With FightCamp you get access to world-class boxing and kickboxing trainers, studio-quality equipment, and performance-tracking technology — all from the comfort of your home. The key to a FightCamp workout lies in our Punch Tracking technology — we allow you to measure every strike, deliver real-time stats and fuel your competitive side. ",http://joinfightcamp.com,https://www.ycombinator.com/companies/fightcamp,"Los Angeles, CA, USA; Newport Beach, CA, USA",64,Consumer,Consumer -> Gaming,"Consumer, Gaming","Hardware, Fitness, Gaming","United States of America, America / Canada, Remote, Partly Remote",Early,False,False,False,"Hykso, Hykso (FightCamp)",https://bookface-images.s3.amazonaws.com/small_logos/9ad4b0a44e66abd052761cca849f1d5905d25f72.png,1447747516
1063,Carbic,carbic,Winter 2016,Active,using ultrasonics + ml to analyze fluid behavior at infrastructure…,"We are a sensor company that aims to accurately capture the behavior of high throughput fluid systems. With this information we can help improve operations while reducing spills and theft. This technology could change the way the oil and gas industry, water municipalities, and anyone dealing with high volume fluid, operates. Fleets of our proprietary lightweight hardware send raw ultrasonic data directly to our server via cellular/satellite; we then use a mix of physics equations, signal processing, and anomaly detection to determine the behavior of fluid (volume and speed) in pipes.",http://carbic.com,https://www.ycombinator.com/companies/carbic,"San Francisco, CA, USA",8,Industrials,Industrials -> Energy,"Industrials, Energy","Industrial Workplace Safety, SaaS, IoT","United States of America, America / Canada, Remote, Partly Remote",Early,False,False,False,FlowCommand,https://bookface-images.s3.amazonaws.com/small_logos/21c3986cf5375618111e8e0dd2fe8e1f0a784f09.png,1447747516
1056,NetBeez,netbeez,Winter 2016,Active,Network monitoring from the end-user perspective,NetBeez is the Digital Experience Monitoring platform enabling IT teams to easily support remote users by quickly troubleshooting communication and network performance issues from the user’s perspective.,https://netbeez.net,https://www.ycombinator.com/companies/netbeez,"Pittsburgh, PA, USA; Remote",12,B2B,B2B -> Infrastructure,"B2B, Infrastructure",,"United States of America, America / Canada, Remote, Fully Remote",Early,False,False,False,,https://bookface-images.s3.amazonaws.com/small_logos/d39f800aa2dc90e00b32e18744204e9e5186ea14.png,1447653916
1055,mRelief,mrelief,Winter 2016,Active,mRelief has built an easy-to-use platform and web and text messaging…,"mRelief is a nonprofit that provides an easy-to-use platform on the web and text messaging -- at 74544 -- for Americans to sign up for SNAP. Built on public datasets provided by the USDA on BBCE and COVID-19 Waivers, they help people find out if they might be likely eligible for SNAP in all 50 states and DC. ",https://www.mrelief.com,https://www.ycombinator.com/companies/mrelief,"Chicago, IL, USA",12,Unspecified,Unspecified,Unspecified,Nonprofit,"United States of America, America / Canada, Remote, Partly Remote",Early,False,False,True,,/company/thumb/missing.png,1447653916
1053,HistoWiz,histowiz,Winter 2016,Active,Accelerating Histopathology for Cancer Research ,"HistoWiz is an innovative company dedicated to accelerating pathology-based research.

HistoWiz provides fast, global access to digital whole-slide images, online collaboration tools, low-cost data management, and experimental pathology expertise. The web-based platform accelerates information exchange among medical scientists and research pathologists. HistoWiz's mission is to fight cancer cooperatively instead of individually by connecting scientists and pathologists for online collaboration.

The HistoWiz advantage
We help your lab minimize the cost of research and maximize research productivity by providing the most efficient service for scientists to analyze experimental pathology specimens. We believe that scientists should spend their time on results interpretation rather than repetitive tissue cutting.

How does it work?
HistoWiz accepts formalin-fixed specimens by mail for tissue processing services. To expedite delivery of results and to facilitate global collaboration, HistoWiz offers whole-slide imaging and pathology services, allowing researchers to remotely and instantly view high-magnification images of their specimens via a secure, cloud-based “virtual microscope” on any computer or mobile device without downloading any software or gigabyte-sized files.",http://histowiz.com,https://www.ycombinator.com/companies/histowiz,"New York City, NY, USA; Brooklyn, NY, USA",2,Healthcare,Healthcare -> Healthcare Services,"Healthcare, Healthcare Services","Biotech, AI","United States of America, America / Canada",Growth,False,False,False,,/company/thumb/missing.png,1447653916
1052,GoLorry,golorry,Winter 2016,Active,Mobile marketplace for inter-city trucking in India,GoLorry offers transport and logistics services to its clients. It was founded in 2015 and conducts operations in California and Hyderabad.,http://www.golorry.com,https://www.ycombinator.com/companies/golorry,"Hyderabad, Telangana, India",30,B2B,B2B -> Supply Chain and Logistics,"B2B, Supply Chain and Logistics","Marketplace, Logistics, India","India, South Asia, Remote, Partly Remote",Early,False,False,False,,https://bookface-images.s3.amazonaws.com/small_logos/40376bae8f7c53265c200ad111505e5a76251905.png,1447653916
1051,Gecko Robotics,gecko-robotics,Winter 2016,Active,AI + Robotics for the Built World,"Gecko Robotics is the pioneer of AI + Robotics [AIR technology], transforming how the world builds, operates, and maintains its most critical infrastructure for a more reliable and sustainable future. Using fixed sensors and robots that climb, crawl, swim, and fly, we combine first-order data layers with the predictive power of AI into a single source of truth for the physical world. Cantilever™ is our operating platform, powered by AIR technology, that empowers teams to achieve operational excellence through actionable data for immediate and long-term planning.",https://www.geckorobotics.com,https://www.ycombinator.com/companies/gecko-robotics,"Pittsburgh, PA, USA; Austin, TX, USA",230,Industrials,Industrials -> Manufacturing and Robotics,"Industrials, Manufacturing and Robotics","Artificial Intelligence, Robotics, Energy, Big Data, Data Engineering","United States of America, America / Canada, Remote, Partly Remote",Growth,False,True,False,,https://bookface-images.s3.amazonaws.com/small_logos/eb7bd253bc194c1e1245a6c643b86e65d530a53f.png,1447653915
1049,Lynks,lynks,Winter 2016,Active,Lynks is an e-commerce company that makes high demand products…,Lynks is an e-commerce company that makes high demand products accessible to people in developing countries.,https://www.lynks.com/,https://www.ycombinator.com/companies/lynks,"Alexandria Governorate, Egypt",40,Consumer,Consumer -> Apparel and Cosmetics,"Consumer, Apparel and Cosmetics","E-Commerce, Emerging Markets","Egypt, Middle East and North Africa",Growth,False,False,False,Dealgamed,/company/thumb/missing.png,1447653915
1047,Thunkable,thunkable,Winter 2016,Active,Thunkable is the no-code platform to build powerful native mobile apps,"From MIT's App Inventor and YCombinator's W2016 batch, Thunkable allows anyone to build powerful native apps. With Thunkable, it's simple to design, and simple to code-- simply drag and drop to create fast, native, reliable apps.

You don't need to download large development suites, command-line kits, or simulators. You can use the many built-in app templates as they are, or make changes. Make your changes online and see them on your device instantly with the Thunkable mobile app. Upload your apps directly to the Play Store or App Store or send them to friends!",http://thunkable.com,https://www.ycombinator.com/companies/thunkable,"San Francisco, CA, USA",40,B2B,B2B -> Marketing,"B2B, Marketing","Developer Tools, SaaS, Design Tools","United States of America, America / Canada, Remote, Partly Remote",Growth,False,True,False,,https://bookface-images.s3.amazonaws.com/small_logos/44fe9d14461cf9ef20c54977438d35f2f917c3bf.png,1447653016
1044,Apollo.io,apollo-io,Winter 2016,Active,Apollo is the foundation of your entire go-to-market strategy.,"Founded in 2015, Apollo.io is a lead intelligence and sales engagement platform trusted by nearly 9,000 paying customers, from rapidly growing startups to some of the largest global enterprises. Our community-based approach to crowdsourcing data gives users maximum coverage while ensuring data accuracy. Our advanced algorithms and unique data acquisition methods help over 500,000 sales professionals enrich and analyze prospects' data to increase quality conversations and opportunities.

We have notable investors: Y Combinator and Nexus Venture Partners. We recently completed a Series B financing to fuel our next growth phase. We have reached and maintained profitability for the last 18 months.

Our growth and customer feedback set us apart from competitors.  Apollo had over one million sign-ups for its platform in the past year, and the number of weekly active users increased by over 400%.  We are a top-ranking G2 Crowd vendor in the Sales Intelligence, Lead Intelligence, Marketing Account Intelligence, and Sales Engagement categories.  Our highest scores are in the B2B data space for accuracy and ROI based on customer reviews. ",https://www.apollo.io/,https://www.ycombinator.com/companies/apollo-io,"San Francisco, CA, USA; Remote",800,B2B,B2B -> Marketing,"B2B, Marketing","Sales, Marketing","United States of America, America / Canada, Remote, Fully Remote",Growth,False,True,False,ZenProspect,https://bookface-images.s3.amazonaws.com/small_logos/0a49f4798e2c18e124af4300f4cb523e8d272577.png,1447568416
1043,Salt Security,salt-security,Winter 2016,Active,Protects organizations from getting breached through their APIs.,"Salt Security protects the APIs that form the core of every modern application. Its patented API Protection Platform is the only API security solution that combines the  power of cloud-scale big data and time-tested ML/AI to detect and prevent API attacks. By correlating activities across millions of APIs and users over time, Salt delivers deep context with real-time analysis and continuous insights for API discovery, attack prevention, and shift-left practices. Deployed quickly and seamlessly integrated within existing systems, the Salt platform gives customers immediate value and protection, so they can innovate with confidence and accelerate their digital  transformation initiatives.

Salt pioneered API security and is the industry leader for API security with a proven record of success. You can watch a 90-second overview video of the Salt Security API Protection Platform here: https://youtu.be/Z5nzavnBJj4
",https://salt.security/,https://www.ycombinator.com/companies/salt-security,"New York City, NY, USA; Tel Aviv-Yafo, Tel Aviv District, Israel",200,B2B,B2B -> Security,"B2B, Security",Cybersecurity,"United States of America, Israel, America / Canada, Middle East and North Africa, Remote, Partly Remote",Growth,False,False,False,"Secful, Salt",https://bookface-images.s3.amazonaws.com/small_logos/ee67d3955bee952b7146cbf36150b372e91df27a.png,1447568415
1041,Pave,pave,Winter 2016,Active,Pave analyzes Google Analytics + marketing data and sends you reports…,"We turn your Google Analytics data in actionable insights + reports with our data science AI algorithm.

We're a Y Combinator-backed company, and our users include Four Seasons Private Residences and Scribd.",https://www.paveai.com/,https://www.ycombinator.com/companies/pave,"Toronto, ON, Canada; Remote",6,B2B,B2B -> Analytics,"B2B, Analytics",Analytics,"Canada, America / Canada, Remote, Fully Remote",Early,False,False,False,"Pave, PaveAI",https://bookface-images.s3.amazonaws.com/small_logos/f3716a09550a1b2c2c7a45343cc359f6817528cf.png,1447568415
1038,Luciq (formerly Instabug),luciq,Winter 2016,Active,Agentic Observability Platform for Mobile,"Luciq is the Agentic Observability Platform for Mobile. Our intelligent AI agents detect, prioritize, and resolve issues across the app lifecycle, empowering teams to ship faster, deliver frustration-free sessions, and focus on building what matters.",https://luciq.ai,https://www.ycombinator.com/companies/luciq,"Cairo, Cairo Governorate, Egypt",250,B2B,"B2B -> Engineering, Product and Design","B2B, Engineering, Product and Design","Developer Tools, SaaS, B2B","Egypt, Middle East and North Africa",Growth,False,False,False,"Instabug, Luciq",https://bookface-images.s3.amazonaws.com/small_logos/38ccdaf09d5b01653f737bddb5a88d5ad6c56f98.png,1447567515
1037,Function of Beauty,function-of-beauty,Winter 2016,Active,"Customizable beauty for hair, skin, and body care products.","We’re a customized beauty brand at the intersection of tech and beauty, setting out to democratize custom beauty and truly empower individuality. There’s no one size fits all with us.",http://www.functionofbeauty.com,https://www.ycombinator.com/companies/function-of-beauty,"New York City, NY, USA; New York, NY, USA",300,Consumer,Consumer -> Apparel and Cosmetics,"Consumer, Apparel and Cosmetics","Beauty, Personalization, E-commerce","United States of America, America / Canada, Remote, Partly Remote",Growth,False,True,False,,https://bookface-images.s3.amazonaws.com/small_logos/c69054338f0f6889ab821fc3e59d609f38cfe4e1.png,1447567515
1034,Superside,superside,Winter 2016,Active,AI-First Creative Partner for Enterprise Teams,"Superside is the world's leading AI-first creative partner for enterprise teams. We help marketing and creative teams at brands like Amazon, Microsoft, Reddit, DoorDash and Intuit scale high-quality, on-brand creative without the cost or complexity of traditional agencies.

We are not a traditional agency, a freelance marketplace or a standalone AI tool. Superside combines a global team of expert designers, writers, motion artists and strategists with AI-powered workflows and Superspace — our proprietary creative management platform — all delivered through one flexible subscription. 

With 800+ team members across 70+ countries, 200,000+ projects delivered and 90%+ of our creatives AI-certified, we cover every creative service from ad creative and video to motion, branding and web design.

Since Y Combinator W16, Superside has raised capital from Luxor Capital, Prosus Ventures, Freestyle Capital, Slack Fund, Sam Altman, High Alpha and Alliance Ventures.
",http://www.superside.com,https://www.ycombinator.com/companies/superside,"Oslo, Oslo, Norway; Remote",850,B2B,B2B -> Productivity,"B2B, Productivity","Artificial Intelligence, SaaS, Design Tools, Marketing","Norway, Europe, Remote, Fully Remote",Early,False,False,False,Konsus,https://bookface-images.s3.amazonaws.com/small_logos/3f97e6f72e5f0f939f199ac6282cab34c72f7945.png,1447567515
1033,Netomi,netomi,Winter 2016,Active,Self-Driving Customer Care,"Welcome to Netomi AI, where we are revolutionizing the world of customer experiences through cutting-edge artificial intelligence. Our mission is clear: to create AI that not only solves mission-critical problems for the world's largest brands but also fosters genuine customer love. Backed by industry titans like Y-Combinator, Index Ventures, Jeffrey Katzenberg, and Greg Brockman, Netomi AI is at the forefront of defining the future of AI-driven customer engagement.

At Netomi, we embody our core values in everything we do:

Passion: We love what we do, genuinely. We persevere, creatively problem solve, and grow from adversity.

Customer Focus: We obsess over creating a positive impact and deliver experiences that meet or exceed the needs of our customers, and their customers.

One Team: We believe in working collaboratively as One Team to meet shared objectives and goals.

Joining Netomi AI means being part of a dynamic, fast-growing team that values innovation, creativity, and hard work. As a key player in the Generative AI revolution, you'll have the opportunity to significantly impact our success while developing your skills and career in the ever-evolving field of AI.

Netomi AI is not just a workplace; it's a community of visionaries shaping the future of customer engagement. If you're ready to be part of something extraordinary, where your passion aligns with our values and vision, we invite you to explore opportunities with us. Your journey to redefine customer experiences with brand-safe AI starts here.

Mission
To empower the highest quality customer experiences with brand-safe AI.

Vision
Building Brand and Customer Love",https://netomi.com,https://www.ycombinator.com/companies/netomi,"San Francisco, CA, USA",3,B2B,B2B -> Marketing,"B2B, Marketing","Deep Learning, Customer Service, AI","United States of America, America / Canada, Remote, Partly Remote",Early,False,True,False,msg.ai,https://bookface-images.s3.amazonaws.com/small_logos/a39a790ec2d3d1805e80c70308782d153f1c2294.png,1447567509
1032,Castle,castle-2,Winter 2016,Active,Block bots & bad behavior,"Instantly stop automated and human-originated account takeovers, fake accounts, and any behavior that violates your platform policies.",https://castle.io,https://www.ycombinator.com/companies/castle-2,"San Francisco, CA, USA; Remote",20,B2B,B2B -> Security,"B2B, Security","Developer Tools, SaaS, Security, Fraud Detection","United States of America, America / Canada, Remote, Fully Remote",Growth,False,True,False,"Castle.io, Castle, Castle Intelligence",https://bookface-images.s3.amazonaws.com/small_logos/8d7fdbafd7f8ab52a136ccd6f568c251351c96b8.png,1447566615
1030,Opentrons,opentrons,Winter 2016,Active,We make robots for biologists. ,"Today, biologists spend too much time pipetting by hand. We think biologists should have robots to do pipetting for them. People doing science should be free of tedious benchwork and repetitive stress injuries. They should be able to spend their time designing experiments and analyzing data.

That's why we started Opentrons.

We make robots for biologists. Our mission is to provide the scientific community with a common platform to easily share protocols and reproduce each other's results. Our robots automate experiments that would otherwise be done by hand, allowing our community to spend more time pursuing answers to some of the 21st century’s most important questions.",http://opentrons.com,https://www.ycombinator.com/companies/opentrons,"New York City, NY, USA; New York, NY, USA",300,Healthcare,Healthcare -> Diagnostics,"Healthcare, Diagnostics","Robotics, Synthetic Biology, Biotech","United States of America, America / Canada, Remote, Partly Remote",Growth,False,False,False,OpenTrons,https://bookface-images.s3.amazonaws.com/small_logos/218a1e71ef58cf5c6cbd797a5c9a25f5b4525037.png,1447527916
1028,MailTime,mailtime,Winter 2016,Active,Emails as quick and easy as text messaging.,"MailTime Email Messenger: Mobile email client that makes emails as quick and easy as texting.

MailTime AI: Draft and proofread emails using generative AI.",http://mailtime.com,https://www.ycombinator.com/companies/mailtime,"Hong Kong, Hong Kong",18,B2B,B2B -> Productivity,"B2B, Productivity","Productivity, Consumer Products, Email","Hong Kong, East Asia",Early,False,True,False,"MailTime, Measurable AI (MailTime)",https://bookface-images.s3.amazonaws.com/small_logos/72dc9ccfe26e8c21c74a8e2ae9b64027c599c994.png,1447452315
1020,Revl,revl,Winter 2016,Active,AI edited video souvenirs as a service,"Revl is an experience technology company and Y Combinator 2016 Winter Batch member launching the Revl Arc smart action camera. 

Designed in coordination with frogVentures, Sony, Ambarella and leading engineers with backgrounds at NASA, HP and Sikorsky Aircraft, the Revl Arc is available for preorder and will begin shipping in December. 

Revl was founded in 2015 and is based in San Francisco. For more information, please visit www.revl.com",https://revl.com/,https://www.ycombinator.com/companies/revl,"San Francisco, CA, USA; Remote",22,B2B,B2B -> Marketing,"B2B, Marketing","Machine Learning, SaaS, Sports Tech, B2B, Video","United States of America, America / Canada, Remote, Fully Remote",Growth,False,False,False,,https://bookface-images.s3.amazonaws.com/small_logos/22c87d9ebe7f3211cc7fc4e6b1c3691c72354478.png,1447312815
1018,PocketSuite,pocketsuite,Winter 2016,Active,All-In-One Business Operating System by PocketSuite,"PocketSuite is the all-in-one platform built for service businesses. From bookings and payments to client communication and beyond, we help owners and managers simplify their business and focus on what they do best. For more than a decade, thousands of independent professionals, small businesses, and multi-location brands have trusted PocketSuite to power their service businesses and serve hundreds of thousands of clients. We’re proud to support a diverse community of entrepreneurs at every stage of their journey. PocketSuite empowers the U.S. market of 20 million service businesses, generating $1 billion in sales with a desktop and mobile cloud solution for running their business. Thousands of businesses run on PocketSuite. Over 600,000 clients book, pay, and communicate with their service providers on PocketSuite today, and we're growing fast.",https://pocketsuite.io,https://www.ycombinator.com/companies/pocketsuite,"Washington, DC, USA; Remote",30,B2B,B2B -> Productivity,"B2B, Productivity","SaaS, Payments, Messaging, Scheduling, Operations","United States of America, America / Canada, Remote, Fully Remote",Growth,False,True,False,,https://bookface-images.s3.amazonaws.com/small_logos/cdb97ca4207ccb8346f6dd29984f5fca487812e0.png,1447312814
1016,Meter Feeder,meter-feeder,Winter 2016,Active,Helping fleets find and pay parking tickets,"Did you know that if your car is eligible for booting and towing in NYC, all of your registered vehicles are eligible? Now imagine you have thousands of vehicles in thousands of cities.

We make sure that your vehicles are compliant.",http://www.meterfeeder.com,https://www.ycombinator.com/companies/meter-feeder,"Pittsburgh, PA, USA",4,Fintech,Fintech -> Payments,"Fintech, Payments","Unmanned Vehicle, Payments, Transportation, Mobility","United States of America, America / Canada",Early,False,False,False,,https://bookface-images.s3.amazonaws.com/small_logos/add199c01e8e38b906c80074b660ab5bf6e88b25.png,1447311916
1010,Gigwell,gigwell,Winter 2016,Active,Building the Operating System for the Concert & Live Events Industry.,"Gigwell is building the operating system for the concert & live events industry.

Our platform modernizes the way live entertainment is booked and managed by helping booking agencies, venues, promoters, festivals, and talent buyers replace fragmented spreadsheets, emails, PDFs, and disparate tools with a single centralized booking hub. Gigwell streamlines artist and venue management, offers, contracts, advancing, tour logistics, payments, reporting, and communication in a collaborative platform purpose-built for the complexities of live events.

Trusted by more than 100,000 artists and venues, Gigwell has facilitated over $5 billion in bookings across live music, comedy, public speaking, digital creators, and entertainment. Gigwell has built one of the first vertically integrated SaaS infrastructure platforms designed specifically for live entertainment bookings, positioning the company to become the core infrastructure layer powering the future of live events globally.

Gigwell has been featured in TechCrunch, Billboard, DJ Mag, Mixmag, Hypebot, DJ Times, and Magnetic Magazine, and was recognized as the Most Promising Startup by the Nitey Awards and SF MusicTech’s Startup Innovators Challenge.",https://www.gigwell.com,https://www.ycombinator.com/companies/gigwell,"Los Angeles, CA, USA",12,B2B,B2B -> Productivity,"B2B, Productivity","Marketplace, SaaS, Entertainment","United States of America, America / Canada, Remote, Partly Remote",Early,False,False,False,,https://bookface-images.s3.amazonaws.com/small_logos/410acaf649ddb5822f7639caa9757423b17424c5.png,1447311916
1009,Copia,copia,Winter 2016,Active,Copia's a for-profit technology company that solves food waste &…,"We waste 3X more food than there are hungry mouths to feed. It is not a lack of food that's the issue, but rather an ineffective distribution of that food. Hunger is not a scarcity problem; it's a logistics problem.

For the first time ever, we can effectively donate prepared and highly perishable food to those who need it when we need it most. Copia is a for-profit company that has built technology allowing businesses (e.g., food management companies like Compass Group, corporate cafeterias, universities, hospitals, grocers, caterers, etc.) to easily request pickups of their surplus food, have it matched, and safely delivered to non-profits in need. With Copia, partnering businesses can seamlessly access significant tax savings, dramatically reduce food waste through data and analytics on surplus, and remove CO2 from the atmosphere, all while feeding their community.

We have diverted over 7M pounds of edible food from landfills and provided businesses and nonprofits with over $23M in savings. We will feed over 7M people with incredible food that would have otherwise been wasted!",http://www.gocopia.com,https://www.ycombinator.com/companies/copia,"San Francisco, CA, USA; Remote",20,B2B,B2B -> Office Management,"B2B, Office Management","SaaS, B2B, Food Tech","United States of America, America / Canada, Remote, Fully Remote",Early,False,False,False,,https://bookface-images.s3.amazonaws.com/small_logos/802cdfaf69a7d1d62bfdf8c18810860104506f05.png,1447311916
1007,Deako,deako,Winter 2016,Active,We make beautiful connected light switches that allow you to control…,"Deako believes that everyone should be able to enjoy the wonderful experiences of smart lighting, regardless of their budget.  We invented the modular light switch, giving homeowners maximum flexibility to customize and upgrade their systems, at any time, in minutes and without turning off the power. Deako’s beautiful designer switches are like nothing else on the market today.  Deako Smart Lighting has been named the #1 Smart Lighting Control System by TecHome Builder, Top 25 Innovative IOT Companies by Entrepreneur, featured in “I Want That!” episode on DIY Network, Top 50 most promising Startups by Bloomberg, and “Changing The Way Builders Spec Light Switches” - Builder Magazine.",https://www.deako.com,https://www.ycombinator.com/companies/deako,"Seattle, WA, USA",11,Consumer,Consumer -> Home and Personal,"Consumer, Home and Personal","IoT, Home Automation","United States of America, America / Canada",Growth,False,False,False,,/company/thumb/missing.png,1447311915
979,Stilt,stilt,Winter 2016,Acquired,Financial products for immigrants (acquired by JG Wentworth),"Stilt/Onbo enables you to launch credit products without a bank sponsor.

We have built APIs to abstract complexity around licenses, regulatory compliance, underwriting, loan management system, credit reporting, and debt capital.

We are backed by fintech investors including Y Combinator, Link Ventures, Hillsven Capital, Petrushka investments (early backer of Lending Club, Zillow, Check, Pets.com), and CEOs of billion-dollar fintech companies.",http://www.stilt.com,https://www.ycombinator.com/companies/stilt,"San Francisco, CA, USA",35,Fintech,Fintech -> Credit and Lending,"Fintech, Credit and Lending","Fintech, SaaS, B2B, Lending","United States of America, America / Canada, Remote, Partly Remote",Early,False,False,False,"STILT, Stilt, Stilt (dba Onbo)",https://bookface-images.s3.amazonaws.com/small_logos/9e3bb4303a0c1de02bc9e18aae4dd1307b9df84a.png,1447199416
1099,Kip Health,kip-health,Winter 2016,Acquired,Therapy the way it should be: high quality in-person therapy sessions…,"Kip combines traditional in-person therapy with a private app so that you get the most out of every session.

Meet your therapist in person and start working on your personalized care plan.

Share daily thoughts, feelings, and events with your therapist on Kip's private app.

Achieve measurable results with Kip's science-backed, results-driven approach.

Not your average therapy service, Kip makes therapy more effective by combining in-person visits with digital support in-between.",https://www.hellokip.com/,https://www.ycombinator.com/companies/kip-health,"San Francisco, CA, USA",2,Healthcare,Healthcare -> Healthcare IT,"Healthcare, Healthcare IT","Mental Health Tech, Digital Health","United States of America, America / Canada",Early,False,False,False,,/company/thumb/missing.png,1451984715
1089,Hingeto,hingeto,Winter 2016,Acquired,A B2B marketplace that connects inventory to online stores,"Hingeto is a technology platform that enables fashion brands & influencers to sell past and future masterpieces with zero inventory risk.

We are backed by Y Combinator (W16), Kapor Capital, Cross Culture Ventures, Precursor Ventures, Stanford University / StartX & several angels (including Andrew Iguodala)",https://www.hingeto.com,https://www.ycombinator.com/companies/hingeto,"San Francisco, CA, USA; Oakland, CA, USA",15,Consumer,Consumer -> Apparel and Cosmetics,"Consumer, Apparel and Cosmetics","Marketplace, B2B, E-commerce","United States of America, America / Canada, Remote, Partly Remote",Early,False,False,False,,https://bookface-images.s3.amazonaws.com/small_logos/e59c2327810cab253f71704ec7dd18ea96bfc242.png,1450418716
1088,flexEngage,flexengage,Winter 2016,Acquired,Dynamic transactional communications for physical stores to help…,"flexEngage helps retailers personalize post-purchase communications, like receipts, to better engage their most committed customers and drive additional sales. 

Amazon is destroying traditional retailers with their data and software because most retailers can't afford to build it on their own. So instead, retailers resort to wasting billions of dollars on ineffective marketing like Facebook ads to try and compete, while ignoring their most effective marketing channel, post-purchase communications. flexReceipts provides retailers with Amazon-like software for their trillions of post-purchase communications, by turning static messages into a personalized marketing medium.  We have a powerful data network effect; creating the world’s largest database of consumers’ shopping behavior currently at 300 million transactions and 47m unique consumer profiles.  

Other important information: 
- Our consumer database will replace the need for Nielsen, IRI, and Traqline - A $130b industry.  
- We're at $2.4m ARR,
- Deployed in 11k stores nationwide by amazing brands like Under Armor, Michael Kors, Oakley, and GNC. 
- Contracts range from $25 - $500k yearly, recurring - with the majority being 3-year contracts. 
- Avg retailers you have never heard about, like Shoe Carnival and DXL, each represent $100k yearly recurring contracts for us. 
- We've run an efficient company while we found PMF.  $2m still in the bank, $85k monthly burn.  

",http://www.flexengage.com,https://www.ycombinator.com/companies/flexengage,"Orlando, FL, USA",25,B2B,B2B -> Retail,"B2B, Retail","Analytics, Retail","United States of America, America / Canada, Remote, Partly Remote",Growth,False,False,False,flexReceipts,/company/thumb/missing.png,1450418716
1086,Bonsai,bonsai,Winter 2016,Acquired,The all-in-one solution for small businesses and self-employed.,"Founded with the purpose of empowering anyone to work for themselves, Bonsai is the trusted back-office software solution for 500,000+ small businesses and self-employed around the world.

Bonsai helps individuals and teams manage their clients, deliver great work, get paid on time and track finances - all in the same place and integrated together to make running a business as seamless as possible.",https://www.hellobonsai.com,https://www.ycombinator.com/companies/bonsai,"Boulder, CO, USA; San Francisco, CA, USA; Remote",25,B2B,B2B -> Finance and Accounting,"B2B, Finance and Accounting","Documents, SaaS","United States of America, America / Canada, Remote, Fully Remote",Growth,False,False,False,,https://bookface-images.s3.amazonaws.com/small_logos/704ac62f48316d04d9fc8a57fe4aed9e46970839.png,1450417816
1084,Nova,nova,Winter 2016,Acquired,"Nova puts the power of AI to work for you, enabling a more continuous…","Nova helps sellers focus their time where it will have the greatest impact, by identifying next best actions across the entire pipeline. No more dropped balls, no funnel leakage.

Understand the fundamental flow of customers and revenue over time, what role each team member plays, and what needs to happen to achieve your big hairy audacious goals.",http://www.nova.ai,https://www.ycombinator.com/companies/nova,"San Francisco, CA, USA",11,B2B,B2B -> Sales,"B2B, Sales","Artificial Intelligence, Sales","United States of America, America / Canada",Early,False,False,False,,https://bookface-images.s3.amazonaws.com/small_logos/e5b5f4f9cecde6a25ed38c833a80f9949aae6575.png,1449800415
1074,UroDev Medical,urodev-medical,Winter 2016,Acquired,Devices to improve the quality of life for people with Spinal Cord…,"Spinal Singularity designs connected medical devices to improve the quality of life for people with Spinal Cord Injury and Disease (SCI/D).

Our first product, the Connected Catheter, will revolutionize the way people deal with Neurogenic Bladder and Urinary Incontinence.",https://www.urodevmedical.com/,https://www.ycombinator.com/companies/urodev-medical,"San Clemente, CA, USA",4,Healthcare,Healthcare -> Medical Devices,"Healthcare, Medical Devices",Medical Devices,"United States of America, America / Canada",Early,False,False,False,Spinal Singularity,https://bookface-images.s3.amazonaws.com/small_logos/c7fb5021631c4122b74a0ad76af1b47537325bac.png,1447748416
1057,Redspread,redspread,Winter 2016,Acquired,Version control for software environments,"Redspread is a collaborative deployment tool for managing environments from development to production. It enables the deployment of Docker projects to a Kubernetes cluster using a single command.

Redspread was launched in 2015 and is based in San Francisco, California.",http://redspread.com,https://www.ycombinator.com/companies/redspread,"San Francisco, CA, USA; Mountain View, CA, USA",,B2B,B2B -> Infrastructure,"B2B, Infrastructure",Developer Tools,"United States of America, America / Canada",Early,False,False,False,,https://bookface-images.s3.amazonaws.com/small_logos/a01298571ca94f7c910104cd6712c0623fa1a283.png,1447654815
1054,Landed,landed,Winter 2016,Acquired,White-labeled shared appreciation down payment programs for employers,"Landed helps employers develop programs that increase access to homeownership for their employees. We do this by unlocking the power of shared appreciation to create down payment programs tailored to the needs of each institution, improving recruitment and retention of key talent. Unlike other programs, shared appreciation is mutually beneficial to funders and buyers, creating a self-renewing pool of capital that recycles as homebuyers exit the program.",http://www.landed.com,https://www.ycombinator.com/companies/landed,"San Francisco, CA, USA; Remote",2,Fintech,Fintech -> Credit and Lending,"Fintech, Credit and Lending","Fintech, Proptech","United States of America, America / Canada, Remote, Fully Remote",Growth,False,False,False,,https://bookface-images.s3.amazonaws.com/small_logos/7ab8fa26571630366add5d76d46ba876b673c7b9.png,1447653916
1050,Emburse,emburse,Winter 2016,Acquired,Expense management and AP automation.,"Emburse is an expense management platform that gives businesses more insight into and control over corporate expenses. Using Emburse, businesses may order virtual or physical MasterCard-network branded expense cards and assign these cards to employees or contractors for authorization of pre-approved business expenses.",https://www.emburse.com,https://www.ycombinator.com/companies/emburse,"San Francisco, CA, USA",,Fintech,Fintech -> Banking and Exchange,"Fintech, Banking and Exchange",Fintech,"United States of America, America / Canada",Early,False,False,False,,https://bookface-images.s3.amazonaws.com/small_logos/a00998d6f52fb43996a86ecea5c77d7d020b9b08.png,1447653915
1048,Plato,plato,Winter 2016,Acquired,Plato is the mentorship platform for engineering leaders,"Plato turns the company's engineering and product managers into better leaders. We help resolve challenging management situation as they arise, in real-time thanks to video one-on-one conversations, AMAs, and more with experienced technical leaders form Google,Netflix, Lyft, Box,  etc.

",http://www.platohq.com,https://www.ycombinator.com/companies/plato,"San Francisco, CA, USA; Remote",26,B2B,B2B -> Productivity,"B2B, Productivity",,"United States of America, America / Canada, Remote, Fully Remote",Early,False,False,False,Birdly,https://bookface-images.s3.amazonaws.com/small_logos/fc15418039f776573a0ea610002c9231a2e1a0cb.png,1447653016
1025,Goodybag,goodybag,Winter 2016,Acquired,An online tool for companies to order food from restaurants and…,"Goodybag helps you find catering for your office. Easily search restaurants and have food delivered to your next meeting.

For Restaurants and Caterers:
Goodybag lists your catering menu with no startup or monthly fees. You set your own delivery fees and zones. 

For Businesses:
Goodybag is an easy, time-saving way for you to explore and order food from restaurants around town for your employees.",http://goodybag.com,https://www.ycombinator.com/companies/goodybag,"Austin, TX, USA",11,B2B,B2B -> Office Management,"B2B, Office Management",Food Tech,"United States of America, America / Canada",Early,False,False,False,,/company/thumb/missing.png,1447358716
1019,Pulpix,pulpix,Winter 2016,Acquired,Binge-watching technology for video platforms. ,Leveraging Artificial Intelligence to offer personalized video experience for online video platforms. ,https://www.pulpix.com,https://www.ycombinator.com/companies/pulpix,"New York City, NY, USA",15,B2B,B2B -> Marketing,"B2B, Marketing","Artificial Intelligence, Machine Learning, Video","United States of America, America / Canada",Early,False,False,False,,https://bookface-images.s3.amazonaws.com/small_logos/8c132121b7d4ec5ea81300966ada8fd09448ac76.png,1447312815
1017,MineralSoft,mineralsoft,Winter 2016,Acquired,Data management platform for oil & gas assets,"MineralSoft is the leading solution for mineral rights and royalty management. 

Are you looking for a better way to manage your minerals? Whether you're an investment fund, a family office, an individual, or an advisor, MineralSoft has a tailored solution for you. We combine industry-leading software with experienced, professional service to maximize the value of your assets.  

Save time, make money, and get peace of mind by managing your oil & gas interests with MineralSoft.",https://mineralsoft.com,https://www.ycombinator.com/companies/mineralsoft,"Austin, TX, USA",35,Industrials,Industrials -> Energy,"Industrials, Energy","Analytics, Energy","United States of America, America / Canada",Growth,False,False,False,,/company/thumb/missing.png,1447311917
1014,Luminist Labs,luminist-labs,Winter 2016,Acquired,Diagnostic platform for early detection of liver disease,Luminist developed a non-invasive diagnostic test for the early detection and staging of liver fibrosis and non-alcoholic steatohepatitis (NASH). Luminist was acquired in 2020 by DiscernDx.,http://luministlabs.com,https://www.ycombinator.com/companies/luminist-labs,"New York City, NY, USA",2,Healthcare,Healthcare -> Diagnostics,"Healthcare, Diagnostics","Medical Devices, Diagnostics, Genomics","United States of America, America / Canada",Early,False,False,False,Luminist,https://bookface-images.s3.amazonaws.com/small_logos/b2a824d7b13f5cb87d6f2567fb9307570a0c1d46.png,1447311916
1013,LendEDU,lendedu,Winter 2016,Acquired,LendEDU is a marketplace for consumer financial products.,"LendEDU was Co-Founded by Nate Matherson and Matt Lenhard in 2014. LendEDU is a personal finance comparison website. Our goal is to create transparency in a number of markets including student lending, unsecured lending, auto lending, banking, credit cards, and some misc. insurance products. LendEDU participated in Y Combinator's W16 program in Mountain View California. 

LendEDU has been featured and mentioned on a variety of websites including The Wall Street Journal, New York Times, Washington Post, CNBC, Bloomberg, USA Today, MSN, Fox News, CBS News, NBC News, Yahoo! Finance, Forbes, Bustle, and roughly 500 other media outlets.

LendEDU is a graduate of the Iowa Startup Accelerator. LendEDU received seed funding from Built By Iowa, the Iowa Startup Accelerator Fund, and others.

We'd love to tell you about LendEDU! Email support@lendedu.com with any questions, comments, or criticism (really!).

Pronounced ""Lend E D U""​, our website is located at LendEDU.com!",https://lendedu.com,https://www.ycombinator.com/companies/lendedu,"New York City, NY, USA; Hoboken, NJ, USA",10,Education,Education,Education,"Fintech, Marketplace","United States of America, America / Canada",Early,False,False,False,,/company/thumb/missing.png,1447311916
1004,Able Health,able-health,Winter 2016,Acquired,Able Health gets doctors paid more for higher quality care,"Able Health is the one platform physician organizations need to manage value-based programs. From calculating HEDIS and Medicare measures to engaging clinicians and health plans, managing value-based programs can take an army of administrators and IT staff. Able Health simplifies administration, customized to your specific programs, so you can ease today's reporting requirements and set your organization up for the future of healthcare reimbursements.",http://ablehealth.com,https://www.ycombinator.com/companies/able-health,"San Francisco, CA, USA",11,Healthcare,Healthcare -> Healthcare IT,"Healthcare, Healthcare IT",,"United States of America, America / Canada",Early,False,False,False,,/company/thumb/missing.png,1447311014
1000,Loop Genomics,loop-genomics,Winter 2016,Acquired,Novel long-read DNA sequencing technology,Loop Genomics provides long-read sequencing solutions across a diverse set of research and clinical applications.  Our platform for long-read DNA sequencing transforms short-read DNA sequencers into long-read sequencing machines. ,http://www.loopgenomics.com/,https://www.ycombinator.com/companies/loop-genomics,"San Francisco, CA, USA; San Jose, CA, USA",7,Healthcare,Healthcare -> Diagnostics,"Healthcare, Diagnostics",Biotech,"United States of America, America / Canada, Remote, Partly Remote",Growth,False,False,False,,/company/thumb/missing.png,1447280416
998,Algoriz,algoriz,Winter 2016,Inactive,Algoriz is an AI based algorithmic trading platform that enables you…,"Algoriz is an AI based trading platform that enables you to build trading algorithms by simply typing your strategies in English. 

Algoriz is backed by Y combinator.",http://www.algoriz.com,https://www.ycombinator.com/companies/algoriz,"New York City, NY, USA; New York, NY, USA",4,Fintech,Fintech -> Asset Management,"Fintech, Asset Management","Artificial Intelligence, Finance, Trading","United States of America, America / Canada",Early,False,False,False,RUMI,/company/thumb/missing.png,1447280416
986,AlphaFlow,alphaflow,Winter 2016,Inactive,AlphaFlow is a technology-driven investment manager.,"Access. Transparency. Technology. Founded in 2015, AlphaFlow is a technology-driven investment manager providing professionally managed portfolios of real estate loans. We make the $75 billion fix-and-flip industry accessible to institutional investors. With the recent launch of our new platform, TITAN, we’ve opened up our institutional platform to smaller investors.

As a result of leading with technology and data analytics AlphaFlow is able to provide transparency & speed at a rate our competitors can’t. We partner with non-bank real estate lenders who provide 6-12 month bridge loans on single-family and small multifamily properties by purchasing their loans thereby helping them grow their businesses.

AlphaFlow uses software to streamline and automate today’s manual workflow and our engineering team is constantly developing simple and elegant solutions to further automate a manually intensive industry.
",http://www.alphaflow.com,https://www.ycombinator.com/companies/alphaflow,"San Francisco, CA, USA",26,Fintech,Fintech -> Asset Management,"Fintech, Asset Management","Fintech, Real Estate","United States of America, America / Canada, Remote, Partly Remote",Early,False,False,False,,https://bookface-images.s3.amazonaws.com/small_logos/9696737d779bc1482d4e992936d055d788610f1a.png,1447278615
983,VINEBOX (Usual Beverage Co.),vinebox,Winter 2016,Inactive,"Wine by the glass, delivered","VINEBOX is a premium wine-by-the-glass subscription service. Each month, our subscribers receive 3 single-serving portions of wine to taste, share, and enjoy. Only order more of the wine you know you love!

This is not your standard vino. 
Each VINEBOX contains 3 tubes of exceptional wine curated by our team of specialists from around the world.

We simplify wine. 
With our easy to follow tasting notes, you'll never be stumped by a wine list. Learn your favorite varietals and regions through tasting experience. We include only the info you want, nothing you don’t.

Never forget a wine again. 
With access to your VINEBOX history, you see every wine you’ve ever tasted, with notes, ratings, & reviews!

Something for everyone. 
Whether you’re a wine connoisseur or novice, VINEBOX will introduce you to new wines, new vineyards, and a new way to enjoy wine. VINEBOX also makes the perfect gift for birthdays, corporate gifting, celebrations, dinner parties, and random Tuesdays.",http://www.getvinebox.com,https://www.ycombinator.com/companies/vinebox,"New York City, NY, USA; San Francisco, CA, USA",11,Consumer,Consumer -> Food and Beverage,"Consumer, Food and Beverage",,"United States of America, America / Canada",Growth,False,False,False,VINEBOX,https://bookface-images.s3.amazonaws.com/small_logos/fb5095e9e30868b58246a57d70171157e6505a4b.png,1447199416
980,Magic Instruments,magic-instruments,Winter 2016,Inactive,Magic Instruments makes a high-tech guitar that is easier and more…,"Musical instruments  that enable anyone to play instantly, and make it easier and more inspiring to learn.

Magic Instruments (YC W2016 and Highway1 F2015) is the maker of the MI Guitar. 
We design the tools that allow anyone to express themselves by making music. Our mission is to create a world that inspires human connection through music playing. We give people all the joy of playing music. We’re developing a new class of music instruments and the ecosystem around them, starting with our first product, a new type of guitar that anyone can play using an intuitive UI on the fretboard and a mobile app to play your favorite songs, instantly. We also make it technically easier and more inspiring to learn traditional guitar technique.

Can't play a guitar? We guarantee you can play this one.

The MI Guitar is a new type of guitar that you can pick up and play, instantly. By reinventing the fretboard of a traditional guitar, it simplifies playing so anyone can play their favorite songs at first sight, or create their own original music. You can also play this like the traditional guitar and it gives you a fun and easy way to learn the guitar.

Pre-order now at https://magicinstruments.com

Facebook: https://www.facebook.com/magicinstruments/
Twitter: https://twitter.com/magicinstrument
YouTube: https://www.youtube.com/c/magicinstruments",,https://www.ycombinator.com/companies/magic-instruments,"Los Angeles, CA, USA",2,Consumer,Consumer -> Consumer Electronics,"Consumer, Consumer Electronics",Music,"United States of America, America / Canada",Early,False,False,False,,/company/thumb/missing.png,1447199416
976,Compgun,compgun,Winter 2016,Inactive,Sales commission software that grows revenue.,"Compgun is founded on the simple premise that sales commissions are simultaneously the sales organization's single biggest strategic lever and its largest expense.

At previous companies, Tim and Jake were amazed by the effectiveness of sales commissions in rallying teams around new strategic priorities and business objectives. At the same time, they were shocked by how primitively commission expenses are often managed. Most businesses administer commissions with Excel and email, making it nearly impossible for sales reps or their managers to track how they are pacing throughout the month, let alone which transactions were included in a previous period’s paycheck. Compgun’s mission is to stand the status quo on it’s head by providing real-time performance tracking and insight to every member of the sales org.",http://compgun.com,https://www.ycombinator.com/companies/compgun,"San Francisco, CA, USA",11,B2B,B2B -> Human Resources,"B2B, Human Resources",Sales,"United States of America, America / Canada",Early,False,False,False,,/company/thumb/missing.png,1447199415
1095,PhysioHealth,physiohealth,Winter 2016,Inactive,An enterprise health benefits platform that rewards employees for…,"PhysioHealth is an enterprise health and wellness management platform that rewards your employees for living healthy and decreases your healthcare costs.

Their customized platform delivers 5x engagement vs. other corporate wellness programs.",https://www.physioh.com,https://www.ycombinator.com/companies/physiohealth,"San Francisco, CA, USA",2,Healthcare,Healthcare -> Healthcare Services,"Healthcare, Healthcare Services","Health Tech, Insurance, Health & Wellness","United States of America, America / Canada",Early,False,False,False,,/company/thumb/missing.png,1451496015
1087,Modal,modal,Winter 2016,Inactive,digital commerce for the world’s largest auto retailers and brands.,"At Modal, we build the future of auto commerce for the world's largest auto brands and retailers. Modal's team is full of technology leaders from places like Google, Facebook, Tesla, Paypal, Accenture, and Modal is backed by notable investors like Y Combinator, Peter Thiel, Khosla Ventures, and Ally Financial.  To quote Peter Thiel, Modal is ""complex coordination"" of many different technologies, driving billions of dollars in transaction volume every year.
Modal, formerly Drive Motors, was founded in 2015, completed Y Combinator in 2016, and is based in San Francisco, CA.  For more information, visit www.modalup.com.",http://modalup.com/,https://www.ycombinator.com/companies/modal,"San Francisco, CA, USA",18,B2B,B2B -> Retail,"B2B, Retail",Auto Commerce,"United States of America, America / Canada, Remote, Partly Remote",Early,False,False,False,Drive Motors,https://bookface-images.s3.amazonaws.com/small_logos/c38f4fd804cb3af2c6c3f749644efdff401f0a2c.png,1450418716
1085,Streamup,streamup,Winter 2016,Inactive,Streamup is a live streaming community for music. We make it fun and…,Streamup is a fun way to live stream music videos. Join our community to watch exciting shows and chat with the musicians you love!,https://streamup.com,https://www.ycombinator.com/companies/streamup,"Los Angeles, CA, USA; Santa Monica, CA, USA; Remote",2,Consumer,Consumer -> Social,"Consumer, Social","Social Media, Live","United States of America, America / Canada, Remote, Fully Remote",Early,False,False,False,,https://bookface-images.s3.amazonaws.com/small_logos/9724677f33a5d5a8b626edc323d46e921d57875c.png,1450041615
1083,StrongIntro,strongintro,Winter 2016,Inactive,StrongIntro helps recruiters turn their entire company into a source…,"StrongIntro is a recruiting tool and a service that lets you tap into the networks of your existing employees. We do so by using both a software and human-centric approach, and we want to help you hire thoughtfully.",https://strongintro.com,https://www.ycombinator.com/companies/strongintro,"San Francisco, CA, USA",2,B2B,B2B -> Recruiting and Talent,"B2B, Recruiting and Talent","Recruiting, Talent Acquisition","United States of America, America / Canada",Early,False,False,False,,https://bookface-images.s3.amazonaws.com/small_logos/4b83e039187d59c0375134961a06d242460e9172.png,1449688815
1077,Index,index-2,Winter 2016,Inactive,Mapping the world's professional relationships. ,"Get warm introductions from your colleagues

Index combines public information on people with private information on relationships to tell you who knows who and how well.",http://www.index.io,https://www.ycombinator.com/companies/index-2,"San Francisco, CA, USA",5,B2B,B2B -> Sales,"B2B, Sales",Networks,"United States of America, America / Canada",Early,False,False,False,,/company/thumb/missing.png,1447791616
1075,Unnyhog,unnyhog,Winter 2016,Inactive,Video game development company.We are creating unique and…,"We create portals to other dimensions to open people thousands of different lives. 

Unnyhog is a global game development company with 4 released games to the market. Our latest game, UnnyWorld, is a fantasy style MMO game with gesture controls designed to unite mobile and PC users.",http://unnyhog.com,https://www.ycombinator.com/companies/unnyhog,"Los Angeles, CA, USA",1,Consumer,Consumer -> Gaming,"Consumer, Gaming","Entertainment, Gaming","United States of America, America / Canada",Early,False,False,False,UnnyWorld,/company/thumb/missing.png,1447748416
1073,Pathmind,pathmind,Winter 2016,Inactive,Pathmind helps industrial engineers and simulation modelers achieve…,"Pathmind helps industrial engineers and simulation modelers achieve 10-20% gains in performance for industrial operations, supply chains and mining. We help them apply deep reinforcement learning to simulations and digital twins, and deploy decision-making policies into operations. ",https://pathmind.com,https://www.ycombinator.com/companies/pathmind,"San Francisco, CA, USA; Remote",15,B2B,"B2B -> Engineering, Product and Design","B2B, Engineering, Product and Design","Reinforcement Learning, Warehouse Management Tech, Supply Chain","United States of America, America / Canada, Remote, Fully Remote",Growth,False,False,False,Skymind,https://bookface-images.s3.amazonaws.com/small_logos/6f25b083ae5853d0fb4e5eee2ce6794565ac6775.png,1447748416
1072,Silver,silver,Winter 2016,Inactive,Low cost consumer device for toxin detection. ,"At Silver, they are building the world's first miniaturized Raman spectroscope for consumers. Our spectroscope, combined with our proprietary nanoparticle substrates, enables our users to detect many contaminants instantaneously.",http://www.scansilver.com/,https://www.ycombinator.com/companies/silver,"San Francisco, CA, USA; Cupertino, CA, USA",,Consumer,Consumer -> Consumer Electronics,"Consumer, Consumer Electronics","Hard Tech, Diagnostics, Nanotechnology","United States of America, America / Canada",Early,False,False,False,,/company/thumb/missing.png,1447748416
1070,Restocks,restocks,Winter 2016,Inactive,Buy sneakers and streetwear here,"Restocks offers its users with instant notifications when the brands they like releases new items, restocks, and go on sale. The company offers its users with commerce and builds engaging shopping experiences on mobile platforms. It is funded by Y Combinator and angel investors. It helps its users stay updated with the brands they like, choose the updates they care about, view recent releases, restocks, and price drops, check stock and buy without leaving the app, and save profiles to check out.

Restocks is a U.S.-based company that was founded in 2015.",https://restocks.io,https://www.ycombinator.com/companies/restocks,"San Francisco, CA, USA",2,Consumer,Consumer -> Apparel and Cosmetics,"Consumer, Apparel and Cosmetics","E-Commerce, Fashion","United States of America, America / Canada",Early,False,False,False,,/company/thumb/missing.png,1447748416
1069,Real Artists,real-artists,Winter 2016,Inactive,We make a fast and native issue tracker for software projects.,,https://www.realartists.com,https://www.ycombinator.com/companies/real-artists,,2,B2B,"B2B -> Engineering, Product and Design","B2B, Engineering, Product and Design",,Unspecified,Early,False,False,False,,/company/thumb/missing.png,1447748415
1066,Kisan Network,kisan-network,Winter 2016,Inactive,Tech enabled and fully integrated PAN India agri produce supply chain,"Kisan Network is a tech enabled and fully integrated PAN India agri produce supply chain. We connect small and marginal farmers directly to businesses anywhere in the country, with each step digitally captured and monitored on our proprietary management portal. As a result, farmers are able to earn 10% more than prevalent market prices for their produce.

Our system, built on the 3 pillars of 
1) 100% integration
2) Standardisation w.r.t. on-field practices and,
3) Transparency for all stakeholders

is a departure from the opaque and inconsistent traditional supply chain which thrives on the high levels of fragmentation in the ecosystem. There is 0% use of paper in our entire chain, with specific focus on building a national agri repository of micro level stakeholder information and on image / data driven automated crop quality assessment.",https://www.kisannetwork.com,https://www.ycombinator.com/companies/kisan-network,"Gurugram, HR, India; HR, India",75,Industrials,Industrials -> Agriculture,"Industrials, Agriculture","Supply Chain, Agriculture","India, South Asia, Remote, Partly Remote",Growth,False,False,False,,https://bookface-images.s3.amazonaws.com/small_logos/db2008b79867d33375690a57e489390ac2d6b52f.png,1447747516
1064,Georgette Packaging,georgette-packaging,Winter 2016,Inactive,Carbon neutral packaging for ambitious businesses.,"Georgette Packaging makes it easy to design and manufacture conscientious, branded packaging.",http://www.georgettepackaging.com,https://www.ycombinator.com/companies/georgette-packaging,"Kitchener, ON, Canada",15,B2B,B2B -> Supply Chain and Logistics,"B2B, Supply Chain and Logistics","Logistics, Climate","Canada, America / Canada, Remote, Partly Remote",Growth,False,False,False,,https://bookface-images.s3.amazonaws.com/small_logos/1929026faf3c4064b3cb414a5ef1d62b2ee8021b.png,1447747516
1062,Cover,cover,Winter 2016,Inactive,The mobile-first insurance platform that makes insurance easy.,"Cover is an Android and iOS mobile application that allows its users to insure anything by taking a picture of what they need to insure. It partners with many insurance companies and brokers to provide its users with the best available rates. The application allows its users to insure vehicles, mobile phones, pets, jewelry, houses, boats, tours, and more. It was launched in Toronto, Ontario, Canada.",http://cover.com,https://www.ycombinator.com/companies/cover,"San Francisco, CA, USA",50,Fintech,Fintech -> Insurance,"Fintech, Insurance",Insurance,"United States of America, America / Canada, Remote, Partly Remote",Growth,False,False,False,,https://bookface-images.s3.amazonaws.com/small_logos/8d5863fab7cb599616673d64029382203c934c08.png,1447747515
1061,Envyl,envyl,Winter 2016,Inactive,"Envyl enables a fast, reliable and cost effective peer to peer…",Envyl is an affordable and fast international peer to peer delivery.,http://www.envyl.com,https://www.ycombinator.com/companies/envyl,"New York City, NY, USA; Brooklyn, NY, USA",2,Consumer,Consumer -> Home and Personal,"Consumer, Home and Personal","Delivery, E-Commerce, Logistics","United States of America, America / Canada",Early,False,False,False,Shypmate,/company/thumb/missing.png,1447701615
1060,Elucify,elucify,Winter 2016,Inactive,Elucify is an API that plugs into your CRM which automatically cleans…,"Elucify believes that good data is the foundation of effective sales organizations. Their mission is to build the infrastructure that enables salespeople to focus on their passion: selling.

Elucify was acquired in 2018 by Circleback. ",https://getelucify.com,https://www.ycombinator.com/companies/elucify,"San Francisco, CA, USA",11,B2B,B2B -> Sales,"B2B, Sales",SaaS,"United States of America, America / Canada",Early,False,False,False,,/company/thumb/missing.png,1447654816
1059,TRAC,trac,Winter 2016,Inactive,An end to end timing solution for any scale athletic event. ,"TRAC is a Chicago based startup that is focused on simplifying the track and field experience using innovative RFID technology, cellular data transmission, and unique application based software. Our integrated RFID timing system is the best in market for coaches and athletes in time based sports due to its precision, immediate feedback, and ease of use, thus saving time, effort, and money.",https://www.tracchicago.com,https://www.ycombinator.com/companies/trac,"Chicago, IL, USA",2,Healthcare,Healthcare -> Consumer Health and Wellness,"Healthcare, Consumer Health and Wellness",Sports Tech,"United States of America, America / Canada",Early,False,False,False,,/company/thumb/missing.png,1447654816
1046,Anchor Health,anchor-health,Winter 2016,Inactive,"Modernizing home health care agencies with software, hardware, and…","Anchor Health is a software, hardware, and operating solutions for distributed health care networks and providers.",http://anchorhealth.com,https://www.ycombinator.com/companies/anchor-health,"San Francisco, CA, USA",2,Healthcare,Healthcare -> Healthcare IT,"Healthcare, Healthcare IT",Health Tech,"United States of America, America / Canada",Early,False,False,False,,/company/thumb/missing.png,1447653015
1045,Poppy,poppy,Winter 2016,Inactive,Poppy makes it easy for parents to find high quality childcare with…,"Poppy is a modern childcare solution for modern families. We set your family up with a team of talented and thoroughly vetted sitters. Then you just text us when you need a sitter. Simple.

So you can get back to juggling dinners and dance recitals. Stop worrying about being stuck without care when you need it.",http://meetpoppy.com,https://www.ycombinator.com/companies/poppy,"Seattle, WA, USA",2,Consumer,Consumer -> Home and Personal,"Consumer, Home and Personal",,"United States of America, America / Canada",Early,False,False,False,,/company/thumb/missing.png,1447615216
1040,Patchwork Security,patchwork-security,Winter 2016,Inactive,"Security patch notifications for servers. Build it, deploy it, and…","We’re taking everything we know as security engineers, automating it, and making it easy for everyone to use.",http://patchworksecurity.com,https://www.ycombinator.com/companies/patchwork-security,"San Francisco, CA, USA; Oakland, CA, USA",2,B2B,B2B -> Security,"B2B, Security",Security,"United States of America, America / Canada",Early,False,False,False,,/company/thumb/missing.png,1447568415
1039,Interstate Analytics,interstate-analytics,Winter 2016,Inactive,Multi-Touch Marketing Analytics,"Interstate Analytics helps marketers make smarter decisions. The customers of the company are Betabrand, Outdoor Voices, EVERLANE, and JACK ERWIN. It pulls in its users’ visit, conversion, and spends data across all channels and centralizes it in a dashboard. It allows its users to spend less time wrangling data and more time acting on it. It applies attribution models to its users’ data that take into account all consumer touchpoints and makes better spend allocation decisions with accurate performance data. The company deterministically syncs marketing spends and conversion data across devices.

Interstate Analytics was founded in 2015.",http://interstateanalytics.com,https://www.ycombinator.com/companies/interstate-analytics,"San Francisco, CA, USA",2,B2B,B2B -> Analytics,"B2B, Analytics","Analytics, Marketing","United States of America, America / Canada",Early,False,False,False,,https://bookface-images.s3.amazonaws.com/small_logos/67d327f7785e9bbcb484e75cc849ae5a34c64da2.png,1447567516
1035,ConstructVR,constructvr,Winter 2016,Inactive,"The simplest way to test, manage, and deploy VR/AR apps at scale.","ConstructVR is the simplest way for businesses to manage, and deploy VR and AR apps at scale.",https://www.constructvr.io,https://www.ycombinator.com/companies/constructvr,"San Francisco, CA, USA",2,Consumer,Consumer -> Virtual and Augmented Reality,"Consumer, Virtual and Augmented Reality",AR,"United States of America, America / Canada",Early,False,False,False,"Archonware, HealthSkout, MedicalBnB",https://bookface-images.s3.amazonaws.com/small_logos/81778e15922c64d63f0d80ef4134c516cc53fb73.png,1447567515
1031,Castle,castle,Winter 2016,Inactive,Castle manages rental homes using automation and on-demand labor.,"Castle manages rental homes for landlords using automation and on-demand labor.
We find tenants, collect rent, and coordinate maintenance, allowing owners to kick back, relax, and never worry about their rental properties again. Owners either have to deal with this whole mess themselves, or spend 10% of their rental income on a traditional property management company that requires constant supervision and is often incentivized to act against the owner’s best interest.
There are 43 million rental units in the United States, and most of them are currently managed with some combination of faxes, mail, and unreturned voicemails on the landlord’s personal phone. Castle moves all of property management into a seamless online experience, providing owners with transparency, speed, and incredible customer service—plus huge cost savings over traditional management. Renters get great service and instant updates about important issues.",http://entercastle.com,https://www.ycombinator.com/companies/castle,"Detroit, MI, USA",11,Real Estate and Construction,Real Estate and Construction -> Housing and Real Estate,"Real Estate and Construction, Housing and Real Estate",Real Estate,"United States of America, America / Canada",Early,False,False,False,,https://bookface-images.s3.amazonaws.com/small_logos/50f2343fc9ce8e375633fcca24cbcbfc55d9464f.png,1447566615
1029,Monthli,monthli,Winter 2016,Inactive,Monthli is the first marketplace for homeowner associations.  We…,HOA operations made simple. Monthli is a SaaS platform which powers Homeowner Associations to more easily run their business operations.,http://www.monthli.com,https://www.ycombinator.com/companies/monthli,"San Francisco, CA, USA",4,Real Estate and Construction,Real Estate and Construction -> Housing and Real Estate,"Real Estate and Construction, Housing and Real Estate",Marketplace,"United States of America, America / Canada",Early,False,False,False,,/company/thumb/missing.png,1447527916
1027,Start Closing,start-closing,Winter 2016,Inactive,Start Closing is changing the way homeowners and contractors interact…,"Start Closing is the best project and customer tracking tool for the restoration roofing industry. Our product aims to provide Contractors a streamlined way toward transparency with the customer, efficiency within their own organization, and accountability throughout the restoration claim process.",http://www.startclosing.com,https://www.ycombinator.com/companies/start-closing,"Coffeyville, KS, USA",2,Real Estate and Construction,Real Estate and Construction -> Construction,"Real Estate and Construction, Construction","Insurance, Home Services","United States of America, America / Canada",Early,False,False,False,,/company/thumb/missing.png,1447435216
1026,Open Motors,open-motors,Winter 2016,Inactive,Open Motors (formerly OSVehicle) is a B2B company that is developing…,"Open Motors (formerly OSVehicle): open, modular, electric vehicle platforms allow new and existing car manufacturers to develop their own models saving up to two years of R&D and millions of dollars in investments. At the same time, it is a reference platform for mobility startups to embed and develop their technology on.
Open Motors (formerly OSVehicle) is also developing “EDIT”, the first self-driving vehicle designed & engineered for services in white label, extremely modular & open. Fleets can last 10X more thanks to an easy repairability & upgradeability.

For more info visit www.openmotors.co",https://www.openmotors.co,https://www.ycombinator.com/companies/open-motors,"San Francisco, CA, USA; Remote",11,Industrials,Industrials -> Automotive,"Industrials, Automotive","Electric Vehicles, Self-Driving Vehicles","United States of America, America / Canada, Remote, Fully Remote",Early,False,False,False,OSVehicle,https://bookface-images.s3.amazonaws.com/small_logos/d48728d2bd5556dcfa025a664608f1a7e310cb5d.png,1447359615
1024,Enflux,enflux,Winter 2016,Inactive,Motion capture clothing for injury prevention,"Enflux makes motion capture clothing for the masses. We are a technology platform serving Virtual Reality, Fitness, and Health through our open API. Our customers include Hasbro, The Jim Henson Company, and many more.",http://getenflux.com,https://www.ycombinator.com/companies/enflux,"San Francisco, CA, USA",2,Healthcare,Healthcare -> Consumer Health and Wellness,"Healthcare, Consumer Health and Wellness",Smart Clothing,"United States of America, America / Canada",Early,False,False,False,,/company/thumb/missing.png,1447358716
1023,Unima,unima,Winter 2016,Inactive,Fast and low-cost diagnostics for real time disease surveillance,"Unima developed a fast and low-cost diagnostic and real-time disease surveillance that allows anyone to diagnose a disease directly where the patient is, without using lab equipment, with results in 15 minutes and at a very low cost.",http://www.unimadx.com,https://www.ycombinator.com/companies/unima,"Zapopan, Jal., Mexico",26,Healthcare,Healthcare -> Diagnostics,"Healthcare, Diagnostics","Health Tech, Biotech, Diagnostics","Mexico, Latin America",Early,False,False,False,,https://bookface-images.s3.amazonaws.com/small_logos/6c2c011e4d98e07f268e9d5fe993f2508a4a51e7.png,1447312816
1022,Bus.com,bus-com,Winter 2016,Inactive,The easiest way to charter a bus in North America.,"Bus.com removes all of the friction involved in bringing a group of people to an event or experience. Our web app makes it easy to organize, book, join and enjoy bus trips: we believe organizing group travel should be just as easy and fun as the trip itself. Founded by travel industry veterans and built with startup hustle, we get you where you want to go, with people you love, while having a blast.

Planning an event, going on a trip, or just curious? Visit us at www.bus.com",http://www.bus.com,https://www.ycombinator.com/companies/bus-com,"Montreal, QC, Canada; Remote",90,B2B,B2B,B2B,"Marketplace, Transportation","Canada, America / Canada, Remote, Fully Remote",Growth,False,False,False,Sharethebus,https://bookface-images.s3.amazonaws.com/small_logos/b79c831c8f0d305c265f82733feafa079a2d0bc5.png,1447312815
1012,Inevitable Tech,inevitable-tech,Winter 2016,Inactive,"To make food a renewable resource, for everyone",Iron Ox is redesigning agriculture to confront its staggering environmental impacts and adapting farming to meet our future needs by making it a precise science that lets plants reach their full potential.,https://inevitabletech.com/,https://www.ycombinator.com/companies/inevitable-tech,"San Francisco, CA, USA; San Carlos, CA, USA",80,Industrials,Industrials -> Agriculture,"Industrials, Agriculture","Robotics, Climate","United States of America, America / Canada",Growth,False,False,False,Iron Ox,https://bookface-images.s3.amazonaws.com/small_logos/6a367eb3261209b49872b8ae5c4bf82df615e90a.png,1447311916
1011,InnoVein,innovein,Winter 2016,Inactive,We cure intractable leg wounds with a replacement valve for veins. ,,http://Innoveinmedical.com,https://www.ycombinator.com/companies/innovein,"San Francisco, CA, USA; San Carlos, CA, USA",5,Healthcare,Healthcare -> Medical Devices,"Healthcare, Medical Devices",Medical Devices,"United States of America, America / Canada, Remote, Partly Remote",Growth,False,False,False,,https://bookface-images.s3.amazonaws.com/small_logos/c016740aa024bde1b822a68eb9c3bd126cc85975.png,1447311916
1008,DoseDr,dosedr,Winter 2016,Inactive,"Helping diabetes patients use the correct amount of insulin,…","The DoseDr mobile app gives diabetics better control over their disease by helping them adjust their insulin doses between doctor visits. They connect patients to a doctor, who can help them immediately when an issue arises. No appointment necessary, and it's free! Patients are welcome to invite their current doctor to join DoseDr.",https://www.dosedr.com,https://www.ycombinator.com/companies/dosedr,"San Francisco, CA, USA; Menlo Park, CA, USA",2,Healthcare,Healthcare -> Consumer Health and Wellness,"Healthcare, Consumer Health and Wellness",Health Tech,"United States of America, America / Canada",Early,False,False,False,,/company/thumb/missing.png,1447311916
1006,Chillabit,chillabit,Winter 2016,Inactive,Chillabit is the best way to procrastinate! It’s a live feed of funny…,"On Chillabit, students share everything from interesting thoughts and questions to hilarious stories. It’s a collection of what’s important to the people around you.",https://chillabit.io,https://www.ycombinator.com/companies/chillabit,"San Francisco, CA, USA; Palo Alto, CA, USA",3,Consumer,Consumer -> Social,"Consumer, Social",Social,"United States of America, America / Canada",Early,False,False,False,Chitter,/company/thumb/missing.png,1447311915
1003,WorldCover,worldcover,Winter 2016,Inactive,"Funding platform for global insurance, starting with crop insurance…","WorldCover offers peer-to-peer investments that provide insurance to the global poor. We connect a growing pool of investors who seek uncorrelated investment returns and impact from their capital with a huge and growing need for natural disaster insurance in the developing world.  

WorldCover's platform improves food and income security for smallholder farmers in developing countries. More than 70% of the 2.5 billion people living at the “base of the pyramid” throughout the world rely on agriculture for income and sustenance. Farmers face a number of major risks to their livelihoods which they cannot control. Insurance gives them a sense of security even if they have a bad harvest, allowing them to improve their diets, invest in their farms, and send their children to school.

In an increasingly interconnected world, diversified markets are becoming harder and harder to find. WorldCover's investment products offer both retail and professional investors attractive yet uncorrelated returns with the world's financial markets.",https://www.worldcovr.com,https://www.ycombinator.com/companies/worldcover,"New York City, NY, USA; New York, NY, USA",20,Fintech,Fintech -> Insurance,"Fintech, Insurance","Fintech, Insurance","United States of America, America / Canada",Growth,False,False,False,,/company/thumb/missing.png,1447280416
1002,UpLabs,uplabs,Winter 2016,Inactive,UpLabs is the #1 marketplace for designers & developers to find…,"UpLabs is a website for designers and developers to find and share resources to build apps and sites. Every day, the UpLabs community uploads new quality and curated content.",https://www.uplabs.com,https://www.ycombinator.com/companies/uplabs,"San Francisco, CA, USA; Remote",1,B2B,"B2B -> Engineering, Product and Design","B2B, Engineering, Product and Design","Marketplace, Community","United States of America, America / Canada, Remote, Fully Remote",Growth,False,False,False,,https://bookface-images.s3.amazonaws.com/small_logos/f1f8b11558dca2b1d7e6fded4f473315eb25268f.png,1447280416
1001,Toymail,toymail,Winter 2016,Inactive,Connected toys that enable two-way voice messaging between children…,"The only kid-friendly WIFI toy messenger. Use our free app to message our toys from your phone & your child can reply right back!

After securing funding from both Amazon and Verizon and getting into Y Combinator, Toymail has just launched the ""Talkies""​  - a quirky new line of plush toys that let friends and family exchange messages with kids for two-way voice talk. 

With Toymail's Talkies kids can: 

• Send messages to grownup's phones with the free Toymail app
• Send messages directly to other friend's Talkies.
• Play for hours on or offline with our on-board voice filtering software",http://www.toymail.co,https://www.ycombinator.com/companies/toymail,"Los Angeles, CA, USA; New York, NY, USA",2,Consumer,Consumer -> Consumer Electronics,"Consumer, Consumer Electronics","IoT, Kids","United States of America, America / Canada",Early,False,False,False,,/company/thumb/missing.png,1447280416
