id,name,slug,batch,status,one_liner,long_description,website,ycdc_company_url,all_locations,team_size,industry,subindustry,industries,tags,regions,stage,top_company,isHiring,nonprofit,former_names,small_logo_thumb_url,launched_at
12565,Odeko,odeko,Summer 2019,Active,Our operations software makes it easier to run--and grow--your cafe,"We’re a passionate team of dreamers and builders, determined to liberate small businesses from the not-so-fun aspects of the job so that they can focus on what’s fun and important.",http://www.odeko.com,https://www.ycombinator.com/companies/odeko,"New York City, NY, USA; New York, NY, USA",371,B2B,B2B,B2B,"B2B, Logistics","United States of America, America / Canada, Remote, Partly Remote",Growth,True,True,False,"Cloosiv, Odeko (Formerly Cloosiv)",https://bookface-images.s3.amazonaws.com/small_logos/3b1e7b7eb171eccce88cf7089d2997df49764f1c.png,1556154664
22571,Gather,gather-2,Summer 2019,Active,Building a better way to meet online.,"Gather is a video chat platform designed to make virtual interactions more human. Our mission is to create opportunity and connection for everyone, no matter where they are. We do this by building the Metaverse, a virtual layer over the physical world where people can work, socialize, and learn. 

Since we launched in May of 2020, Gather has brought millions of people together. We have raised a total of $77 million in Series A and B from Sequoia Capital, Index Ventures, and more. We’re a small, friendly team based out of a state-of-the-art virtual office, where you can work whenever and wherever suits you. Come join us!

https://www.fastcompany.com/90692692/gather-inclusive-metaverse-vr",https://www.gather.town/,https://www.ycombinator.com/companies/gather-2,"New York City, NY, USA; San Francisco, CA, USA; Remote",60,Consumer,Consumer -> Social,"Consumer, Social",Metaverse,"United States of America, America / Canada, Remote, Fully Remote",Early,False,True,False,Gather Presence,https://bookface-images.s3.amazonaws.com/small_logos/7861de884111e3c22dce9bd8a25a30fafb7149ec.png,1598914813
12941,Sequence Bio,sequence-bio,Summer 2019,Active,Discovering the true signals of disease to power life-changing drugs.,"90% of drug candidates fail, delaying help for those in need. We’re on a mission to change that. Better drug target discovery powered by the Newfoundland founder effect.",https://www.sequencebio.com/,https://www.ycombinator.com/companies/sequence-bio,"St. John's, NL, Canada",52,Healthcare,Healthcare -> Drug Discovery and Delivery,"Healthcare, Drug Discovery and Delivery","Genomics, Therapeutics, Drug discovery","Canada, America / Canada, Remote, Partly Remote",Early,False,False,False,,https://bookface-images.s3.amazonaws.com/small_logos/819f850ae7a7b60333fcb1b8a2c4ef4e8a3d2fd3.png,1560967440
12903,Breadfast,breadfast,Summer 2019,Active,"Household needs, from bread to everything.","Breadfast is Egypt’s leading online grocery brand. We operate a fully vertically integrated supply chain, delivering 8,000 SKUs on-demand in under 60 minutes. Our selection includes a range of freshly baked bread, coffee, fruits, vegetables, eggs, dairy, meat and poultry, alongside a range of CPG staples designed to serve a household’s daily and weekly needs.",https://www.breadfast.com,https://www.ycombinator.com/companies/breadfast,"Cairo, Cairo Governorate, Egypt",10000,Consumer,Consumer,Consumer,"Grocery, Consumer, Delivery, Logistics, E-commerce","Egypt, Middle East and North Africa, Remote, Partly Remote",Growth,False,False,False,,https://bookface-images.s3.amazonaws.com/small_logos/b0811b2ae46cac528f54fd8219ca136ec457ea9a.png,1559595488
12897,Apurata,apurata,Summer 2019,Active,Point of sale financing for Latin America's middle class.,We offer instant underwriting of financing at the point of sale (ecommerce or physical) focused on small purchases ($100-$1000). ,https://apurata.com,https://www.ycombinator.com/companies/apurata,"Lima, Callao Region, Peru; Lima, Lima Province, Peru",12,Fintech,Fintech -> Credit and Lending,"Fintech, Credit and Lending","Fintech, E-commerce","Peru, Latin America, Remote, Partly Remote",Early,False,False,False,,https://bookface-images.s3.amazonaws.com/small_logos/9dca71a733251f031ad3838636f323fb93e5d590.png,1559442196
12877,EPIC AEROSPACE,epic-aerospace,Summer 2019,Active,Last-mile delivery for satellites.,,http://epic-aerospace.com,https://www.ycombinator.com/companies/epic-aerospace,"Buenos Aires, CABA, Argentina",14,Industrials,Industrials -> Aviation and Space,"Industrials, Aviation and Space","Commercial Space Launch, Hard Tech, Space Exploration","Argentina, Latin America",Growth,False,False,False,Epic Aerospace,https://bookface-images.s3.amazonaws.com/small_logos/db97295ee4b74df29a0373eec486f13b36c11c48.png,1559319885
12876,GitStart,gitstart,Summer 2019,Active,Pull Requests as a Service,"GitStart accelerates software engineers with Pull Requests as a Service. Assign tickets to GitStart Bot, go to sleep, and wake up with PRs. GitStart Bot automatically manages thousands of AI models and full-time engineers and runs peer reviews until PRs are ready to be merged. It’s scalable, flexible, and quality is guaranteed: you only pay for merged PRs.",https://www.gitstart.com,https://www.ycombinator.com/companies/gitstart,"San Francisco, CA, USA; Remote",19,B2B,"B2B -> Engineering, Product and Design","B2B, Engineering, Product and Design",Developer Tools,"United States of America, America / Canada, Remote, Fully Remote",Early,False,False,False,Murcul,https://bookface-images.s3.amazonaws.com/small_logos/26fef31f4719ab5a8c2e4a0ba8f081e756d63f0d.png,1559319581
12875,LAIKA,laika,Summer 2019,Active,Online pets supplies for Latin America with over 4000 products & 20…,"The top of mind for pets, the “one-stop shop” market in LATAM. A pet ecosystem that combines On and offline platform where pet owners will find a solution for all their needs, including products & services. 
Currently, to meet the needs of their pets, people must go to different places and platforms. To find products, they go to one place; for services, they go to several others; and for healthcare, a few more. In Colombia, in average, a person must visit or consult more than seven places per year to meet the needs of their pets.

We built a digital platform where users don’t have to go anywhere else to meet said needs. With two main sections; products and services. In the products section, we have more than 4,000 references (among which you can find most of the brands of food, snacks, medicines, accessories and others). In the services section, we have more than 17 services, all the healthcare, beauty and entertainment services. All of the above delivered straight to your home and with the flexibility of choosing the date and time on and at which you wish to receive the order, including same-day deliveries for the main cities and accepting all payment methods, both online and cash on delivery.",https://laika.com.co/,https://www.ycombinator.com/companies/laika,"Bogotá, Bogota, Colombia",500,Consumer,Consumer -> Home and Personal,"Consumer, Home and Personal",Marketplace,"Colombia, Latin America, Remote, Partly Remote",Early,False,False,False,,https://bookface-images.s3.amazonaws.com/small_logos/d1d0a96d3caa0ed417a09c003a03a851b6493e70.png,1559319300
12867,Vorticity,vorticity,Summer 2019,Active,The Fastest Scientific Computing Platform on the Planet,"Many pressing problems facing humanity can be solved with faster scientific compute. Currently, it takes billions of dollars to design and develop a new fusion reactor, a hyper-sonic airplane or a new cancer treatment. This is because scientists and engineers have to build very expensive things before they even know if their ideas work. But what if we can simulate the workings of these ideas (and more) on computers first and have high confidence that it works before we build really expensive things?

The work of humanity's greatest scientists over the years has given us the physics and math to do this. The problem is that we simply do not have the computing power to solve these big problems.

To address this, the Vorticity Inc is re-imagining scientific computing all the way down to processor architecture and system design. Our proven technology is already helping the energy, life sciences and aerospace industries.",http://vorticity.xyz/,https://www.ycombinator.com/companies/vorticity,"San Francisco, CA, USA",10,Industrials,Industrials -> Manufacturing and Robotics,"Industrials, Manufacturing and Robotics",Cloud Computing,"United States of America, America / Canada",Growth,False,True,False,"Nabla Computing, Nabla Inc",https://bookface-images.s3.amazonaws.com/small_logos/bf45a738c52014231eb5cc7bfba5ca712ef23c50.png,1559271873
12863,Taskade,taskade,Summer 2019,Active,One prompt. One app. One living workspace for teams.,"Taskade is the execution layer for ideas. One prompt becomes a live app that thinks and collaborates with your team. Build live dashboards, websites, and tools that connect with your workspace in real time.

Every workflow automates itself.
Every project becomes a live database.
Every agent plans, acts, and learns inside your workspace.

No code. No setup. Just creation.

Taskade Genesis turns work into living systems.
Projects remember. Agents learn. Automations keep everything in motion.
Build once, and your workspace evolves as your data and team grow.

Your workspace is the backend. The interface builds itself.
Software should be built by everyone.
Build without permission.

https://www.taskade.com",https://www.taskade.com,https://www.ycombinator.com/companies/taskade,"San Francisco, CA, USA",6,B2B,B2B -> Productivity,"B2B, Productivity","Generative AI, SaaS, B2B, Collaboration, AI","United States of America, America / Canada, Remote, Partly Remote",Early,False,True,False,,https://bookface-images.s3.amazonaws.com/small_logos/6b44dce0d7c87c47de6b97a5c0517675320527da.png,1559271132
12862,Meridian Industries,meridian-industries,Summer 2019,Active,Index is the modern business intelligence platform,"Index is a next-generation business intelligence (BI) tool designed for data teams and analysts to rapidly create, share, and explore interactive dashboards. By combining powerful SQL capabilities with a collaborative workspace, Index simplifies complex data visualization and enables teams to make faster, data-driven decisions.",https://mora.com,https://www.ycombinator.com/companies/meridian-industries,"San Francisco, CA, USA",6,B2B,B2B -> Analytics,"B2B, Analytics","SaaS, B2B, Analytics, Data Visualization, AI","United States of America, America / Canada",Early,False,True,False,"Houston, Index",https://bookface-images.s3.amazonaws.com/small_logos/4d8d3cb25a60e81613dcaac912d3f28552022bc8.png,1599762607
12861,Asher Bio,asher-bio,Summer 2019,Active,We build better immunotherapies,"Asher Bio is a biotechnology company developing precisely targeted immunotherapies for cancer and other diseases. Our cis-targeting platform aims to enable selective activation of specific immune cell types, addressing the inherent limitations of otherwise pleiotropic immunotherapies that act on multiple cell types. Our approach has the potential to precisely direct different immune mediators against a range of target immune cell-types and create best-in-class immunotherapies in cancer, autoimmune and infectious diseases. 

Asher Bio is backed by Third Rock Ventures and is located in South San Francisco.",https://www.asherbio.com/,https://www.ycombinator.com/companies/asher-bio,"San Francisco, CA, USA; San Carlos, CA, USA",3,Healthcare,Healthcare -> Therapeutics,"Healthcare, Therapeutics",Biotech,"United States of America, America / Canada",Growth,False,False,False,"Asher Biotherapeutics, Asher Biotherapeutics, Asher Bio, Asher Biotherapeutics",https://bookface-images.s3.amazonaws.com/small_logos/6ebff96239c6b3bdc84c6e935bf7862294c380cd.png,1559270475
12860,Deepnote,deepnote,Summer 2019,Active,A better data science notebook.,"Data science is as much a scientific and creative process as it is an engineering one. It involves working together, failing, learning and going back to the drawing board. Data scientists are explorers. To make data projects successful, we need tools that are both powerful and easy to use. Tools that help us collaborate and share our work in an engaging way. Tools that make data science fun again.

At Deepnote, we’re building a new standard in data tooling — a notebook that brings teams together to explore, analyze and present data from start to finish.

We are building tools for explorers. Join us.",https://www.deepnote.com/,https://www.ycombinator.com/companies/deepnote,"San Francisco, CA, USA",,B2B,"B2B -> Engineering, Product and Design","B2B, Engineering, Product and Design","Developer Tools, Machine Learning","United States of America, America / Canada, Remote, Partly Remote",Growth,False,True,False,,https://bookface-images.s3.amazonaws.com/small_logos/1d3472a27c98c1e565e5925980d8068da5917ef1.png,1581020768
12857,Aspect,aspect,Summer 2019,Active,Build UI fast.,Build and publish user interfaces quickly.,https://aspect.app,https://www.ycombinator.com/companies/aspect,"San Francisco, CA, USA",1,B2B,"B2B -> Engineering, Product and Design","B2B, Engineering, Product and Design","Developer Tools, SaaS","United States of America, America / Canada",Early,False,False,False,Metacode,https://bookface-images.s3.amazonaws.com/small_logos/5864cc2d657e919dc5bf2ea218178e543d59d747.png,1559268359
12856,Coco Wallet,coco-wallet,Summer 2019,Active,Your global dollar account powered by stablecoins,"Coco Wallet is a global money app that lets users send, spend, save, and earn in digital dollars. It combines the simplicity of a neobank like ""Revolut"" or ""Nubank"" with the freedom of Web3. Giving anyone instant access to stable, borderless money without relying on banks.",https://cocowallet.app,https://www.ycombinator.com/companies/coco-wallet,"New York City, NY, USA; Remote",50,Fintech,Fintech -> Payments,"Fintech, Payments",Crypto / Web3,"United States of America, America / Canada, Remote, Fully Remote",Early,False,False,False,"Coco, Coco Pago",https://bookface-images.s3.amazonaws.com/small_logos/7515f83e50e3f52a5cd34355a67ae58ba87c3724.png,1559267826
12855,treble.ai,treble-ai,Summer 2019,Active,We help companies scale marketing campaigns through WhatsApp,"We help companies build and scale marketing campaigns through WhatsApp, reaching their customers anywhere in the world with engaging conversations. With our platform, businesses can create and send conversations massively to users and get analytics to improve their campaign performance over time, increasing conversion in every stage of the funnel. ",https://treble.ai,https://www.ycombinator.com/companies/treble-ai,"São Paulo, SP, Brazil; New York, NY, USA; Seattle, WA, USA",38,B2B,B2B -> Marketing,"B2B, Marketing","Messaging, Marketing, Automation","Brazil, United States of America, Latin America, America / Canada, Remote, Partly Remote",Growth,False,False,False,"treble.ai, Inc.",https://bookface-images.s3.amazonaws.com/small_logos/e327caabc10297ebb160260940994aa368fe6f3d.png,1559267727
12854,Vitau,vitau,Summer 2019,Active,Subscription pharmacy for patients with chronic diseases in LatAm. ,Subscription model pharmacy for patients with chronic diseases in Latin America. We delivery medicine every month and help with the insurance reimbursement. We're currently operating in Mexico.,https://vitau.mx,https://www.ycombinator.com/companies/vitau,"Monterrey, N.L., Mexico",55,Healthcare,Healthcare -> Healthcare IT,"Healthcare, Healthcare IT","Consumer Health Services, Health Tech","Mexico, Latin America, Remote, Partly Remote",Early,False,False,False,,https://bookface-images.s3.amazonaws.com/small_logos/d9cd017900be17b252b5900099fa5c55d4991179.png,1585612102
12851,Flowbot,flowbot,Summer 2019,Active,A natural language-driven programming assistant.,,https://www.getflowbot.com,https://www.ycombinator.com/companies/flowbot,"New York City, NY, USA; New York, NY, USA",2,B2B,B2B -> Infrastructure,"B2B, Infrastructure","Artificial Intelligence, NLP","United States of America, America / Canada",Early,False,False,False,,/company/thumb/missing.png,1583948412
12850,Curri,curri,Summer 2019,Active,Construction & industrial logistics platform.,"Curri provides on-demand, last-mile logistics for construction and adjacent industries with our nationwide fleet of cars, trucks, and flatbeds. ",http://www.curri.com,https://www.ycombinator.com/companies/curri,"Los Angeles, CA, USA",104,Real Estate and Construction,Real Estate and Construction -> Construction,"Real Estate and Construction, Construction","Construction, B2B, Delivery, Logistics, Electric Vehicles","United States of America, America / Canada, Remote, Partly Remote",Growth,False,True,False,,https://bookface-images.s3.amazonaws.com/small_logos/ed2e7167e1eff92b17d32c0735b56ffe5d4ef549.png,1559266752
12848,zeroheight,zeroheight,Summer 2019,Active,The design system layer for coding agents,"In a world where anyone can build software and sloppy products are abundant, the products that rise above the rest are the ones that solve real problems with a polished UX and strong brand identity. The key to delivering those things is a high quality, reliable, AI-optimised design system.

zeroheight enables product teams to effortlessly document, manage, and fine-tune their design systems for AI development, so that they can ship at 10x speed without compromising on user experience.",https://zeroheight.com,https://www.ycombinator.com/companies/zeroheight,"London, England, United Kingdom; Remote",55,B2B,"B2B -> Engineering, Product and Design","B2B, Engineering, Product and Design","Developer Tools, SaaS, Design Tools","United Kingdom, Europe, Remote, Fully Remote",Growth,False,False,False,,https://bookface-images.s3.amazonaws.com/small_logos/ed2baeb51a0f0a58c1fedf8a9565de188c435f34.png,1559266318
12847,Mudafy,mudafy,Summer 2019,Active,The LatAm tech-enabled real estate broker to buy and sell houses. ,"Mudafy is a tech-enabled real estate broker for LatAm that makes it easier for people to buy and sell their homes. Mudafy delivers superior customer experience through technology and data analytics. Their customer-facing product includes 360° virtual tours, online booking for showings & appraisals, and dynamic benchmark pricing data for properties. For agents, they have processes and tools that increase their efficiency by 10x compared to traditional realtors. For the first time, there is a level of professionalism to the LATAM real estate market, which is leading to homes closing faster and at a fraction of the cost.",https://mudafy.com,https://www.ycombinator.com/companies/mudafy,"Buenos Aires, CABA, Argentina",75,Real Estate and Construction,Real Estate and Construction -> Housing and Real Estate,"Real Estate and Construction, Housing and Real Estate","Marketplace, Proptech","Argentina, Latin America",Growth,False,False,False,,https://bookface-images.s3.amazonaws.com/small_logos/ff2ca99052b08f56d8a1a0eddf8bfefbc9369b92.png,1559265261
12846,Traces,traces,Summer 2019,Active,Transform your video monitoring with AI,"We analyze thousands of video streams to find and track people without facial recognition. 
Our tech is available as an API and has multiple use cases. Unique people counting, forensic people search, falsa alarm filtering and many more. 
",https://www.traces.ai,https://www.ycombinator.com/companies/traces,"San Francisco, CA, USA; Mountain View, CA, USA",10,B2B,B2B -> Security,"B2B, Security","Artificial Intelligence, Deep Learning, Computer Vision","United States of America, America / Canada, Remote, Partly Remote",Early,False,False,False,EllipseAI,https://bookface-images.s3.amazonaws.com/small_logos/95c9d28f031050f88288e5b80195b4ca69c2dd41.png,1559260859
12845,Freshpaint,freshpaint,Summer 2019,Active,"Customer data collection, safeguarding, & activation for healthcare","Our customers use Freshpaint to make their websites and entire marketing stack HIPAA compliant. It's impossible to use modern analytics and marketing tools without sharing sensitive HIPAA-regulated data. Our platform does the hard thing of moving data from A to B. And then we do the really hard thing of controlling the flow of sensitive HIPAA-regulated data to various 3rd-party marketing tools.

We're building the data infrastructure that safeguards patient privacy while also enabling marketing teams promote access to healthcare.",https://freshpaint.io,https://www.ycombinator.com/companies/freshpaint,"San Francisco, CA, USA; Remote",120,B2B,B2B -> Infrastructure,"B2B, Infrastructure","Developer Tools, SaaS, B2B","United States of America, America / Canada, Remote, Fully Remote",Growth,False,True,False,Perfalytics,https://bookface-images.s3.amazonaws.com/small_logos/5f64879cc9b2e90a8ad210fd47f7c8d59390ff5a.png,1578352495
12843,PayMongo,paymongo,Summer 2019,Active,Modern online payments for the Philippines,"PayMongo builds products and tools that enable thousands of individuals and businesses in the Philippines to make and receive payments over the Internet. We support payments through credit or debit cards, electronic wallets, over-the-counter payments and many more.

We build robust APIs, plugins and other products that abstract out the complexities of payments from our users so they can get up and running quickly and focus on their business.

Our investors include Founders Fund, Peter Thiel, Bedrock Capital and Stripe.",https://paymongo.com,https://www.ycombinator.com/companies/paymongo,"Taguig, NCR, Philippines",220,Fintech,Fintech -> Payments,"Fintech, Payments",Fintech,"Philippines, Southeast Asia, Remote, Partly Remote",Growth,False,False,False,Equiac,https://bookface-images.s3.amazonaws.com/small_logos/7cba82562906755c19c4ffc3aca87850d388d16c.png,1559191336
12842,InEvent,inevent,Summer 2019,Active,"In-Person, Hybrid and Virtual Event Management Software","InEvent is an all in one platform that allows you to use multiple solutions (website, registration, mobile app, hospitality, check-in, badge printing, budgeting, etc) altogether, without having to upload data 3-4x times on different pages.

Everything is available on the cloud, 24x7, for you and your attendees. Most of our competitors have modules that don't talk with each other, we solved this by creating a solid foundation that all of our solutions are built upon.

We have already successfully improved more than 12,400 events, boosting more than 2,390,000 registrations so far. We have integrations with Salesforce, Marketo, Oracle, Microsoft and other vendors to create a simple, easy-to-use marketing ecosystem for all our customers.

Discover the InEvent Virtual Lobby, the top event marketing solution in the world today: https://inevent.com/en/virtual-online-streaming-events-room-events-innovative.php

",https://inevent.com,https://www.ycombinator.com/companies/inevent,"Atlanta, GA, USA; Remote",150,B2B,B2B -> Marketing,"B2B, Marketing","SaaS, GovTech, B2B","United States of America, America / Canada, Remote, Fully Remote",Early,False,True,False,,https://bookface-images.s3.amazonaws.com/small_logos/9001d7186569d3da9eef7ffe9711b1df75087e47.png,1559190934
12841,Heru,heru,Summer 2019,Active,Tax Automation Infrastructure,"Heru is the tech-based tax solution that automates tax filing procedures for consumers and Enterprises in Mexico. Our technology automatically, files taxes, deducts expenses, issues invoices and collects payments all from one app. Easy, transparent and automated.

14 million digital workers and SMEs in Mexico face constant stress derived from their lack of knowledge on tax related issues. By providing these users a suite of tax based solutions, we will allow them to further progress in their financial health.",https://www.heru.app/,https://www.ycombinator.com/companies/heru,"Mexico City, CDMX, Mexico",53,Fintech,Fintech,Fintech,"Fintech, Latin America","Mexico, Latin America, Remote, Partly Remote",Early,False,False,False,"Kuarto, Kuarti",https://bookface-images.s3.amazonaws.com/small_logos/47fec39158f7320571960b7f1c85ed6a2abcf95d.png,1559188419
12839,Tranqui Finanzas,tranqui-finanzas,Summer 2019,Active,Debt Management for Latin America. ,"Tranqui is a debt collection company that has revolutionized the industry with its digital-first approach. Utilizing cutting-edge analytics and machine learning, Tranqui offers a more efficient and effective debt collection experience for users.

Our technology-driven approach enables us to analyze user data and behavior patterns to develop personalized communication and repayment plans. This ensures that our users receive a tailored experience that is optimized for their individual needs, resulting in a higher success rate for debt repayment.

With Tranqui, users can manage their debt repayment on their own terms, from the comfort of their own homes, thanks to our convenient and flexible digital channels. Our approach not only improves the debt collection experience for users but also helps to improve their overall financial health.

Choose Tranqui for a better debt collection experience, with 2x the effectiveness of traditional debt collection methods.",https://tranquifinanzas.com/,https://www.ycombinator.com/companies/tranqui-finanzas,"Cali, Valle del Cauca, Colombia; Bogotá, Bogota, Colombia; Remote",27,Fintech,Fintech -> Credit and Lending,"Fintech, Credit and Lending",Fintech,"Colombia, Latin America, Remote, Fully Remote",Early,False,False,False,,https://bookface-images.s3.amazonaws.com/small_logos/2c42e831c6a8c7776b3ad57f187e2c8227a7cd2f.png,1559186351
12838,Holy Grail,holy-grail-inc,Summer 2019,Active,,"
",https://www.holygrail.ai,https://www.ycombinator.com/companies/holy-grail-inc,"San Francisco, CA, USA; Remote",7,B2B,B2B,B2B,Enterprise Software,"United States of America, America / Canada, Remote, Fully Remote",Early,False,False,False,"Holy Grail, Holy Grail Inc",https://bookface-images.s3.amazonaws.com/small_logos/6bc225ca97797bf7ebc687394db0b4d61644c2cf.png,1559183810
12837,Recidiviz,recidiviz,Summer 2019,Active,"Helping create a smaller, fairer, safer justice system","Recidiviz is a non-profit technology company that drives meaningful changes in criminal justice systems and improved outcomes for justice-impacted individuals.

Criminal justice data today is inefficient and ineffective: researchers, advocates, policymakers and practitioners each need funding and time for data collection and cleaning (for almost any data at all), and most data collected is too stale by the time it’s compiled to be useful.

Recidiviz has built an open-source platform to ingest data from across data silos, link it, standardize it, and expose it in usable formats to the ecosystem. We provide products and analyses on top of this platform to help government agencies understand how their justice systems are functioning, set and track progress towards goals, drive evidence-based improvements to practice and policy, and ensure justice-impacted folks reenter their communities as safely and quickly as they can.",https://www.recidiviz.org/,https://www.ycombinator.com/companies/recidiviz,"New York City, NY, USA",120,Government,Government,Government,"Civic Tech, GovTech, Nonprofit","United States of America, America / Canada, Remote, Partly Remote",Early,False,True,True,,https://bookface-images.s3.amazonaws.com/small_logos/f8d1fc7c5658be9d0827573d54592039deaf6971.png,1559183122
12836,Trella,trella,Summer 2019,Active,Trella is a platform that connects shippers to carriers. Trella…,"Trella is a technology platform that connects shippers to carriers. Trella empowers drivers, improves their efficiency, boosts their earnings and utilization as well as provide job opportunities. Trella also works to reduce costs for shippers, introduce a transparent pricing structure, provide them with a more reliable source of carriers while allowing them to track their shipments in real-time as well as report key insights on their transportation trends and performance.",https://www.trella.app/,https://www.ycombinator.com/companies/trella,"Cairo, Cairo Governorate, Egypt",50,B2B,B2B -> Supply Chain and Logistics,"B2B, Supply Chain and Logistics","Marketplace, Logistics","Egypt, Middle East and North Africa, Remote, Partly Remote",Growth,False,False,False,,https://bookface-images.s3.amazonaws.com/small_logos/cc0392a6dc28d30c2289f39323355c013d2df608.png,1559183092
12834,Flux,flux,Summer 2019,Active,Flux is building the payment network for alternative payments in…,"Flux is building the payment network for alternative payments, with a focus on bringing acceptance of all BNPL options to on-site merchants so they can max their client's buying power.

Flux provides an instant-issuing and payment acceptance solution for consumer credit products, and a payment terminal for alternative credit (non-card) for retailers.",http://paywithflux.com,https://www.ycombinator.com/companies/flux,"Mexico City, CDMX, Mexico",9,Fintech,Fintech -> Payments,"Fintech, Payments","Fintech, Payments","Mexico, Latin America, Remote, Partly Remote",Early,False,False,False,Flux QR,https://bookface-images.s3.amazonaws.com/small_logos/4f38739b0e1f431175c8487a6c712bb03a2548a2.png,1559183041
12833,stoic.,stoic,Summer 2019,Active,Stoic helps people feel better and take care of their mental health.,"We are on a mission to help people understand what influence how they feel and what they can do to feel better.

Stoic has more than 4 000 000 downloads, 100 000+ reviews with a 4.8/5 average and you can find it here http://apple.co/-stoic and here http://apple.co/stoic",https://getstoic.com/,https://www.ycombinator.com/companies/stoic,"Kraków, Lesser Poland Voivodeship, Poland; Remote",9,Healthcare,Healthcare -> Consumer Health and Wellness,"Healthcare, Consumer Health and Wellness","Mental Health Tech, Consumer Health Services, Consumer Products","Poland, Europe, Remote, Fully Remote",Early,False,False,False,Stoic.,https://bookface-images.s3.amazonaws.com/small_logos/9a9e914a3468dc1323110282f013e1def3f41bd9.png,1559182641
12832,PredictLeads,predictleads,Summer 2019,Active,Best in class company intelligence data. ,"PredictLeads provides structured data on companies. Using our data Sales teams can discover companies in their buy mode, Quant funds know when to perform trades and VCs can predict when a startup will be raising a new round. PredictLeads cuts down their market research time. Our goal is to structure the sea of public information on companies. ",https://predictleads.com,https://www.ycombinator.com/companies/predictleads,"Ljubljana, Ljubljana, Slovenia; Remote",37,B2B,B2B -> Analytics,"B2B, Analytics",Machine Learning,"Slovenia, Europe, Remote, Fully Remote",Early,False,False,False,,https://bookface-images.s3.amazonaws.com/small_logos/1b1dfbe12c8d51212415378b6233142fd20817a2.png,1559182380
12830,Eden Farm,eden-farm,Summer 2019,Active,Delivering fruits and vegetables to multi-segment restaurants and…,"Problem:
Indonesia has severe problem in multi-layered food supply chain food  which are very harmful to farmers income and restaurants' raw material cost due to food price volatility.

Eden's Solution:
Cut through the multi-layer middlemen and bring stability to food price in Indonesia thus help stabilise farmers income and lower restaurants raw material cost.

Farmers:
We provide our farmers with revenue guarantee and demand forecast

B2B Customer:
Our B2B Customers consist of Restaurant and Cafes, we serve them with stable price and quality guarantee

Eden's Tech:
Ordering App: Collecting customer order, placing Eden's brand on our customers's desk everyday
ERP: Processing supply & demand data to produce demand forecast and internal performance measurement
Farmer's App: Collecting harvest data and communicating Eden's supply need to them.",https://edenfarm.id/,https://www.ycombinator.com/companies/eden-farm,"Jakarta, Jakarta, Indonesia",110,B2B,B2B -> Supply Chain and Logistics,"B2B, Supply Chain and Logistics","Grocery, Supply Chain","Indonesia, Southeast Asia, Remote, Partly Remote",Growth,False,False,False,Eden Farm (PT Eden Pangan Indonesia),https://bookface-images.s3.amazonaws.com/small_logos/d9210fa29ca11f819a8ea21fa11ff29934807fd3.png,1559181477
12829,Gotrade,gotrade,Summer 2019,Active,Robinhood for Southeast Asia (SEA),"Gotrade empowers Southeast Asians to invest and trade in US Stocks, Options and ETFs. ",https://www.heygotrade.com/,https://www.ycombinator.com/companies/gotrade,"Singapore, Singapore",105,Fintech,Fintech -> Consumer Finance,"Fintech, Consumer Finance",Fintech,"Singapore, Southeast Asia",Growth,False,False,False,"TR8, TradeID (formerly TR8), TradeID, TradeID (formerly TR8), TradeID",https://bookface-images.s3.amazonaws.com/small_logos/f8e0b3bb137ba53419f4f43e1fa9fcba88163662.png,1616992302
12821,Hightouch,hightouch,Summer 2019,Active,The leading Composable CDP and AI Decisioning platform,Hightouch is the leading Composable CDP and AI Decisioning platform allowing marketing teams to activate their data warehouse to build 1:1 customer experiences with data and AI agents.,https://hightouch.com/,https://www.ycombinator.com/companies/hightouch,"San Francisco, CA, USA",200,B2B,B2B -> Marketing,"B2B, Marketing","Marketing, Enterprise Software, AI","United States of America, America / Canada, Remote, Partly Remote",Growth,False,False,False,Carry,https://bookface-images.s3.amazonaws.com/small_logos/7426486d05ed170ed6c0370bb98b7114471ddc39.png,1559005957
12797,Spice Data,spice-data,Summer 2019,Active,Restaurant Data for the Enterprise,,https://spicedata.com/,https://www.ycombinator.com/companies/spice-data,"San Francisco, CA, USA",,B2B,B2B,B2B,Enterprise,"United States of America, America / Canada",Early,False,False,False,"Pepper, Spice",https://bookface-images.s3.amazonaws.com/small_logos/cce53f7be13552eac8bf22c7f446a2ac9d860c9d.png,1558665919
12769,Demand Curve,demand-curve,Summer 2019,Active,Learn how to build a scalable growth engine,"Demand Curve is your startup's growth operating system, the lowest risk, fastest path to getting traction and growing your company.

🚀 Growth Program: A membership/course designed for startup operators who want to learn and execute growth without hiring a full team yet. Powered by our premium content library, expert guidance, and AI growth co-pilot, it's a step-by-step guide to building a growth engine that actually works. Trusted by 3,000+ startups (including over 500 YC companies).

📰 Newsletter: We also publish the Growth Newsletter, reaching 100,000+ founders and marketers every week with strategic and tactical growth advice. It's one of the most-read startup growth newsletters with 46-50% open rates.

🦄 Agency: For companies ready to scale, our agency team provides full-service execution across growth strategy, paid acquisition, and funnel optimization. We've helped scale Microsoft, Framer, Pilot, Ancestry, and hundreds of other companies and YC startups.

💸 Newsletter sponsorships: Get your brand in front of 100,000+ engaged founders and growth operators.

Learn more at demandcurve.com",https://www.demandcurve.com,https://www.ycombinator.com/companies/demand-curve,"San Francisco, CA, USA; Remote",10,Education,Education,Education,"Education, B2B, Media, Marketing","United States of America, America / Canada, Remote, Fully Remote",Early,False,False,False,Bell Curve Growth Training,https://bookface-images.s3.amazonaws.com/small_logos/2ccdbc8b8ef96635277fead64ebd0eb4a779d574.png,1557853675
12768,Ramen VR,ramen-vr,Summer 2019,Active,Ramen VR is transforming game development with advanced XR + AI tools.,"XR + AI are the most fundamental computing shifts of the past century.
We're using XR and AI to build products that empower creators of online games and virtual worlds.

Meaningful games can change lives, and every game starts with its developers. We believe that game devs can change the world.
‍
We're a team of devs working on solving the hardest problems in game development. We previously built the #1 VR game Zenith: The Last City on Steam and Quest.

We've raised $40m+ to date and have been working in stealth on our next game as well as tools that will shape the future of game development.",https://ramenvr.com/,https://www.ycombinator.com/companies/ramen-vr,"San Francisco, CA, USA; El Cerrito, CA, USA",15,Consumer,Consumer -> Gaming,"Consumer, Gaming","Artificial Intelligence, Virtual Reality, Gaming, Social, AR","United States of America, America / Canada, Remote, Partly Remote",Growth,False,False,False,"RamenVR, Ramen VR, Zenith",https://bookface-images.s3.amazonaws.com/small_logos/a7c073a2ccf01b410c9d549753dd965b8febee93.png,1557843718
12760,FamPay,fampay,Summer 2019,Active,India’s first neobank for teenagers,"With FamPay, minors can do UPI, P2P and card payments without the need to set up a bank account. FamPay allows parents to send money to their kids below the age of 18, which they can spend securely any time, anywhere, under parent’s supervision. FamPay aims at making payments smooth and fun for children.",https://fampay.in,https://www.ycombinator.com/companies/fampay,"Bengaluru, KA, India",24,Fintech,Fintech -> Payments,"Fintech, Payments","Fintech, Payments","India, South Asia, Remote, Partly Remote",Early,False,True,False,,https://bookface-images.s3.amazonaws.com/small_logos/319c4ca66fa53bdc1e6c40bcff4a0ea5aebe575d.png,1584112100
12739,Digi-Prex,digi-prex,Summer 2019,Active,Subscription pharmacy for patients with chronic diseases,,http://www.digi-prex.com/,https://www.ycombinator.com/companies/digi-prex,"Hyderabad, Telangana, India",32,Healthcare,Healthcare -> Consumer Health and Wellness,"Healthcare, Consumer Health and Wellness",,"India, South Asia",Early,False,False,False,,https://bookface-images.s3.amazonaws.com/small_logos/26562c4c55b72315aa39a42aedf7d17b026bb54b.png,1557464205
12738,Vahan,vahan,Summer 2019,Active,AI recruiter for India's massive blue-collar workforce,,https://vahan.ai,https://www.ycombinator.com/companies/vahan,"Bengaluru, KA, India",85,B2B,B2B -> Recruiting and Talent,"B2B, Recruiting and Talent",AI,"India, South Asia",Growth,False,True,False,,https://bookface-images.s3.amazonaws.com/small_logos/970b0a4ef3d00dbfd511f2fe9ccdb3e524078221.png,1557458834
12727,Proof Trading,proof-trading,Summer 2019,Active,Institutional equities broker-dealer,,https://prooftrading.com,https://www.ycombinator.com/companies/proof-trading,"New York City, NY, USA; New York, NY, USA",7,Fintech,Fintech -> Banking and Exchange,"Fintech, Banking and Exchange",Finance,"United States of America, America / Canada, Remote, Partly Remote",Early,False,False,False,,https://bookface-images.s3.amazonaws.com/small_logos/0a93bb09c081082ee41cc73e657ec96f71ef5cc9.png,1557422398
12723,Lokal,lokal,Summer 2019,Active,"Local news, information and classifieds for India's small town users",,https://www.getlokalapp.com,https://www.ycombinator.com/companies/lokal,"Bengaluru, KA, India",24,Consumer,Consumer -> Content,"Consumer, Content",Social Media,"India, South Asia, Remote, Partly Remote",Growth,False,False,False,Behtar Technology Private Limited - Product= 'Lokal',https://bookface-images.s3.amazonaws.com/small_logos/b20a5bbea30cf4dff9a140da9ea7d30f2d7827ff.png,1557344921
12711,Binks,binks,Summer 2019,Active,"A zero inventory, zero returns factory-to-consumer apparel company","Getting clothes tailor-made is very common in India, especially for women. Saree blouses have to be tailor-made always due to their fitted nature & the non-stretchiness of typical Indian fabrics. 

The tailoring market however, hasn't evolved at all. It is highly fragmented with a low NPS. The end user experience demands a significant amount of the customer's time, involving visits to a physical shop & avoidable back & forth. This is increasingly unviable for busy urban Indian women. We make it super easy by letting women place an order online, get fitted at the comfort of their homes, help them with styling their fabric & deliver the made-to-measure clothes directly to their doorstep.",https://getbinks.com/,https://www.ycombinator.com/companies/binks,"Bengaluru, KA, India",70,Consumer,Consumer -> Apparel and Cosmetics,"Consumer, Apparel and Cosmetics","Sustainable Fashion, Consumer, E-commerce, Supply Chain","India, South Asia, Remote, Partly Remote",Early,False,True,False,,https://bookface-images.s3.amazonaws.com/small_logos/6464a8a7a2187e9e964be62968ef0310b20f0a5f.png,1557307449
12700,LineLeap,lineleap,Summer 2019,Active,"LineLeap gets customers to the fun, faster.","LineLeap gets customers to the fun, faster. On LineLeap’s mobile app customers purchase LineSkip passes, drinks, cover, and event tickets, at over 400 of the top nightlife venues in the country.
Venues use LineLeap’s technology to create new revenue streams and market to their customers through push notifications, in-app messages, and email campaigns.
LineLeap participated in Y combinator in the summer of 2019 and has acquired over 1 Million customers to date.
LineLeap's long term vision is to be the must-have platform for all purchases, discovery, & fun at the world’s top venues & events while being the first choice for brands to connect with consumers.",https://www.lineleap.com/,https://www.ycombinator.com/companies/lineleap,"New York City, NY, USA",50,Consumer,Consumer -> Food and Beverage,"Consumer, Food and Beverage",Social Network,"United States of America, America / Canada, Remote, Partly Remote",Growth,False,True,False,,https://bookface-images.s3.amazonaws.com/small_logos/0363f52b4cc78ceb2dcebe1c31ba519b98f6da1b.png,1557185177
12682,CoLab,colab,Summer 2019,Active,Human and AI design review for hardware,"CoLab is on a mission to accelerate the pace of innovation by helping engineering teams deliver better products faster. CoLab’s Design Engagement System (DES) enables engineering teams to have more effective design conversations, design reviews and ultimately make better engineering decisions. CoLab launched AutoReview in 2025 - an AI peer checker that marks up 2D and 3D files. CoLab is trusted by Fortune 500 organizations like Ford, Komatsu, Johnson Controls, GE Appliances and Lockheed Martin.",http://colabsoftware.com,https://www.ycombinator.com/companies/colab,"St. John's, NL, Canada",150,B2B,"B2B -> Engineering, Product and Design","B2B, Engineering, Product and Design","Hardware, SaaS, Collaboration","Canada, America / Canada, Remote, Partly Remote",Growth,False,False,False,CoLab Software,https://bookface-images.s3.amazonaws.com/small_logos/2dbd125aed54995bec5c1d196671d53779f39447.png,1556898611
12677,EARTH AI,earth-ai,Summer 2019,Active,Predictive Explorer and Driller for Critical Metal Deposits,"EARTH AI is a predictive explorer and driller for critical metal deposits. We discovered 5% of the world’s deposits this year, thanks to our AI with 66% vs 0.5% success rate and Low Disturbance Drilling tech which enables 1/4 cheaper and 4X faster site testing. ",http://www.earth-ai.com,https://www.ycombinator.com/companies/earth-ai,"San Francisco, CA, USA; San Mateo, CA, USA",12,Industrials,Industrials -> Climate,"Industrials, Climate","AI-Enhanced Learning, Climate, Mining","United States of America, America / Canada, Remote, Partly Remote",Early,False,False,False,,https://bookface-images.s3.amazonaws.com/small_logos/32f9d6637168ebc31ee8c287be42335ce3ae19ad.png,1556845588
12675,Wasmer,wasmer,Summer 2019,Active,The Operating System for Edge Computing,"We are working on the software that will power the next generation of Cloud Computing (Edge Computing) platforms using WebAssembly.

You can see us as a mix between Docker (but 100x more performant in startup time, and with 100x more lightweight containers), npm (we released the first WebAssembly package manager: wapm.io) and the JVM (but more universal).",https://wasmer.io,https://www.ycombinator.com/companies/wasmer,"San Francisco, CA, USA; Remote",11,B2B,B2B -> Infrastructure,"B2B, Infrastructure","Developer Tools, Open Source","United States of America, America / Canada, Remote, Fully Remote",Early,False,True,False,,https://bookface-images.s3.amazonaws.com/small_logos/fe488b892d71890ae82f8d4a1420433b33d6b741.png,1556823526
12674,Microverse,microverse,Summer 2019,Active,Training and connecting untapped talent with global opportunities,,https://www.microverse.org,https://www.ycombinator.com/companies/microverse,"CT, Spain; Remote",35,Education,Education,Education,"Education, Remote","Spain, Europe, Remote, Fully Remote",Early,False,False,False,,https://bookface-images.s3.amazonaws.com/small_logos/26bf598e298a89a14868c5cd87bc632fb88430cf.png,1556817382
12666,spotLESS Materials,spotless-materials,Summer 2019,Active,Repellent coatings without PFAS,"Surface fouling is a costly challenge across industries, impacting medical consumables, diagnostic devices, and automotive components. Contamination from substances like mud, ice, and sludge can compromise performance and lead to frequent cleaning, repairs, and replacements.

Our PFAS-free coating, which we first launched as a consumer product, has quickly expanded into industrial partnerships. It dramatically reduces contamination on critical surfaces such as glass, metal, ceramic, and now plastics too. Whether for medical devices or automotive components, our coating protects against surface fouling
Currently our coatings work best on glass, metal, and ceramic surfaces. ",https://www.industry.spotlessmaterials.com,https://www.ycombinator.com/companies/spotless-materials,"State College, PA, USA",6,Industrials,Industrials,Industrials,"Hard Tech, Nanotechnology, Advanced Materials","United States of America, America / Canada, Remote, Partly Remote",Early,False,False,False,,https://bookface-images.s3.amazonaws.com/small_logos/f4bcbe21be5fc35568846a259c348e3973168839.png,1556766727
12664,Kern Systems,kern-systems,Summer 2019,Active,Using DNA to store data.,"DNA has emerged as a compelling data storage medium due to its density, longevity, and eternal relevance compared to current memory technologies. However, the high price of synthesizing DNA remains a major bottleneck for adoption of this promising storage solution. We are pioneering new approaches to synthesizing DNA for data storage with enzymes and custom digital codecs. We are building an interdisciplinary team to build the world's most scalable information infrastructure in DNA. 

We seek technical experts in enzyme engineering, chemistry, hardware engineering, and information theory. We also seek business development to identify emerging markets for early use cases of our technology.",https://www.kernsystems.com,https://www.ycombinator.com/companies/kern-systems,"Boston, MA, USA",3,Healthcare,Healthcare -> Industrial Bio,"Healthcare, Industrial Bio","Genomics, Nanotechnology","United States of America, America / Canada",Early,False,False,False,,https://bookface-images.s3.amazonaws.com/small_logos/960f475f7529b916c176fbf83565873d60242a91.png,1556764621
12663,Arpeggio Bio,arpeggio-bio,Summer 2019,Active,Arpeggio Bio develops drugs targeting transcription factors using AI…,"Arpeggio Bio is a pioneering pharmaceutical company that develops drugs targeting transcription factors using AI and high-throughput RNA-sequencing. With $20M in venture funding, we've targeted ""undruggable"" proteins like NRF2, TEAD, and GPX4 where our lead program is rapidly progressing towards a DC for the treatment of IO-resistant melanoma. With partnerships with J&J and FORMA, we've validated our platform in rare disease and inflammation with a significant Phase I success. ",http://www.arpeggiobio.com,https://www.ycombinator.com/companies/arpeggio-bio,"Boulder, CO, USA",20,Healthcare,Healthcare -> Drug Discovery and Delivery,"Healthcare, Drug Discovery and Delivery","Biotech, Genomics, Drug discovery","United States of America, America / Canada",Early,False,False,False,Arpeggio Biosciences,https://bookface-images.s3.amazonaws.com/small_logos/254b79d146cf6fc4b70498fed074d6743d577e13.png,1556764311
12662,DirectShifts,directshifts,Summer 2019,Active,"Workforce platform to recruit, license, credential & manage clinicians","DirectShifts helps telehealth and digital health companies build, launch, and scale nationwide clinical workforces.

We provide the workforce and operational infrastructure needed to expand into new states—from recruiting physicians, nurse practitioners, physician assistants, nurses, and other clinicians to managing multi-state licensing, credentialing, payer enrollment, collaborative physician supervision, telehealth scheduling, and ongoing workforce operations.

For companies expanding nationally, we help clinicians obtain and maintain licenses across multiple states, manage Medicare, Medicaid, and commercial payer enrollment, and provide collaborative physician and supervision solutions for advanced practice providers. We also help manage clinician availability and scheduling so organizations can align provider capacity with patient demand.

Instead of building separate internal teams and systems for recruiting, licensing, credentialing, supervision, and scheduling, healthcare companies can use DirectShifts as a single platform to manage these functions.

In addition to telehealth and digital health companies, we work with hospitals, health systems, physician groups, and other healthcare organizations to recruit and deploy clinicians and manage the infrastructure required to support their clinical workforce.

By combining technology, automation, and healthcare workforce expertise, DirectShifts helps healthcare organizations launch in new states faster, reduce operational complexity, and scale their clinical workforce nationwide.
",https://directshifts.com,https://www.ycombinator.com/companies/directshifts,"New York City, NY, USA; Remote",72,Healthcare,Healthcare -> Healthcare Services,"Healthcare, Healthcare Services","Recruiting, Healthcare","United States of America, America / Canada, Remote, Fully Remote",Growth,False,True,False,DirectShifts,https://bookface-images.s3.amazonaws.com/small_logos/669185db4e1c72e8c0c2041d35950c4045986b7f.png,1556764281
12661,Rutter,rutter,Summer 2019,Active,The Unified API for Business Financial Data,"Rutter is the unified API infrastructure powering the next generation of B2B fintech. We help tech-forward companies build seamlessly integrated financial products by connecting to their customers' systems of record, from accounting platforms to e-commerce systems.

The financial operations landscape is fragmented across hundreds of platforms (QuickBooks, NetSuite, Shopify, Stripe, etc.). Without Rutter, companies must spend thousands of engineering hours building and maintaining these critical integrations.

Our Universal API provides the same level of granularity as direct integrations while using a single, consistent schema. This enables our customers to build end-to-end workflows for financial planning, lending, expense management, AP/AR automation, and more, in days, not months.

Leading fintechs like Mercury, Airwallex, and Orb trust Rutter to power their integrated financial solutions.

Learn more: https://www.rutter.com/",https://rutter.com,https://www.ycombinator.com/companies/rutter,"New York City, NY, USA",24,B2B,"B2B -> Engineering, Product and Design","B2B, Engineering, Product and Design","Developer Tools, Fintech, B2B","United States of America, America / Canada, Remote, Partly Remote",Growth,False,True,False,"Lang API, Omnition, Prowess, Lang API",https://bookface-images.s3.amazonaws.com/small_logos/58546f561c6a3cd285083ee0d5e1c3c9c285fcb2.png,1556764173
12660,Rosebud AI,rosebud-ai,Summer 2019,Active,Vibe code games. ,"Rosebud lets anyone vibe code games. No coding skills required. 
",http://rosebud.ai,https://www.ycombinator.com/companies/rosebud-ai,"San Francisco, CA, USA",10,Consumer,Consumer,Consumer,"Developer Tools, Generative AI, Machine Learning, Gaming, AI","United States of America, America / Canada, Remote, Partly Remote",Early,False,False,False,"Rosebud AI, Rosebud AI : PixelVibe, Rosebud AI Gamemaker",https://bookface-images.s3.amazonaws.com/small_logos/0669f9afff20bf775d9b001b89480415cdb33109.png,1584125566
12659,Hatchways,hatchways,Summer 2019,Active,We make engineering interviewing look more like real work.,"Easily customize GitHub-based technical assessments, where candidates can complete tasks like reviewing code, submitting a pull request, or improving a system’s design. Hatchways helps you build a state-of-the-art practical interview process that is customized to your role while saving you engineering interview load along the way.",http://www.hatchways.io,https://www.ycombinator.com/companies/hatchways,"Toronto, ON, Canada",8,B2B,B2B -> Recruiting and Talent,"B2B, Recruiting and Talent","B2B, Workflow Automation, Recruiting, HR Tech, Talent Acquisition","Canada, America / Canada, Remote, Partly Remote",Early,False,False,False,,https://bookface-images.s3.amazonaws.com/small_logos/55a1d205a4314f3f88f9fbc01e898edd5701e951.png,1556763610
12653,Million Marker,million-marker,Summer 2019,Active,23andMe for environmental exposures,We are a service for people to learn about their personal environmental exposures. Our first product is a urine test for exposure to chemicals in everyday products. ,https://www.millionmarker.com/,https://www.ycombinator.com/companies/million-marker,"San Francisco, CA, USA; Berkeley, CA, USA",2,Healthcare,Healthcare -> Consumer Health and Wellness,"Healthcare, Consumer Health and Wellness","Consumer Health Services, Digital Health","United States of America, America / Canada, Remote, Partly Remote",Early,False,False,False,Million Marker Wellness (MMW),https://bookface-images.s3.amazonaws.com/small_logos/1c970f88fad0ba7237bfd427bf23862e3966bae3.png,1556762847
12648,Flo,flo,Summer 2019,Active,The talent platform for legal,,https://joinflo.com,https://www.ycombinator.com/companies/flo,"Austin, TX, USA",50,B2B,B2B -> Recruiting and Talent,"B2B, Recruiting and Talent","Marketplace, Legal, LegalTech, HR Tech, Talent Acquisition","United States of America, America / Canada, Remote, Partly Remote",Growth,False,False,False,Flo Recruit,https://bookface-images.s3.amazonaws.com/small_logos/d34ba9366f64d6a8b9a2854394d58a3073d1af15.png,1556761785
12647,Rainbow,rainbow,Summer 2019,Active,"Open-source, design centric software for interacting with blockchains",,https://rainbow.me,https://www.ycombinator.com/companies/rainbow,"New York City, NY, USA; New York, NY, USA",28,Fintech,Fintech -> Consumer Finance,"Fintech, Consumer Finance","DeFi, Crypto / Web3","United States of America, America / Canada, Remote, Partly Remote",Early,False,False,False,Rainbow 🌈,https://bookface-images.s3.amazonaws.com/small_logos/28f27645fc5edf8589ed512ab974bba4e165bad1.png,1629843344
12643,Outtalent,outtalent,Summer 2019,Active,We help top engineers from emerging markets get jobs abroad at…,"We started Outtalent because we believe that talent is equally distributed, but opportunity is not and emerging markets have an exceptional number of great but undervalued engineers. We believe getting a job at one of the world’s best companies sets people on a great path to realize their full potential.

Outtalent is funded by YCombinator, world-class venture capital funds, executives from Google and Facebook, and other angel investors who are passionate about our mission. We have already helped software engineers from Russia, Ukraine and Central Asia get jobs at Google, Amazon, Microsoft and many other companies in the US, Canada, and Europe.",http://outtalent.com,https://www.ycombinator.com/companies/outtalent,"Bishkek, Chuy Province, Kyrgyzstan",8,Education,Education,Education,"Education, Recruiting, Emerging Markets","Kyrgyzstan, Asia, Remote, Partly Remote",Early,False,False,False,"Asterisk, Outtalent (was Asterisk)",https://bookface-images.s3.amazonaws.com/small_logos/3b4026f586058af29898fc57e3d2e84bdfcb4a09.png,1556761338
12642,Canix,canix,Summer 2019,Active,Canix makes it easy to get and stay compliant as a cannabis business.,"Canix is building the first generation of modern software for the burgeoning cannabis industry. We help our customers overcome daunting compliance regulation, sell more product, and optimize their day to day operations—from cultivation, to processing, to distribution.

Recent winner of TechCrunch Disrupt 2020, find out more at TechCrunch and canix.com.",https://www.canix.com/,https://www.ycombinator.com/companies/canix,"San Francisco, CA, USA; Remote",22,B2B,B2B -> Security,"B2B, Security","SaaS, Cannabis","United States of America, America / Canada, Remote, Fully Remote",Growth,False,True,False,Entrc,https://bookface-images.s3.amazonaws.com/small_logos/307944ea6b0927bae195cd145f3959c47e943c9c.png,1556761305
12641,Green Canopy NODE,green-canopy-node,Summer 2019,Active,Green Canopy NODE builds sustainable homes fast.,"Construction costs are climbing out of control, there is a declining construction workforce that gets smaller with every recession. Meanwhile, we’ve got a housing crisis in our major cities. 

Green Canopy NODE is the combination of NODE - construction technology start up that develops a house assembly kits that we manufacture in our factory in Seattle, and then ship flat-pack - like Ikea, and Green Canopy a vertically integrated developer, general contractor and real estate fund manager already operating in Seattle and Portland. 

We are continuing to develop and launch construction technology solutions including prefab components and software into our pipeline of residential projects ranging from small apartments, town houses, single family homes and small dwellings. Our mission is to build homes, relationships, and businesses that help regenerate communities and environments. 
",http://greencanopynode.com,https://www.ycombinator.com/companies/green-canopy-node,"Seattle, WA, USA",31,Real Estate and Construction,Real Estate and Construction -> Housing and Real Estate,"Real Estate and Construction, Housing and Real Estate","Hardware, Housing, Proptech","United States of America, America / Canada, Remote, Partly Remote",Early,False,False,False,"NODE ECO, Inc, NODE",https://bookface-images.s3.amazonaws.com/small_logos/b30df9b5f90d13d064e140e178602c2711c3ef51.png,1556761303
12640,KubeSail,kubesail,Summer 2019,Active,The Self-Hosting Company,"KubeSail is the home hosting company.

We make it easy to take back your privacy, fix the internet, and de-google all at once: host apps at home!

Plug in a spare PC or buy our custom home-hosting hardware https://pibox.io, install apps like PhotoPrism, NocoDB, and Minecraft, and enjoy complete ownership of your data. We build everything you need to make hosting at home viable and fun.

For companies, we make it easy to deploy software on-demand for your customers (either in the cloud, or by physically shipping them pre-configured hardware) to your users. Companies like ChatWoot use KubeSail Platform to deploy instances of their software dynamically, the moment a user pays.",https://kubesail.com,https://www.ycombinator.com/companies/kubesail,"Los Angeles, CA, USA; Pasadena, CA, USA; Remote",2,Consumer,Consumer -> Consumer Electronics,"Consumer, Consumer Electronics","Hardware, Community, Kubernetes","United States of America, America / Canada, Remote, Fully Remote",Early,False,False,False,,https://bookface-images.s3.amazonaws.com/small_logos/c2e3a8f4929a9f756478ae9c2bd3b24c02489411.png,1556761105
12639,Banner,banner,Summer 2019,Active,Banner makes software for CRE owners to manage capital spend,"Banner is the operating system for real estate teams. From building acquisition to disposition, Banner moves all communications, workflows, spreadsheets, and file-sharing into one system. With Banner, customers automate away 80%+ of their administrative work, saving up to 10% on project costs.
The company is founded by Mark Murphy who formerly worked in RE finance, along with Kunal Chaudhary and Eric Gao, both UC Berkeley EECS alums.",https://withbanner.com,https://www.ycombinator.com/companies/banner,"New York City, NY, USA; San Francisco, CA, USA; Remote",35,Real Estate and Construction,Real Estate and Construction,Real Estate and Construction,"Marketplace, SaaS, Proptech","United States of America, America / Canada, Remote, Fully Remote",Early,False,True,False,"BitFight, Banner, BitFight",https://bookface-images.s3.amazonaws.com/small_logos/7f7894aa9ed686ecf41b4e45c69ea8f7318f0d7e.png,1600468489
12637,OpenReplay,asayer,Summer 2019,Active,"Open-source, self-hosted, session replay tool for developers.",Open-source alternative to FullStory and LogRocket. Self-hosted for a complete control over your data and costs.,https://www.openreplay.com/,https://www.ycombinator.com/companies/asayer,"New York City, NY, USA; Paris, Île-de-France, France",11,B2B,B2B -> Infrastructure,"B2B, Infrastructure","Developer Tools, SaaS, Open Source","United States of America, France, America / Canada, Europe, Remote, Partly Remote",Early,False,False,False,Asayer,https://bookface-images.s3.amazonaws.com/small_logos/115e9bc9f54e89ef6b7151c81d7b8dbca815879f.png,1556760800
12632,ZETA SURGICAL,zeta-surgical,Summer 2019,Active,Next-Generation Surgical Navigation and Robotics,"ZETA SURGICAL is redefining the standard of care for image-guided surgery and targeted neuro-therapeutics. Its navigation and robotics platform applies advanced artificial intelligence and computer vision to enable high-accuracy image guidance across virtually any point of care in minutes, unlocking less invasive and more precise targeted therapies. The Zeta Navigation System and Zeta TMS Navigation System are cleared by the FDA and commercially available in the United States.",http://zetasurgical.com,https://www.ycombinator.com/companies/zeta-surgical,"Boston, MA, USA",12,Healthcare,Healthcare -> Medical Devices,"Healthcare, Medical Devices","Artificial Intelligence, Medical Robotics, Augmented Reality","United States of America, America / Canada",Early,False,False,False,"Z Imaging, Zeta Surgical",https://bookface-images.s3.amazonaws.com/small_logos/f35e72eadffc7d385a7236cd7b79ab14672ed983.png,1556686578
12631,Fynn,fynn,Summer 2019,Active,SoFi for trade students,"Fynn helps people afford trade school in the US. We bring fair and affordable private loans to the trade space, to help students pursue in-demand careers like electricians, nurses, welders, or pharmacists.
",https://www.fynncredit.com,https://www.ycombinator.com/companies/fynn,"New York City, NY, USA; Dallas, TX, USA; New York, NY, USA; Minneapolis, MN, USA",26,Fintech,Fintech -> Credit and Lending,"Fintech, Credit and Lending","Education, Fintech","United States of America, America / Canada, Remote, Partly Remote",Early,False,False,False,"Silkswap, Axite Labs, TradeUp",https://bookface-images.s3.amazonaws.com/small_logos/2130bc9129d6903e966a14272a2916b912d00d2e.png,1556684344
12625,UpEquity,upequity,Summer 2019,Active,UpEquity gives homebuyers more certainty and power. ,UpEquity is removing contingencies for home buyers so that they have more negotiating leverage when purchasing their next home. ,http://www.upequity.com,https://www.ycombinator.com/companies/upequity,"Austin, TX, USA",90,Real Estate and Construction,Real Estate and Construction -> Housing and Real Estate,"Real Estate and Construction, Housing and Real Estate","Fintech, Real Estate","United States of America, America / Canada",Growth,False,True,False,"LnderLab, UpEquity (formerly LnderLab)",https://bookface-images.s3.amazonaws.com/small_logos/b5870e54989fa2ad2924601c8cdded8fa7e18963.png,1600817277
12622,Yummy Future,yummy-future,Summer 2019,Active,We build robotic workforces for the food & beverage industry.,"We amplify worker produtivity by10X. Restaurants and food retail businesses require high volume and consistency, yet many business owners struggle to achieve this. Employees also dislike working in repetitive and labor-intensive environments, where even a slight mistake can lead to customer complaints. This results in high turnover rates in the restaurant industry.

Our goal is to let robots and machines handle the boring, laborious tasks so that humans can focus on engaging with customers and collecting product feedback.",https://yummy-future.com,https://www.ycombinator.com/companies/yummy-future,"Champaign, IL, USA",7,Industrials,Industrials -> Manufacturing and Robotics,"Industrials, Manufacturing and Robotics","Artificial Intelligence, Hard Tech, Hardware, Robotics, AI","United States of America, America / Canada, Remote, Partly Remote",Early,False,True,False,"Yummy Future, Yummy Future Inc.",https://bookface-images.s3.amazonaws.com/small_logos/b16e65239377a055987a5fda8f301c3a3cd7876f.png,1556675968
12621,Kitekraft,kitekraft,Summer 2019,Active,Building flying wind turbines.,"Kitekraft systems consist of a tethered electric aircraft, a.k.a. a kite. The kite has 8 onboard (flying) wind turbines. It autonomously  flies in figure eights and generates electrical energy from the wind. Our systems need 10x less construction materials compared to a conventional wind turbine and our systems cost half as much.",http://www.kitekraft.de,https://www.ycombinator.com/companies/kitekraft,"Munich, BY, Germany",6,Industrials,Industrials -> Energy,"Industrials, Energy","Hardware, Climate, Renewable Energy","Germany, Europe",Early,False,False,False,kiteKRAFT,https://bookface-images.s3.amazonaws.com/small_logos/563de955e2c51775116bc17224ca20a8d3c2a3c8.png,1597610441
12619,Mindset Health,mindset-health,Summer 2019,Active,Building AI therapeutics for physical health conditions like IBS.,"We help healthcare providers treat their gastrointestinal patients with AI-delivered therapy. Using machine learning and large language models, we learn from therapy data, outcomes, and physiology to deliver adaptive, scalable treatments for conditions like IBS - without the waitlist.",https://www.mindsethealth.com,https://www.ycombinator.com/companies/mindset-health,"Melbourne, VIC, Australia",35,Healthcare,Healthcare -> Medical Devices,"Healthcare, Medical Devices","Health Tech, Telehealth, Digital Health, Women's Health, Mental Health","Australia, Oceania, Remote, Partly Remote",Growth,False,False,False,Mindset,https://bookface-images.s3.amazonaws.com/small_logos/3a6cdc02c07302c6d0ae85e71555a18d497b870d.png,1556674372
12618,Embrace,embrace,Summer 2019,Active,Modern user-focused observability built on OpenTelemetry,"*S19 and YCG F21*
Engineering teams shouldn’t be in the dark when it comes to the performance of their web and mobile apps and user experiences. With our industry-leading  observability technology, Embrace aims to give SRE and DevOps teams better insight into what matters most – their users – by tying performance data to backend observability insights.

As the only user-focused, use-focused observability solution built on OpenTelemetry, Embrace delivers crucial insights across both DevOps and frontend teams to illuminate real customer impact – not just server impact – to deliver the best app experiences. Customers like The New York Times, Marriott, Warby Parker, Masterclass, Home Depot, and Cameo love Embrace’s  observability platform because it makes extremely complicated and voluminous data actionable.",https://embrace.io,https://www.ycombinator.com/companies/embrace,"Los Angeles, CA, USA; Remote",62,B2B,"B2B -> Engineering, Product and Design","B2B, Engineering, Product and Design","Artificial Intelligence, SaaS, Open Source, Data Engineering","United States of America, America / Canada, Remote, Fully Remote",Growth,False,True,False,,https://bookface-images.s3.amazonaws.com/small_logos/6c5df7e755694ec01e6b16cfc307e0ddf5712e43.png,1556659657
12614,GEn1E Lifesciences,gen1e-lifesciences,Summer 2019,Active,AI platform accelerating therapies for rare & inflammatory diseases.,"GEn1E Lifesciences is a Clinical-stage, multi-target company with a unique AI platform. We develop novel, next-generation, immunomodulatory therapies for rare & inflammatory diseases with no effective treatments. Our team is supercharging the drug development cycle by applying AI to multiple-mechanism-of-action protein targets and their natural platform capabilities—creating novel therapeutics at an unprecedented pace. Our AI platform has enabled us to develop a purpose-built therapy for ARDS to reduce its $20 billion cost on society (just in the USA). 
 
GEn1E has built a rich pipeline of 21+ novel and selective immunomodulators and has plans to accelerate 2 additional devastating diseases (beyond their lead indication) to IND in the next 12 months. Our AI platform enables tremendous pace and capital efficiency as demonstrated by our progress in ~2 years with seed capital—a stark contrast to the typical spend of $100M+ and 7+ years exhibited in the pharmaceuticals / biotech industry.
 
With ~90% of rare diseases having no therapeutic treatment at all, GEn1E is taking a giant swing that will hopefully bring life-saving therapies to the lives of patients in need.
 
The team at GEn1E has decades of experience in drug development and machine learning. We graduated from YCombinator and Stanford-StartX in late 2019. We are based in Palo Alto, CA.",https://www.gen1e.com,https://www.ycombinator.com/companies/gen1e-lifesciences,"San Francisco, CA, USA",,Healthcare,Healthcare -> Therapeutics,"Healthcare, Therapeutics","Artificial Intelligence, Biotech, Healthcare, Drug discovery","United States of America, America / Canada, Remote, Partly Remote",Early,False,False,False,"Gen1E Lifesciences, Inc., Gen1E Lifesciences",/company/thumb/missing.png,1651188804
12612,Prolific,prolific,Summer 2019,Active,"Making diverse, high-quality data easily available to anyone, anywhere","Prolific helps dedicated research teams to collect the very highest-quality human-powered data - at scale - using our simple-to-use platform to target and manage participants from our diverse, vetted participant pool.

The truth matters: the best decisions, and biggest discoveries, are built on the highest-quality data. And with the increasing proliferation of AI, access to reliable, diverse data to develop and train AI models has never been more important.

Created by researchers for researchers, Prolific was founded to provide a better way for researchers and organisations to get high-quality human data and feedback at scale for important research.

Now, more than 30,000 researchers across academia and industry use Prolific to gather definitive human data and feedback from reliable, engaged and fairly-treated participants – with a new study launched every 3 minutes.

",https://www.prolific.com,https://www.ycombinator.com/companies/prolific,"London, England, United Kingdom",180,B2B,B2B,B2B,"AIOps, Marketplace","United Kingdom, Europe, Remote, Partly Remote",Early,False,True,False,,https://bookface-images.s3.amazonaws.com/small_logos/8fd1b95b945a732dc771d25aeb58a9a5926ee534.png,1556594097
12609,Soteris,soteris,Summer 2019,Active,We write ML software to more accurately select & price insurance risk.,"Soteris is a YC-backed company with a four-person team and a great investor base building a first-of-its-kind data ML pricing system for insurance, starting with personal auto.",http://www.soteris.co,https://www.ycombinator.com/companies/soteris,"San Francisco, CA, USA",4,Fintech,Fintech -> Insurance,"Fintech, Insurance","Fintech, Machine Learning, AI","United States of America, America / Canada",Early,False,False,False,"Soteris, Inc.",https://bookface-images.s3.amazonaws.com/small_logos/0e2f7076cd96bbe1cf2655f77eaf4ce963991da6.png,1611607083
12608,TRM Labs,trm-labs,Summer 2019,Active,TRM is building a safer world for billions of people.,"TRM is on a mission to build a safer world for billions of people. 

AI is extending the capability gap between attackers and defenders. The fundamental unit of scale has shifted from humans to AI tokens. 

TRM combines proprietary data, with an AI investigations platform to build a system of action for crime fighters. Think Claude CoWork for mission critical investigations. 

We believe AI scale crime deserves AI scale defense. 

Join our mission ➔ www.trmlabs.com/careers",https://trmlabs.com/,https://www.ycombinator.com/companies/trm-labs,"San Francisco, CA, USA; Remote",400,B2B,B2B -> Security,"B2B, Security","Fintech, Machine Learning, GovTech, Cybersecurity, Data Engineering","United States of America, America / Canada, Remote, Fully Remote",Early,False,True,False,,https://bookface-images.s3.amazonaws.com/small_logos/19aa5130e3a0a349d200e7510f0c2fe8439a646f.png,1556572947
12597,Lucid Bots,lucid-bots,Summer 2019,Active,"We build robots for dull, dirty, and dangerous jobs.","At Lucid, we are a B2B robotics provider for dull, dirty, and dangerous jobs, starting with the cleaning industry, which has a 200% annual turnover rate. 

Our primary product is a drone that can clean anything from windows to roofs to stadium domes to industrial tanks. Our drones can clean up to 8x faster. Due to customer demand, we also launched a ground-based pressure-washing robot to complement our cleaning drone.

We support customers around the country who use our robots every day to clean properties with great safety and efficiency. We engineer, manufacture, and support our technology from a 20,000 sqft headquarters in Charlotte, NC.",https://lucidbots.com/,https://www.ycombinator.com/companies/lucid-bots,"Charlotte, NC, USA",26,Industrials,Industrials -> Manufacturing and Robotics,"Industrials, Manufacturing and Robotics","Robotics, Drones, Manufacturing, Aerospace, Self-Driving Vehicles","United States of America, America / Canada",Growth,False,False,False,"Lucid Drone Technologies, Lucid Drone Tech",https://bookface-images.s3.amazonaws.com/small_logos/3ef3c01732ca1adf6e17c2105c507271f7b86744.png,1556215532
12585,Ever Loved,ever-loved,Summer 2019,Active,Helping families plan and pay for funerals.,"Ever Loved is a one-stop-shop to help families plan better funerals with less stress. Ever Loved makes it easy to come up with the funds needed ($9,000 on average), find the best vendors and products, and communicate with the community of the deceased to bring people together, both online and offline.",https://everloved.com,https://www.ycombinator.com/companies/ever-loved,"San Francisco, CA, USA",5,Consumer,Consumer -> Home and Personal,"Consumer, Home and Personal",Marketplace,"United States of America, America / Canada, Remote, Partly Remote",Early,False,False,False,,https://bookface-images.s3.amazonaws.com/small_logos/56db65c9f57d1baf03c3573709a4dc56ba3e7ee4.png,1556174906
12582,Pair Team,pair-team,Summer 2019,Active,Building the safety net of the future,"Pair Team is building a new kind of healthcare system across Medicaid, Medicare, and public assistance programs: one that recognizes that access to housing, nutritious food, and reliable transportation are just as critical to health as having the right medications or seeing a doctor. We run one of the largest medical groups for complex, low income patients and our next chapter is building a vertically integrated AI care manager to support any clinical, behavioral, or social need for everyone.",https://pairteam.com/,https://www.ycombinator.com/companies/pair-team,"San Francisco, CA, USA; Remote",500,Healthcare,Healthcare -> Healthcare Services,"Healthcare, Healthcare Services","Health Tech, Workflow Automation, Digital Health, Healthcare, Healthcare IT","United States of America, America / Canada, Remote, Fully Remote",Growth,False,True,False,"Arc, Sling Health (formerly Arc), Sling Health",https://bookface-images.s3.amazonaws.com/small_logos/0b89cac566636a744bfbbc0aa673ff4d81b1b779.png,1556171666
12578,Hype and Vice,hype-and-vice,Summer 2019,Active,"Fashionable college, NBA and MLS apparel.",,http://hypeandvice.com,https://www.ycombinator.com/companies/hype-and-vice,"Los Angeles, CA, USA",55,Consumer,Consumer -> Apparel and Cosmetics,"Consumer, Apparel and Cosmetics","E-commerce, Apparel, Fashion","United States of America, America / Canada",Early,False,False,False,,https://bookface-images.s3.amazonaws.com/small_logos/93b7715ceacddaa5a2e901ceea9dcd3555639d94.png,1556163204
12575,Zeal,zeal,Summer 2019,Active,Modern payroll for modern work,,https://www.zeal.com,https://www.ycombinator.com/companies/zeal,"San Francisco, CA, USA",45,Fintech,Fintech,Fintech,"Fintech, SaaS, B2B","United States of America, America / Canada, Remote, Partly Remote",Growth,False,False,False,"HealthSense IO, Puzzl Group (Formerly HealthSense IO), Puzzl Group, Puzzl, Zeal (formerly Puzzl)",https://bookface-images.s3.amazonaws.com/small_logos/cc757fab649eb099b338e2938bcebc7fd3fa0813.png,1556161445
12574,Jupiter,jupiter,Summer 2019,Active,AppLovin for the food community ,,https://www.jupiter.co,https://www.ycombinator.com/companies/jupiter,"New York City, NY, USA; Remote",8,B2B,B2B -> Marketing,"B2B, Marketing","Grocery, Marketplace, E-commerce, Food & Beverage, Advertising","United States of America, America / Canada, Remote, Fully Remote",Early,False,False,False,"Talar, Jupiter (Formerly Talar)",https://bookface-images.s3.amazonaws.com/small_logos/2e798da4f06874bf247c877397c65ac7a95a760c.png,1556158158
12572,Short Story,short-story,Summer 2019,Active,Modern ecommerce for petite women,"Short Story is a style discovery platform to help petite women find clothes that fit. The average American woman is 5'4"" and petite, yet this remains an enormously underserved segment. We’re a team of curators passionate about finding style, quality, and fit for petite women. Our mission is to remove the “ugh” from the shopping equation and support petite women in telling their stories, stylishly and confidently. ",https://shortstorybox.com,https://www.ycombinator.com/companies/short-story,"San Francisco, CA, USA",120,Consumer,Consumer -> Apparel and Cosmetics,"Consumer, Apparel and Cosmetics","Machine Learning, Marketplace, E-commerce","United States of America, America / Canada, Remote, Partly Remote",Growth,False,True,False,,https://bookface-images.s3.amazonaws.com/small_logos/dac97eb3343bbee255adbecf7060b7b9ac299faf.png,1556157792
12564,Juno College of Technology,juno-college-of-technology,Summer 2019,Active,Juno is the university of the future.,,http://junocollege.com,https://www.ycombinator.com/companies/juno-college-of-technology,"Toronto, ON, Canada",30,Education,Education,Education,Education,"Canada, America / Canada",Early,False,False,False,HackerYou,https://bookface-images.s3.amazonaws.com/small_logos/a95f4a56cb3c1dadebb72ad1624dbbe704af7a7f.png,1556145268
12560,Shift Health,shift-health,Summer 2019,Active,Turn manual healthcare process into automated workflows,"We help large provider groups and hospitals take their most mundane repetitive tasks and turn them into automated workflows. Freeing up healthcare workers to focus on the important stuff, like patients",https://www.shifthealth.io,https://www.ycombinator.com/companies/shift-health,"Lehi, UT, USA",6,Healthcare,Healthcare -> Healthcare Services,"Healthcare, Healthcare Services","Fintech, SaaS","United States of America, America / Canada, Remote, Partly Remote",Early,False,False,False,,https://bookface-images.s3.amazonaws.com/small_logos/f678a8907f2810fe132c9078bcdaaaf591278c80.png,1556127416
12554,Legacy,legacy,Summer 2019,Active,"Legacy helps you test, improve, and freeze your sperm","**TL;DR:** 

Legacy (YC S19) is a startup focused on the fast-growing field of fertility and family planning. Founded at Harvard, the company has now raised $40M from leading investors like FirstMark Capital, Bain Capital Ventures, Section 32, Tribe Capital, and even celebrities like Justin Bieber, The Weeknd, and others. 

**What we're doing**

We aim to change the outdated view that fertility is a ""women's issue"" by creating an accessible, affordable product for men & people with sperm. This includes everything from a mail-in kit for sperm testing & sperm freezing, personalized sperm improvement products, tele-health, DNA fragmentation analysis, supplements, and more.

**Why are we the leader?** 

The company was founded at Harvard by a team of healthcare and fertility experts. We obsess about talent density and have out-executed our competitors over the past few years. Beyond our D2C channel, we've also unlocked:

1. Nationwide insurance coverage (10M+ lives)
2. Military contracts (Including the Navy SEALs and 15M+ veterans)
3. Employer offerings (Working with the top fertility benefit providers)

**Tell me about the team** 

We're a team of about 30, extremely diverse (majority female, majority immigrants, strong LGBQTIA+ representation, age range of 25-65), and very values driven. Our 5 values are customer centricity, reliability, kindness, openness, and winning. 

Learn more about our values here:
https://khaled-legacy.medium.com/legacys-values-and-why-they-matter-db116539d3da

Learn more about our workplace here:
https://khaled-legacy.medium.com/how-and-why-legacy-is-reinventing-workplace-benefits-9e5fda6cb863

Read about our mission to humanize the path to parenthood:
https://khaled-legacy.medium.com/how-and-why-legacy-is-reinventing-workplace-benefits-9e5fda6cb863

Learn more about sperm and why it matters here:
docsend.com/view/zkgk7ws",https://www.givelegacy.com,https://www.ycombinator.com/companies/legacy,"New York City, NY, USA; Cambridge, MA, USA",35,Healthcare,Healthcare -> Consumer Health and Wellness,"Healthcare, Consumer Health and Wellness","Fertility Tech, Consumer Health Services, Digital Health, Healthcare, Health & Wellness","United States of America, America / Canada",Early,False,False,False,,https://bookface-images.s3.amazonaws.com/small_logos/1c02b41e587eed23f3ca35f6f7c921db840e8cbb.png,1556081770
12553,Well Principled,well-principled,Summer 2019,Active,The neural engine for autonomous robots,"We aren’t building AI to replace ""knowledge work” that requires neither, but to bolster the working human intellect which has never failed to discover new paths to prosperity.

For all their success, mainstream approaches to AI have fundamental limitations preventing them from solving critical classes of problems. We are building a new AI architecture from first principles to break from these limitations.

The status quo has ossified around the supervised, brute-force pretraining paradigm. These systems do not, and cannot, handle the essential skills of continual learning, goal discovery, novel planning, and the creation of new knowledge.

These limitations are not trivial. Our national prosperity depends directly on overcoming these limitations, because the essential skills underlie the skilled trades. From electricians to machinists to nurses, apprentice tradespeople in all of these fields learn “skilled improvisation” where every solution is novel, and even the goal must be discovered. Prosperity demands the precise capabilities where status quo AI is structurally weak.

Worse, these limitations will not be overcome with more compute or training data. They are inescapable consequences of the underlying technologies of supervised learning, neural networks, transformers, backprop, and gradient descent. Progress requires independence from them.

We are building a new AI architecture by reverse-engineering the system that got us this far: the human brain. By triangulating between neuroscience, cognitive science, and the evolutionary elaboration of brains, we have identified the brain’s algorithms to (a) continually learn a causal world model (b) select goals to both achieve and learn to achieve more (c) plan to reach novel goals, and (d) creatively produce new knowledge.


Join us in building intelligence with ingenuity to bolster the skilled trades.

",https://wellprincipled.com,https://www.ycombinator.com/companies/well-principled,"St. Louis, MO, USA",3,B2B,B2B,B2B,"Artificial Intelligence, Hard Tech, Neurotechnology, Robotics","United States of America, America / Canada, Remote, Partly Remote",Early,False,False,False,"Well Principled, BODYSIM by Well Principled",https://bookface-images.s3.amazonaws.com/small_logos/6c59ac5aca8c4a74c69ab15c408544b91f24e98e.png,1556081533
12548,Pillar,pillar-2,Summer 2019,Active,All-In-One Creator Store,Pillar is the all-in-one business platform for content creators and talent managers.,https://www.pillar.io,https://www.ycombinator.com/companies/pillar-2,"San Francisco, CA, USA",5,Consumer,Consumer -> Content,"Consumer, Content",E-commerce,"United States of America, America / Canada, Remote, Partly Remote",Early,False,True,False,"ATHLANE, ATHLANE, Athlane, ATHLANE, Athlane",https://bookface-images.s3.amazonaws.com/small_logos/cdaeb00321297594ea0ea51e4350a607c361c3c5.png,1594186028
12546,Gamebytes,gamebytes,Summer 2019,Active,Chat game universe,,http://www.gamebytes.io,https://www.ycombinator.com/companies/gamebytes,"New York City, NY, USA; New York, NY, USA",4,Consumer,Consumer -> Gaming,"Consumer, Gaming","Gaming, Metaverse","United States of America, America / Canada, Remote, Partly Remote",Early,False,False,False,Fad Mania,https://bookface-images.s3.amazonaws.com/small_logos/0d1171287e418a3d55b38ed9c219d9bb2955b291.png,1556075347
12545,Method Financial,method-financial,Summer 2019,Active,Financial connectivity API for consumer liabilities,"Method provides connectivity to consumer credit and liability accounts, enabling end-to-end refinance experiences, real-time account data access, and one-click checkout.",https://methodfi.com,https://www.ycombinator.com/companies/method-financial,"Austin, TX, USA",50,Fintech,Fintech -> Payments,"Fintech, Payments","Fintech, SaaS, B2B","United States of America, America / Canada, Remote, Partly Remote",Growth,False,True,False,"Forward, GradJoy",https://bookface-images.s3.amazonaws.com/small_logos/8fe82c6fb65a41c32500091074e518f40adc2538.png,1556075147
12536,Figments,figments,Summer 2019,Active,Building worlds at technological inflection points,"Figments explored what happens when technology rewrites the rules of storytelling.
Over seven years we built narrative games, virtual influencers, AI characters, creative tools, and eventually Plotdrive, an AI writing engine for long form storytelling. Each product explored a different piece of how stories are imagined, created, and shared as technology transformed creative work.",https://plotdrive.com,https://www.ycombinator.com/companies/figments,"Los Angeles, CA, USA",2,B2B,B2B,B2B,"Artificial Intelligence, Entertainment, Media, Creator Economy, AI Assistant","United States of America, America / Canada, Remote, Partly Remote",Early,False,False,False,"Figments, Wordloops, Heroic Story, Plotdrive",https://bookface-images.s3.amazonaws.com/small_logos/6f35d52529ebe555a6a00fb848d9ce2166707cbd.png,1556041719
12534,Courier,courier,Summer 2019,Active,The fastest way for developers to build notifications for their app.,"Courier is the fastest way for developers to build notifications for their app. Our APIs take the tedium out of integrating various notification channels, while our visual designer lets anyone design a message template and deliver their notifications to the best channel for each user with a single API call. Email, Push, In-App, Slack, SMS, you name it. Think ""Stripe, for notifications.""",https://www.courier.com,https://www.ycombinator.com/companies/courier,"San Francisco, CA, USA",35,B2B,"B2B -> Engineering, Product and Design","B2B, Engineering, Product and Design","Developer Tools, Messaging","United States of America, America / Canada, Remote, Partly Remote",Growth,False,False,False,,https://bookface-images.s3.amazonaws.com/small_logos/947167fc07350afdc803e650746e6c0c278e9937.png,1555992833
12533,Lofty,lofty,Summer 2019,Active,Building the NASDAQ for Real Estate.,"Lofty is a marketplace that let's anyone sell a house to investors online. Instead of the typical real estate transaction where one seller sells to one buyer, Lofty is much more flexible.

Sellers fractionalize their equity ownership in the property into smaller units, so that anyone can buy a portion for as little as $50, allowing access to one of the best asset classes for people who have previously been locked out. Sellers can also sell a portion of their equity (starting at just 10%) instead of the entire property or create customized HELOC structures.

Investors can browse a variety of individual real estate properties ranging from commercial strip malls, a HELOC in someone's house, Airbnbs, to a single-family rental properties, and directly purchase ownership in these properties in under 5 minutes. There is no lockup period. Users can constantly trade these ownerships with others on the marketplace.

Investors truly legally own the properties they invested in and co-manage it with other investors through an online governance program. Owners have so far voted on how to handle various repairs, delinquent tenants, the sale of the underlying property, and much more.

Lofty never custodies or handles user funds or assets. Through smart-contracts on the blockchain, all transactions are directly peer-to-peer.

If we succeed, we'll have built the NASDAQ for real estate and transformed how real estate is bought and sold in the USA.",https://www.lofty.ai/,https://www.ycombinator.com/companies/lofty,"Los Angeles, CA, USA; Miami, FL, USA; Remote",7,Fintech,Fintech,Fintech,"Fintech, Crypto / Web3, Real Estate, Investing","United States of America, America / Canada, Remote, Fully Remote",Early,False,False,False,Lofty AI,https://bookface-images.s3.amazonaws.com/small_logos/62a04ef2b7d6dce455bc9febecc0ebda46301613.png,1555991344
12532,Apero Health,apero-health,Summer 2019,Active,Modern medical billing,"We help healthcare companies run their practices.  Eligibility, BI, claims, patient payments?  Shoot us an email at founders@aperohealth.com

Apero is a Y-Combinator-backed startup based in San Francisco bringing transparency and ease to medical billing.  As one of the top startups from the Summer 2019 Y Combinator batch, we have raised from well-known investors including the creator of Gmail Paul Buchheit and the founders of Doctor on Demand, Gusto and Reddit, and serve startups that have raised over $1B in Venture Capital.

The founding team are Stanford CS and Berkeley grads and include the CTO of Doctor on Demand having helped raised $240m and process millions of video calls.  We are also hiring  for engineers and product-minded operations people interested in giving price transparency to patients and providers.

We serve practices nationwide, and integrate with leading EHRs as well.",https://www.aperohealth.com,https://www.ycombinator.com/companies/apero-health,"San Francisco, CA, USA",24,Healthcare,Healthcare -> Healthcare IT,"Healthcare, Healthcare IT","Health Tech, Finance, Digital Health, Enterprise Software","United States of America, America / Canada, Remote, Partly Remote",Early,False,True,False,"Apéro Health, Inc",https://bookface-images.s3.amazonaws.com/small_logos/705e0de4ecaf64fd045e93d2a914d7e5c725f2a9.png,1555990588
12531,Shiru,shiru,Summer 2019,Active,Shiru leverages ML to create proteins to feed the world sustainably. ,,https://www.shiru.com/,https://www.ycombinator.com/companies/shiru,"Emeryville, CA, USA",4,Healthcare,Healthcare -> Industrial Bio,"Healthcare, Industrial Bio","AI-powered Drug Discovery, Cellular Agriculture, Machine Learning","United States of America, America / Canada, Remote, Partly Remote",Early,False,False,False,Shiru Bio,https://bookface-images.s3.amazonaws.com/small_logos/96f8b3ffa1e973f19d7d140a20c5160d4529a01e.png,1555989874
12527,matagora,matagora,Summer 2019,Active,Empowering local retailers with tech that works for them.,"At Matagora, our team brings over a decade of retail experience. Our mission is to empower independent retailers with the tools they need to compete with big box stores and effectively level out the playing field. One of the biggest challenges we see is staffing — many retailers struggle to maintain consistent, reliable, and properly trained team members to handle back-office tasks, marketing, ecommerce, POS management, and basic tech know-how.

That’s why we offer affordable, ecommerce expertise as a service. Retailers no longer have to worry about high turnover, constant retraining, or trying to learn everything themselves. Instead, they can stay focused on what they love: curating great products and delivering an amazing in-store experience — while we handle the rest. And since it’s a simple expense, it’s easy to plan for and write off, too.",https://www.matagora.com,https://www.ycombinator.com/companies/matagora,"Montreal, QC, Canada; Remote",5,B2B,B2B -> Retail,"B2B, Retail","Marketplace, Marketing, Retail Tech, Retail","Canada, America / Canada, Remote, Fully Remote",Early,False,False,False,"Matagora Inc., Matagora",https://bookface-images.s3.amazonaws.com/small_logos/618092b9f9611a5482457ec1415c39b04deacbf0.png,1679586248
12525,Dex,dex,Summer 2019,Active,Dex is a personal CRM that reminds you to keep in touch with the…,"Dex is a personal CRM that reminds you to keep in touch with the people you would otherwise forget.

Dex helps turn your acquaintances into your allies.  Going beyond the superficiality of social networks requires commitment.  If you remember to keep in touch thoughtfully, you can turn the interesting person you met at a networking event into a friend that has your back.  

I built Dex after failing to keep up with the tools I tried (Airtable, Notion, etc) for relationship management. Installing an actual CRM like Hubspot felt like a wrong fit for my informal relationships -- these people were 'my team,' not customers.

Dex is a lightweight personal CRM that’s easy to stick with. Key to Dex is a Chrome extension that enables you to manage relationships while you’re in Facebook, Messenger, Twitter, and the social apps you already use. Dex can also send you actionable reminders (daily, or based on your calendar events) to log your interactions for next time. By using Dex, you can:

- Build stronger relationships, by sending you a nudge to follow-up.
- Be more thoughtful, by helping you remember where you left off.
- Become a superconnector, by making connections you wouldn’t otherwise remember.
",https://getdex.com,https://www.ycombinator.com/companies/dex,"San Francisco, CA, USA; Remote",7,Consumer,Consumer -> Home and Personal,"Consumer, Home and Personal","SaaS, Productivity, CRM","United States of America, America / Canada, Remote, Fully Remote",Early,False,True,False,"Dana, Dex, Dex (was Dana)",https://bookface-images.s3.amazonaws.com/small_logos/4ee93cea377a5b2116981214a65b65763a20f92d.png,1555983373
12504,Vouch,vouch,Summer 2019,Active,Insurance and risk management tools for startups and growth-stage…,"Insurance... sounds slow, old-fashioned, and unexciting. Exactly. Insurance is broken, and it's failing fast-moving, innovative startups.

Vouch is a new, technology-first insurance company backed with $185M in funding from world-class investors. Like Stripe for payments or Brex for credit cards, Vouch is creating the go-to business insurance for high-growth companies.

We're doing this by making insurance fast, responsive, and focused on our high-growth and innovative customers. Instead of printed PDF applications and week-long waits, Vouch is building new technology to solve real problems, writing policies that actually cover relevant startup scenarios, and designing simple experiences in an otherwise frustrating industry.",http://vouch.us,https://www.ycombinator.com/companies/vouch,"San Francisco, CA, USA",190,Fintech,Fintech -> Insurance,"Fintech, Insurance","Fintech, B2B","United States of America, America / Canada, Remote, Partly Remote",Growth,False,True,False,"Vouch (SV Instech, Inc. = legal name)",https://bookface-images.s3.amazonaws.com/small_logos/3d1d486d4edef6bd293253ef438f3cf9c1880507.png,1553635905
12454,Prenda,prenda,Summer 2019,Active,K-8 microschools in your neighborhood,"Prenda makes it easy to open a K-8 microschool in your home, studio or office. We start with an adult guide who cares about kids and believes in the power of learning. Often this is the mom of one of the students. She recruits a class of up to 10 students, and we provide everything she needs to run a microschool - training, support, software, curriculum, and funding so she gets paid. In ",https://prenda.com/,https://www.ycombinator.com/companies/prenda,"Mesa, AZ, USA; Remote",15,Education,Education,Education,Education,"United States of America, America / Canada, Remote, Fully Remote",Growth,False,False,False,,https://bookface-images.s3.amazonaws.com/small_logos/def6b9ce423a5a874ac005397e0e419f913eec77.png,1551298289
12243,Beacons,beacons,Summer 2019,Active,"An AI-powered, all-in-one business platform for content creators","Helping creators build smarter and more successful businesses with websites, email marketing, ecommerce, and more.",https://beacons.ai/,https://www.ycombinator.com/companies/beacons,"San Francisco, CA, USA",35,Consumer,Consumer -> Social,"Consumer, Social",SaaS,"United States of America, America / Canada, Remote, Partly Remote",Growth,False,True,False,Beacons AI,https://bookface-images.s3.amazonaws.com/small_logos/2e15ea27dc080dc0feb5349b7dde5f0d8d7c939c.png,1543948526
12240,Zippi,zippi,Summer 2019,Active,Payment Platform for LatAm Micro and Small Businesses,"Developer of a personal loans provider platform intended to benefit self-employed people financially. The company's platform offers weekly invoices, and payment through an application and does not charge an annual fee, enabling clients to focus on their business growth.",https://www.zippi.com.br,https://www.ycombinator.com/companies/zippi,"São Paulo, SP, Brazil",60,Fintech,Fintech -> Credit and Lending,"Fintech, Credit and Lending",Fintech,"Brazil, Latin America, Remote, Partly Remote",Early,False,True,False,,https://bookface-images.s3.amazonaws.com/small_logos/0bfb0fa1b078fc976591e71eccdf15d6bee81168.png,1543948520
12129,Dover,dover,Summer 2019,Active,Your startup's all-in-one recruiting solution,"Dover is on a mission to help every company build an amazing team. Every founder and business leader should have the tools and support they need to hire the right talent — fast.

Dover combines powerful free software with flexible recruiting services to help startups and growing companies scale efficiently. Dover is built around two core offerings:

Free Recruiting Tools:
Dover's ATS is a lightweight but powerful applicant tracking system built for busy founders and hiring managers. It’s as easy to use as a spreadsheet but includes everything you need to manage your first 100 hires — without the bloat of traditional ATS platforms. Hundreds of companies use Dover’s free tools to streamline their hiring process and stay in control as they grow.

Recruiting Partner Marketplace:
When companies need help, Dover connects them with top-tier, fractional recruiters through our on-demand marketplace. Recruiting Partners are experienced, startup-savvy professionals who can step in quickly to manage sourcing, interviewing, closing, and more — without the cost or commitment of an agency or full-time hire.

Dover went through Y Combinator in 2019, and today 500+ companies use our product to run a better hiring process. We've raised $23M from top VCs. ",https://dover.com,https://www.ycombinator.com/companies/dover,"San Francisco, CA, USA; Remote",12,B2B,B2B -> Recruiting and Talent,"B2B, Recruiting and Talent","B2B, Recruiting","United States of America, America / Canada, Remote, Fully Remote",Growth,False,True,False,Swapspace,https://bookface-images.s3.amazonaws.com/small_logos/2f909fcfa4b1bfac3a61c82e3d1b8ee42e93bf79.png,1541833230
12076,Wren,wren,Summer 2019,Active,Wren is a monthly subscription to offset your carbon footprint.,"With Wren, anyone can offset their carbon footprint by supporting credible nature, industry, and policy projects. We also show users how they can reduce their carbon footprint. We make it easy for anyone to turn climate confusion into climate action.",https://www.wren.co,https://www.ycombinator.com/companies/wren,"San Francisco, CA, USA; Remote",10,Industrials,Industrials -> Climate,"Industrials, Climate","Consumer, Climate","United States of America, America / Canada, Remote, Fully Remote",Early,False,False,False,Skipper,https://bookface-images.s3.amazonaws.com/small_logos/1fc2ae0450bfff6d78cec8f427ebdd55a1dbbbac.png,1541646296
12040,Superorder,superorder,Summer 2019,Active,AI customer reputation & performance management for restaurant chains.,"Superorder enables restaurant chains to build customer loyalty, enhance operational efficiency, and maximize profitability. Superorder has a robust network of restaurant partners that include Marco's Pizza, KFC, Pizza Hut, Wow Bao, and Del Taco.",https://superorder.com/,https://www.ycombinator.com/companies/superorder,"New York City, NY, USA",30,B2B,B2B,B2B,"Artificial Intelligence, SaaS, B2B, Restaurant Tech, Food Tech","United States of America, America / Canada, Remote, Partly Remote",Early,False,False,False,"Cookdash, Forward Kitchens, Forward",https://bookface-images.s3.amazonaws.com/small_logos/db10327c5327a64bf7bf615e4aebcb38c48d13de.png,1662139261
12008,Swadesh,swadesh,Summer 2019,Active,"We setup Immigrants with a free US Bank Account, Credit Card, SIM…","We offer a free US FDIC Insured Checking account, Free Credit Card (no interest rate, collateral, fees), Free AT&T SIM Card shipped to home with 40%+ cheaper plans than retail, and save thousands of dollars in remittances to our customers - all by opening a free Swadesh Account. 

We enable new to America expats become ""American"" in the eyes of the US Financial system. 
We're starting by serving the 150,000+ Indian expats migrating to the US each year. 

We have a comprehensive solution that covers banking, credit building, communication, remittance, as well as value-add services such as insurance, housing etc. along with all the standard bells and whistles of neobanks. ",http://www.swadesh.co,https://www.ycombinator.com/companies/swadesh,"New York City, NY, USA; New Delhi, DL, India",10,Fintech,Fintech -> Consumer Finance,"Fintech, Consumer Finance","Fintech, Remittances, Immigration","United States of America, India, America / Canada, South Asia, Remote, Partly Remote",Early,False,True,False,"GreenTiger, Swadesh Bank",https://bookface-images.s3.amazonaws.com/small_logos/3005a6903b8f09f2ec2bc2e3ea7c985baf513b48.png,1541475254
12878,Vendr,vendr,Summer 2019,Acquired,The AI negotiation agent to help you save money on SaaS.,Vendr built the AI negotiation agent that helps companies stop overpaying for software by using real contract data to benchmark prices and secure better deals automatically.,http://www.vendr.com,https://www.ycombinator.com/companies/vendr,"Boston, MA, USA",50,B2B,B2B -> Operations,"B2B, Operations","SaaS, Finance, Procurement","United States of America, America / Canada, Remote, Partly Remote",Growth,False,False,False,"Vendr.co (Purchase LLC), Vendr.co, Vendr.com",https://bookface-images.s3.amazonaws.com/small_logos/a0a18a94193b88aba9845e4a0cd83768e08d5222.png,1559323089
12728,MyPetrolPump,mypetrolpump,Summer 2019,Acquired,On demand fuel delivery service in India,"Why did we pick this idea to work on? 
India is a country with 200 mln vehicles (about the same number as USA) but one third the number of gas stations(60K) as compare to USA(160K), The consequence of odd number of fuel stations is long queues of vehicles at the gas stations to fill up, heavily congested Indian roads make it worse. Opening of 100K new fuel stations is practically & economically impossible in urban localities due to rocketing high land prices. And that's how the idea of mobile refueling was conceptualized by founders. Literally ""bringing the gas stations to doorsteps"". The problem of buying fuel is much more alarming in large volume consumer segments such as Vehicle fleet users like schools, cab rentals, freight logistics operators , tours and travels operators, hospitals, hotels, real estate etc who burn huge amount of dead mileage & loss of productivity while sending all fleet vehicles to gas stations to fill up. Additionally, India has a unique problem of Electricity blackouts. Current avg. is less than 18 hours of a day of electricity in Indian metro cities, which causes more than 20 mln household and commercial buildings running on backup generators which require Diesel. They cant bring the generators to gas stations either therefore they buy Diesel in jerry cans or barrels and transport unsafely. Our solution is solving the desperate & daily need of Indian consumers along with convenience.

Do we have domain expertise in this area? 
Founder is ex veteran of Shell with 9 years of global experience, has complete understanding Oil marketing business.

How do you know people need what you're making? 
We have over 5000 registred large volume customers who are waiting to be served. With our limited number of refueling vehicles ,we could serve max 1200 customers currently. We got all these customers without spending a penny in marketing and promotion. Zero sales efforts. Additionally, we have received over 400 franchisee requests across India where people want to offer mobile refueling service their town validating the demand.",https://mypetrolpump.com/,https://www.ycombinator.com/companies/mypetrolpump,"Bengaluru, KA, India",42,B2B,B2B -> Supply Chain and Logistics,"B2B, Supply Chain and Logistics","Logistics, India","India, South Asia",Early,False,False,False,,https://bookface-images.s3.amazonaws.com/small_logos/873e6a24dc0099a9092da2dab96e2393961c5ecb.png,1557422414
12710,Wingman,wingman,Summer 2019,Acquired,Wingman helps inside sales reps with coaching while they're on a call.,"Wingman is a software for sales teams that listens to sales calls and automatically surfaces suggestions to sales reps in real-time. The sales calls are also transcribed and analysed for postmortems, reviews and coaching. ",https://www.trywingman.com,https://www.ycombinator.com/companies/wingman,"Bengaluru, KA, India",10,B2B,B2B -> Sales,"B2B, Sales",SaaS,"India, South Asia, Remote, Partly Remote",Early,False,False,False,"Strings.ai, Wingman (was Strings.ai)",https://bookface-images.s3.amazonaws.com/small_logos/d85dfc73c9692fefd19b7eeec4502dc106fae113.png,1557307070
12705,Gaiascope,gaiascope,Summer 2019,Acquired,SaaS that helps renewables & energy storage operate more profitably,"Software that simplifies electric grid forecasting and operations. Clients--hard assets like wind, solar and energy storage--get timely, unbiased information to improve revenues, reduce risk, and maximize the profitability of every megawatt.

Gaiascope also manages a quant fund trading electricity; with this fund, the company builds additional credibility with clients and accelerates the continuous improvement of its software.",http://gaia-scope.com,https://www.ycombinator.com/companies/gaiascope,"Boston, MA, USA; Remote",9,B2B,B2B,B2B,"Climate, Energy, ClimateTech","United States of America, America / Canada, Remote, Fully Remote",Early,False,False,False,,https://bookface-images.s3.amazonaws.com/small_logos/e1224624438a17a663ce6ddbc15c637432ec3a75.png,1557273094
12669,Data Mechanics,data-mechanics,Summer 2019,Acquired,Spark-on-Kubernetes Data Engineering Platform,Data Mechanics was acquired by NetApp in 2021 and integrated in the Spot.io product portfolio. Our managed Spark-on-Kubernetes platform is live and running under the name Ocean for Apache Spark: https://spot.io/products/ocean-apache-spark/,https://www.datamechanics.co,https://www.ycombinator.com/companies/data-mechanics,"Paris, Île-de-France, France",25,B2B,B2B -> Infrastructure,"B2B, Infrastructure","SaaS, B2B, Open Source, Data Engineering","France, Europe, Remote, Partly Remote",Early,False,False,False,,https://bookface-images.s3.amazonaws.com/small_logos/041cd41aaf413fd601a958566433246e70084357.png,1556782113
12655,Compound,compound,Summer 2019,Acquired,Compound is a wealth manager for people who work at tech companies. ,Compound empowers people who work in tech to make better financial decisions so they have the freedom to focus on what matters most. ,https://withcompound.com/,https://www.ycombinator.com/companies/compound,"San Francisco, CA, USA",51,Fintech,Fintech -> Consumer Finance,"Fintech, Consumer Finance",Fintech,"United States of America, America / Canada, Remote, Partly Remote",Early,False,False,False,,https://bookface-images.s3.amazonaws.com/small_logos/2f11e5dada8d8ebbf9967a5104a41e9b99bc1fd2.png,1556763101
12654,Bouncer,bouncer,Summer 2019,Acquired,SDK for scanning and verifying credit cards and photo IDs in mobile…,,https://www.getbouncer.com/,https://www.ycombinator.com/companies/bouncer,"San Francisco, CA, USA; Oakland, CA, USA",2,B2B,"B2B -> Engineering, Product and Design","B2B, Engineering, Product and Design","Payments, Identity","United States of America, America / Canada",Early,False,False,False,,https://bookface-images.s3.amazonaws.com/small_logos/107b2ea13f63bbeafe85c05a1e3c7adb5ae3d2a7.png,1576518359
12646,Downtobid,downtobid,Summer 2019,Acquired,Using AI to understand construction plans faster.,"Our product helps GCs automatically identify scopes of work, find qualified local subcontractors, and send personalized bid invites.

",https://downtobid.com,https://www.ycombinator.com/companies/downtobid,"Los Angeles, CA, USA; Remote",5,Real Estate and Construction,Real Estate and Construction -> Construction,"Real Estate and Construction, Construction",Construction,"United States of America, America / Canada, Remote, Fully Remote",Early,False,False,False,"basis, downtobid",https://bookface-images.s3.amazonaws.com/small_logos/d63589ab125b18c4f235fe17ab462bfbde2b02ec.png,1556761531
12628,FeaturePeek,featurepeek,Summer 2019,Acquired,Supercharged deployment previews for all.,"FeaturePeek creates supercharged deployment previews of your frontend that you can share to quickly get feedback on your implementation in progress. A drawer overlay is added on top of your site that makes it easy for your reviewers to take screenshots with annotations, capture screen recordings, leave comments, create tickets on popular bug-tracking platforms, and more. You get this functionality just by deploying to FeaturePeek — no dependencies or code changes needed.",https://featurepeek.com,https://www.ycombinator.com/companies/featurepeek,"San Francisco, CA, USA; Remote",4,B2B,"B2B -> Engineering, Product and Design","B2B, Engineering, Product and Design","Developer Tools, SaaS","United States of America, America / Canada, Remote, Fully Remote",Early,False,False,False,"FeaturePeek, FeaturePeek (Acquired by Netlify)",https://bookface-images.s3.amazonaws.com/small_logos/4a14d393031c373c733659e43d2b92082fb9aa83.png,1556682537
12627,TaxProper,taxproper,Summer 2019,Acquired,TaxProper helps large Real Estate owners manage their property taxes.,"TaxProper is an enterprise SaaS solution that acquires real-time property tax data, encodes local tax rules, and contains all of the operational workflows associated with property tax management. Our core products automate property tax payments, forecast future property tax liability, and help large real estate operators manage their property tax appeals.",https://taxproper.com/,https://www.ycombinator.com/companies/taxproper,"Chicago, IL, USA",8,Real Estate and Construction,Real Estate and Construction,Real Estate and Construction,"Fintech, SaaS, Real Estate","United States of America, America / Canada, Remote, Partly Remote",Early,False,False,False,taxProper,https://bookface-images.s3.amazonaws.com/small_logos/55a1b4b73d450e670e61529d531faea95e3d6712.png,1556682385
12626,Localyze,localyze,Summer 2019,Acquired,Global mobility platform for companies and employees,"From borders and bureaucracy to openness and simplicity. With Localyze, we’re reimagining how people move for work by bringing together seamless technology, transparency and unrivalled service. We believe in freeing talent from borders, so we’re building a centralised platform for a decentralised world. A world where companies can hire from everywhere — and people can work and live where they want to.",https://www.localyze.com,https://www.ycombinator.com/companies/localyze,"Hamburg, HH, Germany; Remote",105,B2B,B2B -> Human Resources,"B2B, Human Resources","SaaS, Human Resources, Immigration","Germany, Europe, Remote, Fully Remote",Growth,False,False,False,,https://bookface-images.s3.amazonaws.com/small_logos/96bd85f56312c5abd48c88dcb718430c1ade2150.png,1660708715
12600,Obie,obie,Summer 2019,Acquired,Moving Investment Property Insurance Forward,"Since 2017, Obie has simplified real estate investment insurance for landlords, property managers, agents, and investors across the U.S. With expert-backed coverage, intuitive tools, and embedded technology, Obie delivers fast, reliable insurance solutions designed to fit how real estate professionals work today. With $60 billion in coverage secured and $39 million in funding, Obie is redefining what insurance can do—for the people building the future of real estate",http://www.ObieInsurance.com,https://www.ycombinator.com/companies/obie,"Chicago, IL, USA",120,Real Estate and Construction,Real Estate and Construction -> Housing and Real Estate,"Real Estate and Construction, Housing and Real Estate","Real Estate, Insurance","United States of America, America / Canada, Remote, Partly Remote",Growth,False,False,False,,https://bookface-images.s3.amazonaws.com/small_logos/b45e6343dd5f000514214ea81404e73e513ae9ba.png,1556235722
12599,Sable,sable,Summer 2019,Acquired,"Mobile bank for credit-worthy, new-to-America internationals offering…","Sable is a digital banking platform and the only full-suite banking solution for internationals in the U.S., providing U.S. bank accounts, debit and credit cards. Newcomers to the U.S. can open a Sable account within five minutes, and start building their U.S. credit history from day 1, all without the need of an SSN or prior U.S. credit history. The Sable app is available on iOS and Android.",http://www.sablecard.com,https://www.ycombinator.com/companies/sable,"New York City, NY, USA",12,Fintech,Fintech -> Consumer Finance,"Fintech, Consumer Finance",Fintech,"United States of America, America / Canada, Remote, Partly Remote",Early,False,False,False,,https://bookface-images.s3.amazonaws.com/small_logos/682ae8359f3196bfbd0f33bad112a609474463e1.png,1556225744
12591,Actiondesk,actiondesk,Summer 2019,Acquired,Access all your live data in one place,"As easy and flexible as a spreadsheet, as powerful as a BI tool",https://www.actiondesk.io/,https://www.ycombinator.com/companies/actiondesk,"New York City, NY, USA; San Francisco, CA, USA",4,B2B,"B2B -> Engineering, Product and Design","B2B, Engineering, Product and Design",SaaS,"United States of America, America / Canada",Early,False,False,False,,https://bookface-images.s3.amazonaws.com/small_logos/8171503f94fc45c98131f13274f03eda1037db64.png,1556210234
12584,Intersect Labs,intersect-labs,Summer 2019,Acquired,Collaborative data noteboook for business teams,"Bring your data from various sources, process it, send it to a destination of your choice (and repeat all of that in a few clicks every day/week/month)",https://www.intersectlabs.io/,https://www.ycombinator.com/companies/intersect-labs,"San Diego, CA, USA",4,B2B,"B2B -> Engineering, Product and Design","B2B, Engineering, Product and Design",Analytics,"United States of America, America / Canada, Remote, Partly Remote",Early,False,False,False,,https://bookface-images.s3.amazonaws.com/small_logos/58ea925e040ce431be15ab191a38f9b8e9fe3470.png,1556172206
12580,Voyage Biomedical,voyage-biomedical,Summer 2019,Acquired,Using cooling to end brain damage during stroke.,Acquired by Penumbra (NYSE:PEN).,https://voyage.bio,https://www.ycombinator.com/companies/voyage-biomedical,"San Francisco, CA, USA; Berkeley, CA, USA",3,Healthcare,Healthcare -> Medical Devices,"Healthcare, Medical Devices","Hardware, Neurotechnology, Medical Devices","United States of America, America / Canada",Early,False,False,False,Voyage Biomedical Inc.,https://bookface-images.s3.amazonaws.com/small_logos/bc2de50e20e222a7884277e269a1efe34dfe261d.png,1556165412
12573,Bayes,bayes,Summer 2019,Acquired,,,http://bayes.com,https://www.ycombinator.com/companies/bayes,"San Francisco, CA, USA",4,B2B,"B2B -> Engineering, Product and Design","B2B, Engineering, Product and Design",Data Visualization,"United States of America, America / Canada, Remote, Partly Remote",Early,False,False,False,,https://bookface-images.s3.amazonaws.com/small_logos/6bd9acb006cc7d6fc28381994e1ed810a1d819bb.png,1633107136
12550,Kraftful,kraftful,Summer 2019,Acquired,Copilot for product teams,Helping product builders to listen to users at scale so they can make something people want.,http://www.kraftful.com/,https://www.ycombinator.com/companies/kraftful,"San Francisco, CA, USA; Remote",6,B2B,"B2B -> Engineering, Product and Design","B2B, Engineering, Product and Design","Artificial Intelligence, Generative AI, B2B, NLP, AI","United States of America, America / Canada, Remote, Fully Remote",Early,False,False,False,,https://bookface-images.s3.amazonaws.com/small_logos/fd3dcfbc4e3832c69cd097d276e4519742e599c7.png,1556079534
12549,Symplex,symplex,Summer 2019,Acquired,Applied Reinforcement Learning Research Laboratory,"• Acquired by Scale AI


",,https://www.ycombinator.com/companies/symplex,"New York City, NY, USA",8,B2B,B2B,B2B,"Artificial Intelligence, Data Engineering, AI Assistant","United States of America, America / Canada, Remote, Partly Remote",Early,False,False,False,"Symplex, Demigod, Violet, communion, violet, demigod, symplex, demigod",https://bookface-images.s3.amazonaws.com/small_logos/33294c2e2a853eb8b88c2102faadf92348a869e3.png,1556077735
12542,Palifer,palifer,Summer 2019,Acquired,Predictive maintenance models for trains and heavy industry,"Palifer decreases unplanned failures and increase schedule compliance by extracting insights from your historical logs.

https://patents.google.com/patent/US11256757B1/en",https://www.palifer.com,https://www.ycombinator.com/companies/palifer,"San Francisco, CA, USA",2,Industrials,Industrials -> Automotive,"Industrials, Automotive",Artificial Intelligence,"United States of America, America / Canada",Early,False,False,False,"Palifer, Waves, Tub, Waves Dating, Waves",https://bookface-images.s3.amazonaws.com/small_logos/54e40d43bcc80cc4dde1c5c8df731011ffa7983b.png,1556073342
12530,Cuboh,cuboh,Summer 2019,Acquired,We help restaurants manage their online orders.,We build software to help restaurants manage their third-party delivery online orders.,https://www.cuboh.com,https://www.ycombinator.com/companies/cuboh,"Victoria, BC, Canada",50,B2B,B2B -> Retail,"B2B, Retail","SaaS, Food Tech","Canada, America / Canada, Remote, Partly Remote",Early,False,False,False,,https://bookface-images.s3.amazonaws.com/small_logos/8cbb332fb00714e64d88c8a08f5dbea1b1555e66.png,1555984458
12509,PopSQL,popsql,Summer 2019,Acquired,SQL editor for teams,"Every company wants to use data to make informed decisions, and SQL is the lingua franca for data. However, data collaboration is broken. People are rewriting each other's queries, switching apps to visualize their data, and copying/pasting SQL into Slack.

PopSQL solves this by creating a beautiful, fun way to write SQL, visualize data, and share results. The product is loved by data teams from over 2000 companies including DoorDash, Shipt, Redfin, and Optimizely. What we've built so far is just the beginning. Join us and build a great product, a great culture, and a great company 🚀",https://popsql.com,https://www.ycombinator.com/companies/popsql,"San Francisco, CA, USA; Remote",15,B2B,"B2B -> Engineering, Product and Design","B2B, Engineering, Product and Design","Developer Tools, SaaS, Analytics","United States of America, America / Canada, Remote, Fully Remote",Growth,False,False,False,,https://bookface-images.s3.amazonaws.com/small_logos/79a599a24d933d5f21dc134891224337e7ef167a.png,1554325626
12502,Bun,bun,Summer 2019,Acquired,Bun is an incredibly fast all-in-one JavaScript toolkit,"Bun is an incredibly fast all-in-one toolkit for building, installing, running, and testing JavaScript and TypeScript. We were born out of frustration with the fragmented, slow JavaScript ecosystem and are on a mission to make JavaScript development faster and more productive.",https://bun.sh,https://www.ycombinator.com/companies/bun,"San Francisco, CA, USA",13,B2B,B2B -> Infrastructure,"B2B, Infrastructure","Developer Tools, Open Source","United States of America, America / Canada",Growth,False,False,False,"Codeblog, Webthing",https://bookface-images.s3.amazonaws.com/small_logos/6cf9201e83fba23f5038d47b722860fb10f40642.png,1746486339
12425,Together Software,together-software,Summer 2019,Acquired,Learn from the experts at your company. ,"Targeting companies with 500+ employees, Together helps Learning and Development teams run a best-practice mentoring program for employees. It captures everyone's areas for development and goals, matches them with the most relevant mentor within their company, and guides and tracks relationships. Integrating with Outlook, Gsuite and other enterprise tools, it is designed for the professional user. ",https://togetherplatform.com,https://www.ycombinator.com/companies/together-software,"Toronto, ON, Canada",35,B2B,B2B -> Human Resources,"B2B, Human Resources",SaaS,"Canada, America / Canada, Remote, Partly Remote",Early,False,False,False,Together Software Inc,https://bookface-images.s3.amazonaws.com/small_logos/e02812a1fa539decb61773abfaa6945dded7849f.png,1549579106
1880,Elpha,elpha,Summer 2019,Inactive,Professional network for women,"Elpha is where women succeed at work together. Our members come to Elpha for personal and professional development, to find jobs and to make friends.",https://elpha.com,https://www.ycombinator.com/companies/elpha,"San Francisco, CA, USA; Oakland, CA, USA; Remote",6,Consumer,Consumer -> Job and Career Services,"Consumer, Job and Career Services","Community, Recruiting","United States of America, America / Canada, Remote, Fully Remote",Early,False,False,False,Leap,https://bookface-images.s3.amazonaws.com/small_logos/8eba5f7739b414dfebd350e163a10b9668547a70.png,1515106964
12911,Odin,odin,Summer 2019,Inactive,"Save, organize and showcase your mental dump","Save & organize posts, text & pics from all apps & websites. Showcase your mental dump through the customizable spaces you design. ",https://savewithodin.com/,https://www.ycombinator.com/companies/odin,"San Francisco, CA, USA; Mountain View, CA, USA; Remote",4,Consumer,Consumer -> Content,"Consumer, Content",Consumer,"United States of America, America / Canada, Remote, Fully Remote",Early,False,False,False,Listle,https://bookface-images.s3.amazonaws.com/small_logos/be667aed37a8e9a5c2d8f816ed0815ba4ae87252.png,1559680377
12890,Unflow,unflow,Summer 2019,Inactive,The next generation CMS built for mobile apps,"We enable product and marketing teams to create and publish native in-app experiences, without engineering help",https://www.unflow.com,https://www.ycombinator.com/companies/unflow,"New York City, NY, USA; London, England, United Kingdom; Remote",5,B2B,"B2B -> Engineering, Product and Design","B2B, Engineering, Product and Design","Developer Tools, SaaS, B2B, Design Tools","United States of America, United Kingdom, America / Canada, Europe, Remote, Fully Remote",Early,False,False,False," Monaru, Monaru, Quorum, Monaru, unflow",https://bookface-images.s3.amazonaws.com/small_logos/65122a2cf93b0728efdffcc0603d35f8f2c17dbe.png,1559349496
12868,Covela,covela,Summer 2019,Inactive,The digital insurance broker for SMEs in LATAM,"Covela helps small businesses and freelancers in LATAM find the right insurance coverage, at the right price in less than 15 minutes.",https://covela.mx/,https://www.ycombinator.com/companies/covela,"Mexico City, CDMX, Mexico",6,Fintech,Fintech -> Insurance,"Fintech, Insurance","Insurance, Latin America","Mexico, Latin America",Early,False,False,False,,https://bookface-images.s3.amazonaws.com/small_logos/854f122617bf0d5f08938bfcdae1d6a682b95204.png,1559273320
12865,Blockstamp,blockstamp,Summer 2019,Inactive,Blockstamp is an asset management software for industrial equipment,"Blockstamp is an asset management software for industrial equipment. We provide in-depth analytics and fleet management dashboards for industrial equipments (forklifts, cranes, hoists, etc.). We help large manufacturing companies manage their fleets of industrial equipment to allow them to make business decisions.",https://www.blockstampsf.com/,https://www.ycombinator.com/companies/blockstamp,"Los Angeles, CA, USA; San Francisco, CA, USA",2,Industrials,Industrials -> Manufacturing and Robotics,"Industrials, Manufacturing and Robotics","Industrial Workplace Safety, Analytics, Manufacturing, Industrial","United States of America, America / Canada",Early,False,False,False,"Nomad Rides, Nomad Moments, Nomad Rides, Nomad Rides, Debt Destroyer (Formerly Nomad Rides)",https://bookface-images.s3.amazonaws.com/small_logos/e0a56addcb5928c94d970f698a43c7aadc2b07eb.png,1559271763
12853,Valiu,valiu,Summer 2019,Inactive,USD mobile banking for LatAm's businesses and people,"It is very hard to access USD or stable currency in LatAm's depreciating, and hyper-inflationary economies. We are solving that for individuals and businesses.",https://www.valiu.com,https://www.ycombinator.com/companies/valiu,"Bogotá, Bogota, Colombia; Remote",24,Fintech,Fintech -> Payments,"Fintech, Payments","Fintech, Crypto / Web3","Colombia, Latin America, Remote, Fully Remote",Early,False,False,False,,https://bookface-images.s3.amazonaws.com/small_logos/4b16c3ee1923418647ba5ed012e40dfe8d0317dd.png,1559267725
12849,Mipos.dev,mipos-dev,Summer 2019,Inactive,Api that let you connect all the restaurant tech services in Latam ,,http://www.mipos.dev,https://www.ycombinator.com/companies/mipos-dev,"Mexico City, CDMX, Mexico",,B2B,B2B -> Retail,"B2B, Retail","Restaurant Tech, API, Latin America","Mexico, Latin America",Early,False,False,False,,https://bookface-images.s3.amazonaws.com/small_logos/f81e9ed95099fa46b49a8c05bae318afc1e2944e.png,1559266572
12844,Alana,alana,Summer 2019,Inactive,"Staff management software for retail, manufacturing and hospitality","HR focused ERP that automates processes for mid/large companies in LATAM through several modules:
Shift and calendar planning for staff
Check-in/out with geolocation and FR
Employee health and safety reporting and record
Performance management module
Career planninf module",https://www.alana.jobs,https://www.ycombinator.com/companies/alana,"Mexico City, CDMX, Mexico",14,B2B,B2B -> Recruiting and Talent,"B2B, Recruiting and Talent","SaaS, B2B","Mexico, Latin America, Remote, Partly Remote",Early,False,False,False,,https://bookface-images.s3.amazonaws.com/small_logos/5081dc0b5cc701ef9510fa5b027a59ab3401b472.png,1559191595
12835,Multis,multis,Summer 2019,Inactive,Accounting & Treasury Management Software for Web3 Teams ,We build accounting & treasury management software solutions for web3 organizations. Get accurate financial statements and automate accounting tasks across any wallets. Say goodbye to crypto hassles and focus on growing your business.,https://multis.com/,https://www.ycombinator.com/companies/multis,"Paris, Île-de-France, France",14,Fintech,Fintech -> Banking and Exchange,"Fintech, Banking and Exchange","Fintech, Crypto / Web3","France, Europe, Remote, Partly Remote",Early,False,False,False,,https://bookface-images.s3.amazonaws.com/small_logos/35cfa6626f4db01284f3e93a3bf939e0f4d37f37.png,1559183057
12741,Namaste Business,namaste-business,Summer 2019,Inactive,Shopify for a mobile first world,"Namaste is Shopify for a mobile first world. Using Namaste, small businesses can make their own eCommerce website and native mobile apps. At the press of a button they can publish their app to Google Play Store and Apple App Store.",https://mynamaste.in,https://www.ycombinator.com/companies/namaste-business,"Bengaluru, KA, India",15,B2B,B2B -> Retail,"B2B, Retail","SaaS, E-commerce, Retail, SMB","India, South Asia",Early,False,False,False,Mela,https://bookface-images.s3.amazonaws.com/small_logos/2a434704677560934762a7eb4897fecdba24c9e7.png,1557469121
12740,Khabri,khabri,Summer 2019,Inactive,India's Largest Podcast Platform,,https://khabri.app/,https://www.ycombinator.com/companies/khabri,"New Delhi, DL, India",11,Consumer,Consumer -> Content,"Consumer, Content","India, Podcasts","India, South Asia",Early,False,False,False,,https://bookface-images.s3.amazonaws.com/small_logos/875a6ba6eff51c44bcbca27b52567e2fe670a41c.png,1557468864
12737,Tensil,tensil,Summer 2019,Inactive,We turn machine learning models into custom hardware.,"Tensil automates machine learning hardware accelerator design. Our goal is to enable ML in every device. We've developed an algorithm that can design the best hardware accelerator for your machine learning model, unlocking 10x better performance per watt-dollar than GPUs and other hardware accelerators. Our technology enables our customers to create unbeatable products with Tensil custom hardware at the core.",https://www.tensil.ai,https://www.ycombinator.com/companies/tensil,"San Francisco, CA, USA; Remote",2,Industrials,Industrials -> Manufacturing and Robotics,"Industrials, Manufacturing and Robotics","Edge Computing Semiconductors, Hardware, Open Source, AI","United States of America, America / Canada, Remote, Fully Remote",Early,False,False,False,,https://bookface-images.s3.amazonaws.com/small_logos/3aefe6d1c4f47d9ef26a3296e1724c3efe9bd5ac.png,1557445614
12736,Boost Biomes,boost-biomes,Summer 2019,Inactive,,,http://boostbiomes.com,https://www.ycombinator.com/companies/boost-biomes,"Brisbane, CA, USA",12,Industrials,Industrials -> Agriculture,"Industrials, Agriculture",,"United States of America, America / Canada, Remote, Partly Remote",Growth,False,False,False,,https://bookface-images.s3.amazonaws.com/small_logos/65e9c677d7b71c2596fa5ebf19614cf7246de035.png,1557442748
12676,Flow,flow,Summer 2019,Inactive,Improve your browsing experience by staying organized and intentful,"Flow is building products to improve your browsing experience. The web browser is an indispensable part of our daily lives - we use it for work, shopping, entertainment, research, sharing memes, procrastinating, connecting with friends and family. Yet it remains tough to be organized and intentful when using it. We’re building products to dramatically improve your browsing experience, and Flow is our foray into intentful browsing.
",https://enterflow.app,https://www.ycombinator.com/companies/flow,"San Francisco, CA, USA; Remote",3,B2B,B2B -> Infrastructure,"B2B, Infrastructure",Developer Tools,"United States of America, America / Canada, Remote, Fully Remote",Early,False,False,False,"Fair AI, Monitor ML, The Fair AI, Inc, Fair AI, joinchutney.com, The Fair AI, Inc",https://bookface-images.s3.amazonaws.com/small_logos/10d23ef988829192581d578ae15e29878da498c0.png,1602201798
12665,PlayAbly,playably,Summer 2019,Inactive,"We build games to help brands engage, convert, and retain customers ","PlayAbly turns ignored touchpoints into mini-games that capture attention, drive action, and generate real-time first-party data—across eCommerce, B2B funnels, restaurants, and in-store retail. As attention spans shrink to six seconds, brands can't afford lifeless popups, forms, or landing pages. We replace them with gamified conversion layers—quizzes, swipe games, stackers—that perform like performance marketing.

At Unity, our founding team helped personalize gameplay and ads for over 2 billion users. Now, we're bringing that behavioral insight to brand engagement, building a no-code platform where anyone can launch PlayAbly experiences in minutes. Think: instead of a ""Spin to Win,"" a match-3 game that sells your product, segments your audience, and gets 4× the opt-ins.

Why now? Retargeting costs are up. Email/SMS open rates are down. And today’s customers are conditioned by the dopamine loops of TikTok and mobile games. Generic funnels can’t compete—but interactive ones can.

PlayAbly is already driving results:

Classkick (B2B): 5× ROI, 3× higher email open rates

Skout Snacks (DTC): 7× ROI, 20% higher AOV, 4× opt-in rates

89% of previously lost sessions re-engaged through PlayAbly games

We monetize on a usage + performance model, enabling fast adoption and deep long-term value. We're building a new category: AI-powered gamification that converts attention into intent, on any surface where customers meet brands.

https://www.playably.ai",https://www.playably.ai,https://www.ycombinator.com/companies/playably,Remote,5,B2B,B2B,B2B,"B2B, Gaming, Personalization, E-commerce, Marketing","Remote, Fully Remote",Early,False,False,False,Baotris,https://bookface-images.s3.amazonaws.com/small_logos/7b91c99b08fe6d4b5f8a1cf9542969f8f9ad14f6.png,1750288819
12658,Blair,blair,Summer 2019,Inactive,Financing education through Income Share Agreements,Raised a +100M Debt fund to finance thousands of students in the US. Raised 7.5M in Equity from top-tier VCs and multiple Unicorn Founders. Sold all assets in 2022 after regulatory changes in our space. Lots of learnings and many lives we changed for the better :) ,https://joinblair.com/,https://www.ycombinator.com/companies/blair,"San Francisco, CA, USA",10,Fintech,Fintech -> Credit and Lending,"Fintech, Credit and Lending","Education, Fintech","United States of America, America / Canada, Remote, Partly Remote",Early,False,False,False,,https://bookface-images.s3.amazonaws.com/small_logos/b4f8844325bf0be66cbcc612a94706b9fe5dd329.png,1556763478
12657,Zergo,zergo,Summer 2019,Inactive,We make a urine test that helps women get pregnant.,,https://www.zergo.com/,https://www.ycombinator.com/companies/zergo,"Waterloo, ON, Canada",9,Healthcare,Healthcare -> Diagnostics,"Healthcare, Diagnostics","Fertility Tech, Hardware","Canada, America / Canada, Remote, Partly Remote",Early,False,False,False,SannTek Labs,https://bookface-images.s3.amazonaws.com/small_logos/ce8e4de67d63090a8cc6063dce90b126571c9bef.png,1556763258
12656,Adla,adla,Summer 2019,Inactive,Department store for e-commerce,"Adla curates and delivers clothes to try on at home for free, you only pay for what you want to keep and Adla picks up any returns. We're starting in colleges.",http://tryadla.com,https://www.ycombinator.com/companies/adla,"Charlotte, NC, USA; Remote",3,Consumer,Consumer -> Apparel and Cosmetics,"Consumer, Apparel and Cosmetics",E-commerce,"United States of America, America / Canada, Remote, Fully Remote",Early,False,False,False,,https://bookface-images.s3.amazonaws.com/small_logos/d04c668137c57cebe94f7e112cd527a9673a7206.png,1583981038
12650,Lightwell,lightwell,Summer 2019,Inactive,,,https://lightwell.pro/,https://www.ycombinator.com/companies/lightwell,"New York City, NY, USA; New York, NY, USA",4,B2B,"B2B -> Engineering, Product and Design","B2B, Engineering, Product and Design",,"United States of America, America / Canada",Early,False,False,False,,https://bookface-images.s3.amazonaws.com/small_logos/503e6078ca60e87392ce178c511c7f322453907b.png,1556761801
12645,Brave Care,brave-care,Summer 2019,Inactive,"Modern healthcare for kids. Pediatric Primary, Urgent & Remote Care.",Brave Care is a group of kid-only primary & urgent care clinics that create a comfortable environment for little ones and reduce the stress and cost of emergency medicine for parents.  We are 1/10th the cost of an ER trip and most often a visit can be completed in 1/4th the time.  Common treatments: Pinkeye / Allergies / Tummy Bugs / Stitches / Broken Bones / Head Bumps / Sore Throats / Coughs / Fevers. Our digital services leverage our in-clinic medical professionals  to reach across the country.,http://www.bravecare.com,https://www.ycombinator.com/companies/brave-care,"Portland, OR, USA",90,Healthcare,Healthcare -> Healthcare Services,"Healthcare, Healthcare Services","Consumer Health Services, Telehealth, Pediatrics","United States of America, America / Canada, Remote, Partly Remote",Growth,False,False,False,"Brave Care, Inc.",https://bookface-images.s3.amazonaws.com/small_logos/0092bc601b9c18791c97ffd609541249a1e0d058.png,1556761482
12630,Tandem,tandem,Summer 2019,Inactive,Tandem is a virtual office for remote and distributed teams.,"Tandem is a digital office for remote teams. You can see who's online, what app they're working in, and talk/screenshare/video in one click. 

We designed Tandem by deconstructing the affordances and benefits of a physical space, and transcribing them to a virtual space.",https://tandem.chat,https://www.ycombinator.com/companies/tandem,"San Francisco, CA, USA",10,B2B,B2B -> Productivity,"B2B, Productivity","SaaS, Collaboration","United States of America, America / Canada, Remote, Partly Remote",Early,False,False,False,"Wisp, Tandem (formerly Wisp)",https://bookface-images.s3.amazonaws.com/small_logos/7e1324662c347d30fcff2aa1268169c5410c56c5.png,1556684094
12629,Nonu,nonu,Summer 2019,Inactive,We deliver hair loss medicines for Indian men on a subscription basis.,,https://nonucare.com/,https://www.ycombinator.com/companies/nonu,"Hyderabad, Telangana, India",10,Healthcare,Healthcare -> Consumer Health and Wellness,"Healthcare, Consumer Health and Wellness",India,"India, South Asia",Early,False,False,False,Noni,https://bookface-images.s3.amazonaws.com/small_logos/7f9f5173748bd97ae8f93b30cfe876bae0b0e146.png,1556682945
12624,Revel,revel,Summer 2019,Inactive,We Deserve More in Midlife,Revel offers events and online communities that nourish women at midlife and beyond. We are backed by Forerunner Ventures and Y Combinator and were recently named one of the Most Innovative Companies of 2020 by Fast Company. ,https://www.hellorevel.com/,https://www.ycombinator.com/companies/revel,"San Francisco, CA, USA; Remote",16,Consumer,Consumer -> Social,"Consumer, Social",Community,"United States of America, America / Canada, Remote, Fully Remote",Early,False,False,False,"The Redwoods, Revel (formerly The Redwoods)",https://bookface-images.s3.amazonaws.com/small_logos/b472b19f473cd70aa2c3d74300dda868b9629666.png,1556678490
12623,Lumineye,lumineye,Summer 2019,Inactive,X-ray Vision for First Responders ,"We build portable, tactical, through-wall radar sensors to help first responders and soldiers detect and track people through walls. ",https://www.lumineye.com,https://www.ycombinator.com/companies/lumineye,"Boise, ID, USA",10,Government,Government,Government,"Hardware, GovTech, Radar","United States of America, America / Canada, Remote, Partly Remote",Early,False,False,False,Lumineye Inc.,https://bookface-images.s3.amazonaws.com/small_logos/59a9a3f24545bb8e877588ab5137c5940b7dcdf0.png,1556676263
12615,LunaSec,lunasec,Summer 2019,Inactive,An Open Source dependency security tool that is smarter than the rest,"LunaSec is dead, fyi. Please email me personally to get in touch!

-----

LunaTrace isn't just another security scanner that blasts you with vulnerabilities. LunaSec has developed a hosted Open Source dependency security tool that is smarter, faster, and quieter than any other. It's backed by a team of security experts who monitor the latest attacks, write remediation guides, and help you patch in hours instead of weeks.

In under 2 minutes, for free, you can generate your own vulnerability report to gain insight into the security + compliance of your software by clicking here: https://lunatrace.lunasec.io/

Email us at: contact@lunasec.io
Our GitHub: https://github.com/lunasec-io/lunasec",https://www.lunasec.io,https://www.ycombinator.com/companies/lunasec,"Seattle, WA, USA; Remote",4,B2B,B2B -> Security,"B2B, Security","Developer Tools, DevSecOps, Security Orchestration, Automation and Response (SOAR), Security, Open Source","United States of America, America / Canada, Remote, Fully Remote",Early,False,False,False,Refinery Labs,https://bookface-images.s3.amazonaws.com/small_logos/acc3150187be7fce01784994ec62525354b915cd.png,1556642382
12613,Dashblock,dashblock,Summer 2019,Inactive,Turn any website into an API,Dashblock is the easiest way to access websites programmatically and collect structured data.,https://dashblock.com,https://www.ycombinator.com/companies/dashblock,"Paris, Île-de-France, France",3,B2B,"B2B -> Engineering, Product and Design","B2B, Engineering, Product and Design","Developer Tools, Machine Learning, Robotic Process Automation","France, Europe, Remote, Partly Remote",Early,False,False,False,"Datap, Dashblock (was Datap)",https://bookface-images.s3.amazonaws.com/small_logos/51f8695f18bceaae54b2384727e02f76debf98df.png,1556596578
12611,AudioFocus,audiofocus,Summer 2019,Inactive,"Hearing aids that work in noisy places, like restaurants, using ML.","If we've learned anything in the last few years it's that spending time with our friends and family is essential to our well-being and happiness. Unfortunately, loud and noisy places like weddings and family gatherings hinder human connection, especially for the hearing impaired. In fact, the biggest unmet need in the entire hearing healthcare industry is hearing in noisy places. AudioFocus helps patients hear in these environments by only enhancing voices nearby the patients and ignoring ones farther away. We do this using acoustics informed machine learning and custom microphone array design.

Our goal is to increase the adoption rate of 37M US adults with hearing loss, only 8M use hearing aids today.

Founded by Auditory Neuroscientist & AI expert and a Hearing Aid hardware design expert.",http://audiofocus.io,https://www.ycombinator.com/companies/audiofocus,"San Francisco, CA, USA; Oakland, CA, USA",4,Healthcare,Healthcare -> Medical Devices,"Healthcare, Medical Devices","Deep Learning, Hardware, Medical Devices","United States of America, America / Canada",Early,False,False,False,,https://bookface-images.s3.amazonaws.com/small_logos/dfd0e481274d2ce049ec8ba610428a947f18b71a.png,1556592393
12610,Lantern,lantern,Summer 2019,Inactive,User behavior monitoring for modern product teams,"User behavior monitoring for modern product teams.
It works autonomously—  no code, no configuration, no data expertise required.",https://www.lantern.so,https://www.ycombinator.com/companies/lantern,"San Francisco, CA, USA; Remote",4,B2B,B2B -> Analytics,"B2B, Analytics",Artificial Intelligence,"United States of America, America / Canada, Remote, Fully Remote",Early,False,False,False,"Graphitics (placeholder name), Lazy Lantern",https://bookface-images.s3.amazonaws.com/small_logos/d3f8b7a965f24587619ad648d91b5844cffc65be.png,1556591759
12598,Narrator,narrator,Summer 2019,Inactive,The only platform that can prep data to answer EVERY question you…,"Narrator is an end-to-end platform built on top of the data standard, the Activity Schema and starting at $500/mo.  Data analyst are able to build their definitions of their user journey, and use that journey to answer any question that comes up.  From there, data can be visualized in a dashboard, used to build a story like analysis, exported and more.   

The biggest values of Narrator is Speed and Cost reduction.  Small teams are able to move fast and answer questions in minutes allowing them to preform the work of very large data teams. All while Narrator is optimized to minimize compute cost of the warehouse.",https://www.narratordata.com/,https://www.ycombinator.com/companies/narrator,"New York City, NY, USA; New York, NY, USA; Remote",8,B2B,B2B -> Infrastructure,"B2B, Infrastructure","Analytics, Big Data, Data Engineering","United States of America, America / Canada, Remote, Fully Remote",Growth,False,False,False,,https://bookface-images.s3.amazonaws.com/small_logos/18139ce5e1ad199f99ea66921af1fd68a63f6e95.png,1556223953
12583,Muddy,muddy,Summer 2019,Inactive,The multiplayer browser that knows you,"Muddy is a chat-like web browser (built on Chromium). Teams use Muddy to work with their teammates and software all in one window.

Muddy consists of Spaces: project, event, or competency based feeds in which users can send updates that consist of basic multimedia messages, specific files from applications (Google Doc, Airtable Base, Figma File, +anything web based), and annotations on both.

Recipients can then use those apps right in line of the messages to take the requested action or give the solicited feedback (review my design, update the CRM, approve the PR, confirm PTO in Gusto, etc).",https://feelmuddy.com,https://www.ycombinator.com/companies/muddy,"San Francisco, CA, USA",6,B2B,B2B -> Productivity,"B2B, Productivity","Productivity, Collaboration","United States of America, America / Canada",Early,False,False,False,"Spree, Masonic, Sail, sail, Sail",https://bookface-images.s3.amazonaws.com/small_logos/209c82d20d153167554a55c5ea4487919ae80ec4.png,1709189280
12579,Encepheal Therapeutics,encepheal-therapeutics,Summer 2019,Inactive,"EncepHeal develops medications to treat substance abuse, starting…","EncepHeal is developing medications to treat substance abuse. Our first product is a small molecule therapeutic for stimulants like cocaine and methamphetamine, of which there are no FDA approved treatments.

Our small molecule technology are atypical inhibitors of the dopamine transporter. Cocaine itself is an inhibitor of the same transporter. Directly reducing craving or positive reinforcement is a successful treatment strategy for addiction. Methadone or buprenorphine (Suboxone) are key examples of this for opioid use disorder. However, these types of medications can be addictive themselves. This has been a major hurdle for medication development for cocaine addiction and has led to many leaders in the addiction space to abandon the dopamine transporter as a target. At EncepHeal, we believe that the dopamine transporter should not be abandoned and instead focusing on fixing the abuse liability problem. Therefore with our partners at the National Institutes of Health, we have shown that these new, allosteric modulators at the dopamine transporter do not display addictive tendencies in animal models. They are also effective at curbing cocaine addiction. 

Our management team has two co-founders, Omeed Rahimi and Aaron Lazarus, as well as an experienced addiction pharmacologist as their research officer. The team has an advisory board with entrepreneurial and addiction drug development experience as well as expert partners at the National Institute on Drug Abuse, a subset of the NIH, and Wake Forest.

Our team has had success in raising non-dilutive funding and has expertise with SBIR/STTR grants. We are looking for help in better connecting with the biotech/pharmaceutical industry.

",http://www.encepheal.com,https://www.ycombinator.com/companies/encepheal-therapeutics,"Winston-Salem, NC, USA",3,Healthcare,Healthcare -> Therapeutics,"Healthcare, Therapeutics","Therapeutics, Drug discovery","United States of America, America / Canada",Early,False,False,False,,https://bookface-images.s3.amazonaws.com/small_logos/e2254c6db4aca1a94f4c379b3299c517203af457.png,1556165074
12571,Preclusio,preclusio,Summer 2019,Inactive,We help companies comply with privacy laws like GDPR. Many of these…,,https://www.preclus.io,https://www.ycombinator.com/companies/preclusio,"San Francisco, CA, USA; Redwood City, CA, USA",2,B2B,B2B -> Infrastructure,"B2B, Infrastructure","Compliance, Privacy, Regtech","United States of America, America / Canada",Early,False,False,False,"Preclusio, Inc.",https://bookface-images.s3.amazonaws.com/small_logos/436d189f0589cfb8d8712e6ab4b273cffdac0554.png,1556157792
12570,Prompt,prompt,Summer 2019,Inactive,Helping busy professionals understand and maintain their relationships,,https://www.getprompt.app/,https://www.ycombinator.com/companies/prompt,,1,B2B,B2B -> Infrastructure,"B2B, Infrastructure",CRM,Unspecified,Early,False,False,False,Aida,https://bookface-images.s3.amazonaws.com/small_logos/046766f356f8a96e25148323e88416cbf54b6471.png,1585931625
12555,Mighty Health,mighty-health,Summer 2019,Inactive,All-in-one health program helping seniors with their daily function,,http://www.mightyhealth.com,https://www.ycombinator.com/companies/mighty-health,"San Francisco, CA, USA; Remote",7,Healthcare,Healthcare -> Consumer Health and Wellness,"Healthcare, Consumer Health and Wellness",Consumer Health Services,"United States of America, America / Canada, Remote, Fully Remote",Early,False,False,False,,https://bookface-images.s3.amazonaws.com/small_logos/1cafdf02f90ec2ee81fab9cc5696691e7f464bbb.png,1658285736
12547,BuildStream,buildstream,Summer 2019,Inactive,Workforce solutions for the construction industry,"BuildStream makes recruitment and payroll easier than ever for busy construction projects looking to hire temporary workers.

Clients get high quality, reliable workers in super quick time, while saving 35% on agency fees.

Workers finding jobs through us get better pay, faster pay, and are able to choose from high quality, local jobs.",https://buildstream.co,https://www.ycombinator.com/companies/buildstream,"London, England, United Kingdom; New York, NY, USA",9,Real Estate and Construction,Real Estate and Construction -> Construction,"Real Estate and Construction, Construction","Fintech, Marketplace, Payments, Construction, Payroll","United Kingdom, United States of America, Europe, America / Canada, Remote, Partly Remote",Early,False,False,False,,https://bookface-images.s3.amazonaws.com/small_logos/a346cf07a26624abf679c1618b90102d1b5282f4.png,1556075929
12544,Souffle Club,souffle-club,Summer 2019,Inactive,Souffle Club:10x better LinkedIn alternative with profiles >> resumes,"We're building a LinkedIn 2.0 where user profiles are based on credible recommendations, much more curated, above and beyond schools, jobs, and a resume.

Users recommend people they trust by answering questions like Who would you hack a product MVP together with over a weekend? or Who are designers you'd trust to benchmark design talent? or Who are investors that have incredible empathy for founders?, etc.

We are building the trust graph of the world: who trusts whom and in what context.",https://souffle.club,https://www.ycombinator.com/companies/souffle-club,"San Francisco, CA, USA; Remote",3,Consumer,Consumer -> Job and Career Services,"Consumer, Job and Career Services",Social Network,"United States of America, America / Canada, Remote, Fully Remote",Early,False,False,False,TrustedFor,https://bookface-images.s3.amazonaws.com/small_logos/707114fef71663ad1431b57d0bc98819f5bf9cda.png,1556074171
12541,ReverCare,revercare,Summer 2019,Inactive,Concierge for elder care,"ReverCare helps families select products and services that make care easier. We do this by connecting families to social workers who help them find and vet elder care solutions (estate planning software, home care, meal delivery, senior transportation, etc.). We’re able to offer social worker support at no cost. We make money through affiliate fees from products and services. ",https://www.revercare.com,https://www.ycombinator.com/companies/revercare,"New York City, NY, USA; New York, NY, USA",2,B2B,B2B -> Human Resources,"B2B, Human Resources",Health Tech,"United States of America, America / Canada",Early,False,False,False,,/company/thumb/missing.png,1556073290
12539,Hey Healthcare,hey-healthcare,Summer 2019,Inactive,,,https://andrewcoyle.com/health-tech.html,https://www.ycombinator.com/companies/hey-healthcare,"San Francisco, CA, USA; Remote",1,B2B,B2B,B2B,,"United States of America, America / Canada, Remote, Fully Remote",Early,False,False,False,"Hey Healthcare, NextUX, MockVisual",https://bookface-images.s3.amazonaws.com/small_logos/1fe71022e7b30303a44a1c9060257d488555bb33.png,1556072930
12526,MoFE,mofe,Summer 2019,Inactive,Next generation Disney.,"Museum of Future Experiences (MoFE) is a media tech company that creates, publishes and distributes high end immersive VR experiences.",https://mofe.co/,https://www.ycombinator.com/companies/mofe,"New York City, NY, USA; New York, NY, USA",1,Consumer,"Consumer -> Travel, Leisure and Tourism","Consumer, Travel, Leisure and Tourism","Virtual Reality, Entertainment, Media","United States of America, America / Canada, Remote, Partly Remote",Early,False,False,False,,https://bookface-images.s3.amazonaws.com/small_logos/5baacf00458303cd12b77af184a6dbf0e35c0b50.png,1555983525
12507,Playground,playground,Summer 2019,Inactive,Make graphics like a Pro without being one,Playground combines AI research and product design to invent new kinds of creative tools.,https://playground.com,https://www.ycombinator.com/companies/playground,"San Francisco, CA, USA; Remote",3,Consumer,Consumer -> Home and Personal,"Consumer, Home and Personal","Artificial Intelligence, Generative AI","United States of America, America / Canada, Remote, Fully Remote",Growth,False,False,False,"Mighty Computing, Mighty, Playground AI",https://bookface-images.s3.amazonaws.com/small_logos/c81f0b3bef0891de69a8a04f8130fc26d47d3107.png,1553817472
12461,Safely Finance,safely-finance,Summer 2019,Inactive,BNPL for moving and renting.,"Safely Finance (YCS19) is a pay-over-time solution for moving and renting. We remove price as a barrier to leasing for renters. We increase NOI and decrease bad debt for properties. Safely Finance embeds directly in moving and renting experiences with easy-to-integrate options via widget, API, or property management solution.",https://www.safelyfinance.co/,https://www.ycombinator.com/companies/safely-finance,"San Francisco, CA, USA; Mountain View, CA, USA",2,Consumer,Consumer -> Home and Personal,"Consumer, Home and Personal","Fintech, SaaS","United States of America, America / Canada, Remote, Partly Remote",Early,False,False,False,"Hipodium Inc., Hipodium, Safely Deposit",https://bookface-images.s3.amazonaws.com/small_logos/ce8ee3f8818df3382f91d3c2a38b36a4453c7421.png,1551904512
12453,Path,path,Summer 2019,Inactive,Financial advisors for Gen-Z,"Path gives you a money manager who:

- gets you money for college
- builds your credit with a debit card
- gives you a savings account that pays you 5% interest
- helps you make more money

and makes sure you don’t f**k up your financial future in your 20’s 

all for $20/mo",https://path.me,https://www.ycombinator.com/companies/path,"New York City, NY, USA; New York, NY, USA",12,Fintech,Fintech -> Consumer Finance,"Fintech, Consumer Finance","Education, Fintech, Crypto / Web3","United States of America, America / Canada, Remote, Partly Remote",Early,False,False,False,"ScholarMe Co., ScholarMe",https://bookface-images.s3.amazonaws.com/small_logos/b21e049fbb2e03f381f8fc0aabce93110dae624f.png,1551146013
12452,Vizy,vizy,Summer 2019,Inactive,An all-in-one virtual office for remote teams,"A cross-platform, click-to-talk collaboration tool with features like NLP-powered transcription, screen sharing, multiplayer app collaboration, voice and video channels, and file sharing.",http://vizy.io,https://www.ycombinator.com/companies/vizy,"San Francisco, CA, USA",3,Consumer,Consumer -> Transportation Services,"Consumer, Transportation Services",SaaS,"United States of America, America / Canada, Remote, Partly Remote",Early,False,False,False,"Clay, Carve",https://bookface-images.s3.amazonaws.com/small_logos/c1c71990fe722fb0c0aa37cc11fe987f9119b30e.png,1551145972
11987,Hutsy,hutsy,Summer 2019,Inactive,Home Buying on Autopilot,"Hutsy is a new way to buy a home for the modern home buyer.

For the first time, we’ve built a hybrid agent-tech process that will help you with your entire home buying process. We are committed to helping you from searching & submitting offers to signing closing documents in the simplest manner possible.

We find the best local agents, title officers, lenders, inspectors and streamline the process start-to-finish so that you don't have to worry about dealing with shady folks.

We've eliminated redundant back-and-forth so that you can search, schedule and sign easily online.

We give you a clean dashboard to keep track of any upcoming closing costs, and the transaction progress at all times, so that you can prepare for what is required of you well ahead of time.

Ultimately, we've retained the humanistic elements of the process, provided by the best agents and third parties, and fused it with the latest tech for your convenience. This means that you consistently get the best home buying experience, every single time. ",http://www.hutsy.co,https://www.ycombinator.com/companies/hutsy,"San Francisco, CA, USA; New York, NY, USA",3,Real Estate and Construction,Real Estate and Construction -> Housing and Real Estate,"Real Estate and Construction, Housing and Real Estate",Real Estate,"United States of America, America / Canada, Remote, Partly Remote",Early,False,False,False,"FlareAgent, Hutsy, Hutsy (was FlareAgent)",https://bookface-images.s3.amazonaws.com/small_logos/4d5f984daf01843ad24f9bdb200e128b031fe3cb.png,1541192585
11947,Fit to Form,fit-to-form,Summer 2019,Inactive,Fit to Form is a site where women shop for dresses based on their…,,http://thefittoform.com,https://www.ycombinator.com/companies/fit-to-form,"San Francisco, CA, USA",2,Consumer,Consumer -> Apparel and Cosmetics,"Consumer, Apparel and Cosmetics","E-Commerce, Women's Health, Fashion","United States of America, America / Canada",Early,False,False,False,"Vera, Bia, Fit to Form, thefittoform.com",https://bookface-images.s3.amazonaws.com/small_logos/6df41617fa80283a556995d909ea68330dfc2368.png,1541046883
11929,Pippin / Rent the Backyard,pippin-rent-the-backyard,Summer 2019,Inactive,Autonomous homebuilding factory for the $1.7 trillion housing crisis.,"Pippin is building the autonomous homebuilding factory for the $1.7 trillion housing crisis. 

Building a home requires human labor to: measure, cut, lift, drill, paint, and attach. This labor is used for a building’s: structure, vapor barriers, windows, insulation, siding, roofing, electrical, plumbing, fixtures, appliances, and cabinetry. The construction industry solves this complex variety of tasks by dividing them among tiny companies of specialized artisans. Few lessons learned are shared and the industry has had no growth in labor productivity since 1947.

Building technology, methods, and materials have advanced and the constraints limiting home manufacturing can now be removed. Regulations have changed to allow small and simple accessory dwelling units (a.k.a. ADUs or backyard homes), making it easier to mass-produce housing. Pippin started in the ADU market with its brand ""Rent the Backyard"" and will build duplexes, quadplexes, and eventually large apartment buildings.",http://rentthebackyard.com,https://www.ycombinator.com/companies/pippin-rent-the-backyard,"San Francisco, CA, USA; Oakland, CA, USA",45,Real Estate and Construction,Real Estate and Construction -> Housing and Real Estate,"Real Estate and Construction, Housing and Real Estate","Construction, Housing, Proptech","United States of America, America / Canada, Remote, Partly Remote",Early,False,False,False,"Pippin, HelloPippin, Rent The Backyard, Rent the Backyard, Pippin xyz / Rent the Backyard",https://bookface-images.s3.amazonaws.com/small_logos/814065dd8c67cf86a199d92c81f0ecc107a14be0.png,1540955064
