id,name,slug,batch,status,one_liner,long_description,website,ycdc_company_url,all_locations,team_size,industry,subindustry,industries,tags,regions,stage,top_company,isHiring,nonprofit,former_names,small_logo_thumb_url,launched_at
23202,Moxion Power Co.,moxion-power-co,Winter 2021,Inactive,Mobile Energy Storage Technology,"Moxion Power manufactures mobile energy storage products and technologies, which enable last-mile electrification in industries such as construction, transportation, events and entertainment, film production and telecommunications. ",https://www.moxionpower.com/,https://www.ycombinator.com/companies/moxion-power-co,"San Francisco, CA, USA; Richmond, CA, USA",380,Industrials,Industrials -> Energy,"Industrials, Energy","Energy Storage, Climate, Energy, Renewable Energy, Electric Vehicles","United States of America, America / Canada, Remote, Partly Remote",Growth,True,False,False,,https://bookface-images.s3.amazonaws.com/small_logos/7085b1cacdc3678e771186e5b7922d0cb6e93100.png,1614703120
22721,Zepto,zepto,Winter 2021,Active,10-Minute Grocery Delivery in India,"We deliver groceries in 10 minutes through a network of optimized micro-warehouses or 'dark stores' that we build across cities in India.

We're currently doing hundreds of millions of dollars in annual sales with best-in-class unit economics - come join us!",https://www.zeptonow.com/,https://www.ycombinator.com/companies/zepto,"MH, India",1300,Consumer,Consumer -> Food and Beverage,"Consumer, Food and Beverage","Grocery, Delivery","India, South Asia, Remote, Partly Remote",Growth,True,False,False,KiranaKart,https://bookface-images.s3.amazonaws.com/small_logos/b419835c59c3d3a4db7e0aaf094b54bb5cee0adb.png,1636637510
23661,Kiwify,kiwify,Winter 2021,Active,Create & sell online courses,"Kiwify enables anyone to create and sell their online course in Brazil.
We provide payment processing, video streaming and student management",https://kiwify.com.br,https://www.ycombinator.com/companies/kiwify,"SC, Brazil; Remote",200,Education,Education,Education,eLearning,"Brazil, Latin America, Remote, Fully Remote",Growth,False,False,False,,https://bookface-images.s3.amazonaws.com/small_logos/e83582d0b32eab86c10b29e18381c37106d89179.png,1614619534
23656,Nano Technologies,nano-technologies,Winter 2021,Active,Payroll app to pay workers daily for retailers & manufacturers in SEA,"Nano is an income streaming app which pays workers daily instead of monthly for retailers and manufacturers in South East Asia. 

This is essential because these employers compete for workers with the gig economy, which pays daily with a flexible work schedule. 

Nano integrates seamlessly with any HRM/Attendance Software from employers, helping them save turnover costs and build a more engaged and productive workforce.",http://www.vuiapp.vn,https://www.ycombinator.com/companies/nano-technologies,"Hanoi, Vietnam",17,Fintech,Fintech -> Credit and Lending,"Fintech, Credit and Lending","Fintech, SaaS","Vietnam, Southeast Asia",Early,False,False,False,Nano Technologies Pte Ltd,https://bookface-images.s3.amazonaws.com/small_logos/b845da29a5d48b75776ba0a4567d441e54d5cac3.png,1614656815
23645,Flux,flux-2,Winter 2021,Active,Cross border Payments infrastructure for internet businesses and…,"We are building Flux- Flux is a Mobile App for merchants, freelancers, regular users(P2P) to make and accept payments from their customers anywhere in the world using crypto or fiat.
We have built a mobile app that uses the merchants’ phone number, creates a wallet enabling them to receive payments in crypto or fiat without having to go to an exchange or pay expensive fees. Merchants can accept payments in crypto or in fiat.
Payments made in Crypto can easily convert into fiat due to the built in fast reconciliation and is made available for spending immediately.
Currently the vast majority merchants receive payments in crypto because of two issues (1) Paypal, Venmo, CashApp or Square to not exist in Africa and (2) the local currency fluctuates more than bitcoin due to inflation. But in order for merchants to receive money in crypto and exchange it into fiat they resort to crypto exchange apps and crypto addresses to receive payments which is a very complicated and expensive process. Merchants want to be paid quickly with the lowest amount of fees possible. This is why we are building Flux",https://iflux.app,https://www.ycombinator.com/companies/flux-2,"Lagos, LA, Nigeria; LA, Nigeria",8,Fintech,Fintech -> Payments,"Fintech, Payments","DeFi, Crypto / Web3","Nigeria, Africa, Remote, Partly Remote",Early,False,False,False,Blueloop,https://bookface-images.s3.amazonaws.com/small_logos/4a0fc23e62bbe4d36af07ab93903e299d59ef9e1.png,1633034159
23642,Meru.com,meru-com,Winter 2021,Active,The one-stop-shop for auto-parts in Mexico.,"Meru is a platform that is optimizing the automotive aftermarket supply chain for mechanics in Latin America.
",https://meru.com,https://www.ycombinator.com/companies/meru-com,"Mexico City, CDMX, Mexico",70,B2B,B2B -> Retail,"B2B, Retail","Fintech, Marketplace","Mexico, Latin America, Remote, Partly Remote",Early,False,False,False,Meru,https://bookface-images.s3.amazonaws.com/small_logos/d9238e86542fecb16b8599ba8f4748c9160f7266.png,1614200309
23636,Humance,humance,Winter 2021,Active,AI that keeps complex construction projects on schedule.,"Humance is building an AI-powered project management tool for the construction industry, where work is highly coordinated and delays are costly.

Large projects involve dozens of interdependent workstreams where a single setback can cascade unpredictably through the entire timeline. Today, most project managers track this manually — tracing dependencies by hand, updating schedules, and notifying stakeholders one by one. It's slow, error-prone, and pulls focus away from the higher-order decisions that demand real expertise.

Experienced project managers carry deep knowledge — of sequencing, trade-offs, site realities, and stakeholder dynamics — that no tool can replicate. Humance is built around that expertise. By handling the mechanical work of dependency tracking and schedule coordination, it frees project managers to do what they're actually skilled at: exercising judgment, managing complexity, and keeping the big picture in view.",https://www.humance.tech/,https://www.ycombinator.com/companies/humance,Remote,3,Real Estate and Construction,Real Estate and Construction -> Construction,"Real Estate and Construction, Construction","Artificial Intelligence, Construction, B2B, Scheduling","Remote, Fully Remote",Early,False,False,False,"Angkm, Blushh, blushh, Blushh, R.care",https://bookface-images.s3.amazonaws.com/small_logos/987667192d91a0ec07b29e6a9afb25d541d6a722.png,1614638320
23635,Kanda,kanda,Winter 2021,Active,Affirm for general contractors,Kanda is building Affirm for general contractors. We allow contractors to offer financing to homeowners who want to remodel but can’t pay the full price upfront.,https://www.getkanda.com/,https://www.ycombinator.com/companies/kanda,"Birmingham, England, United Kingdom; Remote",8,Fintech,Fintech -> Credit and Lending,"Fintech, Credit and Lending","Fintech, SaaS, Proptech","United Kingdom, Europe, Remote, Fully Remote",Early,False,False,False,Kanda Products & Services Ltd,https://bookface-images.s3.amazonaws.com/small_logos/12721c77ec6abed4cfdc871f289cbeee71a330f6.png,1614624486
23634,Ollama,ollama,Winter 2021,Active,Get up and running with large language models.,,https://ollama.com,https://www.ycombinator.com/companies/ollama,"San Francisco, CA, USA",,B2B,B2B -> Infrastructure,"B2B, Infrastructure","Artificial Intelligence, Developer Tools, Open Source","United States of America, America / Canada",Growth,False,False,False,"Name TBD, Infra",https://bookface-images.s3.amazonaws.com/small_logos/c1121bda8391be946b0390232fa3c953a095536e.png,1652795204
23633,Chorus Sleep,chorus-sleep,Winter 2021,Active,Mobile app and coaching program that helps employees sleep better,"Chorus is a mobile app and coaching program that helps employees sleep better. We do this by combining sleep coaching, short lessons, and relaxing audio sessions that help employees, and their families, fall asleep faster and get better quality sleep through the night.

",https://www.chorussleep.com/,https://www.ycombinator.com/companies/chorus-sleep,"San Francisco, CA, USA; Remote",4,B2B,B2B,B2B,"Mental Health Tech, Sleep Tech, Health Tech","United States of America, America / Canada, Remote, Fully Remote",Early,False,False,False,Chorus,https://bookface-images.s3.amazonaws.com/small_logos/2209f1056e08d9a2cdab2f60164a841d0e1ba861.png,1613415040
23632,NextPay,nextpay,Winter 2021,Active,The digital bank for small businesses in the Philippines.,"NextPay is a digital bank for small businesses and entrepreneurs in The Philippines. They use us to send invoices, collect payments, do payroll, and pay their bills.

NextPay is the best alternative to bank accounts for small businesses and entrepreneurs in the Philippines. We help them similarly to how Brex helps companies in the US, but in a way that is more locally nuanced. We manage their finances and remove the steep barriers that Filipino banks and financial institutions typically require; no setup fees, maintaining balances, or ridiculous requirements. 

View the full context on our Launch Bookface post: 
https://bookface.ycombinator.com/posts/51999",https://nextpay.world,https://www.ycombinator.com/companies/nextpay,"Makati, NCR, Philippines",25,Fintech,Fintech -> Banking and Exchange,"Fintech, Banking and Exchange","Banking as a Service, Fintech, B2B","Philippines, Southeast Asia, Remote, Partly Remote",Early,False,False,False,,https://bookface-images.s3.amazonaws.com/small_logos/1a2e17ef5f315b7d43a751993de676bf13903bea.png,1616401605
23631,Camlist,camelan,Winter 2021,Active,The super app for pets,"Camlist is the super app for pets, a video-first, mobile-only, social platform that allows pet breeders and pet parents to interact, transact, and care for their furry friends all under one roof.",https://www.camlist.com,https://www.ycombinator.com/companies/camelan,"London, England, United Kingdom; Remote",5,Consumer,Consumer -> Home and Personal,"Consumer, Home and Personal","Marketplace, Video","United Kingdom, Europe, Remote, Fully Remote",Early,False,False,False,Camelan,https://bookface-images.s3.amazonaws.com/small_logos/33eae1fc1075a7f90669145824533f54bfd6bd3f.png,1611650267
23613,MagicBell,magicbell,Winter 2021,Active,The notification inbox for web/mobile applications.,"MagicBell is the notification inbox for web & mobile apps.

As consumers of many apps, we have personally experienced the growing volume of notifications - many of which add to our anxiety instead of helping us manage it. MagicBell is on a mission to end this chaos and help every app deliver a stellar notification experience.

We do this by offering a beautifully designed notification inbox that apps can embed in their products in minutes. We do all the heavy lifting related to real-time delivery & syncing, web & mobile push notifications, email notifications, and even notification preference management.

We sit at an interesting intersection of a dev tool & a productivity tool for end-users. We are helping every app make its users more productive!",https://www.magicbell.com,https://www.ycombinator.com/companies/magicbell,"Barcelona, CT, Spain; Remote",4,B2B,"B2B -> Engineering, Product and Design","B2B, Engineering, Product and Design","Developer Tools, SaaS","Spain, Europe, Remote, Fully Remote",Early,False,False,False,,https://bookface-images.s3.amazonaws.com/small_logos/a9dc3cf4111497ede32cf6559a6fb868bb609626.png,1612371227
23612,Terra API,terra-api,Winter 2021,Active,API for developers and AIs to access health data ,"Terra makes it easy to transfer health data.

The unified API makes it easy to access data from health apps, wearables, sensors, and medical equipment through one source",http://tryterra.co,https://www.ycombinator.com/companies/terra-api,"San Francisco, CA, USA",25,B2B,"B2B -> Engineering, Product and Design","B2B, Engineering, Product and Design","SaaS, B2B, Digital Health","United States of America, America / Canada",Early,False,True,False,Terra,https://bookface-images.s3.amazonaws.com/small_logos/97a6c134a2281fc0b76fb07a0fe0c197e4948543.png,1614618555
23611,Reshape Biotech,reshape-biotech,Winter 2021,Active,Robots that automate the everyday tasks of microbiologists.,"Reshape Biotech builds lab robots that automate the everyday tasks of microbiologists, from filling plates to analyzing images.
Other companies try to sell “one lab robot that does everything”.  But those robots become so complicated that they sit unused on the shelf.  We build one robot for each function, which makes them easy to use.
",http://reshapebiotech.com/,https://www.ycombinator.com/companies/reshape-biotech,"Copenhagen, Denmark",40,Healthcare,Healthcare -> Industrial Bio,"Healthcare, Industrial Bio","Robotics, Biotech","Denmark, Europe, Remote, Partly Remote",Growth,False,False,False,,https://bookface-images.s3.amazonaws.com/small_logos/e65681d8e11f4598b0cec0afd8633f5b9d77590c.png,1614678485
23599,Shepherd,shepherd,Winter 2021,Active,Modernizing commercial insurance,,https://shepherdinsurance.com,https://www.ycombinator.com/companies/shepherd,"San Francisco, CA, USA",60,Fintech,Fintech -> Insurance,"Fintech, Insurance","Construction, Insurance, Energy","United States of America, America / Canada, Remote, Partly Remote",Early,False,True,False,,https://bookface-images.s3.amazonaws.com/small_logos/665b8b21bf9557134751457d9fb96959e7d379cd.png,1630611769
23598,SwiftSku,swiftsku,Winter 2021,Active,Management and analytics software for convenience stores,"SwiftSku connects the $650B convenience store industry with management and analytics. 

SwiftSku’s app connects to point of sales at convenience stores in real time, enabling owners to remotely manage and monitor their stores. We take the guesswork out of running a convenience store with predictive analytics, dashboards, and reports.

SwiftSku's CEO, Mit Patel, grew up managing the inventory, pricebook, and reporting of his family’s convenience stores, and, when vendors would come by, he’d bridge the language barrier as a translator.  More than 85% of independent convenience stores are owned by Indian families like Mit’s.

Solving convenience store owners' pains of today leads to SwiftSku's greater vision of optimizing the supply chain, facilitating a retailer agnostic consumer to brand relationship, and providing real time insights to brands and retailers.",https://swiftsku.com,https://www.ycombinator.com/companies/swiftsku,"New York City, NY, USA; Remote",35,B2B,B2B -> Retail,"B2B, Retail","Fintech, SaaS, B2B, Analytics, Retail Tech","United States of America, America / Canada, Remote, Fully Remote",Early,False,True,False,"SwiftSku, Inc.",https://bookface-images.s3.amazonaws.com/small_logos/3bb40b858fa07c3be03a29e849b4171670bbe91c.png,1614638915
23597,Kilobaser,kilobaser,Winter 2021,Active,Desktop DNA Printer. The Nespresso Machine for DNA.,"We combined microfluidic chip technology and a reagent cartridge to create the first personal DNA synthesizer. Until now most life scientists had to rely on out-sourced DNA synthesis, causing stagnating research. Kilobaser empowers every life scientist to synthesize DNA on their benchtop.",https://www.kilobaser.com,https://www.ycombinator.com/companies/kilobaser,"Graz, Styria, Austria",10,Healthcare,Healthcare -> Medical Devices,"Healthcare, Medical Devices","Hard Tech, Hardware, Medical Devices","Austria, Europe",Early,False,False,False,,https://bookface-images.s3.amazonaws.com/small_logos/e1ed33a936a43c8aace45a8383365d93d4620730.png,1616246135
23568,My NextDerma,my-nextderma,Winter 2021,Active,Dermatology telehealth app for LatAm,"Dermatologist 👩🏻‍⚕️ virtual clinic in LATAM, with great dermatologists that consult, prescribe and send treatment to your doorstep
In 🇲🇽 Mexico 8 out of 10 teenagers have acne, and there is only a ratio of 1 Dermatologist 👨🏽‍⚕️ per 50,000 🌎 population.",https://mynextderma.com,https://www.ycombinator.com/companies/my-nextderma,"Zapopan, Jal., Mexico",12,Healthcare,Healthcare -> Consumer Health and Wellness,"Healthcare, Consumer Health and Wellness","Consumer Health Services, Telemedicine","Mexico, Latin America, Remote, Partly Remote",Early,False,False,False,,https://bookface-images.s3.amazonaws.com/small_logos/1fb979f3c10167bb9d47974ce428cb6d8c4c2575.png,1614800215
23556,H3X Technologies,h3x-technologies,Winter 2021,Active,The lightest electric aircraft motors in the world.,"At H3X, we are making the lightest, high-power electric propulsion systems in the world to enable a large-scale revolution in aircraft electrification.

Our first product is a 250-kW (335 HP) integrated motor drive in an 18 kg package. It combines the electric motor, inverter, and gearbox into a single powerful unit and is the culmination of patent pending innovation in multiple areas.",http://h3x.tech/,https://www.ycombinator.com/companies/h3x-technologies,"Denver, CO, USA",58,Industrials,Industrials -> Aviation and Space,"Industrials, Aviation and Space","Airplanes, Climate, Electric Vehicles","United States of America, America / Canada",Early,False,False,False,,https://bookface-images.s3.amazonaws.com/small_logos/f9c94f6f3a603054b6df574f8712b93b38a17d65.png,1614005087
23555,Bloom,bloom-3,Winter 2021,Active,Investing app that teaches you how to invest,"Bloom's mission is to improve the financial outcomes of all Americans by giving them the knowledge and tools they need to achieve prosperity. 

Our first product is an investing app that teaches users how to build wealth through interactive financial lessons, a gamified rewards economy as well as an investing account designed for building long-term wealth.

Since launching in April 2022, over 1 million users have joined Bloom and we have crossed $3MM in annual recurring revenue.",https://bloomapp.com,https://www.ycombinator.com/companies/bloom-3,"San Francisco, CA, USA",8,Fintech,Fintech -> Consumer Finance,"Fintech, Consumer Finance","Education, Fintech, Edtech","United States of America, America / Canada, Remote, Partly Remote",Early,False,False,False,"Contour Labs, Inc., Contour Labs, Contour",https://bookface-images.s3.amazonaws.com/small_logos/2d21128e3a2a6d5f1c0f5db5fede438273586e9e.png,1628250183
23550,Clear,clear,Winter 2021,Active,The unbiased AI and data layer for skin health.,"On the surface, Clear is a free mobile app where consumers track routines, products and selfies, get brand-agnostic recommendations, and learn from others in the community. Underneath, we’re building a vertically focused AI/data platform that helps consumers, clinicians, and brands understand what actually works, for whom, and why.

The skincare industry is worth over $200B globally, yet it still runs largely on guesswork: consumers waste money on trial-and-error, brands lack real-world evidence, and dermatologists have limited visibility into day-to-day product use and outcomes.

Clear is brand-agnostic, data-rich, and community-driven. Every routine log, product review, and progress update helps create a unique longitudinal dataset across skin concerns, routines, and outcomes - powering better decisions for users and better innovation for the wider industry.

We were the 2022 L’Oréal Beauty Tech for Good winners, have been recognised by Beiersdorf, and have been featured multiple times by Apple, including App of the Day and Best New Apps.",https://getclearapp.com/,https://www.ycombinator.com/companies/clear,"London, England, United Kingdom; Remote",2,Consumer,Consumer -> Social,"Consumer, Social","Marketplace, Consumer, Digital Health, Data Engineering","United Kingdom, Europe, Remote, Fully Remote",Early,False,False,False,"Quill, haut",https://bookface-images.s3.amazonaws.com/small_logos/04169b13bb38d8ba7da4e38bb6ab9eafa9c93938.png,1624200731
23541,Mayan,mayan,Winter 2021,Active,A growth automation platform for Amazon sellers,"We help Amazon sellers grow their business with our data-driven automations. We are starting out with advertising and inventory. From there, we're moving to other avenues that help accelerate brand growth!  ",https://www.mayan.co,https://www.ycombinator.com/companies/mayan,"Las Vegas, NV, USA; Remote",14,B2B,B2B -> Operations,"B2B, Operations","SaaS, Analytics, E-commerce","United States of America, America / Canada, Remote, Fully Remote",Growth,False,False,False,Mayanalytics,https://bookface-images.s3.amazonaws.com/small_logos/3156f1474cc8f79243b1ef9315efb33362a2e9f7.png,1614757171
23539,Triomics,triomics,Winter 2021,Active,AI Agents for Oncology EHRs,"Triomics is building the AI infrastructure for modern oncology. Across the U.S., cancer care providers rely on highly trained staff to manually review unstructured patient records such as pathology reports, clinical notes, genomic panels, and scanned faxes to support workflows like clinical trial matching, visit preparation, and quality reporting. We replace that manual work with task-driven AI agents embedded directly into clinical workflows, automatically processing medical records at scale and in real time.

Our platform is trusted by 4 of the top 10 Best Hospitals for Cancer ranked by U.S. News, as well as several of the largest community oncology practices.",https://triomics.com/,https://www.ycombinator.com/companies/triomics,"New York City, NY, USA",50,Healthcare,Healthcare -> Healthcare Services,"Healthcare, Healthcare Services","Healthcare, Healthcare IT","United States of America, America / Canada, Remote, Partly Remote",Growth,False,True,False,Triomics Healthcare Private Limited,https://bookface-images.s3.amazonaws.com/small_logos/c8830f0fbee8d57566664d25f05fa802119f757a.png,1614650207
23537,Arpio,arpio,Winter 2021,Active,Recover from any outage in 10 minutes or less.,Arpio is a SaaS that eliminates downtime for AWS applications by making it easy to recover from any outage in just a few minutes.,https://arpio.io,https://www.ycombinator.com/companies/arpio,"Durham, NC, USA; Remote",7,B2B,B2B -> Infrastructure,"B2B, Infrastructure","Cloud Workload Protection, SaaS, B2B","United States of America, America / Canada, Remote, Fully Remote",Early,False,False,False,,https://bookface-images.s3.amazonaws.com/small_logos/66c7285459db25644e19347ea1d63375d2625749.png,1614296779
23531,Authologic,authologic,Winter 2021,Active,Stripe for online identity verification,"Authologic is an orchestration and aggregation layer for local KYC & AML methods. We allow businesses to check the identity of their clients online using video/biometrics, banking data, and government issued digital IDs. Our API  allows a flexible definition of verification scenarios based on the risk profile of the client or risk involved in the given process.",https://authologic.com,https://www.ycombinator.com/companies/authologic,"Warsaw, Masovian Voivodeship, Poland; Remote",44,B2B,"B2B -> Engineering, Product and Design","B2B, Engineering, Product and Design",,"Poland, Europe, Remote, Fully Remote",Early,False,True,False,,https://bookface-images.s3.amazonaws.com/small_logos/c3450b6c428a44cabbdb63fad99fdd8860317192.png,1616831029
23530,Waydev,waydev,Winter 2021,Active,Engineering intelligence for AI transformation,"Waydev maps AI velocity across the SDLC — built on DORA, SPACE, and DX — turning developer tool data into board-ready evidence of adoption, impact, and ROI.",https://waydev.co/,https://www.ycombinator.com/companies/waydev,"Bucharest, Romania; Remote",13,B2B,B2B -> Productivity,"B2B, Productivity","AIOps, Artificial Intelligence, Analytics, AI, AI Assistant","Romania, Europe, Remote, Fully Remote",Growth,False,True,False,"Waydev, Waydev AI",https://bookface-images.s3.amazonaws.com/small_logos/90694f4bdb7eb8f17b02f85faee3e3455edb365b.png,1616455133
23522,Nuntius Therapeutics,nuntius-therapeutics,Winter 2021,Active,Cell-specific genetic medicines,,http://www.nuntiustx.com,https://www.ycombinator.com/companies/nuntius-therapeutics,"London, England, United Kingdom",2,Healthcare,Healthcare -> Therapeutics,"Healthcare, Therapeutics","Gene Therapy, Nanomedicine","United Kingdom, Europe, Remote, Partly Remote",Early,False,False,False,,https://bookface-images.s3.amazonaws.com/small_logos/490dca692522bd958768d197eafc08f9ea77c8fb.png,1614621461
23472,Moonvalley,moonvalley,Winter 2021,Active,Building the next generation AI creative studio,"We are building the next generation creative studio, powered by the most capable video and image foundational models. We are creating the place where generative image and video experiences will be built. Backed by Y-Combinator and Khosla Ventures.
",https://www.moonvalley.com,https://www.ycombinator.com/companies/moonvalley,"Toronto, ON, Canada",95,Consumer,Consumer -> Virtual and Augmented Reality,"Consumer, Virtual and Augmented Reality",,"Canada, America / Canada, Remote, Partly Remote",Growth,False,True,False,"ContentFly, Contentfly, Draft, Maker AI, Attain",https://bookface-images.s3.amazonaws.com/small_logos/305116fa043c8059bbde97b98dd37e723d520676.png,1614733391
23460,hoop.dev,hoop-dev,Winter 2021,Active,Code review for DevOps tasks,hoop.dev prevents developers from blocking on Devops tasks. We do this by enabling any engineer do Devops work under the supervision of the Devops team. You can think of us as code review for Devops tasks.,https://hoop.dev,https://www.ycombinator.com/companies/hoop-dev,"São Paulo, SP, Brazil; Remote",3,B2B,"B2B -> Engineering, Product and Design","B2B, Engineering, Product and Design","Developer Tools, DevSecOps","Brazil, Latin America, Remote, Fully Remote",Early,False,False,False,"Decimals, RunOps, Runops",https://bookface-images.s3.amazonaws.com/small_logos/d2fcd63a3cac722d51b58a21c25eafadbb4e2252.png,1614302155
23459,Routine,routine,Winter 2021,Active,AI-native all-in-one workspace for startups,"Routine is an all-in-one workspace that allows individuals and team to manage their work and life through a single app.

Routine centralizes work (tasks, meetings, tickets, clients etc.) from third-party services (Github, Salesforce, Hubspot, Slack, Dropbox etc.) into a graph-based unified workspace allowing seamless cross-referencing, 360-degree overview, data enrichment and visualization.

By integrating with existing tools, Routine connects and enriches fragmented information, allowing users to track projects, collaborate efficiently, and make better decisions without having to constantly switch between multiple apps.

Its data-driven and local-first approach ensures the information remains accessible and performant even without cloud connectivity.",http://routine.co,https://www.ycombinator.com/companies/routine,"Paris, Île-de-France, France",8,B2B,B2B -> Productivity,"B2B, Productivity","Artificial Intelligence, Productivity, Collaboration, Automation","France, Europe, Remote, Partly Remote",Early,False,False,False,,https://bookface-images.s3.amazonaws.com/small_logos/a83287c586a112549fd07af3737d8b67becbeeaf.png,1614700212
23458,Djamo,djamo,Winter 2021,Active,Challenger Bank for consumers in French speaking Africa.,"Djamo is a challenger Bank for consumers in french speaking Africa where less than 25% of the population is banked, we are building seamless and affordable banking solutions to break into this huge untaped market and bring millions of people into financial inclusion.

",https://www.djamo.com,https://www.ycombinator.com/companies/djamo,"Abidjan, Abidjan Autonomous District, Ivory Coast; Dakar, Dakar Region, Senegal",250,Fintech,Fintech -> Banking and Exchange,"Fintech, Banking and Exchange",Fintech,"Ivory Coast, Senegal, Africa, Remote, Partly Remote",Growth,False,False,False,,https://bookface-images.s3.amazonaws.com/small_logos/9dadb9bb534e37983e39d8ecca55d9eb52b3acad.png,1612807226
23457,Turing College,turing-college,Winter 2021,Active,AI-driven online tech school for busy professionals,"Turing College is an online AI-driven school for busy professionals. We upskill & reskill in data science & AI, analytics, marketing and programming in 3-12 months with 1on1 support and flexibility.",https://www.turingcollege.com/,https://www.ycombinator.com/companies/turing-college,"Vilnius, Vilnius County, Lithuania",50,Education,Education,Education,Education,"Lithuania, Europe, Remote, Partly Remote",Early,False,True,False,,https://bookface-images.s3.amazonaws.com/small_logos/69a056671cad88163e6595a353c8c320e58148a5.png,1614794180
23453,HUBUC,hubuc,Winter 2021,Active,Global Card Issuing and Payment Processing Engine,"HUBUC P1 is a lightning-fast global card issuing and processing engine.

We call this incredible machine P1 because it's fast, lean, and innovative.

We believe it's the best, and you should take it for a test drive here: https://www.hubuc.com/",https://www.hubuc.com/,https://www.ycombinator.com/companies/hubuc,"Barcelona, CT, Spain; London, England, United Kingdom",11,Fintech,Fintech -> Payments,"Fintech, Payments","Fintech, Payments, B2B, API, Infrastructure","Spain, United Kingdom, Europe, Remote, Partly Remote",Early,False,False,False,B2B FINTECH SOLUTIONS SL,https://bookface-images.s3.amazonaws.com/small_logos/94c72c8322619fc4fcd30c21ff401c545be7dc70.png,1615725925
23452,Wasp,wasp,Winter 2021,Active,Configuration language for building enterprise web apps 10x faster,"Wasp is a simple configuration language for building enterprise web apps with less code and best practices. If a developer wants to build an app like Instacart, they need to know a dozen different technologies and how to make them work together - Wasp solves this problem while still letting developers use React, Node.js and their other favourite tools.

We will enable enterprises to build modern apps quickly at scale, like Databricks did for data management.",https://wasp-lang.dev/,https://www.ycombinator.com/companies/wasp,"Zagreb, Croatia; Remote",2,B2B,"B2B -> Engineering, Product and Design","B2B, Engineering, Product and Design","Developer Tools, Open Source","Croatia, Europe, Remote, Fully Remote",Early,False,False,False,,https://bookface-images.s3.amazonaws.com/small_logos/c0dfc65176d7169b24399e9ad69bc08681240583.png,1613050729
23443,Vendease,vendease,Winter 2021,Active,Where restaurants in Africa buy food supplies,"Vendease is a marketplace that lets restaurants in Africa, order directly from farms and food manufacturers.

Now, instead of going through expensive - middlemen - vendors, or wasting productive man hours sending staff to open markets with hiked prices, restaurants can now get on our platform, click to order and get all their food supplies within 24hrs.",https://vendease.com/,https://www.ycombinator.com/companies/vendease,"Lagos, LA, Nigeria; LA, Nigeria",250,B2B,B2B -> Supply Chain and Logistics,"B2B, Supply Chain and Logistics","Supply Chain, Food & Beverage","Nigeria, Africa, Remote, Partly Remote",Growth,False,False,False,"Vendease, VendEase",https://bookface-images.s3.amazonaws.com/small_logos/1d91f77788860ae17c2195ce6e7d5db58bd8d29e.png,1614866797
23440,Jiga,jiga,Winter 2021,Active,Source better parts by partnering directly with vetted manufacturers,"Source high-quality, cost-competitive custom parts faster by partnering directly with vetted manufacturers.

Jiga is used by engineers and supply chain managers from NASA, Siemens, Tesla, Google and many more.",https://jiga.io,https://www.ycombinator.com/companies/jiga,"Tel Aviv-Yafo, Tel Aviv District, Israel; Remote",25,B2B,B2B -> Supply Chain and Logistics,"B2B, Supply Chain and Logistics","B2B, Manufacturing, Supply Chain","Israel, Middle East and North Africa, Remote, Fully Remote",Early,False,True,False,,https://bookface-images.s3.amazonaws.com/small_logos/4c19e5f223f5e07fad692fb4bea179778c08b018.png,1614785662
23434,Broad,broad,Winter 2021,Active,The multicurrency account and card for Brazilians,Broad is building global financial products that enable life without borders.,http://www.broad.app,https://www.ycombinator.com/companies/broad,"London, England, United Kingdom; Remote",5,Fintech,Fintech -> Banking and Exchange,"Fintech, Banking and Exchange",Fintech,"United Kingdom, Europe, Remote, Fully Remote",Early,False,False,False,,https://bookface-images.s3.amazonaws.com/small_logos/4db2474262802865fe1aa9cf299865700280ea6e.png,1614182017
23433,Estoca,estoca,Winter 2021,Active,The Logistics Operating System for E-commerce in LatAm,"Estoca is a cloud-based logistics platform that uses AI to optimize fulfillment, warehousing, and last-mile operations for D2C brands in Latin America. Estoca provides customizable software and an integrated partner network that automate every step from storage to delivery. Our AI-driven workflows help merchants process more packages per square meter, per hour, and per person, accelerating delivery speed while reducing operational costs.",https://www.estoca.com.br/,https://www.ycombinator.com/companies/estoca,"São Paulo, SP, Brazil",150,B2B,B2B -> Supply Chain and Logistics,"B2B, Supply Chain and Logistics","B2B, Logistics, E-commerce","Brazil, Latin America, Remote, Partly Remote",Early,False,False,False,,https://bookface-images.s3.amazonaws.com/small_logos/2fb8327550a048e3bc7710d8440c6aed69537a09.png,1615385797
23432,Recover,recover,Winter 2021,Active,Government-funded online addiction treatment,"Recover provides more effective and affordable addiction treatment via telemedicine. We partner with local governments to save lives and taxpayer dollars.

More than 20 million Americans struggle with addiction, but less than 10% of people who need it receive treatment. For those that do, it usually does not work - only 8% get better. Most of this treatment is funded by governments, and goes to programs that are frequently predatory, and focus more on profit than people.

We have created an effective, accessible, and affordable solution: Recover. We offer a proven approach using medication and counseling, that can improve outcomes for over 70% of patients. It reduces overdoses by 80%, death by 50%, and has years of research and application showing it works. 

Despite how effective this medication can be, most rehabs do not have medical professionals on staff. Not only does our program work better and bring medicine to addiction care, it also costs just 10% of traditional programs.

Nick founded Recover after seeing his family and friends struggle with addiction. He was raised by a drug addict, has an alcoholic brother, and lost an uncle to heroin. He saw how hard it is for people to get the treatment they need, and how ineffective existing options are. We are working to make sure that people like Nick’s family have access to best-in-class addiction treatment so they can get and stay well. ",https://www.letsrecover.com,https://www.ycombinator.com/companies/recover,"San Diego, CA, USA",10,Healthcare,Healthcare -> Consumer Health and Wellness,"Healthcare, Consumer Health and Wellness",,"United States of America, America / Canada, Remote, Partly Remote",Early,False,False,False,,https://bookface-images.s3.amazonaws.com/small_logos/575746cea96c11bc6b379dcd00b9abf8ac9a21ce.png,1616355691
23431,Navattic,navattic,Winter 2021,Active,Interactive product demos,Navattic helps sales and marketing teams instantly create interactive product demos.,https://www.navattic.com/,https://www.ycombinator.com/companies/navattic,"New York City, NY, USA",35,B2B,B2B -> Marketing,"B2B, Marketing","SaaS, B2B, Sales, Marketing, Conversational AI","United States of America, America / Canada, Remote, Partly Remote",Early,False,False,False,,https://bookface-images.s3.amazonaws.com/small_logos/8d4a4ef6a3d05c5e0e6207e2f196eaafa06183e8.png,1614276980
23430,Mystic,mystic,Winter 2021,Active,Low latency API to run and deploy ML models,"Mystic’s platform allows companies to easily and reliably deploy ML models on our serverless cloud or on their own infrastructure without requiring a team of MLOps engineers. With our Python SDK, data-scientists immediately get an endpoint from their own model, or any open-source models.
Once uploaded, our platform handles routing, multi-cloud scaling, caching, GPU optimization and other features to provide the ultimate ML inference platform.",https://www.mystic.ai/,https://www.ycombinator.com/companies/mystic,"Austin, TX, USA",11,B2B,B2B -> Infrastructure,"B2B, Infrastructure","AIOps, Artificial Intelligence, Developer Tools, Machine Learning","United States of America, America / Canada",Early,False,False,False,"Neuro AI, Neuro, Mystic, Mystic AI",https://bookface-images.s3.amazonaws.com/small_logos/f860b32ddb9b39b9b1ae8c22f0c17f140dc5e9d4.png,1614265935
23429,UPchieve,upchieve,Winter 2021,Active,"Connecting low-income HS students with free, 24/7 online tutoring","UPchieve is an edtech nonprofit that provides free, 24/7 online tutoring to low-income HS students. Using our app, students can request and get paired with a live volunteer in under 5 minutes. We’ve matched 100,000+ requests so far.

Right now in the US, there are 8 million low-income HS students who don’t have anyone in their home who can help them with schoolwork. UPchieve is working to change that. Our vision is simple: we want to democratize access to academic support, so that every student has an equal opportunity to attend college and achieve upward mobility.",https://www.upchieve.org,https://www.ycombinator.com/companies/upchieve,"New York City, NY, USA; New York, NY, USA; Remote",15,Education,Education,Education,"Education, Nonprofit","United States of America, America / Canada, Remote, Fully Remote",Early,False,False,True,,https://bookface-images.s3.amazonaws.com/small_logos/eb3330791457fb73115f10b2b4141634154715a6.png,1613154543
23421,Somos,somos,Winter 2021,Active,Internet for the urban developing world.,We use cutting-edge radio tech operating in unlicensed spectrum to rapidly build fiber-quality networks (1Gbps ) in the urban developing world.,http://somosinternet.co/,https://www.ycombinator.com/companies/somos,"Medellín, Antioquia, Colombia",250,Real Estate and Construction,Real Estate and Construction -> Housing and Real Estate,"Real Estate and Construction, Housing and Real Estate","Latin America, Telecommunications","Colombia, Latin America, Remote, Partly Remote",Early,False,False,False,,https://bookface-images.s3.amazonaws.com/small_logos/4930f5027e91959bc051cfab1644e4f1c6d497f5.png,1620688477
23416,Voosh,voosh,Winter 2021,Active,Making Restaurants more data-driven!,"Voosh is a Food Technology company aiming to empower Food Service brands using our proprietary visualisation tools and Data Science. One stop visualisation tool for CXOs, Operational heads or Zonal managers to get business insights and take real time decisions to help grow online sales.",https://voosh.ai/,https://www.ycombinator.com/companies/voosh,"Bengaluru, KA, India",15,B2B,B2B,B2B,Food Tech,"India, South Asia",Early,False,False,False,,https://bookface-images.s3.amazonaws.com/small_logos/ef1e643c10958ceb8cbae838ae55d8e2e2a2d5d9.png,1614678114
23414,Poliglota,poliglota,Winter 2021,Active,"The online language school for Latam, with groups led by an instructor","Poliglota is the online language school for Latam, where group classes are led by an instructor. Over 12,000 students have paid us $500 to learn english in order to get a higher income.
We offer an online service of personalized language sessions with small groups of people of the same level, guided by expert language coaches that we train in our social methodology.",https://www.poliglota.org/,https://www.ycombinator.com/companies/poliglota,"Santiago, Santiago Metropolitan Region, Chile",170,Education,Education,Education,"Education, eLearning","Chile, Latin America, Remote, Partly Remote",Growth,False,False,False,,https://bookface-images.s3.amazonaws.com/small_logos/3285887962bfdefb8c80ccc0d4e81223cfb47860.png,1614715771
23413,peopleCQ,peoplecq,Winter 2021,Active,Employer backed payroll advances for employees in Egypt,"NowPay, a FinTech startup founded by ex-employees of IBM, Microsoft, Orange and Amazon, is building a financial-wellness platform for employees in emerging markets. Saving, spending, budgeting and borrowing. Those are the 4 pillars of financial-wellness. NowPay aims to improve every aspect of those for employees by building products that tackle every vertical. 

NowPay enables employees to get their salaries in advance at any point in time during the month and also pay their bills instantly.  NowPay is backed by 500 Startups, Beco Capital, Endure, Plug and Play, MSA Capital, 4dx, Foundation Ventures, EFG and Beltone and has raised 3.7m USD so far.",https://www.peopleCQ.com,https://www.ycombinator.com/companies/peoplecq,"Cairo, Cairo Governorate, Egypt",85,Fintech,Fintech -> Asset Management,"Fintech, Asset Management","Recruiting, HR Tech","Egypt, Middle East and North Africa, Remote, Partly Remote",Early,False,False,False,NowPay,https://bookface-images.s3.amazonaws.com/small_logos/5b75dadd6621c4361cef21bfa4970d3213aa6e4f.png,1615031685
23412,Axolo,axolo,Winter 2021,Active,Improving Developer Experience with Streamlined Code Reviews,"Better Code Reviews, Less Hassle, All in Slack

Axolo takes your team's code review practices to the next level, integrating seamlessly with Slack to deliver real-time notifications and natural discussions.",https://axolo.co,https://www.ycombinator.com/companies/axolo,"Paris, Île-de-France, France; Remote",2,B2B,"B2B -> Engineering, Product and Design","B2B, Engineering, Product and Design","Developer Tools, SaaS","France, Europe, Remote, Fully Remote",Early,False,False,False,Chaos,https://bookface-images.s3.amazonaws.com/small_logos/e88055a4e50a63fdeebdd7a8e460ccd4727ddf5a.png,1628179871
23405,Dayra,dayra,Winter 2021,Active,Data-driven embedded Financial Services for Gig Workers,"Dayra makes it easy for Egyptian businesses offer Loans and virtual bank accounts to their unbanked workers and customers through their App.
For example, one of our customers an Egyptian trucking marketplace uses our API to give truck drivers an early advance on their earnings.",https://Dayra.co,https://www.ycombinator.com/companies/dayra,"Cairo, Cairo Governorate, Egypt",10,Fintech,Fintech -> Credit and Lending,"Fintech, Credit and Lending","Banking as a Service, Fintech","Egypt, Middle East and North Africa, Remote, Partly Remote",Early,False,False,False,,https://bookface-images.s3.amazonaws.com/small_logos/14c8c484f9d548b7088d673df96466fd122d6332.png,1616422509
23399,Rethoric,rethoric,Winter 2021,Active,LinkedIn content consultancy and scheduling platform for busy founders,"Rethoric is a LinkedIn content consultancy service and scheduling platform used by companies like Checkr, ClickUp, Storylane, Checkly, and 100+ startups and enterprises. We run your entire content operation from strategy to publishing, so you stay visible and top of mind with your ICP without spending time on it.

Our platform replaces the usual agency workflow of Google Docs, review threads, and scheduling tools. You connect your LinkedIn and Slack, and everything shows up already written, scheduled, and ready to publish. ",http://rethoric.com/ycombinator,https://www.ycombinator.com/companies/rethoric,"San Diego, CA, USA; Remote",4,B2B,B2B -> Marketing,"B2B, Marketing","B2B, Social Media, Marketing","United States of America, America / Canada, Remote, Fully Remote",Early,False,False,False,"No name yet, workoutOS, wOS, Loup, Superstack, Superteam, Course Crafters",https://bookface-images.s3.amazonaws.com/small_logos/c0f4a9dcc6bc70da6e6cdd8258616c7c1dee6f43.png,1613662142
23398,Prospa,prospa,Winter 2021,Active,Banking for businesses ,,https://getprospa.com,https://www.ycombinator.com/companies/prospa,"London, England, United Kingdom",70,Fintech,Fintech -> Banking and Exchange,"Fintech, Banking and Exchange","Fintech, B2B","United Kingdom, Europe, Remote, Partly Remote",Early,False,True,False,,https://bookface-images.s3.amazonaws.com/small_logos/79cf1d552a252f2f4a4763f55b112abca89f4cb6.png,1645197476
23397,Jetdocs,jetdocs,Winter 2021,Active,Collaborative ticketing that integrates into Teams and Slack,"Jetdocs is a collaborative ticketing solution that is integrated into Microsoft Teams and Slack. We allow teams to create no-code workflows that digitize your processes and connect your teams.

We empower IT and Ops teams with the interface, as well as the ability to build out workflows to handle internal tickets, requests and approvals. We eliminate the problems of bloated email chains, group inboxes and long messaging threads.",https://jetdocs.io,https://www.ycombinator.com/companies/jetdocs,"Toronto, ON, Canada; Remote",2,B2B,B2B -> Operations,"B2B, Operations","SaaS, B2B","Canada, America / Canada, Remote, Fully Remote",Early,False,False,False,,https://bookface-images.s3.amazonaws.com/small_logos/90df13f23d05f9d9cca4cde27903143d136de2be.png,1614619186
23389,Gigs,gigs,Winter 2021,Active,The OS for Embedded Telecom,"Gigs is the leader in embedded connectivity, powering global mobile infrastructure for some of the world’s largest enterprises. By bridging the gap between telecom carriers and modern digital platforms, Gigs enables connectivity for hundreds of millions of people worldwide. Gigs is backed by Ribbit Capital, Google’s Gradient Ventures, and Y Combinator. Learn more about what we do at www.gigs.com.",https://gigs.com,https://www.ycombinator.com/companies/gigs,"San Francisco, CA, USA",150,B2B,"B2B -> Engineering, Product and Design","B2B, Engineering, Product and Design","Fintech, HR Tech, API, AI","United States of America, America / Canada, Remote, Partly Remote",Growth,False,True,False,,https://bookface-images.s3.amazonaws.com/small_logos/4f444340e9c64c3d358ff850ab1b009ff8af62d7.png,1614620930
23371,BusinessOnBot,businessonbot,Winter 2021,Active,Automated user acquisition & selling on WhatsApp for businesses,"We help D2C brands and SMBs in India acquire customers and sell on WhatsApp. We do this by offering attribution based marketing and storefront ordering through a commerce bot with 
vernacular support.",https://www.businessonbot.com/,https://www.ycombinator.com/companies/businessonbot,"Bengaluru, KA, India",25,B2B,B2B -> Operations,"B2B, Operations","Artificial Intelligence, SaaS, E-commerce","India, South Asia, Remote, Partly Remote",Early,False,True,False,"Businessonbot private limited, BusinessOnBot (BOB), Businessonbot",https://bookface-images.s3.amazonaws.com/small_logos/03c75b785d321bb19fc8ab6c4a6b736e7b35df44.png,1614619013
23369,REGENT,regent,Winter 2021,Active,"All-electric seagliders for fast, affordable regional transportation","REGENT is building a new mode of transportation that will redefine regional mobility by 2026. Their first product, the seaglider, is an all-electric, hydrofoiling flying-boat that operates within a wingspan of the water's surface.  By flying low on a cushion of air, seagliders unlock the ability to fly twice as far as an electric aircraft, while being regulated by maritime authorities enabling market entry for a fraction of the cost.
 
REGENT has de-risked seaglider technology with a ¼-scale flying demonstration vehicle. By this summer, REGENT will fly humans on the 15,000 lb (7000kg) first full-scale prototype seaglider, which will be the largest electric-flying machine in history.

By late 2026, REGENT’s customers - airlines and ferry companies – will begin commercial seaglider service on the 12-seat initial product.  A 100 passenger version, already with firm orders, will follow several years later.

In just four years, REGENT has accumulated >$10B in pre-orders (including firm deposits) from airlines and ferry companies around the world.  Currently a team of 100, REGENT is led by MIT-trained, ex-Boeing engineers Billy Thalheimer and Mike Klinker.  REGENT has raised over $100M to date from the likes of Founders Fund, Japan Airlines, Hawaiian Airlines and Lockheed Martin, and is on contract with the US Marine Corps.",http://regentcraft.com,https://www.ycombinator.com/companies/regent,"North Kingstown, RI, USA",40,Industrials,Industrials -> Aviation and Space,"Industrials, Aviation and Space","Climate, Electric Vehicles, Aerospace, Maritime","United States of America, America / Canada",Early,False,False,False,,https://bookface-images.s3.amazonaws.com/small_logos/e0c83c9ecbf81c8809be20d15fe4abf91f2789dc.png,1616029701
23368,Spline,spline,Winter 2021,Active,Design and collaborate in multiple dimensions.,Easily create and publish 3D for multiple platforms. Build and iterate fast with production-ready results.,http://spline.design/,https://www.ycombinator.com/companies/spline,"Reston, VA, USA; Remote",25,B2B,B2B -> Productivity,"B2B, Productivity","Artificial Intelligence, Design Tools, AR","United States of America, America / Canada, Remote, Fully Remote",Growth,False,False,False,,https://bookface-images.s3.amazonaws.com/small_logos/cb39af82fd79053c000de86fa1986b9da4e89073.png,1616159954
23366,OlaClick,olaclick,Winter 2021,Active,Restaurant Solution (E-commerce via WhatsApp + POS + CRM/Marketing),"OlaClick makes it easy for mass market restaurants in Latam to create a digital menu, promote it instantly with only one click and start receiving simple food orders though WhatsApp. 

We have +40000 restaurants in Latam and we increase their sales by 40%.


contact: founders@olaclick.com",https://www.olaclick.com/,https://www.ycombinator.com/companies/olaclick,"Lima, Callao Region, Peru; Lima, Lima Province, Peru; Remote",30,Consumer,Consumer -> Food and Beverage,"Consumer, Food and Beverage","SaaS, B2B, Food Tech","Peru, Latin America, Remote, Fully Remote",Early,False,False,False,Olaclick,https://bookface-images.s3.amazonaws.com/small_logos/87a6849da5a7855ae1ae2a47b11e8e5e11418546.png,1612990512
23357,Treinta,treinta,Winter 2021,Active,Software and AI tools for SMBs in the US and Latin America,"Treinta powers 7 million SMBs across the US and Latin America with simple finance, inventory, and sales tools.",https://www.treinta.co,https://www.ycombinator.com/companies/treinta,"Bogotá, Bogota, Colombia",60,B2B,B2B -> Productivity,"B2B, Productivity","Artificial Intelligence, Subscriptions","Colombia, Latin America, Remote, Partly Remote",Early,False,False,False,,https://bookface-images.s3.amazonaws.com/small_logos/22a2db8472fb087e350b2fb2e013f633f97d013d.png,1611327725
23355,Svix,svix,Winter 2021,Active,"Enterprise ready webhooks service, open-source and in the cloud","Svix is the enterprise ready and open source webhooks service.

Webhooks are a pain. Developers need to worry about deliverability, retries, monitoring and security. All of which are different for webhooks compared to the rest of the stack. We turn all of that into a simple API call.

Svix is sending billions of webhooks for customers both large (Fortune 500) and small (startups), and is backed by Y Combinator, Andreessen Horowitz (a16z), Aleph, and founders and CTOs of companies such as Github, PagerDuty, Segment and Lookout.",https://www.svix.com,https://www.ycombinator.com/companies/svix,"San Francisco, CA, USA",12,B2B,B2B -> Infrastructure,"B2B, Infrastructure","Developer Tools, Open Source, API","United States of America, America / Canada, Remote, Partly Remote",Early,False,True,False,"Etebase, Diahook",https://bookface-images.s3.amazonaws.com/small_logos/e7fe48d854a5e26f76b915462fef2c4d177bfa49.png,1614619070
23328,Foster,compound-writing,Winter 2021,Active,A better way to write.,"Community-powered writing workflow driven by some of the internet's best writers, editors, and experts.",https://foster.co,https://www.ycombinator.com/companies/compound-writing,"New York City, NY, USA; New York, NY, USA; Remote",15,Consumer,Consumer -> Home and Personal,"Consumer, Home and Personal",Productivity,"United States of America, America / Canada, Remote, Fully Remote",Early,False,False,False,Compound Writing,https://bookface-images.s3.amazonaws.com/small_logos/6a0e44a284fbf9372e200c9a16cf04766252f9be.png,1615947912
23327,Machine26,machine26,Winter 2021,Active,Marketplace for construction machines,Machine26 is a marketplace that helps construction machine owners to sell their machines without any effort. Our inspection app collects all relevant data on the machine condition so that our customers can receive the best offer from international used dealers within a few days.,https://www.machine26.com/,https://www.ycombinator.com/companies/machine26,"Berlin, Berlin, Germany",12,Real Estate and Construction,Real Estate and Construction -> Construction,"Real Estate and Construction, Construction","Marketplace, Construction","Germany, Europe, Remote, Partly Remote",Early,False,False,False,Machine26 GmbH,https://bookface-images.s3.amazonaws.com/small_logos/8bf1cbff963d1cc8e69241efb2362a967eb0006f.png,1616096534
23324,Swadesi Way,swadesi-way,Winter 2021,Active,Healthy organic food that creates a positive impact,"At Swadesi Way, we’re building an organic food brand movement that connects us back to real food. A few things set us apart:

1. We source exclusively from organic small farmer collectives. No traders.

2. We operate with capped margins: 60% to farmers, 30% to ops, 10% for overheads, ensuring fair value distribution 

3. We practice radical transparency: customers know where their food comes from, how it’s priced, and how much the farmer earns",https://swadesiway.com/,https://www.ycombinator.com/companies/swadesi-way,"Delhi, DL, India; Remote",9,Consumer,Consumer -> Food and Beverage,"Consumer, Food and Beverage","Grocery, Consumer, Climate, E-commerce, Food","India, South Asia, Remote, Fully Remote",Early,False,False,False,Leap Club,https://bookface-images.s3.amazonaws.com/small_logos/18ed953b65acb811cfab977dce40b00b894932f0.png,1614660558
23317,Rejoy Health,rejoy-health,Winter 2021,Active,"AI workers that book, scribe, code, interpret, and answer clinicians","Rejoy Health is the AI care team for clinics. AI workers for healthcare that run the day end to end, from the first call to the last note.

Every missed call is a patient you never see. Every hour after clinic is time you don’t get back. Phones go unanswered, the schedule has holes, and clinicians are still charting, coding, and looking things up while the next patient waits. Rejoy takes that work off the team’s plate.

The AI Receptionist answers around the clock, books and reschedules visits, and never puts a patient on hold, so the calendar stays full. In the room, the AI Scribe turns the conversation into structured notes, the AI Interpreter handles live language in English, Spanish, French, Chinese, Korean, and more, and RejoyGPT plus clinical decision support answer questions while the patient is still there. After the visit, the AI Coder suggests ICD-10 and CPT codes so billing goes out cleaner and faster. A medical search engine and study companion sit in the same suite for guidelines, journals, and exam prep.

Not another chatbot. One system for doctors, nurses, MAs, and the front desk. More accurate than ChatGPT. HIPAA-compliant. Trusted by 40,000+ clinicians at leading US hospitals and health systems.

You stay in charge. Rejoy does the work. Book more patients. See more patients. Chart less.",https://www.rejoyhealth.com/,https://www.ycombinator.com/companies/rejoy-health,"San Francisco, CA, USA; Remote",8,Healthcare,Healthcare -> Healthcare IT,"Healthcare, Healthcare IT","Artificial Intelligence, AI","United States of America, America / Canada, Remote, Fully Remote",Early,False,False,False,"R Health, RHealth, Rejoy Health, RHealth AI",https://bookface-images.s3.amazonaws.com/small_logos/8915251968445e21f6c523ef791b6cee8e7d0c59.png,1614703106
23316,FlowEQ,floweq,Winter 2021,Active,No-code workflow tool,"FlowEQ is the trusted provider of workflow automation for teams that need to accelerate their work, especially complex processes and high-volume workflows that require human judgment. The FlowEQ Workflow Acceleration Platform includes interactive decision trees that are used by customer support, operations and product teams across all industries to improve accuracy and speed up important recurring work. Using FlowEQ customers get through high-stake recurring workflows 10x faster, saving their companies time and money every day. For additional information, visit www.floweq.com.",https://www.floweq.com,https://www.ycombinator.com/companies/floweq,"Houston, TX, USA; Pleasanton, CA, USA",7,B2B,B2B -> Productivity,"B2B, Productivity","B2B, Customer Success, Compliance, API, Enterprise","United States of America, America / Canada, Remote, Partly Remote",Early,False,False,False,"BrightReps, Inc., BrightReps",https://bookface-images.s3.amazonaws.com/small_logos/cfd0f94346de726cfd01e25c4942e8cca6b59cb6.png,1628535441
23315,Alpas,alpas,Winter 2021,Active,Software for procurement departments to find suppliers 10x faster,"Alpas provides data-driven sourcing for procurement departments of mid and large-cap manufacturing companies. We use ML methods to provide 360° views of suppliers and supply chains, benchmark suppliers globally and assess geopolitical as well as supplier-specific risks.",https://alpas.ai/,https://www.ycombinator.com/companies/alpas,"Berlin, Berlin, Germany",5,B2B,B2B,B2B,"Supply Chain, Procurement","Germany, Europe",Early,False,False,False,Alpas GmbH,https://bookface-images.s3.amazonaws.com/small_logos/f75fa5cbbbd1f82f9e195e9eef79a92f3f74333b.png,1622034522
23306,GreaseBoss,greaseboss,Winter 2021,Active,GreaseBoss verifes industrial machinery is greased correctly,"Our hardware and software product verifies industrial machines are greased correctly. 

Incorrect greasing is the number one cause for machinery failure and costs $21bn per annum. 
",https://www.greaseboss.com.au,https://www.ycombinator.com/companies/greaseboss,"Sunshine Coast, QLD, Australia",10,Industrials,Industrials -> Manufacturing and Robotics,"Industrials, Manufacturing and Robotics","Hardware, IoT","Australia, Oceania, Remote, Partly Remote",Early,False,False,False,,https://bookface-images.s3.amazonaws.com/small_logos/974dbcc27ef68ffaf50ffd3b50d273f90acbba19.png,1614003607
23302,Kidato,kidato,Winter 2021,Active,Online school for K12 education in Africa,"Parents in Africa face either public schools with student-teacher ratios as high as 50:1 or private schools with tuition fees as high as $7500 per year, per child. Kidato classes have student-teacher ratios of 5:1 and teach the same rigorous international curriculum as other private schools — but at a fraction of the price. In our second semester, Kidato has enrolled more than 30 students into our learning-from-home program as a replacement for brick-and-mortar schools. We expect to triple this enrollment by our third semester.  
",https://www.kidato.com,https://www.ycombinator.com/companies/kidato,"Nairobi, Nairobi County, Kenya; Remote",15,Education,Education,Education,"Education, eLearning","Kenya, Africa, Remote, Fully Remote",Early,False,False,False,,https://bookface-images.s3.amazonaws.com/small_logos/8b5dd4f39eb884768a59cff95dd4952857392a08.png,1614926263
23301,FlutterFlow,flutterflow,Winter 2021,Active,Application Development Platform (Native Mobile + Web Apps),"We're building a visual application development platform to dramatically improve the time to market and quality of digital experiences. FlutterFlow helps companies and product teams improve developer efficiency, accelerate project timelines, and reduce costs for large-scale business applications. Our customers include some of the largest banking, consulting, telecom, and manufacturing companies in the world.

We have more than 1.3M users in more than 200 countries and regions around the world.

We’re a remote first team headquartered in the San Francisco Bay Area. We have offices in Mountain View, New York City, and Singapore.",https://flutterflow.io,https://www.ycombinator.com/companies/flutterflow,"San Francisco, CA, USA",55,B2B,"B2B -> Engineering, Product and Design","B2B, Engineering, Product and Design",,"United States of America, America / Canada, Remote, Partly Remote",Growth,False,True,False,,https://bookface-images.s3.amazonaws.com/small_logos/3df7b6e09c2fda2538b0426203b84e4e92ca7471.png,1613985818
23292,AgendaPro,agendapro,Winter 2021,Active,Shopify for Beauty and Wellness businesses in Latam,AgendaPro is building Shopify for Beauty and Wellness businesses in Latam. We allow business owners to charge their customers online and easily schedule appointments.,https://www.agendapro.com,https://www.ycombinator.com/companies/agendapro,"Santiago, Santiago Metropolitan Region, Chile",50,B2B,B2B -> Marketing,"B2B, Marketing","SaaS, E-commerce","Chile, Latin America, Remote, Partly Remote",Growth,False,False,False,,https://bookface-images.s3.amazonaws.com/small_logos/3275620df1a1fcfcb3cc03493b64bf135fde9335.png,1615154695
23280,Infracost,infracost,Winter 2021,Active,Shift FinOps Left: Proactively Find & Fix Cloud Cost Issues,"Infracost shifts cloud costs left and makes FinOps proactive. It sits in the engineering workflow (CI/CD), and shows the cost impact of code changes (IaC) before the code is shipped to production. This catches costly mistakes before any money has been spent. It also checks to make sure all resources are tagged with your set tagging policy, and runs checks on the code against our FinOps policy packs, ensuring best practices are followed (e.g. using Graviton processors and storage lifecycle rules).

This creates a cost-aware engineering culture.",https://infracost.io,https://www.ycombinator.com/companies/infracost,Remote,25,B2B,"B2B -> Engineering, Product and Design","B2B, Engineering, Product and Design","Developer Tools, DevSecOps, FinOps, B2B, Open Source","Remote, Fully Remote",Early,False,True,False,,https://bookface-images.s3.amazonaws.com/small_logos/fe6b97eef16a2d22e437f6cf663c11b64b223fc8.png,1613727779
23279,Chatwoot,chatwoot,Winter 2021,Active,"The modern, open source, self-hosted AI customer support platform","Chatwoot is an AI-powered customer support platform that enables businesses to deliver exceptional support experiences. Built as a modern, open-source, and self-hosted alternative to tools like Intercom and Zendesk, Chatwoot brings all your customer conversations into one place. You can connect email, website live chat, social media accounts, WhatsApp, and more, making it easy to manage every interaction from a single, unified platform.",https://www.chatwoot.com,https://www.ycombinator.com/companies/chatwoot,"San Francisco, CA, USA; Remote",12,B2B,B2B -> Operations,"B2B, Operations","B2B, Customer Success, Open Source, Customer Service, Customer Support","United States of America, America / Canada, Remote, Fully Remote",Early,False,False,False,,https://bookface-images.s3.amazonaws.com/small_logos/de9da9b7b526c451e6b6c447527e638ebaf7d27f.png,1614018154
23277,Pagaloop,pagaloop,Winter 2021,Active,"Pay, Get Paid and Extend Cash Flow using your Credit Card as…","Pagaloop helps business owners and persons in Latin America pay, get paid and extend cash flow using credit cards to finance expenses like rent, taxes, payroll and suppliers, via an extended network of relevant partnerships (federal/local governments, AMEX, HSBC, schools and universities, etc.). The Company provides a service in which a payment is made to a third party (that would typically not accept credit card as a payment method) in exchange for a fee of 4.7% (+ taxes). Additionally, Pagaloop offers payments in 3, 6, 9 or 12
months with an extremely accessible commission. All of those solutions without taking any underwriting risk, which remains at the issuer of the credit line.",https://www.pagaloop.com,https://www.ycombinator.com/companies/pagaloop,"Mexico City, CDMX, Mexico; Remote",23,Fintech,Fintech -> Payments,"Fintech, Payments","Fintech, Payments","Mexico, Latin America, Remote, Fully Remote",Early,False,False,False,"Pagaloop, Pagaloop (W21)",https://bookface-images.s3.amazonaws.com/small_logos/a1f69d980d6dd00c32de1b55392f4b6d7426fe5d.png,1614708450
23271,Ziina,ziina,Winter 2021,Active,A digital wallet for the Middle East & North Africa,Ziina is bringing the next generation of financial services to the Middle East.,https://www.ziina.com,https://www.ycombinator.com/companies/ziina,"Dubai, United Arab Emirates",57,Fintech,Fintech -> Consumer Finance,"Fintech, Consumer Finance","Fintech, Payments, Neobank","United Arab Emirates, Middle East and North Africa, Remote, Partly Remote",Growth,False,True,False,,https://bookface-images.s3.amazonaws.com/small_logos/01b2f0671dab79d7886540ec7fe445dda414f192.png,1615710655
23270,Alokai,alokai,Winter 2021,Active,Frontend Platform for eCommerce,"Alokai is an award-winning and pioneering global technology startup setting a new standard in online shopping. Alokai is a Frontend as a Service solution that simplifies composable commerce. It connects all the technologies needed to build and deploy fast & scalable ecommerce frontends.Founded in 2021, Alokai (prev. Vue Storefront) is a best-in-class composable commerce solution and market-leading Frontend as a Service currently used by 3000+ live stores around the world. With a remote, global team of 100+ people and offices in San Francisco and Warsaw, Poland, customers include Movado, SPAR Inc., or Brompton Bikes. Supported by 130+ partners and a community of 10,000+ developers, Alokai and its leaders are recipients of several industry awards, including Europe’s top tech startup prize and recognition from Forbes magazine.",https://www.alokai.com,https://www.ycombinator.com/companies/alokai,"Warsaw, Masovian Voivodeship, Poland; Remote",100,B2B,"B2B -> Engineering, Product and Design","B2B, Engineering, Product and Design","Developer Tools, Open Source, E-commerce","Poland, Europe, Remote, Fully Remote",Growth,False,False,False,Vue Storefront,https://bookface-images.s3.amazonaws.com/small_logos/e146a068595154f54b5d7dc8ec6ed0fecd7005ee.png,1616792795
23268,Zealth,zealth,Winter 2021,Active,Software for remote monitoring of cancer patients,"Zealth is building remote monitoring software to help hospitals provide automated continuous round-the-clock support to their cancer patients post-discharge. 

Hospitals are overburdened with no resources to provide care to their chronic patients once they leave the hospital. For instance, in India, there are only 2200 oncologists for 1.38 billion people. Patients travel 100 miles waiting for hours to get few minutes with the doctors. They have no easy means to manage all the toxicities and symptoms they get once they are back home. This leads to 6X lower patient retention, 4X high emergency readmissions, and poor patient outcomes. 

Zealth bridges this gap through its digital health intervention platform.    ",https://zealth-ai.com/,https://www.ycombinator.com/companies/zealth,"Bengaluru, KA, India; Remote",2,Healthcare,Healthcare -> Healthcare IT,"Healthcare, Healthcare IT","Health Tech, Remote, Oncology","India, South Asia, Remote, Fully Remote",Early,False,False,False,,https://bookface-images.s3.amazonaws.com/small_logos/18c9dca3fe4fe586ecc86e321177f271f61a4ffb.png,1615816186
23266,Houm,houm,Winter 2021,Active,All-in-one real estate marketplace for Latin America,"Houm is an all-in-one real estate marketplace that helps landlords find tenants, collect rent, and manage their properties in Latam. ",https://houm.com,https://www.ycombinator.com/companies/houm,"Santiago, Santiago Metropolitan Region, Chile",400,Real Estate and Construction,Real Estate and Construction -> Housing and Real Estate,"Real Estate and Construction, Housing and Real Estate","Marketplace, Proptech","Chile, Latin America, Remote, Partly Remote",Early,False,False,False,,https://bookface-images.s3.amazonaws.com/small_logos/f58147331ea247e7f1b2605dfc3f60dbee27a141.png,1613573751
23263,Entelexo Biotherapeutics,entelexo-biotherapeutics,Winter 2021,Active,Creating a New Class of Drugs to Address Incurable Autoimmune Diseases,"Entelexo is creating modern treatments for immune-mediated diseases, such as psoriasis, using novel engineered exosome technology.",https://www.entelexo.com/,https://www.ycombinator.com/companies/entelexo-biotherapeutics,"Irvine, CA, USA",3,Healthcare,Healthcare -> Therapeutics,"Healthcare, Therapeutics",Biotech,"United States of America, America / Canada",Early,False,False,False,,https://bookface-images.s3.amazonaws.com/small_logos/2ef38251e4060b4827ae3ce45f0e73e1f6f1cb2d.png,1614964227
23261,Morada Uno,morada-uno,Winter 2021,Active,We underwrite and insure house rentals in Latam ,"We screen, collect and insure residential leases; allowing brokers and landlords to close more deals with less work, and solving the biggest pain point for tenants- needing a guarantor with a property to co-sign the lease. ",http://www.moradauno.com.mx,https://www.ycombinator.com/companies/morada-uno,"Mexico City, CDMX, Mexico",150,Real Estate and Construction,Real Estate and Construction -> Housing and Real Estate,"Real Estate and Construction, Housing and Real Estate","Real Estate, Insurance, Latin America","Mexico, Latin America, Remote, Partly Remote",Growth,False,False,False,,https://bookface-images.s3.amazonaws.com/small_logos/8974241afee1ddefbe010d14adaa78cb5c93fe88.png,1614714360
23260,Z1,z1,Winter 2021,Active,Digital bank for teenagers in LatAm connected to prepaid card ,"Z1 is a digital banking app made for teenagers and young adults. By using the Z1 app and a prepaid card linked to their account, teenagers can begin their road to financial independence by learning to manage and spend their money, as well as having a place to receive money they earn through jobs and small businesses.",https://z1.app/,https://www.ycombinator.com/companies/z1,"São Paulo, SP, Brazil; Remote",80,Fintech,Fintech -> Consumer Finance,"Fintech, Consumer Finance","Fintech, Payments, Consumer, Lending, Neobank","Brazil, Latin America, Remote, Fully Remote",Early,False,False,False,,https://bookface-images.s3.amazonaws.com/small_logos/605165bb447833feb31a6979c23f99a9bafbf954.png,1614809157
23259,Haystack,haystack,Winter 2021,Active,Delivery Analytics for Software Teams,"We are bringing the competitive advantage data-driven engineering teams like Google have - to everyone else.

Our analytics platform plugs directly into developer tools like Github to provide insights on delivery speeds, bottlenecks, and risks that impact team velocity & developer happiness. 

We're trusted by some of the world’s most innovative teams: Microsoft, The Economist, and Indiegogo and backed by Y Combinator, Soma Capital, Funders Club, and strategic angels (Founder @Optimizely, SVP Sales @Amplitude) . 

Haystack is a culture of tinkering, learning, testing and iterating. We ship quickly and help our customers do the same. We're led by founded by two technical founders who have experienced this problem first-hand after scaling their startups from 0 to 100m+ users. ",https://usehaystack.io/,https://www.ycombinator.com/companies/haystack,"San Francisco, CA, USA; Remote",6,B2B,"B2B -> Engineering, Product and Design","B2B, Engineering, Product and Design",Analytics,"United States of America, America / Canada, Remote, Fully Remote",Early,False,True,False,,https://bookface-images.s3.amazonaws.com/small_logos/ff1cda43059b714dc8f36a50fe66096c4ac537ca.png,1614623869
23240,Mendel,mendel,Winter 2021,Active,Workflows to empower employees to spend while finance stay in control,,https://mendel.com,https://www.ycombinator.com/companies/mendel,"Mexico City, CDMX, Mexico",5,Fintech,Fintech -> Banking and Exchange,"Fintech, Banking and Exchange","Fintech, B2B","Mexico, Latin America, Remote, Partly Remote",Early,False,False,False,,https://bookface-images.s3.amazonaws.com/small_logos/167c2f75deef42269d65b0dce3e88b261667cf74.png,1615563161
23238,Ontop,ontop,Winter 2021,Active,Simplifying hiring and payments for the global workforce,Ontop allows companies to hire global workers and gives those workers access to a Global Financial Account.,https://www.getontop.com/,https://www.ycombinator.com/companies/ontop,"Miami, FL, USA; Remote",186,B2B,B2B,B2B,"Fintech, SaaS, B2B, HR Tech","United States of America, America / Canada, Remote, Fully Remote",Growth,False,False,False,"TOP, ontop",https://bookface-images.s3.amazonaws.com/small_logos/5dbb79988f18a52e0b199ca7f510d224c687729f.png,1614618716
23236,Stayflexi,stayflexi,Winter 2021,Active,Operating System for Hotels and Vacation Rentals,"Stayflexi is a revolutionary platform designed to simplify hotel and vacation rental operations, while increasing revenues from unsold rooms and amenities. By harnessing the power of automation, Stayflexi eliminates the need for manual processes and provides a seamless, positive customer experience for guests. 

Founded by computer science majors from Carnegie Mellon and Cornell, Stayflexi was born out of the need to solve the problems experienced by hosts and travelers. With Stayflexi, you can rest assured that your guests will be given the best possible experience and that you will be able to maximize profits on your unsold rooms.

Stayflexi platform is helping over 3000 hotels in 16 different countries and growing rapidly.",https://business.stayflexi.com/,https://www.ycombinator.com/companies/stayflexi,"San Francisco, CA, USA",58,B2B,B2B,B2B,Travel,"United States of America, America / Canada, Remote, Partly Remote",Early,False,False,False,,https://bookface-images.s3.amazonaws.com/small_logos/515150abaf49833041469b5930b7351102adefeb.png,1614624956
23226,Soraban,soraban,Winter 2021,Active,AI tax workflow platform for accounting firms ,AI-native Tax workflow Platform for accounting firms from client request to delivery. We raised $18m from patient investors who are onboard to help us grow and serve tens of thousands of accounting firms. We're not in this market to grow fast and fail fast. We're in this to build something that'll last decades. ,https://www.soraban.com,https://www.ycombinator.com/companies/soraban,"Tempe, AZ, USA",50,B2B,B2B -> Finance and Accounting,"B2B, Finance and Accounting","AI-Enhanced Learning, Robotic Process Automation, SaaS","United States of America, America / Canada, Remote, Partly Remote",Early,False,True,False,,https://bookface-images.s3.amazonaws.com/small_logos/125412ffd8bc4ba73f837a877437db742e0a6d80.png,1627685643
23220,Lamar Health,lamar-health,Winter 2021,Active,Take Care of Shitty Paperwork for Expensive Drugs,"We deal with drugs that cost on average $70,000/patient per year. These patients need their medications within days but currently it takes weeks because of complex, manual workflows that were built around poor data standards. 

At Lamar Health, our mission is to get patients on therapy fast. Our customers are specialty pharmacies, infusion clinics and hospitals that are moving quickly to use AI to offset operational risks and gain competitive advantage. ",http://www.lamarhealth.com,https://www.ycombinator.com/companies/lamar-health,"San Francisco, CA, USA",15,Healthcare,Healthcare -> Healthcare IT,"Healthcare, Healthcare IT","Health Tech, AI","United States of America, America / Canada, Remote, Partly Remote",Early,False,True,False,"Mogen, MoGen, Lamar Health (formerly MoGen)",https://bookface-images.s3.amazonaws.com/small_logos/89663cc8116a65911be0aabe4e038200b22d79f3.png,1648262582
23200,Compose.ai,compose-ai,Winter 2021,Active,Cut your writing time by 40% with AI-powered autocomplete,"Compose AI is a free Chrome extension that helps automate your writing using AI. You know how Gmail autocompletes your emails? Compose.ai is like that but everywhere, like how Grammarly works.",https://compose.ai,https://www.ycombinator.com/companies/compose-ai,"Carlsbad, CA, USA; San Francisco, CA, USA; Remote",7,B2B,B2B -> Productivity,"B2B, Productivity","Artificial Intelligence, NLP, Email","United States of America, America / Canada, Remote, Fully Remote",Early,False,True,False,Compose,https://bookface-images.s3.amazonaws.com/small_logos/0b515e27253a5c01c3ecd7e702852c67956b341d.png,1614725087
23193,Manara,manara,Winter 2021,Active,Connecting top Middle East talent to global tech jobs,"Manara untaps the human potential in the Arab world and helps global tech companies access high-quality, diverse talent. We identify the top software engineers in the region and offer them a last-mile solution to land their dream jobs: interview preparation and referrals. ",http://www.manara.tech,https://www.ycombinator.com/companies/manara,"San Francisco, CA, USA; Berkeley, CA, USA; Remote",10,B2B,B2B -> Recruiting and Talent,"B2B, Recruiting and Talent","Education, Edtech","United States of America, America / Canada, Remote, Fully Remote",Early,False,False,False,,https://bookface-images.s3.amazonaws.com/small_logos/66c946ddc2dbfb955e186610de2e888e7e5dd204.png,1614201271
23191,Venu AI,venu-ai,Winter 2021,Active,Meet qualified leads in person by automating conference production,Meet qualified leads in person by automating conference production with Venu AI. Host a conference and meet 100 qualified sales leads in person every 3 months fully automated with Venu AI.,https://www.venu3d.com,https://www.ycombinator.com/companies/venu-ai,"San Francisco, CA, USA; Remote",5,B2B,B2B,B2B,"Artificial Intelligence, B2B, Community, Sales, Marketing","United States of America, America / Canada, Remote, Fully Remote",Early,False,True,False,"Conference in VR, Venu, Venu (Wvrld Studios Inc.), Venu",https://bookface-images.s3.amazonaws.com/small_logos/9c457be8f075da33530f9e844d5a01a959451c8d.png,1611803817
23190,Biodock,biodock,Winter 2021,Active,Cloud AI microscopy automation,"Biodock's cloud platform accelerates microscopy analysis, automating months of microscopy analysis and infrastructure to minutes with our end-to-end AI architecture.  Scientists enjoy auto-scaling storage, GPU compute, and 30-50% more accurate analysis.

We're building an amazing experience to translate microscopy images to therapeutic insights for academic and enterprise scientists.",https://www.biodock.ai,https://www.ycombinator.com/companies/biodock,"Austin, TX, USA",8,Healthcare,Healthcare -> Therapeutics,"Healthcare, Therapeutics","Deep Learning, SaaS, AI","United States of America, America / Canada, Remote, Partly Remote",Early,False,True,False,Biodock AI,https://bookface-images.s3.amazonaws.com/small_logos/ef18ff7a47b6ccba783538bb34567deafd6e5a0f.png,1614650681
23186,Camp,camp,Winter 2021,Active,A Nouns DAO governance client,,https://nouns.camp,https://www.ycombinator.com/companies/camp,"Stockholm, Stockholm County, Sweden; San Francisco, CA, USA; Remote",3,Consumer,Consumer,Consumer,"GovTech, Crypto / Web3, Infrastructure","Sweden, United States of America, Europe, America / Canada, Remote, Fully Remote",Early,False,False,False,"Obvious, WorkNearby, HeySatchel, Satchel, NewShades, Prechain",https://bookface-images.s3.amazonaws.com/small_logos/0ac67a732b581fa4f7ad0f70e08c854b278ddef9.png,1614626048
23175,Betterhalf,betterhalf,Winter 2021,Active,India’s first and only marriage super app,"Betterhalf is India's first and only matrimony app without parents.

We are the first and only marriage super app in India offering end-to-end matrimony and wedding products to urban Indians, who are the primary decision makers for their marriage and wedding decisions, unlike their parents who were in the driver's seat a decade ago.

Our ecosystem of products on marriage - matchmaking, courtship and wedding in one super app - and focused on the correct audience - high income, higher age urban working professionals of India who are located in 30 tier-1 cities of India makes Betterhalf product a winning combination. 

Our flagship product - matrimonial matchmaking - offers these users the world's fastest matching in a single click (US Patent No. 16/777,773). This matching technology is faster than Tinder and more accurate than eHarmony / Shaadi.com.",https://betterhalf.ai,https://www.ycombinator.com/companies/betterhalf,"Bengaluru, KA, India",25,Consumer,Consumer -> Social,"Consumer, Social","Dating, India","India, South Asia, Remote, Partly Remote",Early,False,True,False,,https://bookface-images.s3.amazonaws.com/small_logos/cef9597b14ed6c2ccca297255b6622fd1a48448d.png,1610552730
23174,Feroot Security,feroot-security,Winter 2021,Active,"AI-powered Compliance Platform for PCI 4, CCPA, HIPAA, CIPA, 50+ laws","Feroot (YC W21) is the leading compliance and security platform for b2b websites that  helps you easily achieve and maintain compliance with PCI DSS 4.0.1, CCPA, CIPA, HIPAA and 50+ data privacy regulations.",https://www.feroot.com,https://www.ycombinator.com/companies/feroot-security,"Toronto, ON, Canada",24,B2B,B2B -> Security,"B2B, Security","Compliance, Security, Privacy","Canada, America / Canada, Remote, Partly Remote",Early,False,False,False,,https://bookface-images.s3.amazonaws.com/small_logos/1070c02900596bd056caf454feb7a0bd8add2715.png,1630247607
23162,Phoenix,phoenix,Winter 2021,Active,Canada's digital health clinic for men,"Phoenix is a mission-driven digital healthcare platform for men. We are dedicated to improving the relationship men have with their health, while building the future of patient-centric healthcare in Canada from diagnosing to delivery. ",https://phoenix.ca,https://www.ycombinator.com/companies/phoenix,"Toronto, ON, Canada",70,Healthcare,Healthcare -> Consumer Health and Wellness,"Healthcare, Consumer Health and Wellness","Consumer Health Services, Telehealth, Consumer, Digital Health","Canada, America / Canada",Growth,False,True,False,,https://bookface-images.s3.amazonaws.com/small_logos/5a5bfda93c31f3f708ae1d87453184b85e8003db.png,1627489075
23156,ROGER,roger,Winter 2021,Active,The Best Way to Sign Contracts Since Handshakes. Roger that.,"Sending and signing contracts should be easy. So why is it that existing eSignature tools are all so janky? The last thing you need is a frustrating eSignature tool. That’s why we’re building Roger — a faster, simpler eSignature. Think of it like what Linear did to Jira.",https://www.thanksroger.com/,https://www.ycombinator.com/companies/roger,"New York City, NY, USA",4,B2B,B2B,B2B,"Documents, SaaS, B2B, Sales, Legal","United States of America, America / Canada, Remote, Partly Remote",Early,False,False,False,"HENSE (Taggle Software Inc.), HENSE, Hense, Roger",https://bookface-images.s3.amazonaws.com/small_logos/a513fcec92227df8bbc51a071fe9905ee9e441d2.png,1649960759
23146,Redcliffe Lifetech,redcliffe-lifetech,Winter 2021,Active,Redcliffe Labs is India's Largest Omni-channel Diagnostics platform ,"Redcliffe Labs (a unit of Redcliffe Lifetech Inc) provides diagnostics with a comprehensive portfolio approach both with routine and specialised test menus with advanced testing labs all over India. Its digital first approach with on-demand 1-hour home collection and same day report is disrupting the way diagnostics is delivered today and thus is the fastest growing in India. 

Redcliffe Labs is providing 3500+ tests across its wide network of labs and collection centres. The company has served about millions of Indians and is processing more than 250K+ test parameters daily. The test portfolio is very wide including routine pathology tests, advanced genetic screening, research-based DNA tests in reproductive health, cancer and wellness/fitness. The easy to interpret smart reports provide key health check-points, which can help in diagnosing and treating both chronic and acute diseases on time. Redcliffe Labs has pioneered Drone technology adoption in the diagnostic sector by opening up the first commercial corridor from Uttarkashi to Dehradun. The company currently has 30+ labs and 700+ authorised collection centres in more than 120 cities across India. 

Redcliffe's vision is to provide world-class diagnostic services to people across the Indian sub-continent in an affordable manner.",http://redcliffelabs.com,https://www.ycombinator.com/companies/redcliffe-lifetech,"Delhi, DL, India; Gurugram, HR, India; Noida, UP, India",3500,Healthcare,Healthcare -> Diagnostics,"Healthcare, Diagnostics","Consumer Health Services, Health Tech, Digital Health, Healthcare, Diagnostics","India, South Asia",Growth,False,False,False,Redcliffe Lifesciences,https://bookface-images.s3.amazonaws.com/small_logos/b9e3c4bc934297fbdde47eea1cf4c9de32e1a325.png,1614617903
23139,Seer,seer,Winter 2021,Active,Sell beyond the store.,"Seer helps retail salespeople create and send personalized shoppable Lookbooks to their customers via email and sms.
",https://www.helloseer.com/,https://www.ycombinator.com/companies/seer,"San Francisco, CA, USA; Palo Alto, CA, USA; Remote",4,B2B,B2B -> Retail,"B2B, Retail",SaaS,"United States of America, America / Canada, Remote, Fully Remote",Early,False,False,False,StyleLab Inc,https://bookface-images.s3.amazonaws.com/small_logos/673469ddd9e13fcf8fa33e841fd41e73a1d6133d.png,1614635454
23128,FitHub,fithub-2,Winter 2021,Active,The one-stop shop for healthy products,"FitHub is an online supermarket specialized in healthy products, currently operating in Colombia. We have a healthy and eco-friendly sourcing criteria for every product we offer. We are like Good Eggs for LATAM.",https://www.fithub.com.co,https://www.ycombinator.com/companies/fithub-2,"Barranquilla, Atlantico, Colombia",60,Consumer,Consumer -> Food and Beverage,"Consumer, Food and Beverage","Grocery, E-commerce","Colombia, Latin America",Growth,False,False,False,,https://bookface-images.s3.amazonaws.com/small_logos/f78b16a054cb3cd2615ccc48f640612a01bc70c5.png,1614838543
23127,Rulebricks,rulebricks,Winter 2021,Active,Add powerful decision-making capabilities to any automated workflow.,"Many workflow builders and automation tools have support for adding logic to your processes, but get complicated quick– to the point where process owners are unable to edit them directly and require specialist services.

Rulebricks separates decision-making logic from your workflows, giving your team a clear visual, spreadsheet-like interface to manage the changing rules that drive your business, and use those rules as API endpoints, visual forms, and in automation tools like Zapier.",https://rulebricks.com/,https://www.ycombinator.com/companies/rulebricks,"San Francisco, CA, USA; Los Altos, CA, USA",2,B2B,B2B -> Operations,"B2B, Operations","Developer Tools, SaaS, B2B, Workflow Automation, Enterprise Software","United States of America, America / Canada",Early,False,True,False,"Prefix, Rulebricks, Prefix",https://bookface-images.s3.amazonaws.com/small_logos/9f092ef2f6ce139c0a8bc3465eea6850877d2049.png,1616113929
23121,BotBuilt,botbuilt,Winter 2021,Active,We use robots to build houses.,"BotBuilt is creating flexible robotic systems to solve the housing crisis. Our cutting-edge software and cost-efficient hardware allow us to improve the world by providing beautiful construction, safer job sites, and sustainable building techniques. The $600 billion residential construction industry is facing a massive labor shortage. Our robotic systems leverage the latest in rapid prototyping, artificial intelligence, and computer vision. By taking on some of the hardest technical challenges on earth, BotBuilt is ready to help solve one of society’s biggest problems.
",https://www.botbuilt.com,https://www.ycombinator.com/companies/botbuilt,"Southern Pines, NC, USA",8,Industrials,Industrials -> Manufacturing and Robotics,"Industrials, Manufacturing and Robotics","Robotic Process Automation, Robotics, Construction, Housing","United States of America, America / Canada",Growth,False,True,False,"ARC:Advanced Robotics Construction, ARC: Advanced Robotic Construction, ARC, ARC: Advanced Robotic Construction",https://bookface-images.s3.amazonaws.com/small_logos/6c0f70c9a27028dd4b634603cfcc5021fc68ccb3.png,1660682183
23105,Reclaim Protocol,reclaim-protocol,Winter 2021,Active,"Education, Employment, Loyalty verification. Global & Compliant.","Reclaim Protocol provides best in class conversion rates (45%+) on education, employment and retail loyalty verification. Global coverage, secure and privacy preserving.

- Global coverage : Unlike most other vendors we are global by default. No matter where in the world the user is, we can verify.
- It is 100% private : Neither you, nor us, see any private information about the user. So you carry no liabilities. No risk of your database getting hacked. 
- Best in class conversion : We have the highest conversion rates in the industry at 45%+ because users don't have to scramble for their documents to upload.
- AI fraud resistant : All the verifications happen securely using cryptography that even the most advanced models cannot fake.

Total amount raised : $10M (Series A)",https://reclaimprotocol.org,https://www.ycombinator.com/companies/reclaim-protocol,"Hyderabad, Telangana, India; Remote",17,B2B,B2B -> Recruiting and Talent,"B2B, Recruiting and Talent","Identity, AI","India, South Asia, Remote, Fully Remote",Early,False,False,False,"Socionity, CreatorOS, CreatorOS - Questbook, Questbook, Reclaim Protocol, Questbook, CreatorOS, Bluecheck",https://bookface-images.s3.amazonaws.com/small_logos/140b14ae167716f111115a81e06b1a7eb94e8ef3.png,1616635998
23074,ZOKO,zoko,Winter 2021,Active,Better Business on WhatsApp,"Zoko: The Ultimate WhatsApp Commerce Solution for Shopify Merchants

WHY ZOKO IS THE GAME-CHANGING PLATFORM EVERY SHOPIFY MERCHANT NEEDS
Shopify merchants face a critical challenge: while they've built amazing online stores, they're missing out on the world's largest messaging platform where customers actually want to shop. Zoko solves this by seamlessly integrating WhatsApp commerce capabilities with your existing Shopify infrastructure.

THE UNTAPPED OPPORTUNITY THAT'S COSTING YOU SALES
Consider this: 175 million people message businesses on WhatsApp daily - that's more engagement than Amazon generates. With 100 million merchants already using WhatsApp for business globally, those not leveraging this channel are falling behind competitors who are capturing sales directly through conversations.

PROVEN SUCCESS FORMULA
Zoko's founders didn't just theorize about WhatsApp commerce - they lived it. Starting with their own ecommerce business entirely on WhatsApp, they scaled to 200,000 engaged followers who eagerly purchased products through weekly WhatsApp updates. When other businesses began paying for access to their ""WhatsApp sales tools,"" they knew they'd discovered something revolutionary.

THE $50 BILLION MARKET OPPORTUNITY
The WhatsApp commerce market represents over $50 billion annually - a massive revenue stream that traditional ecommerce platforms can't access. For Shopify merchants, this means untapped customers, higher engagement rates, and sales happening through the world's most trusted messaging platform.

COMPLETE SALES, MARKETING & SUPPORT INTEGRATION
Zoko transforms WhatsApp into a comprehensive business channel, enabling Shopify merchants to:
- Convert conversations directly into sales
- Run targeted marketing campaigns through WhatsApp
- Provide instant customer support where customers prefer to communicate
- Build deeper customer relationships through personalized messaging

THE FUTURE OF COMMERCE IS CONVERSATIONAL
WhatsApp represents the internet for the next billion users entering the digital economy. Zoko positions itself as the ""Shopify for WhatsApp merchants,"" giving existing Shopify store owners the tools to dominate this emerging channel before competitors realize its potential.

For Shopify merchants serious about growth, Zoko isn't just another tool - it's the bridge to the next generation of ecommerce where conversations convert to sales.",https://www.zoko.io/,https://www.ycombinator.com/companies/zoko,"Bengaluru, KA, India",18,B2B,B2B -> Retail,"B2B, Retail","Generative AI, SaaS, E-commerce","India, South Asia, Remote, Partly Remote",Early,False,False,False,,https://bookface-images.s3.amazonaws.com/small_logos/88a29ec13035e5082aa0fc15b5e1d34257c60895.png,1614626990
23064,Tint,tint,Winter 2021,Active,Makes it easy for tech platforms to embed insurance into products,"Tint makes it easy for tech platforms to embed insurance into their products. For example, when you go to Outdoorsy to rent an RV, the insurance that is sold with the rental is powered by our technology.

Our product provides anything that is needed from underwriting software to access to insurers to compliance, in a simple API. ",http://www.tint.ai,https://www.ycombinator.com/companies/tint,"San Francisco, CA, USA; Remote",40,Fintech,Fintech -> Insurance,"Fintech, Insurance","Artificial Intelligence, Developer Tools, Fintech","United States of America, America / Canada, Remote, Fully Remote",Early,False,True,False,,https://bookface-images.s3.amazonaws.com/small_logos/7dde25caa0cd447568d68dc1fc85383b5f346ba8.png,1610519523
23062,InpharmD,inpharmd,Winter 2021,Active,"We provide a curated, evidence- based answer to any clinical question.","Every hospital hires clinical pharmacists to answer clinical questions from doctors. 

They outsource this to us because we’re more efficient.",https://www.inpharmd.com,https://www.ycombinator.com/companies/inpharmd,"Atlanta, GA, USA",16,Healthcare,Healthcare -> Healthcare Services,"Healthcare, Healthcare Services","Artificial Intelligence, B2B, Telemedicine","United States of America, America / Canada, Remote, Partly Remote",Early,False,False,False,InpharmD,https://bookface-images.s3.amazonaws.com/small_logos/fdd566ff352849d50819def6325c32942797c68b.png,1611246656
23056,Simplify,simplify,Winter 2021,Active,Helping a billion people build their dream career,"Simplify is building the AI-enabled infrastructure to power the next generation of hiring – reimagining how people discover and secure their next career opportunity. We believe that everyone deserves an all-star talent agent helping them plan, manage, and accomplish their career goals, no matter their background, location, or education.

Through our flagship product, Copilot, we've helped over 1M+ job seekers discover and apply to over 100 million jobs - and we've done this with a tight-knit team of just 7 people. We're rapidly expanding on both the candidate and recruiter fronts, focused on our vision of building a common app and personal AI agent for your career.

Backed by top-tier investors including Craft and YCombinator, we're a mission-driven team working to democratize the job search and disrupt the way hiring works today.",https://simplify.jobs/,https://www.ycombinator.com/companies/simplify,"San Francisco, CA, USA",5,Consumer,Consumer -> Job and Career Services,"Consumer, Job and Career Services","Generative AI, Machine Learning, Marketplace, Recruiting","United States of America, America / Canada, Remote, Partly Remote",Early,False,False,False,Simplify Jobs,https://bookface-images.s3.amazonaws.com/small_logos/89afe9465849b0bb7b72a18155538d4f3125693e.png,1616620834
23054,Unschool,unschool,Winter 2021,Active,"Learn, Intern and become Industry-Ready","Unschool provides real-world professional education that colleges in India do not provide. We are a marketplace where college students in India can learn about technology, management and arts from high-quality courses created by experts from around the world.",https://www.unschool.in/,https://www.ycombinator.com/companies/unschool,"Hyderabad, Telangana, India",35,Education,Education,Education,"Education, eLearning","India, South Asia",Early,False,False,False,,https://bookface-images.s3.amazonaws.com/small_logos/241355483f318c33ca2bc602a40f9be0d90bc107.png,1615307975
23053,Tilt,tilt-2,Winter 2021,Active,Bringing the joy of cycling to millions of Indians,"You can buy or share our bicycles and e-bikes for health, fitness, and mobility.

Today, our bikes can be found in hundreds of communities across Bangalore, Mumbai, Delhi NCR and Pune.",https://tilt.bike/,https://www.ycombinator.com/companies/tilt-2,"Bengaluru, KA, India; Remote",12,Consumer,Consumer,Consumer,"Hardware, Consumer, Fitness, India, Mobility","India, South Asia, Remote, Fully Remote",Early,False,False,False,,https://bookface-images.s3.amazonaws.com/small_logos/831d19b9696019cba0a87bff2dc84fcc4d420a5c.png,1615214390
23052,Juicy Marbles,juicy-marbles,Winter 2021,Active,Juicy marbles makes thick juicy and marbled plant based steaks.,"We are food-tech company. We developed proprietary protein texturing technology that enables us to produce plant-based whole cuts. Our vision is to produce a variety of meat products and match animal derived counterparts by taste, price and convenience. We want to accelerate transition of meat industry into a more sustainable future - by 2030 we want to cut meat consumption in half.",https://juicymarbles.com,https://www.ycombinator.com/companies/juicy-marbles,"Ljubljana, Ljubljana, Slovenia",45,Consumer,Consumer -> Food and Beverage,"Consumer, Food and Beverage","Climate, ClimateTech","Slovenia, Europe, Remote, Partly Remote",Early,False,False,False,Bevo,https://bookface-images.s3.amazonaws.com/small_logos/a3d4020f2acf5c467719efda4bcf881c2f39985d.png,1615556652
23048,Stoke Space,stoke-space,Winter 2021,Active,"Seamless mobility to, through, and from space. It starts with 100%…","Nova: Radically improving access to and from orbit. We’re unlocking the space economy by harnessing the power of full and rapid reusability with Nova, our 100% reusable rocket. Nova offers affordable access to, through, and from space with a 20x reduced cost to orbit.

Our reusable upper-stage vehicle delivers on-demand access to any orbit at any time. Its unmatched capabilities enable dynamic space operations, including capture, reposition, long-dwell operations, and return of assets, as well as space cargo and logistics missions. ",https://www.stokespace.com/,https://www.ycombinator.com/companies/stoke-space,"Seattle, WA, USA",305,Industrials,Industrials -> Aviation and Space,"Industrials, Aviation and Space","Space Exploration, Satellites","United States of America, America / Canada, Remote, Partly Remote",Growth,False,True,False,"STOKE Space Technologies, Inc, STOKE Space Technologies",https://bookface-images.s3.amazonaws.com/small_logos/930cdbab49fcc209d66a86a198f3f5d1afe0f9a8.png,1627316480
23042,clicOH,clicoh,Winter 2021,Active,Amazon-like logistics for e-commerce companies in Latam,"We built the largest logistics network in LatAm to store, pack and ship same day and next day for e-commerce companies in LatAm. ",http://clicoh.com/,https://www.ycombinator.com/companies/clicoh,"Buenos Aires, CABA, Argentina; Mexico City, CDMX, Mexico",155,B2B,B2B -> Supply Chain and Logistics,"B2B, Supply Chain and Logistics","Warehouse Management Tech, B2B, Logistics","Argentina, Mexico, Latin America",Growth,False,False,False,Clicoh,https://bookface-images.s3.amazonaws.com/small_logos/900e06ccec71c45e4dd753c77d8990799b8ae20e.png,1614875588
23036,Solo,solo,Winter 2021,Active,We help people resolve debt.,"Solo, formerly SoloSuit, helps Americans resolve debt. People use our first product, SoloSuit to respond to debt lawsuits and create other legal documents. Then they use SoloSettle to connect with the collector and settle the debt. We're targeting the $35B debt resolution market.",https://www.solosuit.com/,https://www.ycombinator.com/companies/solo,"Provo, UT, USA; Remote",25,Fintech,Fintech -> Consumer Finance,"Fintech, Consumer Finance","Fintech, Consumer, LegalTech","United States of America, America / Canada, Remote, Fully Remote",Early,False,True,False,SoloSuit,https://bookface-images.s3.amazonaws.com/small_logos/888fa679977b5e66cbfce96bde4be5ca934497be.png,1614916191
23017,Tractian,tractian,Winter 2021,Active,Physical AI for asset-heavy industries,"Tractian transforms machine data into uptime, captures shop-floor know-how, and accelerates manufacturing throughput.",https://tractian.com,https://www.ycombinator.com/companies/tractian,"Atlanta, GA, USA",530,Industrials,Industrials,Industrials,"SaaS, IoT, B2B, Operations, AI","United States of America, America / Canada, Remote, Partly Remote",Growth,False,True,False,TRACTIAN,https://bookface-images.s3.amazonaws.com/small_logos/8a76ce0d932f5b9149b08c23515c1d62bbef3229.png,1613167873
22997,Codingal,codingal,Winter 2021,Active,Leading online after-school for kids & teens to learn AI & coding,"Codingal (www.codingal.com) is the global leader in online AI and coding education for kids and teens (Grades 1-12). Our mission is to help students fall in love with AI & coding and become creators of the future - entrepreneurs, engineers, and scientists by providing high-quality, accessible, and personalized computer science education.

In many countries, top technical universities exist, but there’s a significant gap in K-12 programming education. Parents want their kids to start learning programming early, and that’s why they choose Codingal. We offer live, interactive classes with expert instructors from Computer Science backgrounds. All our instructors are rigorously vetted and trained to ensure a high-quality learning experience.

Every student receives a personalized learning path tailored to their age and skill level. Our curriculum is STEM.org-accredited, aligned with the K–12 Computer Science Framework, and delivered in 1:1 and small-group formats, ensuring individual attention and engagement.

Students learn by building real-world projects using popular tools and technologies like Scratch, Python, Roblox, Minecraft, MIT App Inventor, Thunkable, Pygame, HTML/CSS, JavaScript, website development, Java, Data Science, AP Computer Science content, and AI tools like ChatGPT and Machine Learning frameworks. Through this hands-on approach, students create apps, games, animations, and websites in a fun, engaging way that fosters problem-solving and creative skills.

Beyond classes, students participate in global coding competitions, hackathons like HPE CodeWars, and online coding camps, further nurturing their creativity, confidence, and innovative spirit. With a 4.9/5 student rating and NPS of 86, Codingal is trusted by over 1 million registered students in 70+ countries.

Codingal combines the best of human instruction and AI-driven learning to inspire the next generation of tech leaders. We are poised to lead the next generation of coding education and make a significant impact in this rapidly growing market.",https://www.codingal.com/?utm_source=yc,https://www.ycombinator.com/companies/codingal,"Bengaluru, KA, India",100,Education,Education,Education,"Education, eLearning, Edtech","India, South Asia, Remote, Partly Remote",Early,False,True,False,,https://bookface-images.s3.amazonaws.com/small_logos/77d50a678b852201eb874c4f38a23e0db3307c4c.png,1616469948
22996,Resquared,resquared,Winter 2021,Active,Marketing automation platform for selling to local businesses.,"Local businesses were the hardest B2B segment to reach, but account for over 60% firms in the U.S.
Our SaaS application has data on every local business that are easy to get in touch with using our specialized marketing automation tools and workflows. 
Resquared has been proven to save sales pro's over 3 hours per day and result in 53% stronger leads (case study on website).
",http://re2.ai,https://www.ycombinator.com/companies/resquared,"Philadelphia, PA, USA; Remote",40,B2B,B2B -> Marketing,"B2B, Marketing","SaaS, B2B, Sales, Proptech, Marketing","United States of America, America / Canada, Remote, Fully Remote",Early,False,True,False,,https://bookface-images.s3.amazonaws.com/small_logos/b5be9e39b7c1acccc4e73c9f5973b901bd2ae7a4.png,1612972484
22995,Quicknode,quicknode,Winter 2021,Active,Tools & infra to build and scale high-quality blockchain applications.,"Quicknode is an enterprise-grade blockchain development platform that helps teams build and scale high-performance onchain applications. Developers get fast and reliable access to over 80 chains, real-time and historical data, automation tools, and a unified suite of APIs. From startups to global enterprises, teams choose Quicknode for consistent performance, predictable pricing, and a platform built for growth.",https://www.quicknode.com,https://www.ycombinator.com/companies/quicknode,"Miami, FL, USA",115,B2B,B2B -> Infrastructure,"B2B, Infrastructure","Developer Tools, SaaS, Crypto / Web3, API","United States of America, America / Canada, Remote, Partly Remote",Growth,False,True,False,"QuikNode, QuickNode",https://bookface-images.s3.amazonaws.com/small_logos/3738c77c0ea3671e089e7ffa51492968ed674317.png,1615595217
22991,Topline Pro,topline-pro,Winter 2021,Active,Generative AI powered Shopify for home service professionals,"Topline Pro (formerly ProPhone) is a Generative AI platform enabling home service businesses to be easily discovered, trusted and booked, directly. The AI-driven interface rapidly and affordably creates a custom, SEO-optimized website along with a application to help sync content to and from local listings, put social media communications on autopilot and enable the business owner to easily get paid online.",https://www.toplinepro.com,https://www.ycombinator.com/companies/topline-pro,"New York City, NY, USA; Boston, MA, USA",28,B2B,B2B -> Operations,"B2B, Operations",SaaS,"United States of America, America / Canada, Remote, Partly Remote",Early,False,True,False,"Dwelling, ProPhone",https://bookface-images.s3.amazonaws.com/small_logos/c43a0f3a8285bc157c443799365f68e59cff1e3c.png,1615304872
22990,QuotaBook,quotabook,Winter 2021,Active,Equity management platform for startups and investors.,"Founded in 2019 by ex-VCs, Quotabook is a fintech startup building equity management solutions for startups, employees and investors. With Quotabook, founders can streamline equity data and company ownership by managing cap tables as well as running analyses and simulations. Employees are better motivated through stock option features that are aligned with the growth of the company. Investors can track performance of their portfolios with data automatically synced into the platform. Quotabook takes care of all the fuss so that founders, employees and investors can focus on building a business together. 

We are proud to be a startup helping fellow startups boost growth. Find out more about how we simplify equity management for startups around the globe from https://www.quotabook.com/en/",https://www.quotabook.com/en,https://www.ycombinator.com/companies/quotabook,"Seoul, Seoul, South Korea",50,B2B,B2B -> Finance and Accounting,"B2B, Finance and Accounting","Fintech, SaaS, B2B","South Korea, East Asia, Remote, Partly Remote",Growth,False,False,False,"Quota Lab, Inc., Quotabook",https://bookface-images.s3.amazonaws.com/small_logos/adfbf8022b6e8fb22a4da40b767f1def4bb6cf2f.png,1616481943
22989,Flextock,flextock,Winter 2021,Active,Tech-enabled fulfillment provider in the Middle East & Africa,"Flextock is a tech-enabled fulfillment provider in the Middle East & Africa. For local merchants, we warehouse the stock and deliver orders directly to their customers through our network of last mile delivery partners.",http://www.flextock.com,https://www.ycombinator.com/companies/flextock,"Cairo, Cairo Governorate, Egypt",10,B2B,B2B -> Supply Chain and Logistics,"B2B, Supply Chain and Logistics","Logistics, Supply Chain","Egypt, Middle East and North Africa, Remote, Partly Remote",Growth,False,False,False,,https://bookface-images.s3.amazonaws.com/small_logos/e59a010ccf4743c6fdc551ce25a5ef996c764b2b.png,1614628646
22987,Darrow,darrow,Winter 2021,Active,Bring Justice to Light,"Darrow is an AI-Powered Justice Intelligence Platform that scans real world data to detect harmful events, determine the number of victims, predict the outcome, and assess the financial value of a case. Using generative AI, Darrow detects impactful legal violations, matching plaintiff's lawyers with their next big case so they can stop spending valuable hours on business development and focus primarily on litigation. Darrow is based out of Tel Aviv and New York City.",https://darrow.ai/,https://www.ycombinator.com/companies/darrow,"Tel Aviv-Yafo, Tel Aviv District, Israel; New York, NY, USA",95,B2B,B2B -> Legal,"B2B, Legal",LegalTech,"Israel, United States of America, Middle East and North Africa, America / Canada",Growth,False,False,False,,https://bookface-images.s3.amazonaws.com/small_logos/a315fec23343c70a7ff5db47daaacb878c366bac.png,1628329756
22986,OpenCode,opencode,Winter 2021,Active,The open source AI coding agent,"Built by Anomaly, makers of sst.dev, opennext.js.org, openauth.js.org, models.dev, and more.",https://opencode.ai,https://www.ycombinator.com/companies/opencode,"Toronto, ON, Canada; Remote",24,B2B,B2B -> Infrastructure,"B2B, Infrastructure","Developer Tools, Open Source","Canada, America / Canada, Remote, Fully Remote",Early,False,False,False,"Anomaly Innovations, SST, Serverless Stack",https://bookface-images.s3.amazonaws.com/small_logos/a12e9098cbcd6d2919062aedf0b50e9d7b6c11e3.png,1610830891
22983,Homebase,homebase,Winter 2021,Active,Personalized rent-to-own real estate financing using technology in SEA,"Homebase provides Rent-To-Own real estate financing for buyers in Southeast Asia - the only alternative to inflexible/high-interest rate (12%+) mortgages in the region. We strive to provide more innovative, compelling, and empathetic solutions for those who aspire to own a home.

Homebase was founded in 2019 in Singapore and is backed by Y Combinator, VinaCapital Ventures, Class 5 Global, Pegasus Technology Ventures, 1982 Ventures, Iterative VC and Antler, as well as the founders and executives at disruptive real estate financing companies including Opendoor, Zerodown, 99.co and Divvy Homes.",http://www.gethomebase.com/,https://www.ycombinator.com/companies/homebase,"Ho Chi Minh City, Ho Chi Minh City, Vietnam; Ho Chi Minh City, Vietnam",20,Real Estate and Construction,Real Estate and Construction -> Housing and Real Estate,"Real Estate and Construction, Housing and Real Estate","Fintech, Proptech","Vietnam, Southeast Asia",Early,False,True,False,Princep Pte Ltd.,https://bookface-images.s3.amazonaws.com/small_logos/40f593ffbf87115d864ecfbdee92baad6860322a.png,1614618857
22974,LogisticsOS,logisticsos,Winter 2021,Active,World's fastest and most optimal route optimization engine,LogisticsOS provides route optimization and fleet dispatching algorithms as services to let any last-mile company offer same-day and next-hour delivery. We are the creators of the route optimization engine that both FedEx and USPS are using on production today. We increase profit per delivery by 15% and optimize thousands of deliveries in seconds using 30X faster algorithms.,https://logisticsos.com,https://www.ycombinator.com/companies/logisticsos,"Ontario, CA, USA; Remote",6,B2B,B2B -> Supply Chain and Logistics,"B2B, Supply Chain and Logistics","SaaS, Delivery, Logistics, API, Cloud Computing","United States of America, America / Canada, Remote, Fully Remote",Early,False,False,False,"Silkroads.ai, logisticsOS.ai, logisticsOS",https://bookface-images.s3.amazonaws.com/small_logos/0c3a2949d5b00e96a695286945f94952d99655cd.png,1610906188
22970,Veera Health,veera-health,Winter 2021,Active,We treat women with Polycystic Ovary Syndrome in India,"Veera Health is helping 110M women in India get treated for Polycystic Ovary Syndrome (PCOS).  Our app combines evidence-backed therapy with coaching & specialist support for a subscription fee.

PCOS is the most common cause of infertility in women, and can lead to diabetes, depression and cancer. Patients spend up to 10 years and thousands of rupees searching for the right treatment, yet 90% are dissatisfied with existing options. With our program, 85% patients report feeling ""in control"" of their PCOS after just 1 month and are 4-times more likely to complete treatment.

The founders, Shobhita (COO) and Shashwata (CEO) got an inside view into this massive need when the former was diagnosed with PCOS. Shashwata studied data science at Yale University, holds an MBA from Wharton, and helped grow Fortune 100 and growth-stage consumer health / product companies at McKinsey. Shobhita studied Biology & Psychology at Tufts University and has worked with leading healthcare companies, such as GlaxoSmithKline, Accenture Life Sciences & UnitedHealth.",https://www.veerahealth.com,https://www.ycombinator.com/companies/veera-health,"MH, India",4,Healthcare,Healthcare -> Consumer Health and Wellness,"Healthcare, Consumer Health and Wellness","Consumer Health Services, Femtech","India, South Asia, Remote, Partly Remote",Early,False,False,False,,https://bookface-images.s3.amazonaws.com/small_logos/ca91e3fbd25b407f5755068d3680f8a726f79a17.png,1614924478
22969,LightTwist,lighttwist,Winter 2021,Active,Realistic virtual video studio to record and stream from your browser,"LightTwist let you record and stream your show in a realistic virtual studio, even if your guests and co-hosts are remote. All you need is a camera, a browser, and LightTwist.",https://lighttwist.com,https://www.ycombinator.com/companies/lighttwist,"Boulder, CO, USA; Remote",2,B2B,"B2B -> Engineering, Product and Design","B2B, Engineering, Product and Design","Augmented Reality, Computer Vision, Design Tools","United States of America, America / Canada, Remote, Fully Remote",Early,False,False,False,,https://bookface-images.s3.amazonaws.com/small_logos/f8ec12fb14b1244b971c7c93d53e48145c568d22.png,1616254222
22958,Text Blaze,text-blaze,Winter 2021,Active,Slash commands anywhere,"Text Blaze saves time and increases comms quality by automating repeated tasks. Users save smart templates and insert them anywhere on the web using keyboard shortcuts. Templates can include placeholders, logic, dynamic fields, integrations with other apps, and more. ",https://blaze.today,https://www.ycombinator.com/companies/text-blaze,"San Francisco, CA, USA; Remote",9,B2B,B2B -> Productivity,"B2B, Productivity","Robotic Process Automation, SaaS, B2B","United States of America, America / Canada, Remote, Fully Remote",Early,False,True,False,,https://bookface-images.s3.amazonaws.com/small_logos/3155ba3b687741c19a97719f6f226e3e148c98f5.png,1615472232
22957,Sendbox,sendbox,Winter 2021,Active,Fulfillment by Amazon for African merchants,"Sendbox helps small e-commerce merchants who sell directly to customers through their own online channels or social media platforms with fulfillment. We now handle local and international fulfillment for over 7,500 merchants within Nigeria.",https://sendbox.co,https://www.ycombinator.com/companies/sendbox,"Lagos, LA, Nigeria; LA, Nigeria",25,B2B,B2B -> Supply Chain and Logistics,"B2B, Supply Chain and Logistics","Logistics, E-commerce","Nigeria, Africa",Early,False,False,False,,https://bookface-images.s3.amazonaws.com/small_logos/7c08839b8870d46ae5f7dd8e9369668efcc14630.png,1615493752
22955,Coderhouse,coderhouse,Winter 2021,Active,Effective and accessible online live education.,"A web app that offers live online courses in programming, design, data, online marketing and more.

Our courses are nearly as affordable as online Moocs (~$40 a month) and as effective as Bootcamps. We achieve this by running 100 person live classes with one expert professor and one mentor per 15 students. Every class, students need to turn in assignments that are corrected by their mentors and at the end of the course they need to turn in and approve a final project. We also help our selected students with careers services such as mockup interviews, Linkedin enhancement, and more. All of this creates a level of accountability that allows us to achieve really low churn levels (<9%).

Our career tracks last between 9-11 months and we give our selected students their money back in case they don't get a job 6 months after they are done with the course.",https://www.coderhouse.com/,https://www.ycombinator.com/companies/coderhouse,"Buenos Aires, CABA, Argentina",225,Education,Education,Education,"Education, eLearning, Community","Argentina, Latin America, Remote, Partly Remote",Growth,False,False,False,,https://bookface-images.s3.amazonaws.com/small_logos/a1c8c29877a4d8a5ed4f7ead913bc94a7359a143.png,1614875128
22953,Enode,enode,Winter 2021,Active,Energy Orchestration Platform,"Device connectivity, home energy coordination, and grid orchestration in a single platform.",http://www.enode.com,https://www.ycombinator.com/companies/enode,"Oslo, Oslo, Norway; Remote",70,Industrials,Industrials -> Energy,"Industrials, Energy","Climate, API, Energy, Infrastructure","Norway, Europe, Remote, Fully Remote",Growth,False,True,False,Enode AS,https://bookface-images.s3.amazonaws.com/small_logos/d173e80b5b8cf1006b5c3b5baa37e052acecc8c5.png,1616508622
22952,Trela,trela,Winter 2021,Active,Your one-stop shop to eat well in Brazil,Trela is an end-to-end marketplace that connects suppliers of healthy groceries directly to our customers' homes at the lowest prices.,https://www.trela.com.br,https://www.ycombinator.com/companies/trela,"São Paulo, SP, Brazil",120,Consumer,Consumer,Consumer,"Grocery, Marketplace","Brazil, Latin America, Remote, Partly Remote",Growth,False,False,False,"Zapt, Group buying platform for WhatsApp groups in Brazil, Zapt",https://bookface-images.s3.amazonaws.com/small_logos/eee54ff015e6d1a6d96b6bd7a3c2c4c7bde8d1c1.png,1621883484
22951,Datrics,datrics,Winter 2021,Active,Generative AI Healthcare Coding Automation,"Datrics HCP streamlines healthcare insurance claims with advanced AI technology,
improving accuracy, reducing processing time, and eliminating costly errors.",https://datrics.ai,https://www.ycombinator.com/companies/datrics,"San Francisco, CA, USA; Remote",22,Healthcare,Healthcare,Healthcare,"B2B, Analytics, Healthcare, Health Insurance, AI","United States of America, America / Canada, Remote, Fully Remote",Early,False,True,False,,https://bookface-images.s3.amazonaws.com/small_logos/497093f34ecc13678b906d7569a6740cbcbb4952.png,1611469416
22947,Great Question,great-question,Winter 2021,Active,User research on autopilot. ,"Great Question puts customer research on autopilot - from recruiting participants, scheduling interviews, sending surveys or prototype tests - and sharing what you learn with your team.

Companies like Adidas Runtastic, O'Reilly Media & MainStreet use us to put their customers at the center of their product, design & marketing decisions.",https://greatquestion.co,https://www.ycombinator.com/companies/great-question,"San Francisco, CA, USA; Remote",41,B2B,"B2B -> Engineering, Product and Design","B2B, Engineering, Product and Design","SaaS, B2B, Design Tools","United States of America, America / Canada, Remote, Fully Remote",Growth,False,True,False,,https://bookface-images.s3.amazonaws.com/small_logos/cbc38c395f4f32191dcaac60013ed038a0a40611.png,1614369362
22942,Hudu,hudu,Winter 2021,Active,The Most-Loved IT Documentation Platform,"We help IT departments collaborate, simplify their operations, and organize their information. Users can share passwords, network documentation, business processes, and other technical information in one secure, customizable, and easy interface. Instead of multiple, complex services to manage their businesses, companies can now use one, unified solution.",https://hudu.com,https://www.ycombinator.com/companies/hudu,"Fort Collins, CO, USA; Remote",26,B2B,B2B -> Operations,"B2B, Operations","SaaS, B2B, Workflow Automation","United States of America, America / Canada, Remote, Fully Remote",Growth,False,False,False,"Hudu Technologies, Inc.",https://bookface-images.s3.amazonaws.com/small_logos/1ba8db5b4e296b92db2134ccf3bd13ad06d81a85.png,1616195137
22935,Aurabeat,aurabeat,Winter 2021,Active,"Providing clean, safe, virus free air for homes, buildings and cars","We make Air Purifier and filters that is certified to eliminate COVID-19 and most other viruses and bacteria.  Our technology is independently lab tested, EPA certified and FDA registered.  Our air purifiers are already found in homes, businesses and government facilities around the world to help protect their customers and employees from airborne pathogens.",https://www.aurabeattech.com/,https://www.ycombinator.com/companies/aurabeat,"Hong Kong, Hong Kong",12,Industrials,Industrials -> Energy,"Industrials, Energy","Hardware, Energy","Hong Kong, East Asia",Early,False,False,False,,https://bookface-images.s3.amazonaws.com/small_logos/fd565a9a2988054f8f92348660341b0fcab0965f.png,1694135723
22934,Auricle,auricle,Winter 2021,Active,Neurostimulation implant to restore hearing & speech understanding,"Auricle is a medical device company building a breakthrough neurostimulation implant to restore hearing in millions of patients who no longer benefit from hearing aids, get less than 60% on a word recognition test, but aren't prepared to make the jump to a cochlear implant. 

Our approach preserves remaining natural hearing through a reversible and less invasive surgery, addressing the key concerns that hold most patients back from getting a cochlear implant (currently the only treatment option for these patients).

The company spun out of Stanford Biodesign having completed two acute human clinical studies demonstrating the approach will work. The team is now focused on developing their full implant system for their first clinical trial. 

Auricle addresses a currently unserved profile of hearing loss that affects a growing population of 3.5 million patients in the US and represents an immediately accessible $1.2B market opportunity with existing reimbursement.",https://auricle.com,https://www.ycombinator.com/companies/auricle,"San Francisco, CA, USA; Oakland, CA, USA",2,Healthcare,Healthcare -> Medical Devices,"Healthcare, Medical Devices","Hard Tech, Neurotechnology, Health Tech, Medical Devices, Healthcare","United States of America, America / Canada, Remote, Partly Remote",Early,False,True,False,,https://bookface-images.s3.amazonaws.com/small_logos/3befcbf94e33a69c5d761a78d1ff81c267da6aff.png,1680287454
22906,LiveFlow,liveflow,Winter 2021,Active,The Unified AI-ERP & FP&A Platform,"LiveFlow is the unified AI-ERP & FP&A platform.

We're on a mission to transform the $200B+ accounting & finance industry by replacing the fragmented, legacy finance stack with one intelligent system — eliminating the manual operational work for accounting & finance teams.

Serving +6,000 businesses. 

HQ in New York, with team members around the globe. ",https://www.liveflow.com,https://www.ycombinator.com/companies/liveflow,"New York City, NY, USA",51,B2B,B2B -> Finance and Accounting,"B2B, Finance and Accounting","Finance, AI","United States of America, America / Canada, Remote, Partly Remote",Growth,False,True,False,,https://bookface-images.s3.amazonaws.com/small_logos/f98bea3f929dc1e5ae170d9423f432e2f8a35726.png,1613521213
22905,Remora,remora,Winter 2021,Active,Carbon capture for vehicles,"We're building carbon capture for trains and trucks. We generate revenue for railroads and trucking companies by extracting, purifying, and selling CO2 from their exhaust. Our technology can capture up to 90% of the CO2 in the vehicle's exhaust while reducing soot, particulate matter, and NOx.

We've partnered with Union Pacific, Norfolk Southern, Ryder, and Werner, and raised $117 million from Lowercarbon Capital, Valor Equity Partners, Union Square Ventures, and Y Combinator.",https://www.remoracarbon.com,https://www.ycombinator.com/companies/remora,"Detroit, MI, USA",45,Industrials,Industrials -> Climate,"Industrials, Climate","Hard Tech, Climate, ClimateTech","United States of America, America / Canada, Remote, Partly Remote",Early,False,False,False,,https://bookface-images.s3.amazonaws.com/small_logos/22b6829346a08e83b56852b94f5e8748a17be818.png,1614308544
22903,Finary.com,finary-com,Winter 2021,Active,The new wealth manager for Europe,"Finary is empowers retail investors to grow their empire by tracking, managing & investing their money on one App.",https://finary.com/en,https://www.ycombinator.com/companies/finary-com,"Paris, Île-de-France, France",80,Fintech,Fintech -> Asset Management,"Fintech, Asset Management","Fintech, Investing, Neobank","France, Europe, Remote, Partly Remote",Early,False,False,False,"Finary, Finary.eu",https://bookface-images.s3.amazonaws.com/small_logos/92697d15148b993a9430a508d613dc56ccc3c842.png,1616250491
22890,zingbus,zingbus,Winter 2021,Active,Platform for bus travel across Indian cities,"Zingbus runs safe and affordable bus services between Indian cities. We aggregate small bus companies and optimize schedules and pricing for them, thus increasing their revenue.",https://www.zingbus.com/,https://www.ycombinator.com/companies/zingbus,"Gurugram, HR, India",40,Consumer,Consumer -> Transportation Services,"Consumer, Transportation Services","Marketplace, Travel","India, South Asia, Remote, Partly Remote",Early,False,False,False,Zingbus technology private limited,https://bookface-images.s3.amazonaws.com/small_logos/3de402abb68d1b328b9538b99267bcd826291a99.png,1614620648
22889,Greywing,greywing,Winter 2021,Active,The Operating System for Maritime,"Greywing is a platform for ship operators to automate their business, through actionable intelligence, better data and communication.

Greywing today serves three product lines to customers:

*Flotilla* is a monitoring tool for vessels, enabling vessel managers to identify fleet-level patterns and optimizations and to identify risk and liability vectors in advance.

*CRY4* is an operational tool for individual vessels that allows crew managers, security officers and masters to gather intelligence about a vessels current or proposed route, making decisions about the safest and the cheapest ports of call that a vessel can be directed to.

*Landfall* is a crew management and analysis system to provide risk reporting and detailed editing capabilities about the crew on-board a vessel.

*Semaphore* is a port-agent communications tool meant to simplify the process of interfacing with large numbers of port agents while planning a port call.",https://grey-wing.com/,https://www.ycombinator.com/companies/greywing,"Singapore, Singapore; Remote",2,B2B,B2B -> Supply Chain and Logistics,"B2B, Supply Chain and Logistics","Hard Tech, SaaS, Maritime","Singapore, Southeast Asia, Remote, Fully Remote",Early,False,False,False,Greywing Pte ltd,https://bookface-images.s3.amazonaws.com/small_logos/c83d7cd944c66a4565ddeaebe43111f7196d0a98.png,1614501483
22888,GimBooks,gimbooks,Winter 2021,Active,GimBooks makes Bookkeeping Easy for small business owners,"GimBooks offers a cloud based and Mobile First book keeping and business management platform, geared mainly towards small and micro-sized businesses of India, which is easy to use and uniquely offers domain based bookkeeping and Integrated banking.",https://gimbooks.com/,https://www.ycombinator.com/companies/gimbooks,"Raipur, CT, India",16,B2B,B2B -> Finance and Accounting,"B2B, Finance and Accounting","Fintech, SaaS, B2B","India, South Asia, Remote, Partly Remote",Early,False,False,False,G.I.M Infotech Pvt. Ltd.,/company/thumb/missing.png,1616066587
22885,Measured,measured,Winter 2021,Active,Telemedicine platform for chronic conditions like obesity,Measured is a telemedicine platform helping people with chronic conditions get access to affordable care. We're growing rapidly and have thousands of customers across the US.,https://trymeasured.com/,https://www.ycombinator.com/companies/measured,"New York City, NY, USA; New York, NY, USA",12,Healthcare,Healthcare -> Consumer Health and Wellness,"Healthcare, Consumer Health and Wellness","Consumer Health Services, E-commerce, Subscriptions","United States of America, America / Canada, Remote, Partly Remote",Early,False,True,False,"Better Health Labs, Measured Health",https://bookface-images.s3.amazonaws.com/small_logos/cbc687e580ddf0ed25424f22d04d996455ff1995.png,1615374462
22884,Rinsed,rinsed,Winter 2021,Active,Software to run car washes moving to a monthly subscription model,,https://www.rinsed.com,https://www.ycombinator.com/companies/rinsed,"New York City, NY, USA",80,B2B,B2B,B2B,"Artificial Intelligence, B2B, E-commerce, Subscriptions","United States of America, America / Canada, Remote, Partly Remote",Growth,False,False,False,,https://bookface-images.s3.amazonaws.com/small_logos/e04c655a1fa7eded2a929a6692b1417c648b4a2f.png,1614361468
22882,FirstSupport.ai,firstsupport-ai,Winter 2021,Active,AI Assistant for Customer Support,"FirstSupport is an AI-powered assistant for customer support. We give AI superpowers to support agents so they can reply quicker, understand multiple languages, get information quickly from knowledge base, summarize ticket in one click, get weekly customer support report, and many more. Available on Zendesk.",https://firstsupport.ai,https://www.ycombinator.com/companies/firstsupport-ai,"Bandung, West Java, Indonesia; Remote",4,B2B,B2B -> Operations,"B2B, Operations","Artificial Intelligence, SaaS, B2B, Customer Support, AI Assistant","Indonesia, Southeast Asia, Remote, Fully Remote",Early,False,False,False,"Chatbiz.id, Chatbiz, Arbofinance, Chatbiz",https://bookface-images.s3.amazonaws.com/small_logos/190c3ac06e53c62124919e1986a344ec51b69fea.png,1616014979
22881,BrioHR,briohr,Winter 2021,Active,All-in-one HR management platform for SMEs,"Our HR management platform helps companies instantly digitize all HR functions across the full employee journey, all in one place:
- talent acquisition: digitize and collaborate over recruitments with our ATS (applicant tracking system), then onboard your new joiners fully digitally
- HR admin: manage paid time off, employee database and documents, payroll (for Singapore and Malaysia, more to come!), expense claims, timesheets...
- Performance management: track KPIs / OKRs, manage performance appraisal, gather 360° feedback...",https://briohr.com/,https://www.ycombinator.com/companies/briohr,"Kuala Lumpur, Federal Territory of Kuala Lumpur, Malaysia",35,B2B,B2B -> Human Resources,"B2B, Human Resources","SaaS, Human Resources, B2B","Malaysia, Southeast Asia, Remote, Partly Remote",Early,False,False,False,,https://bookface-images.s3.amazonaws.com/small_logos/d7d26e3a8b124e3c002dfda1b12da4ee6b000aa8.png,1614917168
22880,True3D,true3d,Winter 2021,Active,Building the next generation of visual media,We're a research lab building foundation models and products for what comes after flat video.,https://www.true3d.com/,https://www.ycombinator.com/companies/true3d,"New York City, NY, USA",5,B2B,B2B -> Infrastructure,"B2B, Infrastructure","Artificial Intelligence, Video, Media, Infrastructure","United States of America, America / Canada",Early,False,False,False,"True3D, Hyperplane, Hackpack, LeetDesign, QuickVid.ai, TutorAI.me, QuickVid.ai, QuickVid, True3D, True3D Labs, Outpaint.com",https://bookface-images.s3.amazonaws.com/small_logos/a242a0c2ce6b1ca1518d1744187f98a3bf8eade9.png,1614739771
22879,Fathom,fathom,Winter 2021,Active,The most flexible AI meeting notetaker ever built.,"Fathom captures your meetings your way – bot or bot-free, on any call. Ask questions across your entire meeting history and get instant, cited answers. Connect your intelligence to Claude, ChatGPT, your CRM, and more. Desktop, mobile, and in-person.

The real value of meetings isn't just the notes. It's the knowledge inside them.

#1 AI Notetaker on G2. Works with Zoom, Meet, and Teams.",https://www.fathom.ai,https://www.ycombinator.com/companies/fathom,"San Francisco, CA, USA; Remote",95,B2B,B2B -> Productivity,"B2B, Productivity","SaaS, B2B, Productivity, AI, Note-taking","United States of America, America / Canada, Remote, Fully Remote",Growth,False,True,False,,https://bookface-images.s3.amazonaws.com/small_logos/cef88933ea79fe84401faaf1ce8c0ecd65c642a3.png,1641591096
22878,Popl,popl,Winter 2021,Active,Your AI GTM platform for In-Person Events,"Popl is the AI GTM platform for in-person events — the data layer for everything that happens face-to-face. Powered by AI and its proprietary data engine, Popl helps companies worldwide turn events into a measurable, scalable growth channel: universal badge scanning, AI-powered conversation recording, real-time data enrichment, and automatic CRM sync.",https://popl.co/,https://www.ycombinator.com/companies/popl,"New York City, NY, USA; Remote",60,B2B,B2B,B2B,"Artificial Intelligence, SaaS, B2B, Emerging Markets, AI","United States of America, America / Canada, Remote, Fully Remote",Early,False,True,False,,https://bookface-images.s3.amazonaws.com/small_logos/38d405f6de14f8d3d7f5c8feb80ff7911ac69ec2.png,1610523196
22876,Hermes Robotics,hermes-robotics,Winter 2021,Active,Autonomous street sweeping as a service by retro-fitting vehicles,,http://hermes-robotics.com,https://www.ycombinator.com/companies/hermes-robotics,"San Francisco, CA, USA",5,Industrials,Industrials -> Defense,"Industrials, Defense","Autonomous Trucking, Hard Tech, Robotics, Defense","United States of America, America / Canada, Remote, Partly Remote",Early,False,False,False,Hermes Robotics Inc.,https://bookface-images.s3.amazonaws.com/small_logos/ba95dd007177877192769751ade47405b6650136.png,1614620062
22870,Care Weather,care-weather,Winter 2021,Active,The highest-accuracy global weather data from low-cost flat satellites,"Care Weather collects the highest-accuracy global weather data to help governments and shipping companies adapt to extreme weather. The data is collected by Care Weather’s unique flat-panel radar satellite, which is 1000X more cost effective because it’s vertically integrated, gets more solar power, and sails on top of the atmosphere for a closer view of the surface. Our team includes CEO Patrick Walton (NASA Earth science fellow) and CTO Alex Laraway (mach 4 rockets). In the last 4 months, we built and launched the smallest radar satellite ever. We have $35M worth of LOIs, including one from the Air Force and others from cargo shippers. Care Weather is backed by Boost VC, Kickstart Seed Fund, Y Combinator, and more.",https://www.careweather.com,https://www.ycombinator.com/companies/care-weather,"Orem, UT, USA",2,Industrials,Industrials -> Aviation and Space,"Industrials, Aviation and Space","Hard Tech, Space Exploration, Satellites, Weather, Agriculture","United States of America, America / Canada",Early,False,False,False,,https://bookface-images.s3.amazonaws.com/small_logos/81e671e33f39e0cff34d99aac6c503ed578d8189.png,1692679539
22869,Logica,logica,Winter 2021,Active,"Visual, collaborative financial modeling software",Logica helps finance teams with forecasting & budgeting.  The software provides a drag and drop interface for building financial models that can be updated and shared in real time and connects with accounting and analysis tools for comparing plan vs actual.,https://logica.cloud,https://www.ycombinator.com/companies/logica,"Omaha, NE, USA; Remote",2,B2B,B2B -> Finance and Accounting,"B2B, Finance and Accounting","FinOps, Fintech, SaaS","United States of America, America / Canada, Remote, Fully Remote",Early,False,False,False,,https://bookface-images.s3.amazonaws.com/small_logos/16762085083dab3c42ea7e024432adbfac599f0d.png,1612297159
22866,Anima,anima,Winter 2021,Active,The next generation care enablement platform,"Hey, thanks for reading! We founded Anima out of a very personal problem. Again and again, we saw people dying because they got bad care plans, weeks or months late. 

We build Care Enablement for care teams - combining online consultation with productivity tools in a realtime multiplayer dashboard. By doing this, we get people optimal care within 24 hours.",http://www.animahealth.com,https://www.ycombinator.com/companies/anima,"London, England, United Kingdom; Remote",20,Healthcare,Healthcare,Healthcare,"Deep Learning, SaaS, Consumer Health Services","United Kingdom, Europe, Remote, Fully Remote",Growth,False,True,False,Continuum Health,https://bookface-images.s3.amazonaws.com/small_logos/d24874dbb8f1a038430d7e22f6fa5816224e777c.png,1614119144
22861,Pangea.app,pangea-app,Winter 2021,Active,Hire Fractional Marketing + Design Talent ,"The best way to know if someone is a good fit is to work with them on a project before you hire them full-time. 

At Pangea, we make contract-to-hire easy and painless.

We'll work with you to provide a shortlist of top, interested candidates.  

Our talent have an average of 5-7+ years of experience in design, growth, ops, product, and engineering, and are primarily based in the USA (but also extend to 155 countries)

",https://www.pangea.app,https://www.ycombinator.com/companies/pangea-app,"New York City, NY, USA; Providence, RI, USA; Remote",3,B2B,B2B -> Recruiting and Talent,"B2B, Recruiting and Talent","Marketplace, Recruiting, AI Assistant","United States of America, America / Canada, Remote, Fully Remote",Early,False,True,False,,https://bookface-images.s3.amazonaws.com/small_logos/58666900954a06483646ed11cad63426e9401b5d.png,1614621946
22857,Kredi,kredi,Winter 2021,Active,Rocket Mortgage for LatAm. ,Kredi is rocket mortgage for LatAm. ,https://www.kredi.mx/,https://www.ycombinator.com/companies/kredi,"Monterrey, N.L., Mexico; N.L., Mexico",66,Fintech,Fintech -> Credit and Lending,"Fintech, Credit and Lending","Fintech, Latin America, Lending","Mexico, Latin America, Remote, Partly Remote",Early,False,False,False,,https://bookface-images.s3.amazonaws.com/small_logos/cb75e266cc8da168413783c604562a0c244d6815.png,1614619577
22856,weweb.io,weweb-io,Winter 2021,Active,WeWeb is a no-code front-end builder that connects with any back-end.,"WeWeb is a visual programming tool that allows you to build user interfaces on top of existing databases & auth systems. It allies the short learning curve of no-code with the freedom of code.

CONTROL & FREEDOM – Build pixel-perfect frontends with drag-and-drop UI elements and no-code CSS properties but have the option to add custom code or import your own Vue.js components.

CODE BEST PRACTICES – Follow development best practices by building components, global workflows and re-usable functions with no-code triggers and formulas with the option to add custom JS where needed.  

NO VENDOR LOCK-IN – WeWeb generates a standard PWA-ready Single Page Application and allows you to deploy your projects on your own infrastructure. Build in no-code, host on-premise.",https://www.weweb.io/,https://www.ycombinator.com/companies/weweb-io,"Paris, Île-de-France, France",12,B2B,B2B -> Operations,"B2B, Operations","Developer Tools, Web Development","France, Europe, Remote, Partly Remote",Early,False,False,False,WeWeb,https://bookface-images.s3.amazonaws.com/small_logos/bee0ffda10cfa11258e095397f31eae96aa9aefb.png,1614628838
22855,Mindee,mindee,Winter 2021,Active,AI Document Understanding API,"Documents are everywhere. Through all industries, understanding their content is a critical step of many processes that software builders throughout the globe want to automate.

We focus on the science, the AI, the deep learning to give these builders the one API they need to automate the understanding of documents and give their software human-like superpowers.

Based on three pillars:
- A product: a universal self-service platform where builders can train their own models
- A catalog of use-cases: We push critical use cases to the limits of human performances in critical markets such as Accounting software, AP Automation, Expense Management, KYC and many others
- A internal capability to make tailor-made AI: We answer to specific needs from large customers that needs a custom AI of their own to handle their use cases",https://mindee.com,https://www.ycombinator.com/companies/mindee,"Paris, Île-de-France, France; San Francisco, CA, USA; London, England, United Kingdom",60,B2B,"B2B -> Engineering, Product and Design","B2B, Engineering, Product and Design","Artificial Intelligence, Deep Learning, Developer Tools, Automation, APIs","France, United States of America, United Kingdom, Europe, America / Canada, Remote, Partly Remote",Growth,False,False,False,,https://bookface-images.s3.amazonaws.com/small_logos/be982807a0a8b2d7a22e6247219e680616ddd517.png,1623073794
22854,Topkey,topkey,Winter 2021,Active,,Topkey is the all-in-one financial operating platform that simplifies expense management for hospitality managers.,https://www.topkey.io/,https://www.ycombinator.com/companies/topkey,"San Francisco, CA, USA",17,B2B,B2B -> Finance and Accounting,"B2B, Finance and Accounting","Fintech, Real Estate, Proptech","United States of America, America / Canada, Remote, Partly Remote",Early,False,True,False,,https://bookface-images.s3.amazonaws.com/small_logos/23de4d79ee063eb46469a86ed476601d26b20f0e.png,1616446473
22853,Udhaar App,udhaar-app,Winter 2021,Active,We're Khatabook / OkCredit for Pakistan,"We are a simple book-keeping app, to help 30M micro SMEs run their finances digitally.

I was visiting Pakistan. 1-day, asked our local store owner on plans for his next location. His response, 'never'. 

Since business operations & money flow are manual, he worked 16 hours / 7 days to minimize theft. Zero time with family. We got obsessed with identifying how we can help small business owners run their business and have a life. 

Everything in Pakistan is manual, store credit, sales, purchasing inventory, cash management, tax filings, payments, etc.

This idea got us hooked as it allows us to build a large company and have a huge impact on ~30M small businesses in Pakistan that contribute 74% of the overall GDP.

Explosion in 4G adoption (91M 4G subscribers, 720% growth in 5 years), is helping drive product market fit:
i. >1M downloads
ii. 4.6 star rating on Playstore & Appstore
iii. MAUs & GTV: get in touch :)",https://udhaar.pk/,https://www.ycombinator.com/companies/udhaar-app,"Karachi, Sindh, Pakistan; Sindh, Pakistan",32,Fintech,Fintech -> Payments,"Fintech, Payments",Fintech,"Pakistan, South Asia, Remote, Partly Remote",Early,False,False,False,,https://bookface-images.s3.amazonaws.com/small_logos/c65e57759d0ba9c7f2f132cd48a606ba9a1bb245.png,1615201342
22850,Quadrant Health,quadrant-health,Winter 2021,Active,Analyzing EHR and messaging data to predict disease before it occurs.,,https://quadrant.health,https://www.ycombinator.com/companies/quadrant-health,"New York City, NY, USA; Remote",8,Healthcare,Healthcare -> Healthcare IT,"Healthcare, Healthcare IT","SaaS, Healthcare IT, AI","United States of America, America / Canada, Remote, Fully Remote",Early,False,True,False,Quadrant AI,https://bookface-images.s3.amazonaws.com/small_logos/98ff600b585f1685d0eb244214f5d05f8a6dbb70.png,1652306351
22844,Kodo,kodo,Winter 2021,Active,Corporate card & spend management platform for Indian startups,,https://www.kodo.com,https://www.ycombinator.com/companies/kodo,"MH, India",45,Fintech,Fintech -> Payments,"Fintech, Payments",Fintech,"India, South Asia, Remote, Partly Remote",Early,False,True,False,,https://bookface-images.s3.amazonaws.com/small_logos/ac7360082e93204b811c88cc621106bc792d0f80.png,1614619355
22842,Dashlabs.ai,dashlabs-ai,Winter 2021,Active,Software for medical laboratories and clinics,"We write software for diagnostic laboratories. We provide the following:

- Cashier system
- Booking system
- Integration with clinical medical instruments (hematology analyzers, chemistry analyzers)
- Integration with imaging equipment (DICOM enabled x-rays, ultrasounds)
- Automatic generation of test results
- Secure sharing of test results with employers and manpower agencies (to help them meet country-specific regulatory requirements)",https://dashlabs.ai,https://www.ycombinator.com/companies/dashlabs-ai,"Manila, NCR, Philippines; Remote",30,Healthcare,Healthcare -> Healthcare IT,"Healthcare, Healthcare IT","Health Tech, B2B, Digital Health, Healthcare IT","Philippines, Southeast Asia, Remote, Fully Remote",Early,False,False,False,Dashboard Labs,https://bookface-images.s3.amazonaws.com/small_logos/17bae995f6b0935acaf72c03ea91d219a569c6dc.png,1611576095
22840,Nirva,nirva,Winter 2021,Active,The lifestyle medicine layer for clinicians.,"Nirva is the lifestyle medicine layer for clinicians. For the first time, any doctor can offer daily care between appointments and earn recurring revenue. 87% of patients improve in weeks, and our system is discovering things like which foods trigger hot flashes, insights that no existing research has found.",https://nirvahealth.com,https://www.ycombinator.com/companies/nirva,"San Francisco, CA, USA",5,Healthcare,Healthcare -> Healthcare Services,"Healthcare, Healthcare Services","Digital Health, Healthcare, Health & Wellness","United States of America, America / Canada, Remote, Partly Remote",Early,False,False,False,"Prescribe, Yara, Prescribe",https://bookface-images.s3.amazonaws.com/small_logos/e40298f2e647873021bf8e485aafd12df64afa02.png,1615890768
22836,Fintoc,fintoc,Winter 2021,Active,Account-to-Account payments in Mexico and Chile.,Account-to-Account payments in Mexico and Chile. ,https://fintoc.com,https://www.ycombinator.com/companies/fintoc,"Santiago, Santiago Metropolitan Region, Chile",60,Fintech,Fintech -> Payments,"Fintech, Payments","Developer Tools, Fintech, SaaS, Payments","Chile, Latin America, Remote, Partly Remote",Growth,False,False,False,,https://bookface-images.s3.amazonaws.com/small_logos/27ef60db6369b4ee0c99d323d0fa1867306102b9.png,1614746222
22835,Vapi,vapi,Winter 2021,Active,Voice AI for developers.,,https://vapi.ai,https://www.ycombinator.com/companies/vapi,"San Francisco, CA, USA",50,B2B,"B2B -> Engineering, Product and Design","B2B, Engineering, Product and Design",Artificial Intelligence,"United States of America, America / Canada",Growth,False,True,False,"InvestBetter, Superpowered, Vapi (formerly Superpowered), Vapi / Superpowered, Superpowered, Vapi / Superpowered, Superpowered",https://bookface-images.s3.amazonaws.com/small_logos/051e60e4dbdfee28059cc96976242e1fdc7b157b.png,1614827434
22834,Alinea,alinea,Winter 2021,Active,Automated investing for the next generation 💸,Alinea is an app for new investors where we do the hard work for you. With Alinea you have a team of investment experts in your pocket. ,https://alinea-invest.com/,https://www.ycombinator.com/companies/alinea,"New York City, NY, USA",12,Fintech,Fintech -> Consumer Finance,"Fintech, Consumer Finance","Artificial Intelligence, Education, Fintech, Social","United States of America, America / Canada",Growth,False,True,False,Alinea Invest,https://bookface-images.s3.amazonaws.com/small_logos/309f21a43676330a7d4946870c8eaef1865fe8b0.png,1613165031
22833,Lendflow,lendflow,Winter 2021,Active,Embedded lending infrastructure for software companies,"We help companies embed lending services into their software so they can better serve their customers by helping them access capital, increase engagement in their product, improve retention and expand their revenue per user.",https://lendflow.com,https://www.ycombinator.com/companies/lendflow,"Austin, TX, USA",55,Fintech,Fintech -> Payments,"Fintech, Payments",Lending,"United States of America, America / Canada, Remote, Partly Remote",Growth,False,False,False,"Lendflow, Inc.",https://bookface-images.s3.amazonaws.com/small_logos/3e4d17532ffa99531ffd5aab036f25518126619a.png,1614708691
22832,Parsagon,parsagon,Winter 2021,Active,AI to track and analyze public policy,"Parsagon is an AI that can collect and analyze publications from any government body in any jurisdiction. It currently parses and analyzes legislation, press releases, speeches, meeting minutes, executive orders, and much more in 64 countries and counting.

Fortune/Global 500 companies, policy firms, and other organizations are using Parsagon to uncover policy insights in hundreds of jurisdictions that they would otherwise miss. Customers use us to:

- Analyze changes in US state education policy
- Generate reports on UK financial regulations
- Monitor vaccine policies across the EU
- And much more!",https://parsagon.io,https://www.ycombinator.com/companies/parsagon,"San Francisco, CA, USA; Remote",2,B2B,B2B,B2B,"Artificial Intelligence, Monitoring, AI","United States of America, America / Canada, Remote, Fully Remote",Early,False,False,False,"Parsagon, Inc.",https://bookface-images.s3.amazonaws.com/small_logos/d7aefca6f08e98bcb987bd108cb1bbe99254dd91.png,1614621550
22829,Camber,camber-2,Winter 2021,Active,Admin automation for healthcare,"We’re on a mission to make behavioral health more available and accessible. We're backed by a16z, YCombinator, Craft, and many others to make this dream a reality.

At Camber, we build software for clinicians to improve quality of care. We streamline and replace manual efforts so clinicians can focus on what they do best: providing high-quality care.

—

Healthcare is broken. We think this is a problem worth solving, and we think we know how to solve it. Interested? Check out https://jobs.ashbyhq.com/camber.
",https://www.camber.health/,https://www.ycombinator.com/companies/camber-2,"New York City, NY, USA",85,Healthcare,Healthcare -> Healthcare IT,"Healthcare, Healthcare IT","Mental Health Tech, Health Tech","United States of America, America / Canada",Growth,False,True,False,"Valea Health, Juniper",https://bookface-images.s3.amazonaws.com/small_logos/e44c98a727dfb369d39fb2137b6d847e0f673396.png,1610859243
22828,Aviron Interactive,aviron-interactive,Winter 2021,Active,"Aviron transforms workouts with game-based exercise machines, making…","Aviron, a Y Combinator-backed company, reimagines fitness with connected exercise machines powered by an immersive gaming platform. We're on a mission to build the leading fitness entertainment experience, motivating our community through game psychology, engaging content, and innovative technology.",https://www.avironactive.com/,https://www.ycombinator.com/companies/aviron-interactive,"Toronto, ON, Canada",90,Consumer,Consumer -> Home and Personal,"Consumer, Home and Personal","Sports Tech, Consumer Health Services, Gaming","Canada, America / Canada, Remote, Partly Remote",Early,False,False,False,,https://bookface-images.s3.amazonaws.com/small_logos/8d1b859d99f654a1c205c27880e536814118b5c7.png,1610575224
22826,FifthTry,fifthtry,Winter 2021,Active,Continuous Documentation To End Documentation Rot,"FifthTry is a Notion-like documentation tool designed to end documentation rot. We integrate with GitHub and block code changes from getting deployed till documentation has been updated and approved. We call this Continuous Documentation.
",https://www.FifthTry.com,https://www.ycombinator.com/companies/fifthtry,"Bengaluru, KA, India",4,B2B,B2B -> Productivity,"B2B, Productivity","Documents, Developer Tools","India, South Asia, Remote, Partly Remote",Early,False,False,False,fifthtry,https://bookface-images.s3.amazonaws.com/small_logos/552447facd8d9e007c6306d2f307ff1eee8ac30a.png,1616247173
22806,Per Diem,per-diem,Winter 2021,Active,The AI operating system for restaurants,"Restaurants today rely on dozens of disconnected tools to manage ordering, loyalty, marketing, and operations. Per Diem replaces that fragmented software stack with AI agents that build and maintain branded apps, run marketing campaigns, manage loyalty, automate operations, and help restaurants grow first-party sales. Built natively on Square, 800+ brands use Per Diem to power more than 500,000 monthly orders as their operating system for commerce, customer retention, and growth.",https://tryperdiem.com,https://www.ycombinator.com/companies/per-diem,"New York City, NY, USA; Remote",25,B2B,B2B -> Marketing,"B2B, Marketing","Payments, Consumer, B2B","United States of America, America / Canada, Remote, Fully Remote",Early,False,True,False,,https://bookface-images.s3.amazonaws.com/small_logos/598668f38816dc5cfd50d0d695fccc6371a93877.png,1614618932
22796,Firstbase.io,firstbase-io,Winter 2021,Active,The all-in-one startup operating system,"Incorporation, compliance, bookkeeping, and taxes – all in one place.",https://firstbase.io/,https://www.ycombinator.com/companies/firstbase-io,"New York City, NY, USA; Remote",50,B2B,B2B -> Operations,"B2B, Operations","SaaS, B2B, LegalTech","United States of America, America / Canada, Remote, Fully Remote",Growth,False,True,False,,https://bookface-images.s3.amazonaws.com/small_logos/e25b587ba0f496e6716664e7fc54e10f8b437fdb.png,1615225051
22792,Bimaplan,bimaplan,Winter 2021,Active,Affordable insurance for the next billion Indians,"Bimaplan is an affordable insurance platform for the next billion Indians.

Our vision is to provide financial security to 150 million vulnerable households through contextual life and health insurance products. The growth in mobile penetration and the evolution of digital infrastructure in India has now made it possible to reach this vulnerable population. This is an $8 billion addressable market.

We launched in February 2021, and went live with one insurance underwriting partner. We are on track to sell 1,000 policies in March 2021. We are backed by some of the best early stage technology investors, successful fintech founders, and insurance industry veterans.

The company is founded by Vikul Goyal, a second-time founder with a successful exit track record. His previous venture, Carcrew, was acquired by TVS Group, a large automotive conglomerate in India.",https://www.bimaplan.co,https://www.ycombinator.com/companies/bimaplan,"Bengaluru, KA, India; MH, India",30,Fintech,Fintech -> Insurance,"Fintech, Insurance","Fintech, Microinsurance","India, South Asia, Remote, Partly Remote",Early,False,False,False,Bima,https://bookface-images.s3.amazonaws.com/small_logos/34ed5c1ce09460f808ff16141b40921c2fce47a7.png,1615222466
22790,Version Story Compare,version-story-compare,Winter 2021,Active,Git for Lawyers — now within Claude,"Version Story is Git for Lawyers, offering a suite of deterministic tools — compare, merge, rebase, etc. — via MCP and REST API. Easy to embed in Claude or in custom applications.",https://versionstory.com/,https://www.ycombinator.com/companies/version-story-compare,"New York City, NY, USA",30,B2B,B2B -> Legal,"B2B, Legal","SaaS, B2B, Legal, LegalTech, AI","United States of America, America / Canada",Early,False,False,False,Version Story,https://bookface-images.s3.amazonaws.com/small_logos/c8427a4df46d5bdea47426e5463c809db03232f1.png,1616475139
22789,Gridware,gridware,Winter 2021,Active,"Protecting the grid today, preparing the grid for tomorrow","Gridware exists to enhance and protect the mother of all networks: the electrical grid. The grid touches everyone and makes our modern economy possible. But it’s also fragile. When the grid is compromised, everything grinds to a halt, and the consequences can be dire: wildfires burn, land is destroyed, property is damaged, progress stops, and lives are lost.  

Our team builds smart sensors that help utility companies to immediately detect, find, and fix outages and take steps to prevent new outages, and other related disasters, from happening at all. The need for power will only increase. We protect the grid of today while we build the grid of tomorrow.  

Gridware is privately held and backed by the best climate-tech and Silicon Valley investors. We are headquartered in San Francisco",https://www.gridware.io,https://www.ycombinator.com/companies/gridware,"San Francisco, CA, USA",125,Industrials,Industrials -> Energy,"Industrials, Energy","Hardware, Climate, Energy, Enterprise Software","United States of America, America / Canada, Remote, Partly Remote",Growth,False,True,False,,https://bookface-images.s3.amazonaws.com/small_logos/b29a81d7939c72383911910428333ce0a52db2e8.png,1613700116
22787,Expent Inc,expent-inc,Winter 2021,Active,Procure the right software 5x faster,"Expent is a marketplace that accelerates software procurement for teams, while giving organizations control over the entire purchasing process.",https://www.expent.ai/,https://www.ycombinator.com/companies/expent-inc,"San Francisco, CA, USA; Remote",10,B2B,B2B -> Operations,"B2B, Operations","Machine Learning, SaaS, B2B, AI","United States of America, America / Canada, Remote, Fully Remote",Early,False,False,False,Expent,https://bookface-images.s3.amazonaws.com/small_logos/a78fb173a701d08d55012208b7663e2dd99cb2be.png,1615171972
22785,Supadock,supadock,Winter 2021,Active,AI workers for logistics operations,"Supadock builds AI workers for logistics operations. In freight, every call, document, and signature exists to prove diligence — not just save time. Check calls, proof-of-delivery reconciliations, ID verification, and invoice audits all ensure compliance, reduce liability, and protect margins.

Supadock automates these high-accountability workflows while ensuring accuracy, compliance, and risk reduction. Our AI agents use cameras, voice, email, and document processing to handle tasks like verifying driver IDs, coordinating warehouse entry, assigning shipments to carriers, checking freight status, reconciling pickup and delivery paperwork, and following up on late invoices.
",https://getsupadock.com,https://www.ycombinator.com/companies/supadock,"Toronto, ON, Canada; Remote",1,B2B,B2B -> Supply Chain and Logistics,"B2B, Supply Chain and Logistics","Artificial Intelligence, Logistics, Conversational AI","Canada, America / Canada, Remote, Fully Remote",Early,False,False,False,"401 LABS Inc., 401 Labs, Javelin Robotics",https://bookface-images.s3.amazonaws.com/small_logos/ba044f166f0d448b96ee68727d9064e936c25a6e.png,1673215529
22782,Terapify,terapify,Winter 2021,Active,Online therapy platform for the Spanish-speaking market,"Terapify offers high-quality on-demand mental healthcare for individuals and businesses.

Currently, people in more than 45 countries take therapy with us on a recurring basis every month.",https://www.terapify.com,https://www.ycombinator.com/companies/terapify,"Mexico City, CDMX, Mexico; Guadalajara, Jal., Mexico; Remote",15,Healthcare,Healthcare -> Consumer Health and Wellness,"Healthcare, Consumer Health and Wellness","Mental Health Tech, Consumer Health Services, Telemedicine","Mexico, Latin America, Remote, Fully Remote",Early,False,False,False,,https://bookface-images.s3.amazonaws.com/small_logos/977b62d64526005c6519759c68077b9e3051f210.png,1614619238
22781,Cyble,cyble,Winter 2021,Active,"Cyble - World’s First Intelligence-Driven, AI-Native Security…","To reimagine cybersecurity with an AI-native platform that unifies detection, protection and remediation across the digital attack surface

Headquartered in Alpharetta, Georgia, and with offices in Australia, Malaysia, Singapore, Dubai, Saudi Arabia and India, Cyble has a global presence. To learn more about Cyble, visit www.cyble.com.  ",https://cyble.com/,https://www.ycombinator.com/companies/cyble,"San Francisco, CA, USA",197,B2B,B2B -> Security,"B2B, Security","SaaS, Security, AI","United States of America, America / Canada, Remote, Partly Remote",Growth,False,True,False,,https://bookface-images.s3.amazonaws.com/small_logos/f1559fe73a2c1a1b683d40299a231a3a0becfe24.png,1613603669
22779,Axle Health,axle-health,Winter 2021,Active,Scheduling and workforce management SaaS for home healthcare providers,"Axle Health provides scheduling and workforce management software for home healthcare providers. The Axle platform includes a mobile app for clinicians, an operations dashboard for office teams, proprietary logistics algorithms to optimize scheduling, and a patient engagement and booking solution. Axle is integrated with a wide range of EMRs, and the entire Axle product can be customized and accessed modularly via API. Some of the biggest home health care providers in the country use Axle’s software to improve the utilization of their clinical teams, and automate the operational burden of scheduling and dispatching.",https://www.axlehealth.com,https://www.ycombinator.com/companies/axle-health,"Los Angeles, CA, USA",28,Healthcare,Healthcare -> Healthcare IT,"Healthcare, Healthcare IT","Scheduling, Logistics, Healthcare","United States of America, America / Canada",Growth,False,True,False,Febris,https://bookface-images.s3.amazonaws.com/small_logos/48b548fd88ed1c898f2a5e58f8a6edb67f37bd16.png,1611436998
22777,Gradia Health,gradia-health,Winter 2021,Active,"Integrated, high touch healthcare — at scale","Our mission is simple: challenge archaic rules and implied medical conventions in healthcare to better serve patients and physicians.

Gradia is the backbone of the entire patient experience, helping patients get personalized, high-touch care while also making clinics more money. With our software patients can stay informed/educated about the status of their care, easily communicate with their providers, and get direct access to a specialized virtual care team.

Our software is currently at several clinics across the Southeastern US and helping thousands of patients get the care they deserve. ",https://www.gradia.com/,https://www.ycombinator.com/companies/gradia-health,"New York City, NY, USA; San Francisco, CA, USA",7,Healthcare,Healthcare -> Healthcare IT,"Healthcare, Healthcare IT","Consumer Health Services, Health Tech, Telehealth, Digital Health, Healthcare","United States of America, America / Canada, Remote, Partly Remote",Early,False,False,False,Gradia,https://bookface-images.s3.amazonaws.com/small_logos/44bc169d96caf1313f58725e54592f7076bf43d5.png,1614626496
22776,Sivo,sivo,Winter 2021,Active,Debt as a service for companies to lend money to their users at scale.,"Sivo provides debt as a service. Our API and risk protocol allows fintechs, neobanks, and gig platforms to lend money to their users, at scale, without having to raise debt which can take up to two years. You can think of us as Stripe for Debt. 

We started 6 months ago, in March signed a $100m debt capital partnership, and will be launching our API in April. We already have more than 100 companies in our customer pipeline including Uber. 

We’ve been able to move so quickly because we are a team with previous exits and decades of experience in risk, debt, and enterprise software for companies including Goldman Sachs, Revolut, NASA, McKinsey and Citigroup.",https://sivo.com,https://www.ycombinator.com/companies/sivo,"Vancouver, BC, Canada; San Francisco, CA, USA; Remote",15,Fintech,Fintech -> Credit and Lending,"Fintech, Credit and Lending","Artificial Intelligence, Fintech","Canada, United States of America, America / Canada, Remote, Fully Remote",Early,False,False,False,,https://bookface-images.s3.amazonaws.com/small_logos/42187afef499e02a7d9253f59f6403faa4a7787f.png,1615229897
22772,Prequel,prequel,Winter 2021,Active,Helping B2B co's sync data to their customers,"Prequel makes it easy for companies to share data with their customers. It helps you export data directly to your customer's Snowflake, Redshift, BigQuery, Databricks, or other data warehouse on an ongoing basis.",https://prequel.co,https://www.ycombinator.com/companies/prequel,"New York City, NY, USA; New York, NY, USA",9,B2B,B2B -> Analytics,"B2B, Analytics","SaaS, Analytics, Data Engineering","United States of America, America / Canada",Early,False,True,False,Vigo,https://bookface-images.s3.amazonaws.com/small_logos/adf6a0c470e58a697fb3d5dfb5dbbe734d9aa0fd.png,1614619481
22764,Valink Therapeutics,valink-therapeutics,Winter 2021,Active,Discovering bispecific antibody drug-conjugates (BsADC) against cancer,"Valink Therapeutics develops next generation antibody-based therapeutics. We identify novel mechanism of action from known targets by incorporating multiple antibody modifications at once, rapidly and scalable generating complex drug candidates (bi-/multispecificity, multivalency and drug-conjugation in a single discovery process). Our research focus is on solid tumours poorly addressed by immunotherapy.",https://www.valinktx.com/,https://www.ycombinator.com/companies/valink-therapeutics,"Boston, MA, USA",15,Healthcare,Healthcare -> Therapeutics,"Healthcare, Therapeutics","Biotech, Therapeutics, Drug discovery","United States of America, America / Canada, Remote, Partly Remote",Early,False,False,False,"SpyCombinator, LiliumX",https://bookface-images.s3.amazonaws.com/small_logos/4fdbac90b07fa4233736c11be944db20adb49e3b.png,1614618602
22751,Fractional,fractional,Winter 2021,Active,The place where motivated investors and entrepreneurs co-own together.,,https://fractional.app,https://www.ycombinator.com/companies/fractional,"San Francisco, CA, USA; Remote",10,Fintech,Fintech,Fintech,"Fintech, Real Estate, Community","United States of America, America / Canada, Remote, Fully Remote",Growth,False,True,False,,https://bookface-images.s3.amazonaws.com/small_logos/8673461b690411790594b63804ba14874ca6d3ca.png,1614896861
22745,CashBook,cashbook,Winter 2021,Active,Ramp for Indian Businesses - UPI Wallets for Employee Expenses,"Issue UPI wallets to employees, track and control the spend.",https://cashbook.in,https://www.ycombinator.com/companies/cashbook,"Bengaluru, KA, India",4,B2B,B2B -> Finance and Accounting,"B2B, Finance and Accounting","Fintech, SaaS, B2B","India, South Asia, Remote, Partly Remote",Early,False,False,False,Ekeekaran Ventures Private Limited,https://bookface-images.s3.amazonaws.com/small_logos/3d799a3b8749ea35b175f67bd64402da202e8445.png,1615747474
22744,Encord,encord,Winter 2021,Active,The data layer for physical AI,"Encord is the data layer for physical AI. We're how the world's most ambitious AI teams turn messy, multimodal data into production systems - from humanoid robots to autonomous vehicles to smart infrastructure. 300+ teams including Toyota, Skydio, and Maxar rely on Encord to curate, manage, and align the data their models actually need. $110M raised. San Francisco, New York, and London.",https://encord.com,https://www.ycombinator.com/companies/encord,"London, England, United Kingdom",150,B2B,B2B -> Infrastructure,"B2B, Infrastructure","Machine Learning, Robotics, Enterprise Software, Infrastructure, AI","United Kingdom, Europe",Growth,False,True,False,"Cord Technologies, Cord",https://bookface-images.s3.amazonaws.com/small_logos/fd8270caf52cdd1093c290cba2176776fc6c3460.png,1613768381
22742,Axiom.ai,axiom-ai,Winter 2021,Active,No-code Browser RPA,"Axiom.ai is building a no-code browser automation tool. This lets anyone automate repetitive work by recording clicking and typing actions in their browser.

We think the market has huge potential - companies like UiPath built $10 billion+ businesses by automating processes on the desktop - an industry now known as Robotic Process Automation (RPA). We think RPA has a lot more potential outside the Enterprise. 

Axiom is on its way to being the industry-standard RPA tool for the browser. It now ranks alongside Selenium - the historical industry standard - as the top result when searching for ‘Browser Automation’ on Google, and is the top-result on Chrome’s extension store.

",https://axiom.ai,https://www.ycombinator.com/companies/axiom-ai,"London, England, United Kingdom; Remote",8,B2B,B2B -> Operations,"B2B, Operations","Robotic Process Automation, SaaS","United Kingdom, Europe, Remote, Fully Remote",Early,False,False,False,Axiom,https://bookface-images.s3.amazonaws.com/small_logos/48ab4ee91faa4c6436804bf3d71a9e06873ff688.png,1614621114
22738,Pragmatic Leaders (Ankai Inc),pragmatic-leaders-ankai-inc,Winter 2021,Active,"AI-powered Corporate Training: Faster, Smarter, and More Effective","Ostronaut is an AI-powered, SaaS-based corporate training solution built to transform workforce learning. Its foundations come from six years of training 10,000+ product professionals through Pragmatic Leaders, which provided a faster, more cost-effective alternative to an MBA.

🚀 Smarter, faster, and designed for real-world impact.

- Initiative of Pragmatic Leaders","https://pragmaticleaders.io, https://ostronaut.com",https://www.ycombinator.com/companies/pragmatic-leaders-ankai-inc,"Gurugram, HR, India; Remote",10,B2B,B2B,B2B,"Artificial Intelligence, SaaS, eLearning, Sales Enablement, AI","India, South Asia, Remote, Fully Remote",Early,False,False,False,"Pragmatic Leaders Inc., Pragmatic Leaders",https://bookface-images.s3.amazonaws.com/small_logos/01625408283ee2dab9a638a711a3c4f62c3c964a.png,1614867326
22722,Pesto,pesto,Winter 2021,Active,,,https://www.getpesto.com/,https://www.ycombinator.com/companies/pesto,"San Francisco, CA, USA",8,Fintech,Fintech -> Credit and Lending,"Fintech, Credit and Lending",Fintech,"United States of America, America / Canada, Remote, Partly Remote",Growth,False,True,False,PingLend,https://bookface-images.s3.amazonaws.com/small_logos/1a632759d30777ac364558188cbef7a3323a9e28.png,1617911102
22720,Smartcuts,smartcuts,Winter 2021,Active,Chrome extension to turn clicks & keystrokes into no-code automations,"Smartcuts is a Chrome extension that lets you automate anything in your browser, without code. Record your clicks and keystrokes, and replay them later on similar web pages to automate repetitive work. It's like Excel macros for any website.",https://trysmartcuts.com/,https://www.ycombinator.com/companies/smartcuts,"New York City, NY, USA; New York, NY, USA; Remote",3,B2B,B2B -> Productivity,"B2B, Productivity","No-code, Automation","United States of America, America / Canada, Remote, Fully Remote",Early,False,True,False,,https://bookface-images.s3.amazonaws.com/small_logos/cd7d9caab849df9fa640c2d7e570d9553f12cb7c.png,1614992474
22719,Weekday,weekday,Winter 2021,Active,AI recruiter that runs outbound sourcing campaigns to find top talent,"At Weekday, we have built the most accurate database of talent (250mn+ people in US & India with contact data), we run outbound campaigns to identify top talent for any role you might be hiring for. We generate the highest response rates (30-40%) on our campaigns making sourcing talent as easy as making a job posting ",https://weekday.works,https://www.ycombinator.com/companies/weekday,"Bengaluru, KA, India; Remote",38,B2B,B2B -> Recruiting and Talent,"B2B, Recruiting and Talent","B2B, Recruiting","India, South Asia, Remote, Fully Remote",Early,False,True,False,,https://bookface-images.s3.amazonaws.com/small_logos/abebec09c171112b2f825b920689d4885969573a.png,1614838352
22717,Avocado,avocado,Winter 2021,Active,AI-Native Restaurant POS,"Avocado is a modern point-of-sale system for restaurants, powered by a built-in AI agent. More than just a POS, Avocado combines order management, KDS, kiosks, and online ordering in one platform - and lets restaurants control everything with simple voice or text commands. Want to change your menu, check your sales, or optimize pricing? Just ask. Avocado’s AI understands your business and takes action instantly, freeing up owners and staff to focus on what matters most: great food and service.",https://avocadopos.com,https://www.ycombinator.com/companies/avocado,"San Francisco, CA, USA",4,B2B,B2B -> Retail,"B2B, Retail","Fintech, Generative AI, Restaurant Tech, AI, AI Assistant","United States of America, America / Canada, Remote, Partly Remote",Early,False,False,False,"Instamenu, Avocado, Avocado (prev Instamenu), Avocado, Avocado (prev Instamenu), Avocado, Avocado (prev Instamenu)",https://bookface-images.s3.amazonaws.com/small_logos/ee598c4bd559ee64f6fb65373d9e54f75eda4260.png,1614625915
22715,Tupelo,tupelo,Winter 2021,Active,Marketplace for small business M&A,"Tupelo is building the future of how traditional small businesses are bought and sold. We are the first small business M&A marketplace with modern integrations to make selling and buying a business quick and easy. 
",https://tupelosmb.com/,https://www.ycombinator.com/companies/tupelo,"San Francisco, CA, USA; Remote",2,B2B,B2B -> Finance and Accounting,"B2B, Finance and Accounting","Fintech, Marketplace","United States of America, America / Canada, Remote, Fully Remote",Early,False,False,False,"Omphalos, Ennerate",https://bookface-images.s3.amazonaws.com/small_logos/66d8e3d4c649d64bf2f7c8ae85eca61f947f05a3.png,1614780135
22713,SpruceID,spruceid,Winter 2021,Active,SpruceID lets users control their data across the web.,"SpruceID lets users control their data across the web. Instead of people signing into platforms, we imagine platforms should sign into people’s data vaults. We implement this pattern into digital wallet ecosystems for governments, enterprises, and blockchains. We believe that architectures that enable individual autonomy in the digital world are necessary for free societies and dynamic economies to thrive.",https://www.spruceid.com,https://www.ycombinator.com/companies/spruceid,"New York City, NY, USA; Remote",25,Government,Government,Government,"GovTech, Crypto / Web3, Identity, Privacy, Infrastructure","United States of America, America / Canada, Remote, Fully Remote",Early,False,True,False,"Spruce Systems, Inc., Spruce Systems",https://bookface-images.s3.amazonaws.com/small_logos/54a542ae3d4260aaf4f044985652645200d138bb.png,1622074792
22708,Flux Auto,flux-auto,Winter 2021,Active,Physical AI for Warehouses and Factories,"Flux is building physical AI to automate material movement in warehouses and factories on legacy vehicle fleets. Using Flux's solutions customers can reduce their dependency on human drivers, while also increasing productivity and reducing operating costs. 

Flux is currently deploying with customers like Walmart, Daimler, Bajaj, Cummins, Mahindra Logistics across warehouses, fulfillment centers and factories.",https://fluxauto.ai,https://www.ycombinator.com/companies/flux-auto,"Bengaluru, KA, India",56,Industrials,Industrials -> Manufacturing and Robotics,"Industrials, Manufacturing and Robotics","Artificial Intelligence, Autonomous Trucking, Hard Tech, Robotics, AI","India, South Asia, Remote, Partly Remote",Early,False,False,False,,https://bookface-images.s3.amazonaws.com/small_logos/1782782e9f339f3d5ae2b7213cb07b675c29d2f7.png,1647888445
22707,Wyndly,wyndly,Winter 2021,Active,Life's better without allergies,"Wyndly (https://www.wyndly.com) fixes allergies by training patients' bodies to ignore their allergy triggers. Frustrated allergy suffers come to us when they no longer want to deal with pills and sprays. We diagnose the patient’s unique allergy profile and create a personalized treatment plan to give the patient lifelong allergy relief. Specifically, Wyndly is increasing access to  sublingual immunotherapy (SLIT) for allergy care. For our patients, we're combining the convenience of telehealth and direct-to-consumer care with an exceptional patient experience that never loses the context of care.

Wyndly represents an opportunity to change allergy care forever. With 60 million Americans suffering from allergies today, and with this number doubling over the coming years, there's simply an incredible need for the convenient care Wyndly provides. 

You can read more about us in [Techcrunch](https://techcrunch.com/2021/02/12/wyndly-aims-to-bring-allergy-drops-to-the-masses/).

The Wyndly Model 

At Wyndly, we believe that better connections lead to better care, and we’re committed to making both happen at every step of the patient journey. Our allergy practice allows our patients to work with expert providers to develop personalized treatment plans for long-term allergy relief using clinically proven therapies. From a patient’s initial consultation to their final treatment delivery, we want the Wyndly experience to be a breath of fresh air for allergy sufferers – truly effective allergy relief, simply and efficiently delivered.

Once we've conquered allergies, we're transforming the care model for every chronic condition. While transactional care for purchasing pills has flourished in telehealth, no one has gone after chronic care. Patients with chronic conditions are shuffled between providers, insurance, and more -- and they never feel heard. These patients deserve better, and we're going to give it to them. Wyndly is starting with allergies, but we'll expand into asthma, sleep apnea, and other conditions in the near future.

Our values

**Compassion**: We approach all our patients and partners with an open mind and a genuine desire to be of service.

**Focus**: We do a few things very well, and are always clear about our boundaries and direction of travel.

**Courage**: We embrace ambiguity and discomfort because we know that’s how we grow.

**Progress**: We make something better every single day.

*It boils down to empathy and forward momentum in everything we do.*

The team

Wyndly is proudly backed by Y Combinator and a leading group of angel investors and VCs. The founders are Dr. Manan Shah (Chief Medical Officer), an ear-nose-and-throat surgeon who’s a leading practitioner of telehealth in his specialty, and his cousin Aakash Shah (CEO), who led growth  engineering at SparkGift (acquired by Stockpile in 2016) and Parse.ly (acquired by Automattic in 2021).",https://www.wyndly.com,https://www.ycombinator.com/companies/wyndly,"New York City, NY, USA; New York, NY, USA; Remote",10,Healthcare,Healthcare -> Consumer Health and Wellness,"Healthcare, Consumer Health and Wellness","Consumer Health Services, Consumer, Digital Health, Healthcare","United States of America, America / Canada, Remote, Fully Remote",Early,False,False,False,Wyndly Health,https://bookface-images.s3.amazonaws.com/small_logos/efc133877839e6a4953617e91a7ef726172acf80.png,1612583606
22706,Curvenote,curvenote,Winter 2021,Active,Communication and publishing tools for scientists,"At Curvenote we are building the communication and publishing tools for scientists and engineers. In the future, every scientific report will feature interactive graphs with live data that will make it significantly easier to share and reproduce the work.",https://curvenote.com,https://www.ycombinator.com/companies/curvenote,"Calgary, AB, Canada; Remote",3,Healthcare,Healthcare -> Healthcare IT,"Healthcare, Healthcare IT","Documents, Developer Tools, SaaS","Canada, America / Canada, Remote, Fully Remote",Early,False,False,False,"iooxa, curvenote",https://bookface-images.s3.amazonaws.com/small_logos/56f531ce89455eab6a0bf0b30ef439c5d9cd9b78.png,1614652792
22703,Bluelight,bluelight,Winter 2021,Active,"Analytics, built for the trades.",Bluelight gives home service contractors the power of real-time data to optimize and scale their business.,https://usebluelight.com/,https://www.ycombinator.com/companies/bluelight,"San Francisco, CA, USA",3,B2B,B2B -> Analytics,"B2B, Analytics","SaaS, B2B, Analytics","United States of America, America / Canada",Early,False,True,False,,https://bookface-images.s3.amazonaws.com/small_logos/6eef372188bf11f727a7e18932768426714ab7f0.png,1614629753
22702,"Gerald Technologies, Inc",gerald-technologies-inc,Winter 2021,Active,Buy Now Pay Later + Cash Advance for Household Essentials,"Gerald is a Buy Now, Pay Later (BNPL) and cash advance app that provides users with financial flexibility without any fees—no service fees, no transfer fees, no interest, and no late fees. Unlike competitors that charge hidden fees or penalties, Gerald ensures users can shop now, pay later, and access cash advances without extra costs.

Gerald is on a mission to eliminate stress about paying bills, and provides:
Zero Fees—Ever – No interest, no late fees, no transfer fees, and no subscriptions.
Buy Now, Pay Later (BNPL) with No Hidden Costs – Users can shop now and pay later with no interest or late fees, making purchases more manageable.
Free Cash Advance Transfers – Users who shop using BNPL unlock free cash advance transfers with zero costs—no hidden fees, no percentage cuts, and no instant transfer fees.
Instant Transfers for Eligible Users – Unlike other apps that delay transfers or charge extra for speed, Gerald provides instant transfers for eligible users at no cost.

iOS: https://apps.apple.com/us/app/gerald-cash-advance-app/id1569801600
Android: https://play.google.com/store/apps/dev?id=8069558551988887008&hl=en_US
",https://www.joingerald.com,https://www.ycombinator.com/companies/gerald-technologies-inc,"New York City, NY, USA; Remote",12,Fintech,Fintech,Fintech,"Fintech, Payments, Consumer","United States of America, America / Canada, Remote, Fully Remote",Early,False,False,False,,https://bookface-images.s3.amazonaws.com/small_logos/9d57c1e081948682acc0498a4a994ff60dd63f2a.png,1614620835
22700,Moichor,moichor,Winter 2021,Active,AI Powered Animal Diagnostics,"Leveraging AI to provide veterinarians with more accurate and affordable diagnostics.  


",https://moichor.com/,https://www.ycombinator.com/companies/moichor,"San Francisco, CA, USA",29,Healthcare,Healthcare -> Diagnostics,"Healthcare, Diagnostics",Diagnostics,"United States of America, America / Canada, Remote, Partly Remote",Early,False,False,False,,https://bookface-images.s3.amazonaws.com/small_logos/d684e5402c05c9cc17faca949952294cf3f7e3e0.png,1610738476
22699,Nourish,nourish,Winter 2021,Active,Telehealth dietitians covered by insurance,Nourish is solving America's healthcare crisis by helping people eat better. We connect chronic condition patients with a Registered Dietitian via telehealth and get it covered by their health insurance.,https://nourish.com,https://www.ycombinator.com/companies/nourish,"New York City, NY, USA",250,Healthcare,Healthcare,Healthcare,"Consumer Health Services, Healthcare","United States of America, America / Canada, Remote, Partly Remote",Growth,False,True,False,"Supersonic, Sapien, Long View Labs, ChangeDog, inForum, Bulletin, Nugget, Long View Labs, Livi, livi, Livi",https://bookface-images.s3.amazonaws.com/small_logos/b70d9d7af0fb76e7a955031b3dbd9e94d8f6f31e.png,1649801872
22693,Lion Pose,lion-pose,Winter 2021,Active,"Clinical skincare tested on diverse skin, now available in Sephora.",,http://www.lionpose.com,https://www.ycombinator.com/companies/lion-pose,"San Francisco, CA, USA; Los Angeles, CA, USA; Remote",3,Consumer,Consumer,Consumer,"Consumer, Healthcare, Beauty, E-commerce","United States of America, America / Canada, Remote, Fully Remote",Early,False,False,False,"Oh My Joy, Oh My Joy Labs, Lion Pose (Oh My Joy), Lion Pose (formerly Oh My Joy)",https://bookface-images.s3.amazonaws.com/small_logos/6b678cadf9edd85f1066264219af78f6d99079ee.png,1615177953
22681,Pibit.ai,pibit-ai,Winter 2021,Active,The fastest path from submission to better decisions.,"Pibit.ai is an SF–based insurtech company reconstructing the art (and science) of commercial underwriting for carriers and MGAs. At the heart is the CURE™ platform, the industry’s only centralized underwriting risk environment fueled by agentic underwriting services that delivers decision-ready outcomes. It converts submissions into decisions by automating intake, triage, and data enrichment from documents and external sources while surfacing risk insights so you can win the right accounts faster, scale throughput, and reduce loss ratios. Backed by Y-Combinator, the proprietary platform serves dozens of clients across the US, enabling 85% faster underwriting, 32% increase in GWP per underwriter, and up to 700 basis points improvement in loss ratios. For details, visit pibit.ai.
",https://pibit.ai,https://www.ycombinator.com/companies/pibit-ai,"San Francisco, CA, USA",116,Fintech,Fintech -> Insurance,"Fintech, Insurance","Artificial Intelligence, Generative AI, B2B, Insurance","United States of America, America / Canada, Remote, Partly Remote",Growth,False,False,False,,https://bookface-images.s3.amazonaws.com/small_logos/a3b97233fe2d2709bfe27a59ba2585d4b741fe7a.png,1614376388
22677,GroMo,gromo,Winter 2021,Active,App for independent agents to sell financial products in India,"GroMo (YC W21) is building India's largest financial products distribution company. GroMo has built a network of 1.2 million agents on its platform. GroMo has built a tech-enabled social commerce platform that helps agents not only improve access to better financial products for consumers, but also bridge the financial literacy gap by helping them choose the right offerings. Currently, GroMo is distributing a broad spectrum of 100+ financial products across Insurance, Investments, Credit Cards, Loans, Saving & Demat accounts, etc. from brands such as IDFC Bank, Jupiter Money, Axis Bank, Freecharge, etc.
",https://www.gromo.in,https://www.ycombinator.com/companies/gromo,"Gurugram, HR, India",100,Fintech,Fintech,Fintech,"Fintech, Insurance","India, South Asia",Early,False,True,False,,https://bookface-images.s3.amazonaws.com/small_logos/a4e3e8136445391fcfe8afdb23cac5833b3e1e34.png,1615365926
22676,ModernLoop,modernloop,Winter 2021,Active,ModernLoop helps teams automate and streamline recruiting operations,"ModernLoop helps every company automate and streamline recruiting operations to deliver the best candidate experience. In 2022, the Department of Labor estimates there is a global talent shortage of 40 million workers, and that number is expected to grow to over 85 million by 2030. In order for companies to win the war for talent, they need to provide a best-in-class candidate experience to recruit top talent, and our product aims at doing just that!

Our founders Lydia Han (CEO) and Chris Triolo (CTO) both founded ModernLoop in December of 2020 after they saw the challenges recruiting teams had when it came to coordinating hundreds of interviews across various teams, all while making sure both hiring managers and candidates had the best experience possible. After spending 15+ combined years at companies like Facebook, Slack, Brex and Salesforce, they understood what it took to enable talent teams do their best work, and are building a product to scale alongside them as they grow.

We created ModernLoop to serve companies of all sizes in every industry to help Talent teams interview candidates quicker, easier, and enhance productivity of teams as they continue their search for top talent!",http://modernloop.io,https://www.ycombinator.com/companies/modernloop,"San Francisco, CA, USA; San Mateo, CA, USA",15,B2B,B2B -> Recruiting and Talent,"B2B, Recruiting and Talent","B2B, Recruiting, Productivity, HR Tech, Remote Work","United States of America, America / Canada, Remote, Partly Remote",Early,False,True,False,Parcel,https://bookface-images.s3.amazonaws.com/small_logos/98c81b58887d29ebe7bf174d8feef71f4ae64b25.png,1616172233
22674,arnata,arnata,Winter 2021,Active,AI workers for the logistics industry. ,,https://arnata.com,https://www.ycombinator.com/companies/arnata,"San Francisco, CA, USA",15,B2B,B2B -> Supply Chain and Logistics,"B2B, Supply Chain and Logistics","Artificial Intelligence, Generative AI, B2B, Logistics, Supply Chain","United States of America, America / Canada",Early,False,True,False,"Hub Technologies, Inc., Zerobroker Technologies, Inc., Zerobroker",https://bookface-images.s3.amazonaws.com/small_logos/48ce3bed951164a13bbe13af572bd54c82ca1e8e.png,1614807013
22671,SigNoz,signoz,Winter 2021,Active,Open source alternative to DataDog ,"SigNoz is an open-source observability platform native to OpenTelemetry with logs, traces and metrics in a single application. An open-source alternative to DataDog, NewRelic, etc. Open source Application Performance Monitoring (APM) & Observability too",https://signoz.io,https://www.ycombinator.com/companies/signoz,"San Francisco, CA, USA; Remote",38,B2B,B2B -> Infrastructure,"B2B, Infrastructure","Developer Tools, SaaS, B2B, Open Source","United States of America, America / Canada, Remote, Fully Remote",Early,False,True,False,,https://bookface-images.s3.amazonaws.com/small_logos/bf9bf94469ea296eac6cbf6d10f7674c4a8a91ef.png,1613453474
22670,PowerRouter,powerrouter,Winter 2021,Active,PowerRouter helps sales teams with lead routing in Salesforce,"PowerRouter helps sales teams assign leads and contacts to the right reps, instantly within Salesforce.  We provide a powerful automation engine with a drag and drop canvas to create routing rules, visually.  With actionable metrics to increase speed-to-lead and account based sales support, we make it very simple to stay on top of every lead in your Salesforce CRM. ",https://www.powerrouter.io,https://www.ycombinator.com/companies/powerrouter,"Austin, TX, USA",3,B2B,B2B -> Sales,"B2B, Sales",,"United States of America, America / Canada, Remote, Partly Remote",Early,False,False,False,Ziguar Inc ( dba PowerRouter),https://bookface-images.s3.amazonaws.com/small_logos/da1667caa49d4b7c3ac2755734a3de1a030e2b36.png,1614702960
22668,Hapi,hapi,Winter 2021,Active,Stocks and cryptos trading app with zero commissions and no minimums…,"Hapi democratizes investing for consumers in Latin America.

We let anyone from Latam easily invest in stocks, ETFs and cryptos in under 5 minutes, with no minimums and no commissions.",https://hapi.trade/,https://www.ycombinator.com/companies/hapi,"San Francisco, CA, USA; Remote",45,Fintech,Fintech -> Consumer Finance,"Fintech, Consumer Finance","Fintech, Finance, Consumer Finance, Trading, Cryptocurrency","United States of America, America / Canada, Remote, Fully Remote",Early,False,True,False,,https://bookface-images.s3.amazonaws.com/small_logos/af60ab7f35a66c928467a7fc0641b82466842558.png,1612134028
22666,Spokn,spokn,Winter 2021,Active,AI-powered video platform for Internal Comms and HR teams ,"Spokn makes it easy for People and Comms teams to make videos starring their own employees and leaders - no editing skills or special equipment necessary.  In minutes, you can create videos that feel as engaging as TikTok, and share them anywhere: Slack/Teams, your LMS, intranet, careers page, or job offer emails.  

Companies like InterContinental Hotels, Coinbase, Twilio, Opendoor, Udemy, SiriusXM, Gong and more use Spokn to create engaging videos for their learning & development, internal comms, recognition, DEI and employer branding. 
",https://getspokn.com/,https://www.ycombinator.com/companies/spokn,"New York City, NY, USA; Remote",20,B2B,B2B -> Operations,"B2B, Operations","eLearning, B2B, Culture","United States of America, America / Canada, Remote, Fully Remote",Early,False,False,False,,https://bookface-images.s3.amazonaws.com/small_logos/b078ddf7fbb72dfb07922637b13b56046e39ad12.png,1612300207
22665,Waypoint,waypoint,Winter 2021,Active,The email API built for product teams,"Waypoint combines a modern email API with a visual template builder so teams can ship faster.

Alternative to SendGrid, MailGun, or Postmark.",https://www.usewaypoint.com,https://www.ycombinator.com/companies/waypoint,United States; Remote,,B2B,B2B,B2B,"SaaS, B2B, Design, Email, APIs","United States of America, America / Canada, Remote, Fully Remote",Early,False,False,False,"Metaccountant, Marketbase",https://bookface-images.s3.amazonaws.com/small_logos/6bbc4ee18717a8743a3b77c32098b2eeafb4fe72.png,1620188785
22663,MedMe Health,medme-health,Winter 2021,Active,Software for pharmacies to move beyond dispensing,"MedMe Health builds software for pharmacists to deliver paid clinical services like prescribing/adapting medications, point-of-care testing, giving vaccinations, and monitoring chronic conditions.  

Our web-based platform helps both independent pharmacies and large chains schedule appointments online, conduct virtual care, automate documentation, and flag clinical opportunities. With MedMe, our customers have increased their efficiency of clinical service delivery by 10x and increased pharmacy revenue with the same staff.

For the first time, MedMe enables integrations to traditionally locally-stored pharmacy data. Our vision is to transform today’s dispensing locations to tomorrow’s health hubs. ",https://www.medmehealth.com,https://www.ycombinator.com/companies/medme-health,"Toronto, ON, Canada",60,Healthcare,Healthcare -> Healthcare IT,"Healthcare, Healthcare IT","SaaS, B2B, Digital Health, Healthcare, Healthcare IT","Canada, America / Canada, Remote, Partly Remote",Growth,False,True,False,,https://bookface-images.s3.amazonaws.com/small_logos/caddac306c8ff38ff1f26a77e311f70a0784ef09.png,1615839636
22662,Taloflow,taloflow,Winter 2021,Active,"Better, faster tech vendor research","Choosing the right tool for your tech stack is a soul-sucking exercise — countless hours in demos, endless spreadsheets, and the risk of a wrong choice. At Taloflow, our mission is to make technology selection effortless and low-risk for IT and software teams.

Taloflow is backed by Y Combinator, YC Continuity, Wonder Ventures, Plug and Play Ventures, and Voyager Capital.",https://www.taloflow.ai,https://www.ycombinator.com/companies/taloflow,"Los Angeles, CA, USA; Santa Monica, CA, USA; Remote",4,B2B,"B2B -> Engineering, Product and Design","B2B, Engineering, Product and Design","Developer Tools, SaaS","United States of America, America / Canada, Remote, Fully Remote",Early,False,False,False,,https://bookface-images.s3.amazonaws.com/small_logos/800c3d46de6422db7c2f3bd538f4a4c7638425b3.png,1612858745
22660,RocketSDR,rocketsdr,Winter 2021,Active,AI Native Sales Outreach Platform,"The only sales outreach platform you’ll ever need.

From research to outreach, RocketSDR runs your entire top-of-funnel — freeing you to focus on conversations that convert.",https://rocketsdr.ai,https://www.ycombinator.com/companies/rocketsdr,"Bengaluru, KA, India",30,B2B,B2B -> Sales,"B2B, Sales","Sales, AI","India, South Asia, Remote, Partly Remote",Early,False,True,False,Snazzy,https://bookface-images.s3.amazonaws.com/small_logos/e709fbbd586b69b614e78a934b3926dac2456289.png,1616190399
22659,Lygg,lygg,Winter 2021,Active,Building New Anti-Aging Ingredients for Skincare,"Up to 90% of skin aging is caused by UV light from the sun. Most of this is caused by UVA light and only one FDA-approved chemical ingredient protects against it. To address this, Lygg has developed a patented, photostable, and safe ingredient that triples current UVA protection.",http://www.lyggcorp.com,https://www.ycombinator.com/companies/lygg,"San Francisco, CA, USA",1,Consumer,Consumer -> Apparel and Cosmetics,"Consumer, Apparel and Cosmetics","Anti-Aging, Beauty","United States of America, America / Canada",Early,False,False,False,,https://bookface-images.s3.amazonaws.com/small_logos/ad3874f6bb8a88d69390c4e1ea06a028d9d21835.png,1648234214
22658,Howdy.com,howdy-com,Winter 2021,Active,We help US tech companies hire and manage software engineers in LATAM,"Why Howdy.com?

Howdy was founded in 2018 to help Austin startups hire talented engineers who work within US time zones in Latin America.

Since then we’ve grown to a team of over 600, and our platform has enabled hundreds of companies to hire individual teammates, set up remote, hybrid or in-office teams, and manage remote equipment assets and benefits.

Join over 200 companies, like Coinbase,Truepill, Vanta, and other YC companies that have hired with Howdy to build their tech outpost in Latin America.

Better talent: Howdy is deeply involved in the Latin American tech scene, regularly hosting meetups and inviting speakers and industry leaders into our local communities called Howdy Houses throughout Latin America. We get to personally know the top tech leaders who are interested in joining product teams in the US for the long-term. These individuals are not actively seeking jobs through freelancer platforms.

98% retention: Developer churn slows teams down. That’s why, when you hire with Howdy, developers are automatically provided with premium health insurance, top-of-the-line Apple equipment, gym memberships, lunches and the use of class-A office spaces.
Your engineering culture: When you partner with Howdy, you're not just hiring individuals; you're gaining access to a skilled local workforce that becomes an extension of your team. We provide full support in all areas, from recruitment to equipment and office spaces, allowing you to build and directly oversee your engineering outpost in Latin America as your team grows.",https://www.howdy.com/,https://www.ycombinator.com/companies/howdy-com,"Austin, TX, USA",140,B2B,B2B -> Recruiting and Talent,"B2B, Recruiting and Talent","B2B, Recruiting","United States of America, America / Canada, Remote, Partly Remote",Growth,False,False,False,"Austin Software, Howdy",https://bookface-images.s3.amazonaws.com/small_logos/d7b90bd25c8f2118457b464c606643e5a8501453.png,1616604381
22656,DreamWorld,dreamworld,Winter 2021,Active,DreamWorld is a next-gen Minecraft with generative AI building,"DreamWorld is a next-gen Minecraft with generative AI building. A game and platform for 3D user generated content, DreamWorld is a digital world with one of the largest multiplayer capacities ever developed.
Our players grew up on User Generated Content games, but are now 13-40 and have aged out Roblox / Minecraft. DreamWorld provides more powerful building tools, better graphics, and massive social multiplayer.",https://www.playdreamworld.com/,https://www.ycombinator.com/companies/dreamworld,"San Francisco, CA, USA",30,Consumer,Consumer -> Gaming,"Consumer, Gaming",Gaming,"United States of America, America / Canada, Remote, Partly Remote",Early,False,False,False,"Elysium, Elyzm",https://bookface-images.s3.amazonaws.com/small_logos/e32caa6326e2187568d8936a5e7a613643f07428.png,1614886260
22640,Albedo,albedo,Winter 2021,Active,Full-stack VLEO satellite missions,"Albedo builds and operates satellites in Very Low Earth Orbit (VLEO) — a new orbital layer much closer to Earth than traditional satellites in LEO. Flying lower unlocks sharper imagery, faster communications, and real-time maneuverability with smaller, more efficient hardware.

VLEO is naturally self-cleaning and resilient, offering a sustainable alternative to crowded low Earth orbit - providing diversification and redundancy for critical systems that we rely on in higher orbits. 

With the only flight proven VLEO system on the market, Albedo is creating a new orbital infrastructure designed for speed, precision, and resilience.",https://albedo.com,https://www.ycombinator.com/companies/albedo,"Denver, CO, USA",55,Industrials,Industrials -> Aviation and Space,"Industrials, Aviation and Space","Hard Tech, Satellites, Climate, Aerospace","United States of America, America / Canada, Remote, Partly Remote",Growth,False,True,False,,https://bookface-images.s3.amazonaws.com/small_logos/3429747f66833536a5f2b50b1cbea5ad275f53c8.png,1611609475
22638,Humaans,humaans,Winter 2021,Active,AI-Powered HRIS for high performing teams,"Humaans is a next generation HRIS supporting globally distributed organisations. Powered by a flexible data model, deep integrations, fast APIs, and enriched by AI, Humaans removes manual work, reduce compliance risk and enhance your employee experience. Humaans reduces ongoing administrative work by 65% and onboarding time by an average of 55%.

We've raised $20 million in VC funding to date. Investors include major Tech players such as Lachy Groom; Slack founder Stewart Butterfield; Shopify founder Tobias Lütke; Figma Founder Dylan Field; Linkedin ex-CEO Jeff Weiner; Stripe COO Claire Johnson; Y Combinator; Moonfire; Frontline Ventures; Exor and more.",https://humaans.io,https://www.ycombinator.com/companies/humaans,"London, England, United Kingdom",48,B2B,B2B -> Human Resources,"B2B, Human Resources","SaaS, Human Resources, B2B, Enterprise, AI","United Kingdom, Europe, Remote, Partly Remote",Growth,False,True,False,,https://bookface-images.s3.amazonaws.com/small_logos/5d9d92284da5e0578d6ae11b390f879ee72085b9.png,1616012350
22632,authzed,authzed,Winter 2021,Active,"Authorization Infrastructure securing AI at OpenAI, Zoom, & more","We build the tools companies need to provide performant and scalable authorization for their applications.

We’re founded by 3 successful entrepreneurs with expertise in enterprise software, most recently as leaders at Red Hat. Jake and Joey met on the APIs team at Google in 2010. They went on to found Quay, where Jimmy joined as their first hire. Over the past decade, they’ve changed the landscape for building and deploying software.",https://authzed.com,https://www.ycombinator.com/companies/authzed,"New York City, NY, USA; Remote",31,B2B,"B2B -> Engineering, Product and Design","B2B, Engineering, Product and Design","Artificial Intelligence, Developer Tools, Security, Open Source, Data Engineering","United States of America, America / Canada, Remote, Fully Remote",Growth,False,True,False,"Petricorp, Inc.",https://bookface-images.s3.amazonaws.com/small_logos/ee578b781cb190a51362b9fda6dc57b36d74972d.png,1624982412
22630,Alba Orbital,alba-orbital,Winter 2021,Active,"We make satellites to image everywhere on Earth, every 15 minutes","Alba Orbital is building the world's largest earth observation constellation, imaging everywhere on earth, every 15 minutes. We can see events within minutes such as wildfires in real time and have signed >$85m of LOIs, with both government and commercial customers paying pre-orders for imagery. To date we have launched 62 satellites into orbit (more than any all other yc companies combined), with more launching in 2026 onwards. We have launched a number of technology demonstration imaging satellites called Unicorns, which are the world's most advanced satellite under 1kg ever flown in orbit.",https://www.albaorbital.com,https://www.ycombinator.com/companies/alba-orbital,"Glasgow, Scotland, United Kingdom",10,Industrials,Industrials -> Aviation and Space,"Industrials, Aviation and Space","Hard Tech, Satellites","United Kingdom, Europe",Early,False,False,False,Alba Orbital Ltd,https://bookface-images.s3.amazonaws.com/small_logos/9ce29daf410b8ce0c1856dfe42a8b720ac831064.png,1614654529
22627,Atomic Industries,atomic-industries,Winter 2021,Active,Software orchestrated mass production of plastics,"Atomic is a vertically integrated plastics supplier. To offer parts better, cheaper, and faster than anyone on Earth, we became the best mold makers using AI. Our software helps us design and build the best possible mold for each unique geometry, with the goal of moving into production more rapidly than existing supply chains.",http://atomic.industries,https://www.ycombinator.com/companies/atomic-industries,"Cleveland, OH, USA",60,Industrials,Industrials -> Manufacturing and Robotics,"Industrials, Manufacturing and Robotics","Artificial Intelligence, Hard Tech, Manufacturing","United States of America, America / Canada, Remote, Partly Remote",Early,False,True,False,,https://bookface-images.s3.amazonaws.com/small_logos/ad99a50e946cb78af9f253ab66655f1d1e1b158c.png,1649630827
22625,gaiia,gaiia,Winter 2021,Active,all-in-one operating system (OS) for telcos,,http://gaiia.com,https://www.ycombinator.com/companies/gaiia,"Remote, OR, USA; Remote",100,B2B,B2B -> Operations,"B2B, Operations","IoT, Mobility, Telecommunications","United States of America, America / Canada, Remote, Fully Remote",Early,False,False,False,"oxio, Gaiia",https://bookface-images.s3.amazonaws.com/small_logos/3f33f5c2c6c8f8eae4c79b3afb782709b112e4b8.png,1612041832
22624,The Third Place,the-third-place,Winter 2021,Active,Subscriptions for neighborhood businesses ,,https://www.thethirdplace.is/,https://www.ycombinator.com/companies/the-third-place,"San Francisco, CA, USA",2,B2B,B2B -> Retail,"B2B, Retail","SaaS, Community, Subscriptions","United States of America, America / Canada",Early,False,False,False,,https://bookface-images.s3.amazonaws.com/small_logos/88667b8179fda61279a214b2a7f6028dd1e54534.png,1615345476
22618,Trestle Biotherapeutics,trestle-biotherapeutics,Winter 2021,Active,Bioengineered kidneys for patients with kidney failure,"We are developing an implantable therapeutic tissue that will be surgically delivered to patients suffering from end stage renal disease.  Upon implantation, this tissue will supplement the patient's renal function, eliminating their dependency on dialysis and improving their disease status. This has the potential to not only get these patients off dialysis - a significant impact for them and their families - but to greatly extend the time required before kidney transplantation is essential.",http://www.trestlebio.com,https://www.ycombinator.com/companies/trestle-biotherapeutics,"San Diego, CA, USA",2,Healthcare,Healthcare -> Industrial Bio,"Healthcare, Industrial Bio",Biotech,"United States of America, America / Canada",Early,False,False,False,,https://bookface-images.s3.amazonaws.com/small_logos/c0912ac989e9c9882feee4241222a8356814f6cb.png,1615929032
22617,Serna Bio,serna-bio,Winter 2021,Active,Genetic Medicine with Small Molecules ,"Serna Bio is developing small molecules to modulate RNA function, unlocking the potential to treat diseases driven by biology intractable by other modalities. 
",http://serna.bio,https://www.ycombinator.com/companies/serna-bio,"Ontario, CA, USA; Remote",5,Healthcare,Healthcare -> Therapeutics,"Healthcare, Therapeutics","Biotech, Drug discovery","United States of America, America / Canada, Remote, Fully Remote",Early,False,False,False,Ladder Therapeutics (LTX),https://bookface-images.s3.amazonaws.com/small_logos/e5c345ecf4dc0bf6d96b3cb2f1e7485d78c1449d.png,1659537090
22612,Bristle,bristle,Winter 2021,Active,"At-home oral health testing, coaching & care",,https://bristlehealth.com/,https://www.ycombinator.com/companies/bristle,"San Francisco, CA, USA; Remote",6,Healthcare,Healthcare -> Consumer Health and Wellness,"Healthcare, Consumer Health and Wellness","Consumer Health Services, Telemedicine","United States of America, America / Canada, Remote, Fully Remote",Early,False,False,False,,https://bookface-images.s3.amazonaws.com/small_logos/87e726a2454c0935512148421c2e0459dbe54174.png,1614359546
22608,cloud humans,cloud-humans,Winter 2021,Active,AI-powered customer service for startups,"cloud humans introduces claudIA, every startup's CX super agent.

ClaudIA is a GPT based bot who can answer any customer support tickets with zero tech effort and already integrated with your current flows and systems. 

With ClaudIA, you can automate 55-90% of your customer's enquiries while maintaining the same service level you are proud of. Gain efficiency, scalability and quality today.

Try it free (demo): https://www.cloudhumans.com/us/claudia-demo
Reach out if you have any questions: bruno@cloudhumans.com",https://www.cloudhumans.com,https://www.ycombinator.com/companies/cloud-humans,"New York City, NY, USA; São Paulo, SP, Brazil",30,B2B,B2B -> Operations,"B2B, Operations","Artificial Intelligence, SaaS, Chatbot, Customer Service","United States of America, Brazil, America / Canada, Latin America, Remote, Partly Remote",Early,False,False,False,Cloud Humans,https://bookface-images.s3.amazonaws.com/small_logos/37f0dc4beddd72199475bab9ec433aaf3d593df6.png,1616466701
22591,Runway,runway,Winter 2021,Active,Easier and more reliable mobile app releases for teams.,,https://runway.team,https://www.ycombinator.com/companies/runway,"New York City, NY, USA; New York, NY, USA; Remote",20,B2B,"B2B -> Engineering, Product and Design","B2B, Engineering, Product and Design","SaaS, B2B","United States of America, America / Canada, Remote, Fully Remote",Early,False,True,False,,https://bookface-images.s3.amazonaws.com/small_logos/a792f803f1d7ccad7da795b30ca7b07eb81a1cdc.png,1615594933
22581,Atrato,atrato,Winter 2021,Active,Enabling consumers split the cost of purchases without a credit card,"Enabling merchants and consumers to offer flexibility at the point of sale
",https://www.atratopago.com,https://www.ycombinator.com/companies/atrato,"Mexico City, CDMX, Mexico; Remote",80,Fintech,Fintech -> Payments,"Fintech, Payments","Fintech, Payments, Consumer Finance","Mexico, Latin America, Remote, Fully Remote",Early,False,False,False,,https://bookface-images.s3.amazonaws.com/small_logos/2eb43ccb3094d71c256104d56a6bb710a42b9682.png,1614706914
22579,Abacum,abacum,Winter 2021,Active,The AI-native FP&A platform that helps Finance teams drive business…,"Finance teams get instant access to all the operational and financial metrics in one place. 

With a single click, Finance teams surface insights, automate reporting, forecast revenue, plan headcount, and run multiple scenarios at scale.

Abacum perfectly balances entreprise-grade scalability with consumer-grade ease of use. Our powerful, intuitive multi-dimensional modeling engine and collaborative workflows make business partnering seamless.

With more than $100M raised, Abacum powers industry leaders such as CoreWeave, Strava, Replit, Abridge, BetterUp, Placer.ai, Kajabi, Aiven, Dish Networks, and hundreds more.

Finance teams rate Abacum as the best FP&A solution for mid-market companies, with a 4.8/5 rating on G2 - higher than any competitor.",https://www.abacum.ai/,https://www.ycombinator.com/companies/abacum,"New York City, NY, USA",125,B2B,B2B -> Finance and Accounting,"B2B, Finance and Accounting","FinOps, SaaS","United States of America, America / Canada, Remote, Partly Remote",Growth,False,True,False,,https://bookface-images.s3.amazonaws.com/small_logos/c68fde42d3e518462af23884242db3a8fe9dd158.png,1613602354
22533,Webiny,webiny,Winter 2021,Active,Open-source framework for building serverless applications,"When the public cloud appeared migration was easy. Existing apps running on physical servers could just be moved to virtual machines running in the cloud. The cloud is now moving towards serverless, and serverless is not backward compatible. New tools need to be created and existing apps need to be rewritten. Webiny provides developers with everything they need to build those serverless apps.

We are a 100% remote team.",https://www.webiny.com,https://www.ycombinator.com/companies/webiny,"Zagreb, Croatia; London, England, United Kingdom; Remote",6,B2B,"B2B -> Engineering, Product and Design","B2B, Engineering, Product and Design","Developer Tools, B2B, Open Source","Croatia, United Kingdom, Europe, Remote, Fully Remote",Early,False,False,False,,https://bookface-images.s3.amazonaws.com/small_logos/adfd1c33ceed7c9e58e31857fc68ab3c74ad1ad4.png,1615457343
23640,eqtble,eqtble,Winter 2021,Acquired,Turning HR data into actionable insights,"At eqtble, we’re on a mission is to empower companies to make more equitable decisions around their employees. We're building a people analytics platform that enables talent and people leaders to access a rich set of analytics and insights out of their existing data.

Within a short time period, we've vaulted to the top of the HR tech industry with our tech-first people analytics solution. With customers such as Etsy, Chobani, Nuro, Harrys, Checkr - eqtble is on a path to being the leader in the people analytics space.",https://eqtble.com/,https://www.ycombinator.com/companies/eqtble,"New York City, NY, USA; Remote",5,B2B,B2B -> Human Resources,"B2B, Human Resources","SaaS, Human Resources, B2B","United States of America, America / Canada, Remote, Fully Remote",Early,False,False,False,,https://bookface-images.s3.amazonaws.com/small_logos/24f8cacce5d2f2682093390e63f96ed44a2c1e4f.png,1614791983
23638,Journey,journey,Winter 2021,Acquired,No code platform for sales to tell better stories and win more deals.,"Journey is a storytelling tool designed for the internet age. We've identified hundreds of opportunities to tell better stories: sales, marketing, fundraising, and many more.

Journey is a tool that allows you to combine all sorts of content into one interactive experience. We believe that the future of storytelling looks more like a video game than a slideshow.

We're an experienced senior team (the founders have worked together for 6 years across two companies) that is building a well funded and thoughtful company.",http://journey.io,https://www.ycombinator.com/companies/journey,Remote,10,B2B,B2B -> Sales,"B2B, Sales","SaaS, B2B, AI","Remote, Fully Remote",Early,False,False,False,,https://bookface-images.s3.amazonaws.com/small_logos/14a1841964a7b67a276aa01bfe4416451177ed93.png,1622650082
23610,PipeBio,pipebio,Winter 2021,Acquired,PipeBio is a SaaS bioinformatics platform to develop antibody drugs.,"Pipe|bio is the bioinformatics cloud for antibody / peptide screening & drug development.

We enable scientists to analyze and manage massive amounts of DNA sequencing data themselves without the need for bioinformaticians or programmers. The software is highly visual and enables you to overlay and filter information from different sources across your organization; be it assay data, sequence data or other process metadata. Insights from past results can be used to guide new experiments and they get better as you upload more and more data. Team leads get oversight and these capabilities combined empower organizations to find better drugs, faster.

We believe that science moves faster when scientists can curate and analyse their own data.",https://pipebio.com,https://www.ycombinator.com/companies/pipebio,"Aarhus, Denmark; Remote",10,Healthcare,Healthcare -> Therapeutics,"Healthcare, Therapeutics","AI-powered Drug Discovery, Machine Learning, SaaS","Denmark, Europe, Remote, Fully Remote",Early,False,False,False,Pipe|bio,https://bookface-images.s3.amazonaws.com/small_logos/b6fb87df991642ec6fcea487e6c1e54683c1319f.png,1614718514
23423,Awari,awari,Winter 2021,Acquired,Reinventing lifelong learning for the future of work.,"We're replacing masters degrees in Brazil with cohort-based courses for top talent to advance their careers in tech. The programs incorporate hands-on learning with sessions led by experts from high-profile companies like Rappi, Nubank, Apple, Google, and more. ",https://awari.com/,https://www.ycombinator.com/companies/awari,"São Paulo, SP, Brazil; Remote",35,Education,Education,Education,"Education, eLearning","Brazil, Latin America, Remote, Fully Remote",Early,False,False,False,,https://bookface-images.s3.amazonaws.com/small_logos/42f9f8b19814046b01e1445ea3f0550ffe1e16f2.png,1615384615
23415,Friz,friz,Winter 2021,Acquired,AI Social Media Manager,"Brainstorm, create, publish and manage content and advertisements on social media using 1 tool.
",https://www.usefriz.com,https://www.ycombinator.com/companies/friz,"Singapore, Singapore",4,Consumer,Consumer -> Job and Career Services,"Consumer, Job and Career Services","Developer Tools, SaaS, Design Tools, Social Media, AI","Singapore, Southeast Asia, Remote, Partly Remote",Early,False,False,False,Feige,https://bookface-images.s3.amazonaws.com/small_logos/e03c6972dbbb7bfad3e7b3234b4c293d71b365cc.png,1614407757
23370,Uiflow,uiflow,Winter 2021,Acquired,No-code platform for enterprise software companies,At Uiflow we are building a platform that allows for developers and designers to build production applications at the speed of thought. You can imagine it as a cross between Unity and Figma,https://www.ycombinator.com/companies/uiflow,https://www.ycombinator.com/companies/uiflow,"San Francisco, CA, USA; Remote",21,B2B,"B2B -> Engineering, Product and Design","B2B, Engineering, Product and Design","Developer Tools, SaaS, B2B","United States of America, America / Canada, Remote, Fully Remote",Early,False,False,False,"UI Flow, Uiflow, UiFlow",https://bookface-images.s3.amazonaws.com/small_logos/f68a4b24e2ee28b18236caa367656f8fd63bfb11.png,1614791464
23318,inBalance,inbalance,Winter 2021,Acquired,"Electricity price forecasts for energy storage, ev charging, etc.","We use machine learning to accurately forecast electricity prices. Our live customers, including Enel, use our software to improve revenue by millions of dollars per year.",https://inbalanceresearch.com,https://www.ycombinator.com/companies/inbalance,"San Francisco, CA, USA; Cambridge, MA, USA; Remote",10,Industrials,Industrials -> Energy,"Industrials, Energy","Energy Storage, SaaS, Climate","United States of America, America / Canada, Remote, Fully Remote",Early,False,False,False,InBalance,https://bookface-images.s3.amazonaws.com/small_logos/99290b7945e22f2dcc0d8b0286db8221c37245e7.png,1615837960
23290,Kitemaker,kitemaker,Winter 2021,Acquired,A faster and more collaborative alternative to Jira for remote teams,"Kitemaker is a faster and more collaborative alternative to Jira optimized for remote teams.

It's helping teams spend less time and effort on collaboration by providing a place for discussing and documenting initiatives, it collects activities and discussions across tools, and it's fast and simple to use.

Unlike tools like Jira and Notion, our primary focus is helping software development teams spend less time coordinating across tools and roles so they have more time figuring out and building the things their users want.",https://kitemaker.co,https://www.ycombinator.com/companies/kitemaker,"Oslo, Oslo, Norway; Remote",5,B2B,"B2B -> Engineering, Product and Design","B2B, Engineering, Product and Design","Developer Tools, Productivity, Team Collaboration, Remote Work","Norway, Europe, Remote, Fully Remote",Early,False,False,False,,https://bookface-images.s3.amazonaws.com/small_logos/31e1e3cc75ece89e87204c189c3bac074fa63d7b.png,1614618589
23265,Mono,mono,Winter 2021,Acquired,"Plaid for Africa, but better. ",We allow companies to access data from their customers bank accounts and allow them to debit money from these same bank accounts.  ,https://mono.co,https://www.ycombinator.com/companies/mono,"Lagos, LA, Nigeria",10,Fintech,Fintech -> Banking and Exchange,"Fintech, Banking and Exchange",Fintech,"Nigeria, Africa, Remote, Partly Remote",Growth,False,False,False,,https://bookface-images.s3.amazonaws.com/small_logos/b97c4db893c7132d2d6deeb08700784456ba75dc.png,1612182536
23239,Preki,preki,Winter 2021,Acquired,Shopify for LatAm,"Preki creates easy to use e-commerce solutions for local businesses in LatAm, you can think of us as Shopify for LatAm.

Setting up an online business in LatAm is expensive, hard to learn and time consuming.

With us, all businesses have to do is follow an onboarding process and add products - no code or design involved. This process takes less than 30 seconds and users can start selling immediately.",http://www.preki.com,https://www.ycombinator.com/companies/preki,"Bogotá, Bogota, Colombia",15,B2B,B2B,B2B,"SaaS, B2B, E-commerce","Colombia, Latin America, Remote, Partly Remote",Early,False,False,False,,https://bookface-images.s3.amazonaws.com/small_logos/b10d77e47db3e8eb6906d0910aae2de86a6b6efe.png,1614702088
23229,Pyroscope,pyroscope,Winter 2021,Acquired,Open source continuous profiling software to debug performance issues,Pyroscope is an open source continuous profiling platform. With just a few lines of code it will help you debug performance issues and find bottlenecks in your code.,https://pyroscope.io/,https://www.ycombinator.com/companies/pyroscope,"San Francisco, CA, USA; Oakland, CA, USA",5,B2B,"B2B -> Engineering, Product and Design","B2B, Engineering, Product and Design","Developer Tools, SaaS, Open Source, Kubernetes","United States of America, America / Canada, Remote, Partly Remote",Early,False,False,False,Ignite,https://bookface-images.s3.amazonaws.com/small_logos/247a74da94904c06b274f1d233ed28b07bb00ee7.png,1611939797
23167,Worksphere,worksphere,Winter 2021,Acquired,Manage your hybrid workplace,"Worksphere helps companies manage a hybrid workplace where employees work from the office and from home. We allow employees to reserve a desk, know who will be in office, and better coordinate in-person meetings. Companies can let go of unused office space and save money.
",https://www.worksphere.com,https://www.ycombinator.com/companies/worksphere,"Seattle, WA, USA",6,B2B,B2B -> Operations,"B2B, Operations","SaaS, B2B","United States of America, America / Canada, Remote, Partly Remote",Early,False,False,False,,https://bookface-images.s3.amazonaws.com/small_logos/44becbcafc8276380e50b52564490352395e9f3f.png,1611872137
23075,TaoFi,taofi,Winter 2021,Acquired,The financial layer for decentralized AI,,https://taofi.com,https://www.ycombinator.com/companies/taofi,"San Francisco, CA, USA",11,Fintech,Fintech,Fintech,"Artificial Intelligence, DeFi","United States of America, America / Canada",Early,False,False,False,"Trained Eye, Sturdy, Sturdy Finance, Sturdy",https://bookface-images.s3.amazonaws.com/small_logos/0978b02398d2e208700132e4080e74a5adc8d662.png,1616256593
23073,unSurvey,unsurvey,Winter 2021,Acquired,"AI-led market research interviews, no scheduling, instant insights.",,http://www.unsurvey.ai,https://www.ycombinator.com/companies/unsurvey,"San Francisco, CA, USA; Remote",8,B2B,"B2B -> Engineering, Product and Design","B2B, Engineering, Product and Design","B2B, Feedback, Market Research, AI","United States of America, America / Canada, Remote, Fully Remote",Early,False,False,False,"Middle Out, Corrily",https://bookface-images.s3.amazonaws.com/small_logos/bfe64969ee3b1dd58f0167002557cdeb6c146f38.png,1613766184
23063,Striga,striga,Winter 2021,Acquired,Compliant Crypto and Banking Infrastructure,"Striga is building infrastructure for digital assets and financial services as a single set of APIs doing the heavy lifting of security and regulatory compliance. Striga's customers include early stage FinTech's, Web3 innovators, Banking Institutions and Crypto Exchanges utilizing services spanning the range of Crypto Custody, Trading, Card Issuing and Banking. Building a crypto business today is a highly regulated space unlike a few years ago and maintaining a compliance program and building technology presents a huge barrier to entry for startups and mid-size businesses alike and the Striga platform solves the problem with a single set of APIs and a single contract to deliver services to 30 countries today.",https://striga.com/,https://www.ycombinator.com/companies/striga,"Tallinn, Harju County, Estonia",14,Fintech,Fintech -> Payments,"Fintech, Payments","Crypto / Web3, Compliance","Estonia, Europe, Remote, Partly Remote",Early,False,False,False,Lastbit,https://bookface-images.s3.amazonaws.com/small_logos/b08440373659fcbdaa43425b9239102bfad05c12.png,1614224006
23038,Dyte,dyte,Winter 2021,Acquired,"Real-time audio & video SDKs, ready to launch 🚀",Integrate live video calls with Dyte Video SDK with less than 10 lines of code.,https://dyte.io,https://www.ycombinator.com/companies/dyte,"Bengaluru, KA, India; Remote",45,B2B,B2B -> Infrastructure,"B2B, Infrastructure","Video, API, Telecommunications","India, South Asia, Remote, Fully Remote",Early,False,False,False,dyte,https://bookface-images.s3.amazonaws.com/small_logos/770e5b3b347dbbb7f635ee0bda4a8e6f8f4a3f14.png,1610553313
23037,Enable Us,enable-us,Winter 2021,Acquired,Digital Sales Rooms (Acquired by MindTickle),"Enable.us is an all-in-one workspace for the B2B Sales, Marketing, and Customer facing teams to provide a personalized and interactive buying and onboarding experience to their prospective customers. Customer facing teams have everything they need in one single location to:

- Capture Video/Audio Product demos, customer references, sales decks, white-papers, contracts, onboarding material, and other content 

- Automatically organize & contextualize  (by industry, persona, deal stage, deal size)

- Build personalized deal rooms with AI-targeted content,  simplified workflows, and 1:1 communication with the prospect and other stakeholders/influencers.

Learn more about our launch here https://www.producthunt.com/posts/referenceable or sign up here  https://www.enable.us/",https://www.enableus.com,https://www.ycombinator.com/companies/enable-us,"San Francisco, CA, USA; Remote",14,B2B,B2B -> Sales,"B2B, Sales","Artificial Intelligence, SaaS, B2B","United States of America, America / Canada, Remote, Fully Remote",Early,False,False,False,"Referenceable, enable.us (formerly Referenceable), enable.us, enable.us (formerly Referenceable)",https://bookface-images.s3.amazonaws.com/small_logos/d44c347d2423e9e5111ff1d951050b1e74ca9883.png,1614646819
23008,TechBiz,techbiz,Winter 2021,Acquired,MIS on mobile for SMB's in India,"SMEs find it hard to derive value from their business data which is stuck inside hard-to-access accounting softwares. We provide them an app-first MIS/Business Intelligence solution to track their business essentials (Debtors, Creditors, Sales, Outstanding etc.) and help make quicker and better decisions.",https://www.techbiz.app,https://www.ycombinator.com/companies/techbiz,"New Delhi, DL, India; MH, India; Remote",3,B2B,B2B,B2B,"SaaS, SMB","India, South Asia, Remote, Fully Remote",Early,False,False,False,AcadPal,https://bookface-images.s3.amazonaws.com/small_logos/abadb16d32663d19fb3abcf6c62840b512ae6a63.png,1614915412
22985,Partnered,partnered-2,Winter 2021,Acquired,The network where sales teams connect to share customer introductions.,Partnered is the network where B2B sales teams share customer introductions. Join for free and get started in less than five minutes.,https://partnered.com,https://www.ycombinator.com/companies/partnered-2,"New York City, NY, USA; New York, NY, USA; Remote",2,B2B,B2B -> Sales,"B2B, Sales","SaaS, B2B","United States of America, America / Canada, Remote, Fully Remote",Early,False,False,False,Partnered LLC,https://bookface-images.s3.amazonaws.com/small_logos/18d89c45e822220d07382eb9c791b197b1f7dd64.png,1615151408
22968,Trendpop,trendpop,Winter 2021,Acquired,Discover trends as they happen,"Trendpop is the leading analytics and insights platform for short-form video marketing. We’re on a mission to help anyone go viral on social video platforms. We’re a deeply technical team that has taken a data-first approach to this problem: our core engine has collected over a billion social video posts that are analyzed with state-of-the-art algorithms to understand the recommendation algorithms that power virality. 

Trendpop was co-founded by Yoav Zimmerman (CEO) and Jonathan (Yoni) Ben-tzur (CTO) in August 2020, raising money from YCombinator (W21) to build Trendpop and growing to profitability in 12 short months. In January 2022, Trendpop was acquired by Collab, a veteran company in the digital creator space and an official TikTok creative and marketing partner. Today, Trendpop powers the TikTok marketing programs of top major record labels in North America and is quickly expanding to new markets in the film, television, beauty, and DTC eCommerce industry. Trendpop is currently used by leading marketing and A&R professionals in the music industry (both indie and major) to help their artists go viral on TikTok and hundreds of brands and creators who consistently win on social video.",http://trendpop.com,https://www.ycombinator.com/companies/trendpop,"San Francisco, CA, USA",10,B2B,B2B -> Analytics,"B2B, Analytics","Analytics, Social Media, Music, Creator Economy","United States of America, America / Canada, Remote, Partly Remote",Early,False,False,False,StreamReport,https://bookface-images.s3.amazonaws.com/small_logos/b40e160733825b6020e2d1156723b24f3f649def.png,1626217428
22902,Verak,verak,Winter 2021,Acquired,Better Business Insurance for MSMEs in India,"Verak is now part of InsuranceDekho as of April 2023.

Verak offered next day coverage starting at ₹8 per day for MSMEs in India to insure any facility (shop, warehouse, factory etc) against 15+ natural & man-made perils. (*)

Our team worked across the entire insurance value-chain: From satellite based underwriting to machine learning based pricing to instant quotation to WhatsApp based claims.
",http://verak.in,https://www.ycombinator.com/companies/verak,"Bengaluru, KA, India",45,Fintech,Fintech -> Insurance,"Fintech, Insurance",Insurance,"India, South Asia, Remote, Partly Remote",Early,False,False,False,BimaPe,https://bookface-images.s3.amazonaws.com/small_logos/855c741a332ef96bfff5cdcb2a2907b57709f104.png,1616840076
22887,R2,r2,Winter 2021,Acquired,Embedded lending infrastructure,R2 enables platforms to seamlessly offer capital to their SMB customers in Latin America,https://r2.co/,https://www.ycombinator.com/companies/r2,"Mexico City, CDMX, Mexico",100,Fintech,Fintech -> Credit and Lending,"Fintech, Credit and Lending","Fintech, B2B","Mexico, Latin America, Remote, Partly Remote",Growth,False,False,False,R2 Capital,https://bookface-images.s3.amazonaws.com/small_logos/b369086fdabf6bd95df9f4c2751399f39b54f2fd.png,1614661647
22875,Roin Technologies,roin-technologies,Winter 2021,Acquired,Building robots to automate commercial concrete construction.,We build automated robots for concrete floor construction. One person with our robots does the work of 6 construction workers.,https://rointech.com,https://www.ycombinator.com/companies/roin-technologies,"San Francisco, CA, USA",3,Industrials,Industrials -> Manufacturing and Robotics,"Industrials, Manufacturing and Robotics","Hard Tech, Hardware, Robotics","United States of America, America / Canada",Early,False,False,False,,https://bookface-images.s3.amazonaws.com/small_logos/afbc32810da2502f7867b684a41c0f373e5c9854.png,1615830962
22867,Procoto,procoto,Winter 2021,Acquired,Self-service RFP management,"Procoto makes running RFPs, tracking contracts, and managing vendors simple and affordable. We get procurement teams out of dense systems and spreadsheets without having to drop a hefty check on SAP or Coupa.",https://procoto.com,https://www.ycombinator.com/companies/procoto,"Saint Petersburg, FL, USA; Remote",4,B2B,B2B -> Finance and Accounting,"B2B, Finance and Accounting","Fintech, SaaS, Procurement","United States of America, America / Canada, Remote, Fully Remote",Early,False,False,False,"Proficy, procoto",https://bookface-images.s3.amazonaws.com/small_logos/cca6737048b576c714290c829ede60b01976d857.png,1615955146
22843,Orbillion Bio,orbillion-bio,Winter 2021,Acquired,Tasty and scalable cultivated meat at price parity,"Intro to Orbillion Bio: https://www.youtube.com/watch?v=wAf21WXxnhw (Slush Nov 2024)

Orbillion is making cultivated beef at scale using advanced computational models to rapidly optimize the bioprocess and reduce cost. With Orbillion’s proprietary bioware, they can precisely control the microenvironment that the meat cells need. This supercharges cell growth without the need for GMO, serum, or expensive growth factors, enabling a cost of $4 per kg at commercial scale.


Orbillion’s technology addresses the industry's two main challenges: cost and scale-up. Its integrated bioprocess platform allows Orbillion to  produce at a commercial level  anywhere globally within two weeks in an asset-light fashion. Partnerships with two global food companies of combined $280B revenue, and a European partner have fast-tracked commercialization in the $211B ground beef market. Founders Dr. Patricia Bubner and Samet Yildirim are the only industry founders with scale-up experience in mammalian cells from the biopharma industry. Orbillion is backed by The Venture Collective, Y Combinator, At One Ventures, Venture Souq, and Hub71 among others.",https://www.orbillion.com/,https://www.ycombinator.com/companies/orbillion-bio,"San Francisco, CA, USA",7,Industrials,Industrials -> Climate,"Industrials, Climate","Cultured Meat, Climate, Food Tech","United States of America, America / Canada, Remote, Partly Remote",Growth,False,False,False,,https://bookface-images.s3.amazonaws.com/small_logos/be3ee88da804df3544dbb3e04269cb45cc6f2258.png,1614619033
22831,Emerge Tools,emerge-tools,Winter 2021,Acquired,Supercharge your mobile apps,"Emerge is a suite of developer tools designed to supercharge mobile apps and the teams that build them.

Our tooling is already used by many of the best mobile teams in the world like DoorDash, Square, Airbnb, Duolingo, Stripe, among others. Come help us make it even better!",https://www.emergetools.com/,https://www.ycombinator.com/companies/emerge-tools,"Los Angeles, CA, USA; Santa Monica, CA, USA; Remote",9,B2B,"B2B -> Engineering, Product and Design","B2B, Engineering, Product and Design","Artificial Intelligence, Developer Tools, B2B, Enterprise","United States of America, America / Canada, Remote, Fully Remote",Early,False,False,False,Emerge,https://bookface-images.s3.amazonaws.com/small_logos/d082e2fe9c186f3598bbc35bc7f05b0752b53458.png,1614619318
22830,Pry Financials,pry-financials,Winter 2021,Acquired,Finance for Founders (now at prune.com),"Now working on prune.com

Pry makes it simple for companies to manage their budget, hiring plan, financial models, and cash runway.

Today, most people plan for their business once a quarter. It's done in Excel - buggy, boring, confusing, and really time-expensive. A lot of people have tried to solve this and only found moderate success or failed.

We're the team to do it right.",https://www.pry.co,https://www.ycombinator.com/companies/pry-financials,"San Francisco, CA, USA; Remote",7,B2B,B2B -> Finance and Accounting,"B2B, Finance and Accounting","Fintech, Finance","United States of America, America / Canada, Remote, Fully Remote",Early,False,False,False,,https://bookface-images.s3.amazonaws.com/small_logos/aa9e2b87b2b4d5d15fa0f6f3864444c603335cf6.png,1614447840
22827,Promoted.ai,promoted,Winter 2021,Acquired,Dramatically better search and ads for marketplaces,"Promoted.ai unifies search, native ads, and feed ranking for online marketplaces and scaled e-commerce apps to dramatically improve relevance (and revenue) using AI. We are a team of ex-Google, Meta, and Pinterest ads engineers. Our customers are publicly traded and late-stage marketplace companies like Eventbrite, Upwork, and Outschool. Our mission is to connect every buyer and seller.",http://www.promoted.ai,https://www.ycombinator.com/companies/promoted,"Seattle, WA, USA",12,B2B,B2B,B2B,"Machine Learning, Marketplace, B2B, E-commerce","United States of America, America / Canada, Remote, Partly Remote",Early,False,False,False,"Promoted.ai, Promoted, Promoted.ai, Promoted",https://bookface-images.s3.amazonaws.com/small_logos/bd28656a2bd5b2cc24a2d0577bedc594f2e0ffe7.png,1611343241
22797,OctiFi,octifi,Winter 2021,Acquired,Buy Now Pay Later for Southeast Asia,"We empower commerce with instant 0% interest loans for responsible spenders.  Consumers can now renovate their dream homes or buy furniture online with an extended budget and pay later at no extra cost.
",https://www.octifi.com,https://www.ycombinator.com/companies/octifi,"Singapore, Singapore",11,Fintech,Fintech -> Consumer Finance,"Fintech, Consumer Finance",Fintech,"Singapore, Southeast Asia",Early,False,False,False,,https://bookface-images.s3.amazonaws.com/small_logos/4746c5eaff6f6c81f7f11e51cb6414a60b07956d.png,1610523190
22791,Bueno Finance,bueno-finance,Winter 2021,Acquired,Building Chime for India,Credit building platform for next billion users. We offer digital credit card over UPI ,https://buenofinanceinc.com,https://www.ycombinator.com/companies/bueno-finance,"Gurugram, HR, India",18,Fintech,Fintech -> Credit and Lending,"Fintech, Credit and Lending","Fintech, India, Neobank","India, South Asia, Remote, Partly Remote",Early,False,False,False,,https://bookface-images.s3.amazonaws.com/small_logos/d4c3c418c736bb44e99123a5021d831862cb46f8.png,1614835053
22788,FunctionUp (FanPlay),functionup-fanplay,Winter 2021,Acquired,A skill-tech platform that runs placement bootcamps,A technical placement bootcamp in the Income Sharing Model. We train top tech talent with 0 upfront fee and place them across our partner companies. Also our program has a deep social impact. We  provide special assistance to women and unemployed youth in India- both economically and socially.,https://www.functionup.org/,https://www.ycombinator.com/companies/functionup-fanplay,"Bengaluru, KA, India",20,Education,Education,Education,"Education, Income Share Agreements, eLearning","India, South Asia, Remote, Partly Remote",Early,False,False,False,"FanPlay Technologirs, FanPlay Technologies, FanPlay",https://bookface-images.s3.amazonaws.com/small_logos/0820440595cd7867b8708d7f3e9a2a2410501d0e.png,1610556466
22778,HyperGlue,hyperglue,Winter 2021,Acquired,Business intelligence on text,"There is more text generated than any one person or team can read. A single product team can not hope to sift through their thousands of feedback responses and determine the signal amongst the noise.

Hyperglue enables operators, product managers, and analysts to instantly access machine intelligence on large text datasets without the engineering or headcount overhead required to deploy natural language AI within their business.
",https://www.hyperglue.com,https://www.ycombinator.com/companies/hyperglue,"San Francisco, CA, USA; Remote",5,B2B,B2B -> Analytics,"B2B, Analytics","Machine Learning, B2B, NLP","United States of America, America / Canada, Remote, Fully Remote",Early,False,False,False,Gemini AI,https://bookface-images.s3.amazonaws.com/small_logos/a16e421a067f9b41e80bcc361abe747f87cfe040.png,1651612188
22774,Flok,flok,Winter 2021,Acquired,End to end company retreat planning,"Flok offers end to end company retreat planning. Flok combines a planning dashboard with human retreat designers to provide your team with the best retreat possible. From booking hotel room blocks to planning and executing the ideal itinerary, Flok has you covered. ",https://goflok.com/,https://www.ycombinator.com/companies/flok,"New York City, NY, USA; New York, NY, USA; Remote",5,B2B,B2B,B2B,"Marketplace, Travel, Remote","United States of America, America / Canada, Remote, Fully Remote",Early,False,False,False,"Whittle, Rep",https://bookface-images.s3.amazonaws.com/small_logos/1786834366804ba2ed29076ffc03671952338d22.png,1615298781
22771,Avenue,avenue,Winter 2021,Acquired,Observability platform for operations teams,"Avenue is a simple way for business teams to set up alerts from their database or data warehouse. Think Datadog / PagerDuty for operations teams.

Operations teams create set-and-forget alerts on all their data, so they can be more proactive with their time (and monitor on more nuanced triggers than just what fits on their dashboard page).

Avenue can improve response times to critical problems from several days to real-time by alerting directly on the data sources that customers already use.",https://avenue.app/,https://www.ycombinator.com/companies/avenue,"New York City, NY, USA; New York, NY, USA",8,B2B,B2B -> Operations,"B2B, Operations","Developer Tools, SaaS, Data Engineering","United States of America, America / Canada",Early,False,False,False,Avenue Technologies,https://bookface-images.s3.amazonaws.com/small_logos/e5f67e2ce27f5eb8afbeff838eb65ceab7f77903.png,1614620141
22752,ClipDrop,clipdrop,Winter 2021,Acquired,Turn regular mobile photos into professional product visuals,"ClipDrop is an app that turns regular mobile photos into professional product visuals.

Thanks to companies like Poshmark, Etsy and Ebay, there are now over 25M sellers who need great visuals for their shops but most of them don’t have access to a professional photographer or a design team. We replace all of this with our app available on mobile and desktop.

We’re a team of former Google, Facebook employees and Machine learning PhD’s and academic Professors. We believe that machine learning will bring professional photography and design to millions of businesses for a fraction of the cost.",https://clipdrop.co,https://www.ycombinator.com/companies/clipdrop,"Paris, Île-de-France, France; Remote",5,Consumer,Consumer -> Content,"Consumer, Content","SaaS, Computer Vision, Design Tools","France, Europe, Remote, Fully Remote",Early,False,False,False,"Init ML, Clickdrop",https://bookface-images.s3.amazonaws.com/small_logos/3bfd4a654412f2405d3448ad846ed61f08074a04.png,1614841884
22750,PingPong,pingpong,Winter 2021,Acquired,Video messaging app for remote teams.,"A video messaging app for remote teams in multiple time zones—it's like Slack for video.

With PingPong, teams collaborate by exchanging short video, voice, and screen recording clips.",https://www.getpingpong.com/,https://www.ycombinator.com/companies/pingpong,"Orem, UT, USA; Remote",8,B2B,B2B -> Productivity,"B2B, Productivity",SaaS,"United States of America, America / Canada, Remote, Fully Remote",Early,False,False,False,Girbil,https://bookface-images.s3.amazonaws.com/small_logos/f60fc0298e4210c3ecef8236aada13ca0951206c.png,1614916353
22743,Segments.ai,segments-ai,Winter 2021,Acquired,Build better computer vision models by building better datasets,"[Segments.ai](http://segments.ai/) is helping robotics and automotive companies label their multi-sensor data for AI training and validation. Our platform enables customers to efficiently annotate their point cloud and image data, accelerating their path to autonomy.

We're a fast-growing, remote-first YC startup with a lean team and healthy runway. [Segments.ai](http://segments.ai/) is used by large organizations as well as innovative startups building the next generation of autonomous drones, delivery robots, self-driving cars, and more.",https://segments.ai,https://www.ycombinator.com/companies/segments-ai,"Brussels, Brussels, Belgium; Remote",8,B2B,"B2B -> Engineering, Product and Design","B2B, Engineering, Product and Design","Deep Learning, Developer Tools, Computer Vision","Belgium, Europe, Remote, Fully Remote",Early,False,False,False,,https://bookface-images.s3.amazonaws.com/small_logos/ac88c08aefaf0753bc9d29d8d7ced656148b852c.png,1615300374
22741,Laudspeaker,laudspeaker,Winter 2021,Acquired,Open source mobile marketing platform. Alternative to appcues /…,"Open source mobile marketing automation and customer onboarding platform. Alternative to braze customer io / iterable / pendo / appcues  . Segment and engage your users with complex scheduled push notification, sms and email campaigns. (acquired by PostHog)",https://laudspeaker.com/?ref=bf,https://www.ycombinator.com/companies/laudspeaker,"San Francisco, CA, USA; Remote",3,B2B,B2B -> Marketing,"B2B, Marketing","SaaS, B2B, Open Source, Automation","United States of America, America / Canada, Remote, Fully Remote",Early,False,False,False,"Askly, Tachyon",https://bookface-images.s3.amazonaws.com/small_logos/a3b42d39456545bb9b0fc5c6bcccfb598bd73cfb.png,1611772724
22714,Fountain9,fountain9,Winter 2021,Acquired,Helping food brands and retailers reduce food wastage,"Fountain9 is a predictive inventory planning solution. We help food brands and retailers reduce food wastage and improve product availability by predicting their future inventory needs. 

Food wastage is a global problem that has both financial and environmental costs. An estimated $1.3 Bn tonnes of food is wasted every year and 7 - 15% of that is because of mismanaged inventory. 

We accurately predict future inventory imbalances which lead to out of stock situations or wastage, and also recommends best ways of minimising their impact. Our state of the art demand sensing and pricing engine takes into account several factors like historical sales trends, seasonality, holidays, markdown events and pricing changes to predict future inventory requirements and optimize prices. Predicted inventory demand is also aligned with supply side data to identify ideal suppliers and replenishment quantities that minimize chances of stock outs or inventory wastage.",https://www.fountain9.com,https://www.ycombinator.com/companies/fountain9,"San Francisco, CA, USA",8,B2B,B2B -> Retail,"B2B, Retail","Artificial Intelligence, Warehouse Management Tech, E-commerce, Supply Chain, Retail","United States of America, America / Canada",Early,False,False,False,,https://bookface-images.s3.amazonaws.com/small_logos/5a386fb41df1dea72d053221119a74e5fb6e081b.png,1615635674
22695,Furmacy,furmacy,Winter 2021,Acquired,Digital e-prescribing software for veterinarians.,"

",http://www.furmacy.com/,https://www.ycombinator.com/companies/furmacy,"San Francisco, CA, USA; El Dorado Hills, CA, USA; Remote",5,Healthcare,Healthcare -> Healthcare IT,"Healthcare, Healthcare IT",,"United States of America, America / Canada, Remote, Fully Remote",Early,False,False,False,"Furmacy, Inc.",https://bookface-images.s3.amazonaws.com/small_logos/3bd950fed78b8323e824ecbcf495c67cb0d73c85.png,1616190550
22669,Stacksi,stacksi,Winter 2021,Acquired,Automated Answers to Security Questionnaires,"Stacksi helps companies automate the process of answering enterprise security questionnaires so they can close deals faster and save their best engineers’ time for more strategic projects.
Salespeople, CTOs, and CEOs of fast-growing enterprise startups can upload security questionnaires into our system. If the company already has written security policies, they can upload those documents, too. From there, Stacksi parses their documents, identifies gaps in their security policies vs. standards, and helps them establish a successful security program. 
Ultimately, we will help them 1) automate completion of security questionnaires, 2) quickly get through enterprise security audits and 3) improve their security posture.",https://www.stacksi.com,https://www.ycombinator.com/companies/stacksi,"Los Angeles, CA, USA; Remote",4,B2B,B2B -> Security,"B2B, Security","Compliance, Cybersecurity","United States of America, America / Canada, Remote, Fully Remote",Early,False,False,False,,https://bookface-images.s3.amazonaws.com/small_logos/f156eef4b9ac5fa38dd9afff769a51093bf61255.png,1614621439
22667,Finley,finley,Winter 2021,Acquired,Streamline your debt capital raise and management,"Finley simplifies debt capital raise and management. Our software helps companies like Ramp, Arc and Parafin automate due diligence, ensure compliance, and streamline ongoing reporting with their capital providers. Our team brings experience from Goldman Sachs, Nova Credit, and Palantir Technologies, and is backed by Y Combinator and Bain Capital Ventures.",https://www.finleycms.com,https://www.ycombinator.com/companies/finley,"San Francisco, CA, USA",32,Fintech,Fintech -> Credit and Lending,"Fintech, Credit and Lending","Fintech, SaaS, Enterprise","United States of America, America / Canada, Remote, Partly Remote",Growth,False,False,False,,https://bookface-images.s3.amazonaws.com/small_logos/b8f7eafbaed6e4784352f8ba9e3f4c19615d784e.png,1613622206
23630,Alltruists,alltruists,Winter 2021,Inactive,"Kid-friendly, at-home volunteer projects in a box, delivered bimonthly","Alltruists is a subscription for at-home, kid-friendly volunteer & giving projects for families - delivered every other month.

We give kids (and grown-ups!) a way to give back anytime, anywhere. Each box is themed around one big issue in the world - from homelessness to clean water to hunger to climate action and more - and guides kids to engage with that issue in positive, meaningful ways.

In each box:

A proprietary mini-book to help kids learn about the issue at hand
1-2 empathy-building activities to help kids connect with others' experiences
1-2 unique volunteer projects designed with incredible nonprofit partners
Online giving experience where kids direct a $5 donation (included in the box) to one of three nonprofit partner projects
(There are also a few surprises in each box, little things kids can keep as reminders or touchstones so they can easily reflect on the lessons learned.)",http://www.alltruists.com,https://www.ycombinator.com/companies/alltruists,"Los Angeles, CA, USA; Remote",1,Consumer,Consumer -> Job and Career Services,"Consumer, Job and Career Services","Subscriptions, Kids","United States of America, America / Canada, Remote, Fully Remote",Early,False,False,False,,https://bookface-images.s3.amazonaws.com/small_logos/c4e4c587ba03669839628bf5f3c7300c2d93bd41.png,1615960254
23629,AXAR AI,axar-ai,Winter 2021,Inactive,How great teams ship with AI,,,https://www.ycombinator.com/companies/axar-ai,"San Francisco, CA, USA",4,B2B,B2B,B2B,"Developer Tools, B2B, AI","United States of America, America / Canada, Remote, Partly Remote",Early,False,False,False,"TimeTackle, Tackle, Hightime, Hightime AI, Tackle, Hightime AI, Tackle, AXAR AI, Tackle, AXAR AI, Tackle, AXAR AI",https://bookface-images.s3.amazonaws.com/small_logos/52cb3520d9bab156b57aed7f3c76a564ce21c4cb.png,1616475313
23521,MindPortal,mindportal,Winter 2021,Inactive,Thought-to-Language AI Models,"MindPortal is a pioneering AI research company advancing human-AI interaction by enabling people to communicate with computers and AI assistants purely through thought. As an AI company, we focus exclusively on model development rather than hardware. Our models are designed to be general-purpose, adaptable across a wide range of applications. Our flagship development, MindSpeech, is the first supervised AI model to translate imagined speech into text, enabling direct thought-to-language communication. MindSpeech has earned endorsements from leading experts, including Neuralink's former technical strategy head and DARPA’s N3 program lead scientist. Our thought-to-language AI models have the potential for transformative applications in fields such as healthcare, education, and VR/AR and our work has been featured in major publications such as Forbes, The Times, The Telegraph, and Business Insider. MindPortal has over 11 patents filed in the field and is backed by prominent investors such as Y Combinator.
",https://www.mindportal.com,https://www.ycombinator.com/companies/mindportal,"London, England, United Kingdom",10,Consumer,Consumer -> Consumer Electronics,"Consumer, Consumer Electronics","Artificial Intelligence, Neurotechnology, AI","United Kingdom, Europe, Remote, Partly Remote",Early,False,False,False,Aura-labs,https://bookface-images.s3.amazonaws.com/small_logos/bc6a4fe2e078ae61e81ab99d657be389a0238c71.png,1614670242
23518,MeetAnyway,meetanyway,Winter 2021,Inactive,We help run engaging online conferences.,"We help run engaging online conferences. Unlike Hopin or Zoom, we are super focused on connecting conference attendees with each other. Most attendees don’t actually go to watch the talks, they go for the networking. With us they can self-organize, meet and stay in touch. Usually it's incredibly hard for the organizer to build conferences which lead to key business opportunities for the attendees. We have good networking built-in.",https://meetanyway.com,https://www.ycombinator.com/companies/meetanyway,"Stuttgart, BW, Germany; Remote",3,B2B,B2B -> Operations,"B2B, Operations","SaaS, B2B, Social","Germany, Europe, Remote, Fully Remote",Early,False,False,False,,https://bookface-images.s3.amazonaws.com/small_logos/eb7a560d95e93407c1a915124f25c4bbab821758.png,1616515267
23515,Avion School,avion-school,Winter 2021,Inactive,We teach Filipinos to become remote software engineers globally.,,https://avionschool.com,https://www.ycombinator.com/companies/avion-school,"Manila, NCR, Philippines; Remote",4,Education,Education,Education,"Education, eLearning, Recruiting","Philippines, Southeast Asia, Remote, Fully Remote",Early,False,False,False,,https://bookface-images.s3.amazonaws.com/small_logos/37924713e6101b57e82c0084ec0a794fe7982489.png,1613790688
23511,Forcyte Biotechnologies,forcyte-biotechnologies,Winter 2021,Inactive,"Discover drugs that control how much cells ""squeeze"" to treat disease","In a nutshell: many diseases are caused by how much your cells squeeze (asthma, fibrosis, others). We discover drugs that control how much cells squeeze, with ease, to treat disease.

We use patented bioMEMS technology to turn cell strength (cells' ability to pull/ squeeze) into a quantifiable metric in drug discovery, to help find better drugs for mechanical diseases. 

We screen 100,000s of drugs against numerous contractile human cell types to comprehensively map human mechanobiology (the ""contractome"") and identify promising drug development starting points to deliver novel medicines to treat mechanically-driven diseases including asthma, hypertension, preterm labor, fibrosis, and others.

",https://forcytebio.com/,https://www.ycombinator.com/companies/forcyte-biotechnologies,"Los Angeles, CA, USA",5,Healthcare,Healthcare -> Diagnostics,"Healthcare, Diagnostics",Drug discovery,"United States of America, America / Canada",Early,False,False,False,,https://bookface-images.s3.amazonaws.com/small_logos/f7b684971715c34dcf43972f00b40675ec273846.png,1614755480
23462,boitas.com,boitas-com,Winter 2021,Inactive,Largest B2B eCommerce platform for SMBs in Latin America. ,"Boitas.com is a B2B Food Service platform that makes easy for restaurants, hotels and cafeterias to order the supplies they need all in one place using their mobile phones or computers. ",http://www.boitas.com,https://www.ycombinator.com/companies/boitas-com,"Monterrey, N.L., Mexico",35,B2B,B2B -> Retail,"B2B, Retail",Marketplace,"Mexico, Latin America, Remote, Partly Remote",Early,False,False,False,BOITAS.COM,https://bookface-images.s3.amazonaws.com/small_logos/ec7e9bd397f7e7cc1eba33dae6c101b8268ab2f2.png,1616251758
23461,Outfit,outfit,Winter 2021,Inactive,"DIY renovations in a box. Materials, tools, and instructions delivered","We sell DIY home renovations in a box.

We format our architect-designed templates to a customer's space. We then buy all the materials needed on their behalf, and ship it to their door for them to build.

The experience is accompanied by an app that guides from start-to-completion of the project.",https://buildoutfit.com,https://www.ycombinator.com/companies/outfit,"New York City, NY, USA; Los Angeles, CA, USA",1,Consumer,Consumer -> Home and Personal,"Consumer, Home and Personal","Consumer, Construction","United States of America, America / Canada, Remote, Partly Remote",Early,False,False,False,,https://bookface-images.s3.amazonaws.com/small_logos/ad0f90e88aab4e1188c3ea4e465f48600f4e3ae4.png,1611695865
23445,Blink,blink,Winter 2021,Inactive,Same-day delivery for e-commerce companies in Europe.,"Blink provides same-day delivery to e-commerce companies, helping them acquiring and retaining more customers thanks to a great delivery experience. Merchants sell on their website and Blink picks-up orders directly from physical stores or from dark stores (small urban warehouses) deployed in cities. Crowdsourced riders and transportation companies complete the delivery following routes optimized in teal time. Consumers can track and personalize their delivery.",https://www.blinklastmile.com/en/,https://www.ycombinator.com/companies/blink,"Milan, Lombardy, Italy",5,Industrials,Industrials -> Automotive,"Industrials, Automotive","E-Commerce, Logistics","Italy, Europe, Remote, Partly Remote",Early,False,False,False,,https://bookface-images.s3.amazonaws.com/small_logos/e7962c02e14e8ef925ab43cda1562e142dad1aec.png,1615725988
23437,Mezli,mezli,Winter 2021,Inactive,"Autonomous restaurants that make great, affordable meals.","At Mezli, we're building ""auto-kitchens"", fully autonomous shipping-container restaurants that serve great, affordable meals for takeout and delivery.

While at Stanford, the three of us got fed up with having to either cook every day or spend $10 or more for healthy options like Chipotle, Sweetgreen, etc. So, we decided to democratize access to healthy, convenient food by building Mezli.",https://www.mezli.com,https://www.ycombinator.com/companies/mezli,"San Francisco, CA, USA; San Mateo, CA, USA",8,Consumer,Consumer -> Food and Beverage,"Consumer, Food and Beverage","Food Service Robots & Machines, Ghost Kitchens, Robotics","United States of America, America / Canada",Early,False,False,False,EveryMeal,https://bookface-images.s3.amazonaws.com/small_logos/0fa106120ab34754512f84cfde1a4def0ea3da89.png,1613154466
23435,Cheqout,cheqout,Winter 2021,Inactive,Mobile ordering & payments for Brick & Mortars,"Cheqout is a mobile POS for brick & mortar businesses that allows waiters and retail workers to take or accept orders & payments. You can think of it as a hybrid of the Apple Store and WeChat Pay, with both staff and customers using their own devices to facilitate the transaction through QR codes.",https://cheqout.com,https://www.ycombinator.com/companies/cheqout,"San Francisco, CA, USA",6,Fintech,Fintech -> Payments,"Fintech, Payments",Payments,"United States of America, America / Canada, Remote, Partly Remote",Early,False,False,False,Cheqout Payments Inc,https://bookface-images.s3.amazonaws.com/small_logos/8ff762d9008ae52914e56724b09462b7d75da5e7.png,1614763531
23400,Dressd,dressd,Winter 2021,Inactive,Make infinite $$$ off of clothes in your closet without selling them,"Dressd is AirBnb for clothes; a P2P clothing rental marketplace. Unlike Rent the Runway, we don’t handle any inventory or deal with cleaning the items. Our initial target market is sorority girls who can have up to 3-4 events per week that they need a new outfit/dress for. One of our core theses is that this idea couldn’t have existed at scale until now because resale apps like Depop & Poshmark paved the way for a P2P model to work after familiarizing users with the process of taking pictures of items, shipping, etc. 

Advantages to our P2P model

- Entrepreneur-led
    - Similar to Depop, most of our growth will be spearheaded by a group of “top renters”
- More variety in inventory
    - Existing rental companies like Rent the Runway own all the inventory so they're limited to the brands they buy/partner with. Since we're P2P, our users can rent any item or brand that's in someone else's closet
- Better margins
    - we don’t touch any inventory or deal with the cleaning of any items
    - Unlike Rent the Runway, we don’t handle any inventory or the cleaning of items. This means people renting out their clothing on Dressd are responsible for shipping things out & returning them in good condition

Here are some of our links!

[dressd website](https://dressd.com/stylist-waitlist)

[dressd instagram](https://www.instagram.com/shop.dressd/)

[dressd tiktok](https://vm.tiktok.com/TTPdMPYFRY/)

read about dressd in Yahoo! Finance: [https://www.yahoo.com/now/dressd-app-someplace-2-133700219.html](https://www.yahoo.com/now/dressd-app-someplace-2-133700219.html)",https://dressd.com/,https://www.ycombinator.com/companies/dressd,"Los Angeles, CA, USA; Remote",1,Consumer,Consumer -> Apparel and Cosmetics,"Consumer, Apparel and Cosmetics","Marketplace, Consumer, E-commerce","United States of America, America / Canada, Remote, Fully Remote",Early,False,False,False,Thryft,https://bookface-images.s3.amazonaws.com/small_logos/6b14823f14584b4ebfc7384f8f8aab17fcd97105.png,1613196794
23305,Galaxy,galaxy,Winter 2021,Inactive,,,https://launchpointhq.com,https://www.ycombinator.com/companies/galaxy,"San Francisco, CA, USA",2,B2B,B2B -> Infrastructure,"B2B, Infrastructure","Developer Tools, Gaming","United States of America, America / Canada",Early,False,False,False,"Lucky Card, Galaxy, Lucky Card, Blade, Galaxy, Blade, GalaxySDK, Galaxy, Swizzle",https://bookface-images.s3.amazonaws.com/small_logos/0da58d4ab6362afcfb9c0b023f7f423544c6a7e7.png,1617697652
23304,Moonshot Brands,moonshot-brands,Winter 2021,Inactive,Buy and grow profitable e-commerce companies selling on Amazon and DTC,"Moonshot Brands is building the world’s largest - next-generation CPG (Consumer Product Goods) e-commerce company. We look for profitable e-commerce companies on Amazon or selling DTC on Shopify, purchase them from the founders giving them liquidity for their biggest asset, then turbocharge the growth with our proprietary data-driven technology platform and team. We scale e-commerce brands globally.",http://moonshotbrands.com,https://www.ycombinator.com/companies/moonshot-brands,"Miami, FL, USA; Toronto, ON, Canada; Washington, DC, USA; Remote",35,Fintech,Fintech -> Asset Management,"Fintech, Asset Management",E-commerce,"United States of America, Canada, America / Canada, Remote, Fully Remote",Early,False,False,False,GrowFlow,https://bookface-images.s3.amazonaws.com/small_logos/28e8b66601bd99b04c0ccbfe410627db14923431.png,1611511377
23303,Dataherald,dataherald,Winter 2021,Inactive,Embed NL-to-SQL into your Product 📈,"Dataherald enables you to embed Natural Language to SQL (“NL-to-SQL” or ""Text-to-SQL"") into your product. The NL-to-SQL API, built with an LLM, allows your users to conduct no-code data analytics, pull reports, get answers to data questions, and conduct complex data queries using just natural language.",http://dataherald.com/,https://www.ycombinator.com/companies/dataherald,"Los Angeles, CA, USA",18,B2B,B2B,B2B,"AI-Enhanced Learning, Artificial Intelligence, SaaS, B2B","United States of America, America / Canada, Remote, Partly Remote",Early,False,False,False,"Reconnecting Labs Inc. (DBA HiGeorge), HiGeorge",https://bookface-images.s3.amazonaws.com/small_logos/5c93e96c934069a8ed8555602a5fa1924663bdd0.png,1611725531
23278,Prendea,prendea,Winter 2021,Inactive,Live afterschool classes for Spanish-speaking kids ages 4 to 15.,"Prendea offers live afterschool classes to Spanish-speaking kids ages 4 to 15.  For a fixed monthly price, kids can choose as many classes as they like from our large selection that ranges from TikTok choreography to astronomy.",https://prendea.com,https://www.ycombinator.com/companies/prendea,"Barranco, Lima Region, Peru; Remote",5,Education,Education,Education,"Education, eLearning, Subscriptions","Peru, Latin America, Remote, Fully Remote",Early,False,False,False,,https://bookface-images.s3.amazonaws.com/small_logos/0967920174c61f68663047e8222c9569b7c60575.png,1614824038
23276,Codeball,codeball,Winter 2021,Inactive,AI-Powered Code Review,"Codeball finds bugs in your Pull Requests, lets you ship faster and with higher confidence. The Codeball AI is trained on millions of code contributions to recognise risky code changes.",https://codeball.ai,https://www.ycombinator.com/companies/codeball,"Stockholm, Stockholm County, Sweden",3,B2B,"B2B -> Engineering, Product and Design","B2B, Engineering, Product and Design","Artificial Intelligence, Developer Tools, SaaS","Sweden, Europe",Early,False,False,False,Sturdy,https://bookface-images.s3.amazonaws.com/small_logos/7d62c585a9fe59e3c1219d6a92a0309a2fee857d.png,1614630374
23269,Lunatic,lunatic,Winter 2021,Inactive,Operating System for server-side apps,"At the core of the company there is Lunatic, a runtime for developing low latency, robust and distributed networking applications. It can be used for web applications, game servers, video and voice chat, or other apps requiring low latency runtimes. Lunatic borrows many proven ideas from Go and Erlang, but also uses WebAssembly to make it easier targetable from existing languages, allowing teams to leverage already existing code and libraries.",https://lunatic.solutions/,https://www.ycombinator.com/companies/lunatic,"Vienna, Vienna, Austria; Remote",2,B2B,"B2B -> Engineering, Product and Design","B2B, Engineering, Product and Design","Developer Tools, SaaS, Open Source","Austria, Europe, Remote, Fully Remote",Early,False,False,False,,https://bookface-images.s3.amazonaws.com/small_logos/ccbb6c762083b33171aef62dcf59e9b3e7d3113b.png,1614684891
23264,Eat Blueprint,eat-blueprint,Winter 2021,Inactive,Longevity Nutrition Service,"Making Blueprint Protocol-inspired meals for longevity and performance. Organic, local, gluten-free, and seed oil free.",https://eatblueprint.com,https://www.ycombinator.com/companies/eat-blueprint,"San Francisco, CA, USA; Remote",2,Consumer,Consumer -> Food and Beverage,"Consumer, Food and Beverage","Anti-Aging, Fitness, Food, Health & Wellness, Food & Beverage","United States of America, America / Canada, Remote, Fully Remote",Early,False,False,False,Athens Research,https://bookface-images.s3.amazonaws.com/small_logos/4aa01acb5da85aa65e3b1d4de9d3719618e25261.png,1614368026
23242,HomeBreeze,homebreeze,Winter 2021,Inactive,The fastest and easiest way to make home upgrades,"HomeBreeze offers the fastest and easiest way to make home upgrades. Our AI system remotely scopes projects based on photos, video, answers to questions, and other data. We send those scopes to our network of contractors and get homeowners quotes within minutes, rather than weeks. We started with energy-efficient upgrades (e.g. heat pumps), as our first stop toward modernizing home management.

As a pioneer in bringing AI to home services, we served thousands of customers across California and delivered an experience that both homeowners and contractors love (our reviews average 4.97 stars!).",https://www.homebreeze.ai/,https://www.ycombinator.com/companies/homebreeze,"San Francisco, CA, USA",45,Consumer,Consumer -> Home and Personal,"Consumer, Home and Personal","Marketplace, Real Estate, Proptech, Climate, Home Services","United States of America, America / Canada, Remote, Partly Remote",Early,False,False,False,Lumos,https://bookface-images.s3.amazonaws.com/small_logos/b9eb31df6605279d78436b260aecddc2b77c97ff.png,1627653790
23189,Fable,fable,Winter 2021,Inactive,The command center for product teams,Fable is a command center for product teams - we're building for PMs what Figma has done for designers and Linear for engineers. Product teams are acting on stale information. Fable is the place that keeps everything - from specs to decisions - fresh.,https://www.tryfable.com/,https://www.ycombinator.com/companies/fable,"New York City, NY, USA; New York, NY, USA; Remote",2,B2B,"B2B -> Engineering, Product and Design","B2B, Engineering, Product and Design","SaaS, Productivity, Enterprise Software","United States of America, America / Canada, Remote, Fully Remote",Early,False,False,False,Opul,https://bookface-images.s3.amazonaws.com/small_logos/aae8b06a1023bc333cbdfbecb2fbf94160f41be3.png,1614620108
23185,Mythia,mythia,Winter 2021,Inactive,Rewards card for gamers,,,https://www.ycombinator.com/companies/mythia,"San Francisco, CA, USA; Remote",,Fintech,Fintech,Fintech,"Fintech, Gaming","United States of America, America / Canada, Remote, Fully Remote",Early,False,False,False,"Empathize.com, Mythra.com, Mythra, Mythia, In Stealth",https://bookface-images.s3.amazonaws.com/small_logos/33e2217a30ebcdb9fa4d5c067a1c1826d7c3b0f1.png,1616601392
23096,Aerotime,aerotime,Winter 2021,Inactive,Calendar that kills time fragmentation,"A modern calendar that helps people prioritize their work by goal setting, time blocking, and reducing fragmentation created by randomly placed meetings and distracting Slack messages.

Aerotime helps you create key goals for the week, helps break it down into tasks and meetings, and streamlines the calendar to support and align your team. This leads to people being effective and not busy.",https://www.aerotime.com,https://www.ycombinator.com/companies/aerotime,"San Francisco, CA, USA; Bengaluru, KA, India",6,B2B,B2B -> Productivity,"B2B, Productivity","SaaS, Productivity","United States of America, India, America / Canada, South Asia, Remote, Partly Remote",Early,False,False,False,,https://bookface-images.s3.amazonaws.com/small_logos/98fe814507c0b2e9675493dfb661fd98028ad3be.png,1614832019
23085,Launcher Labs,launcher-labs,Winter 2021,Inactive,"Maker of consumer crypto apps: Launchcaster, Frameboard, Maindrop","Launcher Labs made consumer crypto apps, including Launchcaster (acq by Orange DAO), a leading community for launching and discovering crypto projects; Frameboard, a visual curation app and protocol; Launcher Actions, a smart contract mini-app platform; and Maindrop, a Venmo for NFTs.",http://launchcaster.xyz,https://www.ycombinator.com/companies/launcher-labs,"Austin, TX, USA; Remote",4,Consumer,Consumer,Consumer,"Crypto / Web3, Consumer","United States of America, America / Canada, Remote, Fully Remote",Early,False,False,False,"NewZip, Newzip, Maindrop",https://bookface-images.s3.amazonaws.com/small_logos/e56a52d50196a3fadf19519ee785a84f12b589b3.png,1615046058
23084,Taste,taste,Winter 2021,Inactive,Online marketplace for dinners shipped from great restaurants,"Taste is an online marketplace where you can order ready-to-eat dinners from great restaurants, shipped nationwide. The next time you want to have a nice dinner at home, instead of cooking for hours or getting low quality take out, you can order a nice multi-course dinner from Taste to enjoy with friends or loved ones.
",https://gettaste.com/,https://www.ycombinator.com/companies/taste,"New York City, NY, USA; New York, NY, USA",2,Consumer,Consumer -> Food and Beverage,"Consumer, Food and Beverage","Ghost Kitchens, Marketplace, Delivery","United States of America, America / Canada, Remote, Partly Remote",Early,False,False,False,Taste Technologies Inc.,https://bookface-images.s3.amazonaws.com/small_logos/4d149f0a2b25647cbd039700e1b7acd15a8342eb.png,1613687694
23065,Finantier,finantier,Winter 2021,Inactive,Plaid for Southeast Asia,"Finantier is Plaid for Southeast Asia, providing the infrastructure and data products required by businesses to build the next generation of financial services.",https://finantier.co,https://www.ycombinator.com/companies/finantier,"Singapore, Singapore",40,Fintech,Fintech -> Banking and Exchange,"Fintech, Banking and Exchange","Fintech, SaaS, B2B","Singapore, Southeast Asia, Remote, Partly Remote",Early,False,False,False,,https://bookface-images.s3.amazonaws.com/small_logos/3082aaa191a19f354ad6279b75ef9892a36877a5.png,1608761699
23050,Milk Video,milk-video,Winter 2021,Inactive,Create video testimonials with a link,"Milk Video is a video marketing platform that simplifies short-form video creation for marketers. 

Anyone can collect, clip, and ship video content such as customer testimonials, employee testimonials, and thought pieces in minutes.",https://milkvideo.com,https://www.ycombinator.com/companies/milk-video,"New York City, NY, USA; New York, NY, USA",2,B2B,B2B -> Marketing,"B2B, Marketing","Machine Learning, Design Tools, Video","United States of America, America / Canada, Remote, Partly Remote",Early,False,False,False,"Milk video, Milk",https://bookface-images.s3.amazonaws.com/small_logos/61e5d39837f4f0d3298e7759e0d00633fe06a920.png,1614230111
23041,Platypus,platypus,Winter 2021,Inactive,The Distributed Data Operating System,"For Business Operators: Connect & automate processes on top of any data, crazy fast.

For Engineering Teams: Connect any data, across any stack, in any format, crazy fast.",https://www.getplatypus.com,https://www.ycombinator.com/companies/platypus,"San Francisco, CA, USA",3,B2B,B2B,B2B,"B2B, Workflow Automation, Data Engineering, AI Assistant","United States of America, America / Canada, Remote, Partly Remote",Early,False,False,False,ProcessLabs,https://bookface-images.s3.amazonaws.com/small_logos/fa8d744e8f842398dd0f47dc4ec6415a9bdaa423.png,1615308252
23000,Nimbus,nimbus-3,Winter 2021,Inactive,Nimbus reduces Datadog costs by more than 60% without Manual Effort,Our mission is to enable FANG-like observability for every organization in the world. We're starting with an optimization engine to reduce datadog costs by an order of magnitude without manual effort from developers.,https://nimbus.dev,https://www.ycombinator.com/companies/nimbus-3,"Seattle, WA, USA",3,B2B,B2B -> Infrastructure,"B2B, Infrastructure","Artificial Intelligence, Infrastructure, Operations","United States of America, America / Canada, Remote, Partly Remote",Early,False,False,False,Dendron,https://bookface-images.s3.amazonaws.com/small_logos/2be112e240d9597282834a180e55eb8c1a443863.png,1614729315
22975,Noble,noble,Winter 2021,Inactive,Risk decisioning platform ,"Noble helps companies quickly assess the creditworthiness of their customers and monitor it over time. We do this by providing the modular components needed to quickly build a complete credit-underwriting infrastructure.
",https://benoble.io/,https://www.ycombinator.com/companies/noble,"Tel Aviv-Yafo, Tel Aviv District, Israel",12,B2B,B2B -> Finance and Accounting,"B2B, Finance and Accounting","Fintech, SaaS","Israel, Middle East and North Africa",Early,False,False,False,Benga,https://bookface-images.s3.amazonaws.com/small_logos/b8a0b353d8305ff47c82386cea196a9a9e2bda64.png,1616252328
22948,MarcoPolo,marcopolo,Winter 2021,Inactive,Alibaba for Latin America,Marketplace for US companies to source products from LatAm manufacturers,,https://www.ycombinator.com/companies/marcopolo,"Mexico City, CDMX, Mexico",,B2B,B2B -> Operations,"B2B, Operations","Marketplace, B2B","Mexico, Latin America",Early,False,False,False,Marco Polo,https://bookface-images.s3.amazonaws.com/small_logos/92831faf27502ef0bf67e275fb2c045259629be5.png,1668550454
22944,Invoid,invoid,Winter 2021,Inactive,Create identity verification workflows the way you want,"Invoid currently processes more than 5 million KYC’s/ month and works with over 35 companies in India, including some of the leading banks, fintechs, investment platforms & shared economy companies. Using our solution, companies see onboarding speed increase by 5x and costs reduce by >80%.",https://www.invoid.co/,https://www.ycombinator.com/companies/invoid,"Gurugram, HR, India",15,B2B,B2B,B2B,"Machine Learning, SaaS, B2B","India, South Asia, Remote, Partly Remote",Early,False,False,False,,https://bookface-images.s3.amazonaws.com/small_logos/d2e3c9b022819f2037f731e715774474465db9c7.png,1614668651
22883,Purpose Finance,purpose-finance,Winter 2021,Inactive,Accelerating the shift to a more transparent economy ,"We help our users align their money with their values by giving actionable environmental, social and governance data about the companies that they shop at. And we keep it fun with perks and rewards. ",https://www.purposefinance.com/,https://www.ycombinator.com/companies/purpose-finance,"San Francisco, CA, USA",3,Fintech,Fintech -> Banking and Exchange,"Fintech, Banking and Exchange",Fintech,"United States of America, America / Canada",Early,False,False,False,Purpose,https://bookface-images.s3.amazonaws.com/small_logos/e7fce2495457b3ea925ac475b7a6cd14235d1a2f.png,1614645856
22846,Lalabox,lalabox,Winter 2021,Inactive,Live stream shopping for beauty products,,https://lalabox.io,https://www.ycombinator.com/companies/lalabox,"San Francisco, CA, USA",4,Consumer,Consumer -> Content,"Consumer, Content","Consumer, E-commerce","United States of America, America / Canada, Remote, Partly Remote",Early,False,False,False,"Matt Inc., Matt, Lalabox, Human",https://bookface-images.s3.amazonaws.com/small_logos/57cf46a8c4c907e8200f99b2e7300f6218f56fdc.png,1615776114
22841,ControlHub,controlhub,Winter 2021,Inactive,Purchasing Software | Procure-to-Pay SaaS ,"ControlHub automates the Procurement and Accounts Payable process of mid-size companies with intuitive purchasing software and AP solutions.

Key features: Purchase Requests generation, Purchasing Approvals, Purchase Orders (PO), Bill processing and payments, sync with ERPs such as Quickbooks and NetSuite.",https://controlhub.com/,https://www.ycombinator.com/companies/controlhub,Remote,22,B2B,B2B -> Finance and Accounting,"B2B, Finance and Accounting","Fintech, SaaS, B2B","Remote, Fully Remote",Early,False,False,False,,https://bookface-images.s3.amazonaws.com/small_logos/568af1dc427d20e5700ab4a31d90395b1ed9bdde.png,1674180805
22823,June,june,Winter 2021,Inactive,June is the new way to do product analytics,"June is a plug & play product analytics for B2B SaaS. 

It automatically generates graphs of the metrics you should track, lets you view your company-level metrics, and zoom into them! ",http://june.so,https://www.ycombinator.com/companies/june,"San Francisco, CA, USA; Remote",6,B2B,B2B -> Analytics,"B2B, Analytics","Analytics, Data Visualization","United States of America, America / Canada, Remote, Fully Remote",Early,False,False,False,,https://bookface-images.s3.amazonaws.com/small_logos/e7f5da22c38acb9a212882198584da041113894b.png,1614364832
22786,Faction,faction,Winter 2021,Inactive,Driverless electric vehicles at a fraction of the cost of a car.,"Faction Technology, Inc. is a leader in developing right-sized driverless vehicle fleets. As pioneers in supervised autonomous mobility, Faction is dedicated to creating innovative solutions that redefine the future of transportation. With a commitment to sustainability, safety, and technological excellence, Faction is driving the evolution of autonomous mobility for a smarter, more connected world. Learn more at www.faction.us.",http://www.faction.us,https://www.ycombinator.com/companies/faction,"San Francisco, CA, USA; South San Francisco, CA, USA",25,Industrials,Industrials -> Automotive,"Industrials, Automotive","Autonomous Delivery, Robotics, Logistics, Electric Vehicles, Self-Driving Vehicles","United States of America, America / Canada, Remote, Partly Remote",Early,False,False,False,"Faction Technology, Inc.",https://bookface-images.s3.amazonaws.com/small_logos/0a1756fb9ac322c1d351b67848cc199b85c7f1fb.png,1614699354
22784,Huddlefire,huddlefire,Winter 2021,Inactive,Turbocharge customer acquisition through exclusive SaaS partnerships,"Leverage partnerships with other SaaS companies, through Huddlefire, to accelerate your customer acquisition.",https://www.huddlefire.com,https://www.ycombinator.com/companies/huddlefire,"San Francisco, CA, USA; Remote",2,B2B,B2B -> Marketing,"B2B, Marketing",SaaS,"United States of America, America / Canada, Remote, Fully Remote",Early,False,False,False,"Remix Interactive, Inc., Remix Interactive, Remix, HuddleFire, Remix",https://bookface-images.s3.amazonaws.com/small_logos/29d8d277d19ab52ab6dc4331ad1b0ca3d67b2077.png,1616023914
22783,YourQuote,yourquote,Winter 2021,Inactive,YourQuote is India's largest writing platform,"YourQuote is a social writing app that helps regular people share their short-form creative writing. Much like how Instagram has turned each one of us into a photographer, YourQuote has turned 2.5 million people in India into amateur writers.",https://www.yourquote.in,https://www.ycombinator.com/companies/yourquote,"Bengaluru, KA, India; Remote",9,Consumer,Consumer -> Content,"Consumer, Content","Subscriptions, Social Network","India, South Asia, Remote, Fully Remote",Early,False,False,False,,https://bookface-images.s3.amazonaws.com/small_logos/670b377633e46c39192c05808c322fd25b5e8fda.png,1616249805
22780,Noya,noya,Winter 2021,Inactive,Radically reducing capital costs and build time for direct air capture,Noya is radically reducing the upfront capital costs and installation time required to perform direct air capture. We're doing this by retrofitting existing pieces of industrial equipment like cooling towers and turning them into CO2 capture machines. ,https://noya.co,https://www.ycombinator.com/companies/noya,"San Francisco, CA, USA",7,Industrials,Industrials -> Climate,"Industrials, Climate","Carbon Capture and Removal, Climate","United States of America, America / Canada",Growth,False,False,False,Aether Laboratories,https://bookface-images.s3.amazonaws.com/small_logos/809001ee58b1d16bdeb8ad9ce120858feaea0fd7.png,1611957163
22775,Charge Running,charge-running,Winter 2021,Inactive,"Provides live, virtual running classes to runners all around the world","Charge Running is a community for all runners. We host 20+ live virtual running classes and races per day, where runners join and run together from all over the world through a mobile app. Each class is hosted by a live, certified run coach, that tracks all participants' distances, paces, cadences, and interval summaries as they lead the runners via audio through effort-based run classes.

Each runner can chat with the coach and other participants of the run, as well as see in real-time the distance of every other runner, no matter where they run from. This creates an incredibly motivational experience. 

In addition to our daily lineup of classes, Charge hosts virtual races, partnering with race directors and charities to offer a virtual racing experience, with an in-person feel. ",http://www.chargerunning.com,https://www.ycombinator.com/companies/charge-running,"Chicago, IL, USA; Remote",3,Consumer,Consumer -> Home and Personal,"Consumer, Home and Personal","SaaS, Consumer Health Services, Subscriptions","United States of America, America / Canada, Remote, Fully Remote",Growth,False,False,False,,https://bookface-images.s3.amazonaws.com/small_logos/ec0e396c2983e94da6346e5dce4f78fe997df806.png,1616208292
22773,noHQ,nohq,Winter 2021,Inactive,International contractor and multi country payroll ,"noHQ allows you to set up legal entities around the world, and compliantly hire and pay your international team.",https://nohq.com,https://www.ycombinator.com/companies/nohq,"New York City, NY, USA; New York, NY, USA; Remote",2,B2B,B2B -> Human Resources,"B2B, Human Resources",Fintech,"United States of America, America / Canada, Remote, Fully Remote",Early,False,False,False,Nebo,https://bookface-images.s3.amazonaws.com/small_logos/2939fc1f345f3d723e20ae656bdeadcc024ba9e0.png,1624650537
22755,Finary,finary,Winter 2021,Inactive,Discord for investing.,"Finary makes investing social by bringing together your portfolio and friends. Chat, hangout, and collaborate on investments.",https://about.finary.io/,https://www.ycombinator.com/companies/finary,"New York City, NY, USA; New York, NY, USA",6,Fintech,Fintech -> Asset Management,"Fintech, Asset Management","Fintech, Community","United States of America, America / Canada",Early,False,False,False,"Finary, Finary.io",https://bookface-images.s3.amazonaws.com/small_logos/8c174ec40251cd80b3cda15dbc6a6d4656e32186.png,1614620799
22718,BeWell Digital,bewell-digital,Winter 2021,Inactive,Building the operating system for diagnosis.,"4 Billion radiology scans are generated every year, but unfortunately, 1 in 5 reports are wrong and 35% of the studies are delayed. It can be primarily attributed to access and efficiency. BeWell is building the platform for access and efficiency",http://www.bewelldigital.com,https://www.ycombinator.com/companies/bewell-digital,"Coimbatore, TN, India; Remote",2,Healthcare,Healthcare -> Healthcare IT,"Healthcare, Healthcare IT",SaaS,"India, South Asia, Remote, Fully Remote",Early,False,False,False,"bwell.digital, bewell digital, BeWell digital",https://bookface-images.s3.amazonaws.com/small_logos/8ca19ad5afea17ab8c1d3f189f862aaf5a8f67ef.png,1615921549
22712,GoBuild (fka Brick),gobuild-fka-brick,Winter 2021,Inactive,The payments solution for small scale construction. ,"We're building the trusted payments solution that enables small scale construction companies to grow. We help our customers grow by removing the cashflow strains of slow payments, mainly by:
- Increasing volume of jobs by offering standardized, low-cost initial deposit options for - customers,
- Improving productivity through consistent access to project-based working capital,
- Improving expense management by streamlining their subcontractor payout process, and
- Removing client collections risk from the construction company",https://go.build,https://www.ycombinator.com/companies/gobuild-fka-brick,"San Francisco, CA, USA; Oakland, CA, USA; Remote",18,Fintech,Fintech -> Credit and Lending,"Fintech, Credit and Lending","Fintech, Housing, Proptech","United States of America, America / Canada, Remote, Fully Remote",Early,False,False,False,Brick,https://bookface-images.s3.amazonaws.com/small_logos/dec4438ef7997107996b03f943e7910cbffed97e.png,1616252660
22711,Clay,clay,Winter 2021,Inactive,Figma for 3D design,"We build software to allow anyone, anywhere to create in 3D together. We believe that collaborating in 3D should feel magical and we're working to make it happen.",https://clay3d.io,https://www.ycombinator.com/companies/clay,Remote,5,B2B,"B2B -> Engineering, Product and Design","B2B, Engineering, Product and Design","SaaS, Productivity, Collaboration, Design Tools","Remote, Fully Remote",Early,False,False,False,,https://bookface-images.s3.amazonaws.com/small_logos/8243d2f2fa29fe31546cfa66de73ef784343eeb7.png,1614618803
22710,CoVerified,coverified,Winter 2021,Inactive,Using infection data to keep organizations safe,"CoVerified builds integrated software that uses COVID-19 test results, vaccine records and symptom data to verify real-time compliance and help organizations re-open safely.",https://www.coverified.us/,https://www.ycombinator.com/companies/coverified,"Boston, MA, USA; Cambridge, MA, USA; Remote",9,Healthcare,Healthcare -> Healthcare IT,"Healthcare, Healthcare IT",,"United States of America, America / Canada, Remote, Fully Remote",Growth,False,False,False,,https://bookface-images.s3.amazonaws.com/small_logos/aa57d9479d14ca9be7a46437156c87dd5abe1001.png,1610521901
22709,Krab,krab,Winter 2021,Inactive,Instant loans for trucking companies in India,"A lending platform that enables truckers/trucking companies with no formal credit score to access loans from banks. Our platform creates a rich credit profile of a trucking company by pulling 200+ data points from varied sources via consent APIs and instantly offers loans from multiple banking partners in less than 60 seconds. The trucking company can also use the same product for order management, invoice generation, vendor payments, and collections.",https://www.krab.in,https://www.ycombinator.com/companies/krab,"Hyderabad, Telangana, India",9,Fintech,Fintech -> Credit and Lending,"Fintech, Credit and Lending","Fintech, SaaS","India, South Asia, Remote, Partly Remote",Early,False,False,False,,https://bookface-images.s3.amazonaws.com/small_logos/5b3461bd6c0d7c8c6a07247a48430eef9a92dc13.png,1614676212
22705,JoinSub,joinsub,Winter 2021,Inactive,India's first aggregator and provider of local business subscriptions,"We, at JoinSub, are empowering the Indian small and medium retailers to drive repeat purchases & maximize their revenue by building a subscription-based model. 

India has over 14 million retail outlets, and we are poised to revolutionize the Retail Sector and enhance the buying experience both for retailers and consumers. We are dedicated to co-creating a community of futuristic retailers who are ready to embrace tech for growth.

Our Subscription Programs work wonderfully for everyone who is looking to drive repurchases, right from those in the F&B industry, to Salons, Nail Salons, Spas, Gyms, Yoga & Dance Studios, Coffee Shops, Bakeries, Dry Cleaners, Florists, etc. We can help you delight your consumers and accelerate your business, the JoinSub Way!",https://joinsub.com,https://www.ycombinator.com/companies/joinsub,"Delhi, DL, India; Palo Alto, CA, USA; Remote",8,Fintech,Fintech -> Payments,"Fintech, Payments","Fintech, B2B, Subscriptions","India, United States of America, South Asia, America / Canada, Remote, Fully Remote",Early,False,False,False,"Splitsub, Splitsub Inc., Splitsub",https://bookface-images.s3.amazonaws.com/small_logos/8f6311ab798c568114d69f91d489b612d220383d.png,1614962748
22704,Triplit,triplit,Winter 2021,Inactive,The best database for app developers,"Triplit is complete full-stack solution to data persistence, state management, and realtime synchronization for web applications that want to go fast",https://www.triplit.dev,https://www.ycombinator.com/companies/triplit,Remote,3,B2B,"B2B -> Engineering, Product and Design","B2B, Engineering, Product and Design","Developer Tools, SaaS, Web Development, Cloud Computing, Databases","Remote, Fully Remote",Early,False,False,False,Aspen Cloud,https://bookface-images.s3.amazonaws.com/small_logos/bad31a4bcc3d6ffc3f0bab1c3e693a7a1134c50c.png,1614190988
22701,Queenly,queenly,Winter 2021,Inactive,Leading marketplace for formalwear,"Live on iOS, Android and our web app (queenly.com). 

Queenly is the leading online marketplace for the formalwear industry. We are a Y Combinator company and backed by some of the top VC's in Silicon Valley such as Andreessen Horowitz (a16z), NextView Ventures, The House Fund, and more. The Queenly cofounders were also recently featured on the Forbes 30 Under 30: Art and Style cover for 2022. 

At Queenly, our mission is simple: make every woman look and feel like a queen. We strive to empower women and to feel confidently beautiful in their own skin by providing cutting-edge technology, seamless logistics, white-glove customer service and unique expertise within the industry.",https://queenly.com/,https://www.ycombinator.com/companies/queenly,"San Francisco, CA, USA",13,Consumer,Consumer -> Apparel and Cosmetics,"Consumer, Apparel and Cosmetics","Marketplace, Sustainable Fashion, E-commerce","United States of America, America / Canada, Remote, Partly Remote",Early,False,False,False,,https://bookface-images.s3.amazonaws.com/small_logos/a50a0c1aa4e37d2e64e9b411f1d76915694b7735.png,1610503667
22698,Observa,observa,Winter 2021,Inactive,Catch accidental database exposures before the bad guys,,https://www.observa.com,https://www.ycombinator.com/companies/observa,Remote,1,B2B,B2B -> Security,"B2B, Security",Security,"Remote, Fully Remote",Early,False,False,False,"21 Ravens, Crucial Detection, Observa Intel",https://bookface-images.s3.amazonaws.com/small_logos/8638f021fb4b288aa57f3981a3a65637300055bc.png,1621265976
22696,SlashAuth,slashauth,Winter 2021,Inactive,The solution for fine-grained access control in web3,"Slashauth builds a developer platform for web3 enabled apps. Slashauth’s platform provides login functionality, role based access control, data storage, and more to any web3 enabled application.",https://www.slashauth.com,https://www.ycombinator.com/companies/slashauth,"San Francisco, CA, USA",3,B2B,B2B -> Infrastructure,"B2B, Infrastructure","Crypto / Web3, B2B, Security","United States of America, America / Canada, Remote, Partly Remote",Early,False,False,False,"Debrief LLC, Debrief, Slashauth",https://bookface-images.s3.amazonaws.com/small_logos/55dabb2d8e44ccdfc31cc1dc05a399fd89a0cfc9.png,1615518240
22675,Unfurl,unfurl,Winter 2021,Inactive,A virtual food hall that delivers,"Unfurl is a ghost kitchen, but instead of having one type of food we enable families to order many types of food all in one order. Think of it as an upscale food court where you and your kids can order from 8-15 different restaurants all at once.",http://unfurlcuisine.com,https://www.ycombinator.com/companies/unfurl,"San Francisco, CA, USA",20,Consumer,Consumer -> Food and Beverage,"Consumer, Food and Beverage","Delivery, Food Tech","United States of America, America / Canada, Remote, Partly Remote",Early,False,False,False,Unfurl Inc.,https://bookface-images.s3.amazonaws.com/small_logos/e31ae19f41567ef36c41bf0b1bd584bb9084e382.png,1610664081
22673,Gigs Live,gigs-live,Winter 2021,Inactive,Video publishing and monetization platform for creators and artists,"We are the Substack for millions of artists, musicians, indie producers, extreme sports athletes and video production companies. With us, creators have the freedom to choose flexible monetization plans such as PPV, micro-subscriptions, merch drops and many more.   Creators choose us because our platform is available in 4K on Apple TV, Roku, Amazon Fire, Gaming consoles and more. Creators also get audience analytics and marketing to retain and acquire their audience. So take care of marketing, distribution and monetization for creators so they can focus on their craft and we take care of the rest. ",https://gigs.live,https://www.ycombinator.com/companies/gigs-live,"New York City, NY, USA; New York, NY, USA",3,Consumer,Consumer,Consumer,"SaaS, Entertainment, Media","United States of America, America / Canada",Early,False,False,False,TXL Technology Inc,https://bookface-images.s3.amazonaws.com/small_logos/95952ad1c1d1862f111ba0481663b63b5a236b44.png,1614633039
22672,Pensil,pensil,Winter 2021,Inactive,"New-Age White Label Community Platform SDKs and APIs for Games,…",,https://pensil.in,https://www.ycombinator.com/companies/pensil,"Gurugram, HR, India; HR, India",4,B2B,"B2B -> Engineering, Product and Design","B2B, Engineering, Product and Design","SaaS, Community, Gaming, Chat, Live","India, South Asia, Remote, Partly Remote",Early,False,False,False,,https://bookface-images.s3.amazonaws.com/small_logos/eef64ad25f3034fe027f2570b9f47afa9396caf4.png,1629349218
22664,SBX Robotics,sbx-robotics,Winter 2021,Inactive,Synthetic data for better vision.,"SBX Robotics generates synthetic data that teaches robots to see. We use simulation software to create training data 10x faster and cheaper than annotation services or in-house teams. 

Instead of being blocked on data, our clients send 25 images from their robot’s camera, and receive 25,000 perfectly labeled synthetic training images. SBX data is ready to be used by deep learning computer vision models. ",https://www.sbxrobotics.com/,https://www.ycombinator.com/companies/sbx-robotics,"Toronto, ON, Canada",5,B2B,"B2B -> Engineering, Product and Design","B2B, Engineering, Product and Design","Artificial Intelligence, Machine Learning, Robotics, Computer Vision, Data Engineering","Canada, America / Canada, Remote, Partly Remote",Early,False,False,False,,https://bookface-images.s3.amazonaws.com/small_logos/511a67e1066575bd8304628248a6a9307430e18f.png,1616603536
22661,Quadrant Eye,quadrant-eye,Winter 2021,Inactive,Breaking new ground in online eyecare. ,"Quadrant Eye is on a mission to improve eyecare access and fight preventable blindness. We're building the next generation eye exam... inside the average American home. 

Our team wants to enable patients' best and most visually rich lives. To this end, we're looking for curious and nimble minds to help us develop the world's first fully online eye exam and ultimately deliver high-quality eyecare at scale.

Some QE highlights:

🐝 We're a team of surgeons, scientists, venture partners, and hackers who mean business.
💸 Our backers include Y Combinator, Khosla Ventures, and the creator of Google Image Search.
🍥 We're a mission-driven company tackling an eye health market worth $USD137B.
🌟 Our core focus is currently the development of patentable deep tech, and our overall vision is to change eyecare for good. 
",https://quadranteye.com,https://www.ycombinator.com/companies/quadrant-eye,"San Francisco, CA, USA",4,Healthcare,Healthcare -> Medical Devices,"Healthcare, Medical Devices","Artificial Intelligence, Deep Learning, Digital Health, Telemedicine","United States of America, America / Canada, Remote, Partly Remote",Early,False,False,False,,https://bookface-images.s3.amazonaws.com/small_logos/1f289b64a1313edc9a63d4a24460c74fe83cb97d.png,1614620673
22652,Playmaker,playmaker,Winter 2021,Inactive,Community for fantasy sports players,"We're building the social, infrastructure layer for players of fantasy sports games, to provide them with a centralised place where they can own their identity as a fantasy sports player and get additional enjoyment and engagement out of watching live sports alongside their friends. ",http://getplaymaker.app,https://www.ycombinator.com/companies/playmaker,"Copenhagen, Denmark",5,Consumer,Consumer -> Content,"Consumer, Content","Sports Tech, Community","Denmark, Europe, Remote, Partly Remote",Early,False,False,False,,https://bookface-images.s3.amazonaws.com/small_logos/3cda8ce115318df80faaa19065c75c1bae282d48.png,1614669882
22600,Neverland,neverland,Winter 2021,Inactive,The first online home garden and lawn marketplace ,"Neverland is the first marketplace that connect buyers of everything needed for indoor and outdoor gardening with the 24,000 shops across the US. Neverland is taking this offline category online starting with this $26B market. ",http://www.enterneverland.com/,https://www.ycombinator.com/companies/neverland,"New York City, NY, USA; San Francisco, CA, USA; Remote",2,Consumer,Consumer -> Home and Personal,"Consumer, Home and Personal","Marketplace, Gardening","United States of America, America / Canada, Remote, Fully Remote",Early,False,False,False,,https://bookface-images.s3.amazonaws.com/small_logos/e68aa96ecff99a47faeb6c7c4b3a12f58ed56a8b.png,1614375476
22566,Lovd,lovd,Winter 2021,Inactive,"It's not used, it's Lovd.",Buy and sell previously Lovd goods. We'll pick up and deliver in 24 hours. Only in NYC.,http://www.lovd.com,https://www.ycombinator.com/companies/lovd,"Los Angeles, CA, USA; New York, NY, USA",4,Consumer,Consumer,Consumer,,"United States of America, America / Canada, Remote, Partly Remote",Early,False,False,False,"Chums, Ezly",https://bookface-images.s3.amazonaws.com/small_logos/a4148be76dee7d12679686787183910a3a06745b.png,1615385010
22565,Gonddo,gonddo,Winter 2021,Inactive,Wholesale marketplace for independent retailers buy & manage inventory,"Gonddo is a B2B wholesale marketplace that digitalizes inventories purchases for independent retailers and brings technology to modernise distribution and trade credit for SMBs in Brazil. With gonddo, retailers can find fresh products, discover new brands and easily connect with wholesalers",https://gonddo.com.br/,https://www.ycombinator.com/companies/gonddo,"São Paulo, SP, Brazil",6,B2B,B2B -> Retail,"B2B, Retail",Marketplace,"Brazil, Latin America, Remote, Partly Remote",Early,False,False,False,,https://bookface-images.s3.amazonaws.com/small_logos/43e68d56663e5be73d94671a976569d74185f1e0.png,1598986437
22470,Degrees of Freedom,degrees-of-freedom,Winter 2021,Inactive,"DoF provides a high quality, affordable higher education alternative.","Degrees of Freedom offers a high-quality, low-cost degree, by blending virtual and traditional college models. Our students learn on-campus, and online on-line, and in-VR from diverse Ivy League professors and master teachers-- all at the cost of the Pell Grant
",https://www.DegreesOfFreedom.org,https://www.ycombinator.com/companies/degrees-of-freedom,"New York City, NY, USA",7,Education,Education,Education,"Virtual Reality, Nonprofit, HR Tech, Edtech, AI","United States of America, America / Canada, Remote, Partly Remote",Early,False,False,True,"Democracy Builders Fund, Inc., Democracy Builders & Degrees of Freedom",https://bookface-images.s3.amazonaws.com/small_logos/f98d5999e4507df5f73229bb5fb875b5a30a9818.png,1616382908
