id,name,slug,batch,status,one_liner,long_description,website,ycdc_company_url,all_locations,team_size,industry,subindustry,industries,tags,regions,stage,top_company,isHiring,nonprofit,former_names,small_logo_thumb_url,launched_at
25047,Careerist,careerist,Summer 2021,Active,Learning platform for job seekers with job applications automation,"Careerist is an ed-fintech platform that trains job seekers for tech careers (in QA, Sales, Support & more), finances them and automates their job hunting. Our B2B2C platform aggregates job seekers, tutors and employers – streamlining training and placement.

Techcrunch: ""Edtech meets SaaS in Careerist’s job placement learning platform. The startup trains job seekers through live and self-paced training taught by third-party tutors. The adaptive learning software is meant to help candidates prep for tech interviews. Once a candidate is well equipped, Careerist uses automation to help them apply for jobs.""",http://careerist.cc/,https://www.ycombinator.com/companies/careerist,"San Francisco, CA, USA; Remote",100,Education,Education,Education,"Education, Fintech, Recruiting","United States of America, America / Canada, Remote, Fully Remote",Growth,False,False,False,Careerist (JobEasy Inc),https://bookface-images.s3.amazonaws.com/small_logos/639a74b99945fd44c299d69ed80b3245dcd6d7d2.png,1627410249
24934,JABU,jabu,Summer 2021,Active,"B2B payments, transforming Africa's cash economy","HQ in Namibia and Zambia, Jabu is a fintech startup providing digital wallet solutions to streamline transactions in Africa's cash-dominated economy, enhancing business efficiency and financial integration.",http://www.gojabu.com,https://www.ycombinator.com/companies/jabu,"Cape Town, WC, South Africa; Windhoek, Khomas Region, Namibia",40,Fintech,Fintech -> Payments,"Fintech, Payments",,"South Africa, Namibia, Africa, Remote, Partly Remote",Early,False,True,False,"JABU Logistics Inc, JABU Logistics",https://bookface-images.s3.amazonaws.com/small_logos/56e09091afb3367f2addeb05b958e4146172ceb8.png,1641456087
24926,Revolve Surgical,revolve-surgical,Summer 2021,Active,Surgical robotics for every operating room,Revolve is building the world’s only surgical robot designed for every operating room. Its simple yet powerful design makes it the only robot that can service the 1M+ abdominal surgeries performed outside of hospitals in the US every year.,https://revolvesurgical.com/,https://www.ycombinator.com/companies/revolve-surgical,"Toronto, ON, Canada",8,Healthcare,Healthcare -> Medical Devices,"Healthcare, Medical Devices","Hardware, Medical Robotics, Medical Devices","Canada, America / Canada",Early,False,False,False,,https://bookface-images.s3.amazonaws.com/small_logos/3432070f3c596c704428f8721684045f22cb0714.png,1628609381
24925,Liv Labs,liv-labs-inc,Summer 2021,Active,Pelvic floor fitness made easy,"Liv Labs (@livlabsfitness) is a US-based, Y Combinator-backed women's wellness innovator. 78 million American women live with pelvic floor weakness and 31M worry daily about leaking. Liv Labs is commercializing the patented Pippa Resistance Spring to boost fitness during exercise and semi-automated self-care coaching to keep them strong and active, lifelong. First orders shipped October 11, 2025.

Pippa inventor, Carly Price, reimagined the humble pillow for Casper and has 41 patents to her name. Company CEO, Melody Roberts, incubated digital service experiences now scaling globally at McDonald's and Panera. Pippa development has been substantially funded by non-dilutive SBIR grants from NIH, NSF, and State of Illinois, based on stellar product effectiveness data and user feedback like, ""With this, surgery is off the table."" ",http://www.livlabsfitness.com,https://www.ycombinator.com/companies/liv-labs-inc,"Chicago, IL, USA; Remote",1,Healthcare,Healthcare -> Consumer Health and Wellness,"Healthcare, Consumer Health and Wellness","Hardware, Consumer Health Services, Women's Health, Consumer Products","United States of America, America / Canada, Remote, Fully Remote",Early,False,False,False,Liv Labs Inc.,https://bookface-images.s3.amazonaws.com/small_logos/d04ff6a19ab10afb3e0382e2123517645c7ed8f5.png,1628991585
24915,Mecho Autotech,mecho-autotech,Summer 2021,Active,On-demand  auto maintenance & repairs,"It is cumbersome to maintain/repair vehicles in Africa. Vehicle owners currently have 2 options to choose from; very expensive and geographically limited branded mechanic garages (less than 1% of the supply pool) or unvetted roadside mechanics (about 99% of the supply pool). 

About 95% of vehicle owners cannot afford branded garages where quality and reliable service delivery can be guaranteed and thus rely on roadside mechanics. However, low quality and transparency are typical issues associated with roadside mechanics. 

We created a network of vetted mechanics, spare part vendors and an app that enables easy booking, payment and mechanic matching process. Via the mecho app, a customer or business can make a request for any automobile service (repairs or regular servicing) or part. 



",https://mechoautotech.com/,https://www.ycombinator.com/companies/mecho-autotech,"Atlanta, GA, USA; LA, Nigeria",35,Industrials,Industrials -> Automotive,"Industrials, Automotive","Auto Commerce, Marketplace, E-commerce","United States of America, Nigeria, America / Canada, Africa",Early,False,False,False,Mecho Autotech Ltd,https://bookface-images.s3.amazonaws.com/small_logos/3354e34489d56a59c364c92cbf7d65cfee364055.png,1624544851
24914,Sully.ai,sully-ai,Summer 2021,Active,Autonomous team of AI agents that runs the entire hospital operations,"Sully.ai is printing labor for health systems by building a team of autonomous AI agents to run the entire hospital operations. The autonomous agents run like ClawdBot in the background (Receptionists, Medical Consultant, Triage Nurse, Scribes, Coders) collaborate to execute entire workflows. Replacing the $800B labor doing all the manual work at hospitals.",https://www.sully.ai,https://www.ycombinator.com/companies/sully-ai,"San Francisco, CA, USA",49,B2B,B2B -> Productivity,"B2B, Productivity","Artificial Intelligence, SaaS, Health Tech, B2B, Healthcare","United States of America, America / Canada, Remote, Partly Remote",Early,False,True,False,Odiggo,https://bookface-images.s3.amazonaws.com/small_logos/9050d789232441d310c7b2bc53166a978e1f735d.png,1624955795
24913,Beau,beau,Summer 2021,Active,Workflows for repetitive customer-facing tasks,"Beau helps to work with people outside your company: build, visualize, and automate your customer-facing processes! 🔥 All with one, easy-to-use solution: collect forms, accept payments, keep updated, request details, and approve steps!",https://beau.to,https://www.ycombinator.com/companies/beau,"Barcelona, CT, Spain; CT, Spain; Remote",5,B2B,B2B -> Operations,"B2B, Operations","SaaS, B2B, Productivity, Customer Success, Collaboration","Spain, Europe, Remote, Fully Remote",Early,False,False,False,,https://bookface-images.s3.amazonaws.com/small_logos/490af3b3db6da49a5b8d11c3a79ffeee287b7747.png,1626708555
24907,Toku,toku,Summer 2021,Active,Account Receivables Platform for Latin American Enterprises,"Toku helps companies increase their monthly revenue collection rate so they can focus on the their main business. Payment method management, failed payment retries, payment reminders, failed payment notifications, among others.",https://trytoku.com/,https://www.ycombinator.com/companies/toku,"Mexico City, CDMX, Mexico",150,B2B,B2B -> Finance and Accounting,"B2B, Finance and Accounting","FinOps, Fintech, SaaS, Payments, Subscriptions","Mexico, Latin America",Early,False,False,False,,https://bookface-images.s3.amazonaws.com/small_logos/ecd9035c05570df39ab2d459dd2547e334bc92f0.png,1626099984
24893,Exa,exa,Summer 2021,Active,Web search rebuilt for LLMs,Exa is a search engine built for AIs. We enable developers to filter the internet's content with complex queries in order to bring the world's knowledge into their AI apps.,https://exa.ai,https://www.ycombinator.com/companies/exa,"San Francisco, CA, USA",75,B2B,B2B,B2B,"Developer Tools, Search, AI, APIs","United States of America, America / Canada",Growth,False,False,False,"Exa Search, Metaphor",https://bookface-images.s3.amazonaws.com/small_logos/9a54e5c11b9f296fb3be7980c9aaaf6ddd2f0c8c.png,1628280127
24892,Safer Management,safer-management,Summer 2021,Active,Student Attendance tracking for Public Schools,"Safer Management sells attendance software to public school districts and colleges. Public schools receive federal funding based on their average daily attendance, and our software ensures they get the money they need.

We started Safer Mgmt. 12 months ago after I dropped off my twin boys and experienced inefficiencies with the sign-in process. We are now in 75 public schools and two colleges with annual reoccurring revenue of $621,000. We have 82% margins and are profitable. At scale, we will charge $15 per student per year. 

There are 70 million public school students in America which is a $1.4 billion dollar market opportunity.",https://www.safermgmt.com/,https://www.ycombinator.com/companies/safer-management,"Dallas, TX, USA",5,B2B,B2B,B2B,"Artificial Intelligence, Education, Machine Learning","United States of America, America / Canada, Remote, Partly Remote",Growth,False,False,False,,https://bookface-images.s3.amazonaws.com/small_logos/30ad58fe2e47b7bd28702a2603013a87e5e354bc.png,1625084786
24884,Chipax,chipax,Summer 2021,Active,Quickbooks for SMBs in Latam,"Chipax handles all payments, invoices, and reconciliations to provide real-time AR & AP for SMBs, starting in Mexico and Chile. We're currently at $1.6M ARR with more than 1,100 paying businesses. The company is founded by Antonio Correa, François Gueneau de Mussy, Joaquín Brenner, and Felipe Urzúa, Engineers from top universities in Chile, who have all experienced the pain of managing SMBs finances first hand in their previous jobs.",https://www.chipax.com,https://www.ycombinator.com/companies/chipax,"Santiago, Santiago Metropolitan Region, Chile; Remote",37,B2B,B2B -> Finance and Accounting,"B2B, Finance and Accounting","Fintech, SaaS, B2B","Chile, Latin America, Remote, Fully Remote",Early,False,False,False,,https://bookface-images.s3.amazonaws.com/small_logos/3a88c695f80988b5eb6e20aa5e0200a956a2b299.png,1625666600
24883,Amenli,amenli,Summer 2021,Active,Offers insurance to customers in a convenient & transparent way ,"Amenli is the first licensed online insurance broker in Egypt. Egypt has one of the lowest insurance penetrations in the world with a 100m population and a $2B GWP market growing 20+% YoY and a potential TAM of $10B. Over the past few months, Amenli issued 500+ policies in less than 10 mins compared to the minimum of 3 weeks industry standard. Amenli co-founders, Shady & Adham were founding team members of Paymob, one of the fastest growing payment companies in MENA. Shady was CCO and Adham was its Tech Lead and they worked together for more than 3 years to scale-up Paymob from scratch to 50K+ merchants, 5 countries and dozens of millions of monthly transactions.",https://www.amenli.com/,https://www.ycombinator.com/companies/amenli,"Cairo, Cairo Governorate, Egypt",65,Fintech,Fintech -> Insurance,"Fintech, Insurance","Fintech, Insurance","Egypt, Middle East and North Africa",Growth,False,False,False,,https://bookface-images.s3.amazonaws.com/small_logos/53c970feefecc4548819134d71b1abd7ba9457bc.png,1625593064
24882,Pide Directo,pide-directo,Summer 2021,Active,One-stop-shop for restaurants to operate and grow their business. ,"Pidedirecto is a restaurant management platform that optimizes operations, increases revenue, and enhances customer experience. Its comprehensive toolset includes point of sale, payment terminals, online ordering, delivery management, loyalty programs, and integrations with third-party services.

All for a reasonable fixed monthly fee, without eating up margins with hefty commissions and service charges.",http://pidedirecto.mx,https://www.ycombinator.com/companies/pide-directo,"Monterrey, N.L., Mexico",150,B2B,B2B -> Supply Chain and Logistics,"B2B, Supply Chain and Logistics","Autonomous Delivery, SaaS, E-commerce, Enterprise Software","Mexico, Latin America, Remote, Partly Remote",Early,False,False,False,,https://bookface-images.s3.amazonaws.com/small_logos/df56230ce2bac3a311899bbbf9f4279722e68ff6.png,1626791540
24879,Lightly,lightly,Summer 2021,Active,Help ML teams label the right data,"When ML teams send their data to companies like Scale.ai for labeling, most can only afford to label 1% or less of their datasets.  But today they don’t have a good way to pick which 1% to label. We help them pick the best 1% of their data to label.  By labeling the most representative data, they significantly improve model accuracy at the same cost.
",https://lightly.ai/,https://www.ycombinator.com/companies/lightly,"Zürich, ZH, Switzerland",5,B2B,"B2B -> Engineering, Product and Design","B2B, Engineering, Product and Design","Machine Learning, Data Labeling","Switzerland, Europe, Remote, Partly Remote",Early,False,True,False,,https://bookface-images.s3.amazonaws.com/small_logos/5c14e2db32ad93491460c405faf7230c30575e54.png,1629386219
24876,Nash,nash,Summer 2021,Active,Nash is the digital logistics infrastructure for commerce,"Last mile is a $500B industry powering digital commerce but managed largely with self managed API integrations. Nash approaches last mile orchestration with information completeness solutions from checkout, courier management, customer engagement, and post-purchase experience. Doing this enables merchants and customers to capture immense efficiencies, drive better customer experience, reliability and business outcomes.
We are working towards a mission of processing a double digit percentage of every physical last-mile transaction. We achieve this by providing top of the market modules for each step of the customer journey and leveraging the network effects from having more information that allows traditional competitors to collaborate. It’s a big mission, but we are already seeing strong market pull as we are already serving some of the largest retailers in the world like Walmart, 7-Eleven and Woolworths.
Nash was founded in 2021 by Mahmoud Ghulman (2x Founder, MIT) and Aziz Alghunaim (2x Founder, 2x YC, Ex-Palantir, MIT) and has raised funding from top investors, including Y-Combinator and a16z, to build the world’s best logistics infrastructure platform. We are based in SF.",https://www.usenash.com/,https://www.ycombinator.com/companies/nash,"San Francisco, CA, USA",40,B2B,B2B -> Supply Chain and Logistics,"B2B, Supply Chain and Logistics","Marketplace, SaaS, B2B, Delivery, Logistics","United States of America, America / Canada, Remote, Partly Remote",Growth,False,True,False,,https://bookface-images.s3.amazonaws.com/small_logos/85d1c8b167dc541ab5c546bde5eef2173f5264c6.png,1625087366
24875,Equipt Health,equipt-health,Summer 2021,Active,"Home medical equipment, prescribed online and delivered.","Equipt Health makes it easy for any healthcare company to offer prescription medical devices to patients. We handle the whole process: the packaging, the logistics, the clinical (via our provider network) and technical support, and the return of data from connected devices. We're starting with the diagnosis and treatment of sleep apnea at heliosleep.com.",http://www.equipthealth.com,https://www.ycombinator.com/companies/equipt-health,"Seattle, WA, USA",,Healthcare,Healthcare,Healthcare,"Sleep Tech, Consumer Health Services, Digital Health, Telemedicine","United States of America, America / Canada, Remote, Partly Remote",Early,False,False,False,,https://bookface-images.s3.amazonaws.com/small_logos/d4f72203d27cdb1991cc70f5492f4b7018d4c73c.png,1635556590
24874,Payflow,payflow,Summer 2021,Active,A mobile app. It allows employees to get paid their salary on-demand.,"A mobile app. It allows employees to get paid whenever they want, instead of just once a month (or biweekly). We sell it to companies as an employee benefit (B2B SaaS).
",https://www.payflow.es/,https://www.ycombinator.com/companies/payflow,"Madrid, Community of Madrid, Spain",50,B2B,B2B -> Human Resources,"B2B, Human Resources","Fintech, SaaS, HR Tech, Lending","Spain, Europe, Remote, Partly Remote",Growth,False,True,False,,https://bookface-images.s3.amazonaws.com/small_logos/c2f3335ebf887d6a8fa009be25267d1702eb2a4c.png,1624456825
24873,Charge Robotics,charge-robotics,Summer 2021,Active,Robots that build solar farms,"Charge Robotics is building robots that automate the most labor-intensive parts of solar construction.

Solar has rapidly become the cheapest form of power generation in many regions. Demand has skyrocketed, and now the primary barrier to getting it installed is labor logistics and bandwidth.

Our robots remove the labor bottleneck, allowing construction companies to meet the rising demand for solar, and enabling the world to switch to renewables faster.",https://chargerobotics.com/,https://www.ycombinator.com/companies/charge-robotics,"San Francisco, CA, USA",25,Industrials,Industrials -> Manufacturing and Robotics,"Industrials, Manufacturing and Robotics","Robotics, Solar Power, Construction, Climate","United States of America, America / Canada",Early,False,True,False,,https://bookface-images.s3.amazonaws.com/small_logos/0118080552ba9d1fbdfe132c3eead249237876d9.png,1648225164
24871,Ahazou,ahazou,Summer 2021,Active,Podium for local businesses in Latam,"Ahazou is a SaaS app that helps offline local businesses to connect online with their customers to promote their brand, to build their reputation and to sell more. We've reached USD100k MRR with 16k+ subscribers. Our vision is to build the next all-in-one platform for 50 million local businesses to grow online in Latam. The company is founded by Rui Miadaira - 10+ years building local businesses, 3x entrepreneur, tech background with a Harvard MBA - and has built a team from iFood, Movile, PicPay. Ahazou is backed by GFC, Monashees, Y Combinator (S21) and more.",https://ahazou.com,https://www.ycombinator.com/companies/ahazou,"São Paulo, SP, Brazil; Remote",27,B2B,B2B -> Marketing,"B2B, Marketing","Fintech, SaaS, B2B","Brazil, Latin America, Remote, Fully Remote",Early,False,False,False,,https://bookface-images.s3.amazonaws.com/small_logos/688b5c2786948f05b6cdae30e72d3113fea715bb.png,1626437616
24870,Titipku,titipku,Summer 2021,Active,Super Hyperlocal Marketplace for SMEs in Indonesia,Local market is a traditional wet market that consist with 200 - 1000 merchants who sell groceries located in every residential area. We  digitize all these merchants into our apps and provide personal shoppers. So every household can buy groceries from multiple merchants at one local market in one single order. There are 16.000 local markets in Indonesia with 8.000.000 merchants inside. ,https://titipku.com,https://www.ycombinator.com/companies/titipku,"Jakarta, Jakarta, Indonesia",19,Consumer,Consumer,Consumer,"Grocery, Marketplace, Delivery","Indonesia, Southeast Asia, Remote, Partly Remote",Early,False,False,False,Titipku (PT Terang Bagi Bangsa),https://bookface-images.s3.amazonaws.com/small_logos/0d0b689c7b0d4a958fe7a07cbfb088dcaf80a2b9.png,1625803296
24868,HEO Robotics,heo-robotics,Summer 2021,Active,We visually monitor space objects for governments and defense,HEO Robotics visually monitors satellites for governments and defence. We do this by transforming existing Earth observation satellites with software to image other satellites as they fly close by.,https://www.heo-robotics.com/,https://www.ycombinator.com/companies/heo-robotics,"Sydney, NSW, Australia",3,Industrials,Industrials -> Aviation and Space,"Industrials, Aviation and Space","Space Exploration, Aerospace, Defense","Australia, Oceania",Growth,False,False,False,,https://bookface-images.s3.amazonaws.com/small_logos/4eb6dbf348024d4e5ac4fca59b2986a44df80f67.png,1627433056
24865,Turion Space,turion-space,Summer 2021,Active,"Moving Things Around in Space, Imaging Space Objects When We're Not","Turion Space is building spacecraft to move things around in space and image space objects when they’re not, and focused on developing the dual-use technology required to ensure a sustainable future in space. They aim to build a strong foundation selling space domain awareness imagery data while advancing their technology towards an affordable solution for orbital debris removal and eventually asteroid mining. The founding team originates from SpaceX, and after going through the Y-combinator accelerator in summer 2021 went on to raise a $6.2M seed round and is launching their first DROID satellite in early 2023.",https://turionspace.com/,https://www.ycombinator.com/companies/turion-space,"Los Angeles, CA, USA; Irvine, CA, USA",15,Industrials,Industrials -> Aviation and Space,"Industrials, Aviation and Space","Space Exploration, Satellites","United States of America, America / Canada",Growth,False,True,False,Turion Space Corp,https://bookface-images.s3.amazonaws.com/small_logos/3eb2482513aa1e5319f803b04d82742db018432d.png,1625614566
24861,Stepful,stepful,Summer 2021,Active,Online Training for Healthcare Jobs,"Stepful trains people with a high school education in 4 months and places them into healthcare jobs. Healthcare is the fastest growing industry in the US accounting for 40% of all jobs added including medical assistants, nursing assistants, and phlebotomists.",https://www.stepful.com,https://www.ycombinator.com/companies/stepful,"New York City, NY, USA",100,Education,Education,Education,"eLearning, Healthcare","United States of America, America / Canada",Growth,False,True,False,"Aja, The Aja School, Stepful (formerly Aja)",https://bookface-images.s3.amazonaws.com/small_logos/c0728d93169a360b05d77534d03fed918d3868a4.png,1626793373
24859,Synder,synder,Summer 2021,Active,Easy accounting for e-commerce,"Synder is an easy accounting platform focused on e-commerce.  It connects all sales platforms (like Shopify, Stripe, Amazon or Etsy) into one ecosystem, providing businesses with consolidated cash flow, automated accounting, and inventory management making Synder a single source of truth of the correct analytics, accounting and tax filing.",https://synder.com,https://www.ycombinator.com/companies/synder,"San Francisco, CA, USA",,B2B,B2B -> Finance and Accounting,"B2B, Finance and Accounting",E-Commerce,"United States of America, America / Canada, Remote, Partly Remote",Early,False,False,False,,https://bookface-images.s3.amazonaws.com/small_logos/cbfbdd6f698428d00defbe49ae298e9ee23d8d76.png,1625691576
24857,Café,cafe,Summer 2021,Active,Your Workplace Engagement Hub,"Café makes it easy to discover people, meet in-person, and organize internal events. Boost connection, engagement, and attendance — all in one place.",https://at.cafe,https://www.ycombinator.com/companies/cafe,"Paris, Île-de-France, France",10,B2B,B2B -> Human Resources,"B2B, Human Resources","Community, HR Tech, Social Network","France, Europe, Remote, Partly Remote",Early,False,False,False,,https://bookface-images.s3.amazonaws.com/small_logos/6c368c9d008e5d4db6caf0bc8d14f12ff9d81d65.png,1625049140
24846,Datlo,datlo,Summer 2021,Active,Datlo helps companies increase sales and expand through data,"Datlo is a geointelligence platform made for sales and marketing folks. In seconds you can conduct market research, find new customers, and distribution channels for your company. All of that without needing a data scientist or a programmer. 
",https://www.datlo.com/,https://www.ycombinator.com/companies/datlo,"Maringá, PR, Brazil",60,B2B,B2B -> Analytics,"B2B, Analytics","SaaS, Geographic Information System, B2B","Brazil, Latin America, Remote, Partly Remote",Early,False,False,False,SIGA Geointelligence,https://bookface-images.s3.amazonaws.com/small_logos/ff8ea6145bd2655e4c3aad9c3d5e8252e1b412d0.png,1629284798
24841,Aviator,aviator,Summer 2021,Active,Google-level engineering productivity suite,"Aviator is a developer tool that automates merge workflows and keeps builds healthy. Engineers save up to 5 hours a week and avoid frustration of broken builds.

Our users include Slack, Square, Benchling, Figma, Doordash and many others.

Our goal is to become the leading brand for developer experience.",https://aviator.co,https://www.ycombinator.com/companies/aviator,"San Francisco, CA, USA",6,B2B,"B2B -> Engineering, Product and Design","B2B, Engineering, Product and Design","Developer Tools, SaaS, B2B","United States of America, America / Canada, Remote, Partly Remote",Early,False,True,False,"Rsync, MergeQueue",https://bookface-images.s3.amazonaws.com/small_logos/678a075ba845be1f92622449400b609811c48c31.png,1629699388
24840,VedaBio,vedabio,Summer 2021,Active,CRISPR powered Diagnostics with results in minutes.,Syndromic testing powered by engineered CRISPR enzymes. Get comprehensive results in every doctor visit. More at www.vedabio.com,https://www.vedabio.com,https://www.ycombinator.com/companies/vedabio,"San Diego, CA, USA; Urbana, IL, USA",30,Healthcare,Healthcare -> Diagnostics,"Healthcare, Diagnostics",Hard Tech,"United States of America, America / Canada, Remote, Partly Remote",Early,False,False,False,"LabSimply, Labsimply, Inc.",https://bookface-images.s3.amazonaws.com/small_logos/f36960de43508b6e6c447cab7a3cfcb402d9411f.png,1626385432
24828,Sitenna,sitenna,Summer 2021,Active,Compound B2B SaaS for modern infrastructure to deploy and manage sites,"Modern infrastructure (incl. 5G wireless and EV charging) has a problem. Whilst analysts are claiming exponential growth in deployments in the coming years, the truth is that the process of site acquisition and management is currently manual, archaic and painful. Sitenna has developed software to digitise the process reducing site acquisition from currently 24 months to a matter of weeks. We work with Real Estate, Local Government, Infrastructure Providers and Operators.

Sitenna launched in the UK in late 2021 and was selected as the leading software vendor to a UK government sponsored infrastructure project, with over 1m assets on the platform and all major telecom players active, including BT, EE and BAI. 

The team is led by a group of industry veterans with C-Suite level access to telecom companies worldwide. Daniel has worked in the telecoms industry for over 12 years and he has supported $100bn in transactions in over 30 countries. Brian has over 12 years’ experience as a technical consultant including BAE Systems Applied Intelligence, Norkom and Ericsson. Both are multiple time founders, execs and non-execs in start-ups including exits.",http://www.sitenna.com,https://www.ycombinator.com/companies/sitenna,"Atlanta, GA, USA; Remote",7,B2B,B2B,B2B,Marketplace,"United States of America, America / Canada, Remote, Fully Remote",Early,False,False,False,,https://bookface-images.s3.amazonaws.com/small_logos/ab5988a019783acdb1a9c47fc936a37d129bc614.png,1625497550
24827,Evidence,evidence,Summer 2021,Active,Business intelligence as code,"Evidence is an open source, code-based alternative to drag-and-drop BI tools. Build polished data products with just SQL and markdown.",https://www.evidence.dev,https://www.ycombinator.com/companies/evidence,"Toronto, ON, Canada; Remote",6,B2B,B2B -> Analytics,"B2B, Analytics","Developer Tools, B2B, Analytics, Data Engineering, Data Visualization","Canada, America / Canada, Remote, Fully Remote",Early,False,False,False,Evidence.dev,https://bookface-images.s3.amazonaws.com/small_logos/4d8b363264f6bac1f6d0ca15696cb97172806885.png,1628028455
24822,Luminate,luminate-medical,Summer 2021,Active,We make cancer care at home possible.,,http://www.luminatemed.com,https://www.ycombinator.com/companies/luminate-medical,"Galway, County Galway, Ireland",55,Healthcare,Healthcare -> Medical Devices,"Healthcare, Medical Devices","Hard Tech, Consumer Health Services, Medical Devices","Ireland, Europe",Early,False,False,False,Luminate Medical,https://bookface-images.s3.amazonaws.com/small_logos/9fe59dec0db5818a11a7306f36b67e952ee2c037.png,1625132011
24820,Medium Biosciences,medium-biosciences,Summer 2021,Active,AI-designed Affinity Reagents,"We turn advances in AI and protein design into experimentally validated molecular tools, partnering with research teams and diagnostic developers to deliver high-performance affinity reagents in weeks, not months.
",http://medium.bio,https://www.ycombinator.com/companies/medium-biosciences,"San Francisco, CA, USA",6,Healthcare,Healthcare -> Diagnostics,"Healthcare, Diagnostics","Artificial Intelligence, Machine Learning, Biotech","United States of America, America / Canada, Remote, Partly Remote",Early,False,False,False,,https://bookface-images.s3.amazonaws.com/small_logos/0f30f00dbe44cde67296a43e445c0bb0dc14f9b5.png,1630004252
24819,Adravision,adravision,Summer 2021,Active,Automation for dental clinics and insurance companies.,"We build automation solutions powered by AI to improve the efficiency of diagnostics, documentation, and patient education for dental clinics. Our technology is also used by dental insurance companies to process large volumes of claims by analyzing unstructured data like X-rays, narratives, and documents.

We're a dentist and clinic owner, a computer vision expert, and a bioscientist.

https://www.adra.ai/
",https://www.adra.ai,https://www.ycombinator.com/companies/adravision,"Singapore, Singapore; Remote",8,Healthcare,Healthcare -> Healthcare IT,"Healthcare, Healthcare IT","Artificial Intelligence, Healthcare, Health Insurance, Diagnostics","Singapore, Southeast Asia, Remote, Fully Remote",Early,False,False,False,Adra,https://bookface-images.s3.amazonaws.com/small_logos/0af36732c31f9de500d8cee39a790da8b6870407.png,1625793079
24799,Birdie,birdie,Summer 2021,Active,Connect LinkedIn to your CRM to automate and track LinkedIn outreach.,"Birdie supercharges your sales team’s outreach productivity on LinkedIn. We do this by automating outreach workflows and providing comprehensive activity analytics. We help individual sales reps save time, while also helping sales managers get full visibility into their LinkedIn outreach efforts.",https://www.getbirdie.io,https://www.ycombinator.com/companies/birdie,"San Francisco, CA, USA; Remote",2,B2B,B2B -> Sales,"B2B, Sales","SaaS, B2B, Productivity, Sales","United States of America, America / Canada, Remote, Fully Remote",Early,False,False,False,StandardCode,https://bookface-images.s3.amazonaws.com/small_logos/afa4cf1d8876c100e009c13b29e35356d72d7fd2.png,1625175137
24795,SFA Therapeutics,sfa-therapeutics-inc,Summer 2021,Active,Regulating the immune system to block cancer & autoimmune diseases,"SFA Therapeutics is creating therapeutically-tailored oral drugs that regulate the immune system; with a focus on autoimmune diseases and cancers that originate from chronic inflammation. There are over 300 million patients who suffer from autoimmune diseases. Our treatment is designed to block the root cause of many of these chronic inflammatory diseases, with safe oral drugs. We have strong clinical data from a phase 1b clinical trial in psoriasis, and human data in pancreatic cancer, uveitis and NASH. we have a total of 9 drugs in our pipeline and 15 patents.",https://sfatherapeutics.com/,https://www.ycombinator.com/companies/sfa-therapeutics-inc,"Philadelphia, PA, USA",4,Healthcare,Healthcare -> Therapeutics,"Healthcare, Therapeutics","AI-powered Drug Discovery, Anti-Aging, Biotech, Health & Wellness, Biotechnology","United States of America, America / Canada, Remote, Partly Remote",Early,False,False,False,"SFA Therapeutics, Inc.",https://bookface-images.s3.amazonaws.com/small_logos/5873834b208e59808a81e6f7b65403be4dd9fc78.png,1624038758
24773,Crew,crew,Summer 2021,Active,Next Gen ATS/CRM for Modern Recruitment Agencies,"Crew is the next-gen ATS/CRM built just for recruiting agencies and independent recruiters. 

It’s all about modern sourcing, packed with cool automation and even a dash of AI. It's beautiful and well-designed. Plus, it’s deeply integrated with LinkedIn—because let’s be honest, that’s where we recruiters hang out most of the day. With Crew, you can forget about all that tedious copying/pasting, and tab-switching, making your workday a whole lot smoother.",https://crew.work/,https://www.ycombinator.com/companies/crew,"Paris, Île-de-France, France; Remote",6,B2B,B2B -> Recruiting and Talent,"B2B, Recruiting and Talent","Recruiting, Sales Enablement, Talent Acquisition, CRM","France, Europe, Remote, Fully Remote",Early,False,True,False,,https://bookface-images.s3.amazonaws.com/small_logos/c805d59bd5547bcedca43a4daba3b14b99b470bb.png,1624982919
24760,Therify,therify,Summer 2021,Active,Inclusive mental healthcare for companies,"Therify is an inclusive mental health benefit for companies. Through our web platform, employees access culturally responsive therapists, live community sessions, and self-guided content to support their emotional well-being. ",https://www.therify.co/,https://www.ycombinator.com/companies/therify,Remote,3,B2B,B2B -> Human Resources,"B2B, Human Resources",,"Remote, Fully Remote",Early,False,False,False,,https://bookface-images.s3.amazonaws.com/small_logos/a068a30090c309e12a8261617a23a328e7bb134b.png,1624210964
24759,Phykos,phykos,Summer 2021,Active,Growing seaweed to stabilize the climate.,,https://phykos.co,https://www.ycombinator.com/companies/phykos,"San Francisco, CA, USA; Remote",2,Industrials,Industrials -> Climate,"Industrials, Climate","Carbon Capture and Removal, Climate","United States of America, America / Canada, Remote, Fully Remote",Early,False,False,False,"Phykos, PBC",https://bookface-images.s3.amazonaws.com/small_logos/dc1b187088d97083340163ef0d7a1abbab95948f.png,1632769655
24756,Hirebolt,hirebolt,Summer 2021,Active,AI engineering capacity. Made simple. ⚡️,"Access a global network of verified engineers, AI-augmented teams, and expert AI evaluators with instant search that helps you start finding and interviewing talent in seconds.

To date, we’ve raised ~$1.5M from investors including Y Combinator, Entrepreneur First, world-class Venture Capital funds and industry leaders.",https://hirebolt.com/,https://www.ycombinator.com/companies/hirebolt,"London, England, United Kingdom",3,B2B,B2B -> Human Resources,"B2B, Human Resources","Recruiting, HR Tech","United Kingdom, Europe, Remote, Partly Remote",Early,False,False,False,Shopscribe,https://bookface-images.s3.amazonaws.com/small_logos/05fafd23832bf21030abee3cc203883eb549763e.png,1628155441
24754,Plai,plai,Summer 2021,Active,"Create, launch, and optimize Facebook ads and ads on 10+ platforms","Plai makes it easy to create, launch, and optimize ads with AI doing the heavy lifting. Brands use Plai across Facebook, Google, LinkedIn, and TikTok. Trusted across 100,000+ campaigns and 5B+ ad impressions.",https://www.plai.io/,https://www.ycombinator.com/companies/plai,"Los Angeles, CA, USA; Remote",20,B2B,B2B -> Marketing,"B2B, Marketing","Marketing, Advertising","United States of America, America / Canada, Remote, Fully Remote",Early,False,False,False,,https://bookface-images.s3.amazonaws.com/small_logos/9e5edb26e5bdc44b210c50ed3cc68204303afbc9.png,1625097839
24746,Atlas,atlas,Summer 2021,Active,"Operating system for restaurants, focusing on Southeast Asia","Atlas is building the operating system for restaurants. Atlas is the easiest way to start, run and grow any restaurant online and offline. We are the team that previously built Grain, a venture-backed online restaurant, to millions in revenue. Team and investors are from Grain, Accenture, Microsoft, Udacity, McKinsey, Salesforce, Y Combinator and others. https://atlas.kitchen",https://atlas.kitchen,https://www.ycombinator.com/companies/atlas,"Singapore, Singapore",12,B2B,B2B,B2B,Restaurant Tech,"Singapore, Southeast Asia, Remote, Partly Remote",Early,False,True,False,,https://bookface-images.s3.amazonaws.com/small_logos/b5fbe6f0988ece99d1e7fc4b4ccb58b5d8ab3808.png,1628404726
24737,CellChorus,cellchorus,Summer 2021,Active,The dynamic single-cell analysis company,"At CellChorus, we apply artificial intelligence to evaluate thousands of microscopy videos in parallel to evaluate how immune cells move, interact and perform over time. This allows our customers to discover, develop, manufacture and deliver cell therapies, antibodies, vaccines and other novel therapies faster, at lower expense, and with higher rates of success.

Our customers include top-25 biopharma companies and seed-stage biotechs that are developing cell therapies, antibody therapeutics and vaccines (including one of the few companies with an approved CAR T cell therapy).

Hear from the team at https://www.youtube.com/watch?v=IE9x_tm0XnI",https://cellchorus.com,https://www.ycombinator.com/companies/cellchorus,"Houston, TX, USA",4,Healthcare,Healthcare -> Drug Discovery and Delivery,"Healthcare, Drug Discovery and Delivery","AI-powered Drug Discovery, Machine Learning","United States of America, America / Canada, Remote, Partly Remote",Early,False,False,False,,https://bookface-images.s3.amazonaws.com/small_logos/b81eadcf3657043bd35cb166adc3ac4e9ad367e8.png,1629064445
24727,Output Biosciences,output,Summer 2021,Active,The foundation for the next era of biology,"Output is a fully integrated AI lab building Artificial General Biological Intelligence, from the molecular level up to whole systems. The discovery of new biology and the design of therapeutic moonshots become routine.",https://www.outputbio.com/,https://www.ycombinator.com/companies/output,"New York City, NY, USA",8,Healthcare,Healthcare -> Drug Discovery and Delivery,"Healthcare, Drug Discovery and Delivery","AI-powered Drug Discovery, Generative AI, Biotech, AI","United States of America, America / Canada",Early,False,True,False,Jingu Health,https://bookface-images.s3.amazonaws.com/small_logos/45a8d72beb3c47955dd9a980cc0185312b3b7e63.png,1628006072
24726,Abatable,abatable,Summer 2021,Active,Carbon markets platform and solutions,"Abatable is a carbon offsetting procurement platform which connects companies with carbon project developers of high quality carbon offsets. Abatable facilitates procurement decisions by offering third party quality assessments of projects and by standardizing multi-year purchase agreements and an automated RFP platform. The team has extensive experience advising institutional investors on nature-based carbon removal and impact investment portfolios and is backed by leading investors like YCombinator, BlueBear Capital and Global Founders Capital. ",https://www.abatable.com,https://www.ycombinator.com/companies/abatable,"London, England, United Kingdom",35,Industrials,Industrials -> Climate,"Industrials, Climate","Carbon Capture and Removal, B2B, Climate","United Kingdom, Europe, Remote, Partly Remote",Early,False,False,False,"Imprint Zero, Uncarbon",https://bookface-images.s3.amazonaws.com/small_logos/c0d6c67bb2bb164d79e4175491e274fbf69a3749.png,1625586568
24725,ContraForce,contraforce,Summer 2021,Active,Security Delivery Platform to orchestrate AI agents for Service…,"ContraForce delivers a first-of-its-kind Security Delivery Platform that automates security engineering, AI-operator workflows, and multi-tenant incident response for Service Providers and Teams. Our platform orchestrates supervised or autonomous AI agents to run triage, investigation, response, and documentation at scale.",https://www.contraforce.com,https://www.ycombinator.com/companies/contraforce,"McKinney, TX, USA; Remote",15,B2B,B2B -> Security,"B2B, Security","SaaS, Security, AI","United States of America, America / Canada, Remote, Fully Remote",Early,False,False,False,,https://bookface-images.s3.amazonaws.com/small_logos/432a4f78b4ff1733ad967eccea1a465f5a83c959.png,1626391321
24720,Storylane,storylane,Summer 2021,Active,Build Interactive Product Demo in 10 mins for SaaS companies,"Storylane enables marketing and sales teams to create and share interactive product demos in 10 min. Prospective buyers can self-experience the demos without talking to sales. Our no-code platform allows teams (without any engineering help) to capture, personalize, add guides and publish a demo. These Demos can be embedded on websites, email campaigns or sales followups. ",https://www.storylane.io/,https://www.ycombinator.com/companies/storylane,"San Francisco, CA, USA",55,B2B,B2B,B2B,"SaaS, B2B","United States of America, America / Canada, Remote, Partly Remote",Early,False,True,False,"Storylane, Inc",https://bookface-images.s3.amazonaws.com/small_logos/2ea7660c6ef79a3f3c31b84b9791afa7da450839.png,1626457570
24719,StrideQ,strideq,Summer 2021,Active,Automated phone ordering system for restaurants,"StrideQ (formerly SliceQ) is the automated phone ordering system for restaurants which ensures no missed calls and no missed orders. Surprisingly, 33% of restaurant customers still prefer ordering via phone calls, but front desk staff is often busy and revenue is lost.

After enabling StrideQ our customers have increased their sales by over 10%, even while dealing with staff shortages in covid times.

Phone ordering is our wedge to become the point of sale system for all restaurants. StrideQ also streamlines dine-in and online orders in one single system. It helps to run restaurants more easily by effectively managing operations during weekend peak rush. ",https://strideq.com,https://www.ycombinator.com/companies/strideq,"San Francisco, CA, USA; Mountain View, CA, USA; Remote",2,B2B,B2B -> Retail,"B2B, Retail","Food Service Robots & Machines, SaaS, E-commerce","United States of America, America / Canada, Remote, Fully Remote",Early,False,False,False,SliceQ,https://bookface-images.s3.amazonaws.com/small_logos/7557982e49d88a53b674fb89f1101a2f39d475ca.png,1628286401
24705,Sensible Biotechnologies,sensible-biotechnologies,Summer 2021,Active,Unlocking the next generation of mRNA medicines,"The future of mRNA therapeutics is hampered by manufacturing challenges and unless solved, its exciting potential may never be realised. Sensible enables the next generation of mRNA medicines by turning living cells into factories producing abundant, highly stable and non-immunogenic mRNA in a scalable and cost-effective way.",https://sensible.bio,https://www.ycombinator.com/companies/sensible-biotechnologies,"Oxford, England, United Kingdom",24,Healthcare,Healthcare -> Therapeutics,"Healthcare, Therapeutics","Synthetic Biology, Biotech, Manufacturing, Therapeutics, Biotechnology","United Kingdom, Europe, Remote, Partly Remote",Early,False,False,False,Genbiotics,https://bookface-images.s3.amazonaws.com/small_logos/45d14c57e3b4e2739c65c0bb84a511608548ffa2.png,1680519323
24691,Orderli,orderli,Summer 2021,Active,Square for Europe,"Orderli is tableside ordering for bars and pubs in Europe. Orderli works without downloading an app, guests can scan a QR code on the table, browser the menu and order what they want. 

For the staff we provide a simple app which gives them a better overview who is ordering and control of the orders that are sent to the kitchen.

In the backend we use predictions to recommend restaurant owners what to purchase and make changes to the menu in real-time. ",https://orderli.com/en,https://www.ycombinator.com/companies/orderli,"Utrecht, UT, Netherlands; Amsterdam, NH, Netherlands",6,B2B,B2B,B2B,"SaaS, B2B, E-commerce","Netherlands, Europe, Remote, Partly Remote",Early,False,False,False,,https://bookface-images.s3.amazonaws.com/small_logos/45c63131149be4a1a901457bcfe9d6014bd7651a.png,1624983089
24686,Suplias,suplias,Summer 2021,Active,We enable FMCG distributors in Africa buy inventory on credit,"Suplias helps FMCG manufacturers in Africa receive payments and finance inventory purchases of their distributors using a mobile app called Obtainly.

We launched in Nigeria, where we have been growing revenue by 32% month over month for the last 11 months

Our founding team has a combined 25+ years of experience in supply chain and ecommerce having worked for Procter & Gamble, Pepsi Co, Gap and Jumia, the #1 ecommerce company in Africa.",https://suplias.com,https://www.ycombinator.com/companies/suplias,"Lagos, LA, Nigeria; LA, Nigeria",9,Fintech,Fintech,Fintech,"Fintech, Marketplace, B2B","Nigeria, Africa, Remote, Partly Remote",Early,False,False,False,Suplias Technologies,https://bookface-images.s3.amazonaws.com/small_logos/001394843368de730075cbf6fb2ac288b814ba15.png,1625063921
24685,Abhi,abhi,Summer 2021,Active,Abhi is Pakistan's 1st financial wellness platform focusing on…,"An early wage access platform allowing salaried employees to draw down a percentage of their accrued salary before the next payroll cycle. Helping employees to avoid late payment fee on bills, access emergency cash and substitute expensive debt. We work on a B2B2C model allowing companies to extend the product as a benefits program to their employee base.",https://abhi.com.pk/,https://www.ycombinator.com/companies/abhi,"Sindh, Pakistan",10,Fintech,Fintech -> Credit and Lending,"Fintech, Credit and Lending",Fintech,"Pakistan, South Asia, Remote, Partly Remote",Early,False,False,False,Abhi Finance,https://bookface-images.s3.amazonaws.com/small_logos/c082c73a45600373e3b41285064f23805d9ab93a.png,1626433454
24682,Pandai,pandai,Summer 2021,Active,Learning app for school students in Southeast Asia,"💡 What is Pandai?

Pandai is an app that helps students get better grades in school. 

Pandai provides gamified quizzes aligned to a specific school curriculum, from which students can learn, practice, get feedback, and diagnose their weaknesses.

🔥 Why do we build this? 

In Southeast Asia, the education system is competitive and exam-oriented. 

There is a huge demand for interventions (tutors, workbooks, and extra classes) to help students perform better in school. Pandai fills the demand with a solution that is better than the alternatives.

👨‍🏫 Who We Are

The three founders are based in Malaysia and have known each other since high school, 23 years ago. 

After we graduated (from MIT & other US colleges), we started our first education company in 2007, focusing on coaching school students in STEM subjects.

We worked closely with students (many of them from underprivileged backgrounds) and saw firsthand the impact we’ve had on them. 

We then realized that with technology, we could reach more students and bring more impact. Hence, we released Pandai in 2020. 

🚀 Present & Future

Currently, we have launched in our home ground Malaysia in 2020. 

So far, 280,000 students have completed 83 million questions on Pandai, and 92% of users have seen some improvement in their academic performance. 

We plan to expand to Southeast Asia and other emerging markets, a market of 100M+ school students. Pandai is designed to be scalable, and our content (also available in English) can be mapped to other curricula from other countries. ",https://www.pandai.org,https://www.ycombinator.com/companies/pandai,"Kuala Lumpur, Federal Territory of Kuala Lumpur, Malaysia",32,Education,Education,Education,"Education, SaaS, Subscriptions","Malaysia, Southeast Asia, Remote, Partly Remote",Early,False,False,False,,https://bookface-images.s3.amazonaws.com/small_logos/c207a301c4b691e3442cd4f0f0e317b08fdb8c94.png,1626866557
24679,idemeum,idemeum,Summer 2021,Active,AI-powered Application Control,AI agents analyze every application execution on Windows and macOS. You decide what is allowed to run. ,https://www.idemeum.com,https://www.ycombinator.com/companies/idemeum,"San Francisco, CA, USA; Remote",10,B2B,B2B -> Security,"B2B, Security","B2B, Security","United States of America, America / Canada, Remote, Fully Remote",Early,False,False,False,,https://bookface-images.s3.amazonaws.com/small_logos/114a9a76a8ee453baff49fa40d74bd24651c0907.png,1626910054
24668,Shape,shape,Summer 2021,Active,Get data insights without writing SQL,Shape lets workers get access to data insights without having to write SQL. ,https://shape.xyz,https://www.ycombinator.com/companies/shape,"London, England, United Kingdom; Remote",4,B2B,B2B -> Analytics,"B2B, Analytics","Analytics, Enterprise, AI","United Kingdom, Europe, Remote, Fully Remote",Early,False,False,False,"Teamhouse (working title), Teamhouse, Teamspace, CollabKit",https://bookface-images.s3.amazonaws.com/small_logos/1c1d69b18436177dca9fb962a80757945ac7efcb.png,1628116141
24666,Baubap,baubap,Summer 2021,Active,Smart micro financing for everyone,"Baubap is LatinAmerica's firts AI-powered, credit-focused bank. Today we're the leading AI lending app in Mexico",https://www.baubap.com,https://www.ycombinator.com/companies/baubap,"Mexico City, CDMX, Mexico; Remote",150,Fintech,Fintech -> Credit and Lending,"Fintech, Credit and Lending","Machine Learning, Lending","Mexico, Latin America, Remote, Fully Remote",Growth,False,False,False,,https://bookface-images.s3.amazonaws.com/small_logos/5b8f09f3d507f587a964edfec2e799e29ee3b8d5.png,1625680094
24653,Novatr,novatr,Summer 2021,Active,"Online cohort based courses for architects, engineers and designers…","Novatr (YC S21) offers online cohort-based courses for architects, engineers and designers in the AEC industry to advance their professional growth. We serve learners from 45+ countries including India, MENA, USA, Europe, and SEA. Our courses are delivered by professionals from global firms like Autodesk, BIG, Google, UNStudio, AECOM, and graduates are placed at top-tier architecture firms, construction companies and real estate companies.

Project-based learning and peer-to-peer interaction in cohort makes learning enriching and increases the completion rates to 84%. Learners work in groups of 2-6 on live projects and create significant outputs from scratch.

The company is led by alumni of SPA Delhi and IIT Madras.",https://www.novatr.com,https://www.ycombinator.com/companies/novatr,"Gurugram, HR, India; Delhi, DL, India",180,Education,Education,Education,"Education, eLearning","India, South Asia",Growth,False,False,False,Oneistox,https://bookface-images.s3.amazonaws.com/small_logos/1179f00a3ef3a6f09115a94a3727c10f972e55a4.png,1627968455
24640,Malga,malga,Summer 2021,Active,Malga is an API to accept payments with multiple payment providers,"Malga gives digital businesses access to multiple payments services through a single integration, and the ability to change between them on a transaction to transaction basis without writing code. 
",https://malga.io/,https://www.ycombinator.com/companies/malga,"Rio de Janeiro, RJ, Brazil",46,Fintech,Fintech -> Payments,"Fintech, Payments","SaaS, Payments, B2B","Brazil, Latin America, Remote, Partly Remote",Early,False,False,False,Plug,https://bookface-images.s3.amazonaws.com/small_logos/bf80258b38552f28c03c1373b8c641819abe5f97.png,1626365589
24638,Tuli Health,tuli-health,Summer 2021,Active,Transforming pharmacies in the UK into diagnostic centers,"Tuli health is turning all 11 000 independent pharmacies in the UK into diagnostic centers.  Our software makes it easy for these pharmacies to sell and fulfill COVID-19 tests today and other diagnostic tests tomorrow. Instead of waiting for a long time or travelling a long distance to receive the tests, customers can now receive tests in their neighbourhood, with results guaranteed in 24 hours. 

Tuli Health was launched in June, had onboarded 147 pharmacies, performed over 7000 diagnostic tests, and helped pharmacies generate $1.3 million in incremental revenue per month. 

The vision is to make every local pharmacy into a diagnostic center powered by Tuli Health. ",https://tuli.health,https://www.ycombinator.com/companies/tuli-health,"London, England, United Kingdom",4,Healthcare,Healthcare,Healthcare,"SaaS, Telemedicine, Primary Care","United Kingdom, Europe",Early,False,False,False,,https://bookface-images.s3.amazonaws.com/small_logos/1e82b59473fbb0ac2ab82c6aba02b0f226fac8bc.png,1629077973
24635,Stownest,stownest,Summer 2021,Active,"Flexible On-Demand Storage Space for Household, SMEs & Travellers.","Valet self-storage solution for your personal storage needs. Be it household storage or seasonal belongings, we will pick them up and store them in our facility. You get it back when you need it. 

Service built on technology and strong customer experience fundamentals.",https://stownest.com,https://www.ycombinator.com/companies/stownest,"Bengaluru, KA, India",80,Consumer,Consumer,Consumer,"Warehouse Management Tech, B2B","India, South Asia",Early,False,False,False,"Stownest Technologies Pvt Ltd, StowNest",https://bookface-images.s3.amazonaws.com/small_logos/c783e8122eec2c0e306b175f148c67b441c33423.png,1624629912
24629,Filadd,filadd,Summer 2021,Active,We help students in Latin America graduate from College.,"We provide premium, personalized courses for college entrance exams (like Chile’s PAES and Brazil’s ENEM) combining engaging video lessons, live tutoring, AI-powered study plans, and downloadable resources.
Today we serve over 25,000 students annually across Chile, Brazil, Argentina, and Colombia, with a 90% YoY growth and industry-leading margins.",https://filadd.com/,https://www.ycombinator.com/companies/filadd,"Córdoba, Cordoba, Argentina",100,Education,Education,Education,"Education, eLearning, Community","Argentina, Latin America, Remote, Partly Remote",Early,False,False,False,,https://bookface-images.s3.amazonaws.com/small_logos/0de09f1797d2255295571d9c8eaf0a9c8e1700d5.png,1624557348
24628,Kiwi Biosciences,kiwi-biosciences,Summer 2021,Active,Patent-pending enzymes to break down common dietary triggers,"Kiwi Biosciences can help 18M Americans suffering from Irritable Bowel Syndrome (IBS) enjoy a normal meal without running to the bathroom two hours later. We develop novel, patent-pending enzymes that break down common digestive triggers in food. ",https://www.fodzyme.com,https://www.ycombinator.com/companies/kiwi-biosciences,"Boston, MA, USA",10,Healthcare,Healthcare -> Consumer Health and Wellness,"Healthcare, Consumer Health and Wellness","Biotech, Food Tech","United States of America, America / Canada, Remote, Partly Remote",Early,False,False,False,Kiwi Bio,https://bookface-images.s3.amazonaws.com/small_logos/dbab0dcef0041ce58d73ba3b8e05f5279e22f0bf.png,1628891422
24624,Luable,luable,Summer 2021,Active,Latin America's Deposits Marketplace for Banks,"Luable is an Bank Deposits Marketplace in Latin America where Banks can get faster and cheaper funding from Retail users compared to opening traditional branch offices or hiring more Sales Representatives.

Luable's Marketplace features all banks in one place so retail users can choose for their best needs, and enables upcoming banks to provide a full digital experience with no fixed costs. 

Since Launching in 2021, Luable has processed over USD $30M in deposits for many banks and its currently expanding its operations from Colombia to Mexico and the Caribbean. ",https://mejorcdt.com/,https://www.ycombinator.com/companies/luable,"Bogotá, Bogota, Colombia",40,Fintech,Fintech -> Asset Management,"Fintech, Asset Management",Fintech,"Colombia, Latin America, Remote, Partly Remote",Early,False,False,False,MejorCDT,https://bookface-images.s3.amazonaws.com/small_logos/c42ad71bbcf1290c38748fcf6ea3b7ed36c0f669.png,1630095509
24622,Caire Health,caire-health,Summer 2021,Active,Semi-Autonomous Diagnostics for Emergent Care,"We believe that no emergency should have to wait. To make this a reality we build AI that instantly reads medical scans and enables critical care teams to make diagnoses better than radiologists. This saves lives by getting emergencies to treatment immediately and by discharging non-emergent patients quickly so the next emergency doesn’t have to wait either.
",http://cairehealth.com,https://www.ycombinator.com/companies/caire-health,"FL, USA",3,Healthcare,Healthcare -> Diagnostics,"Healthcare, Diagnostics","Artificial Intelligence, Medical Devices","United States of America, America / Canada",Early,False,False,False,CAIRE,https://bookface-images.s3.amazonaws.com/small_logos/97361364dc226255ea7672c56e73b4967ef83a2e.png,1628310950
24616,Vibe Kanban,vibe-kanban,Summer 2021,Active,Plan and review AI generated code,"As AI agents become more capable at writing code, developers are spending more of their time planning and reviewing what those agents produce. Vibe Kanban helps them do exactly that, seamlessly integrating with leading coding agents like Anthropic’s Claude Code and OpenAI’s Codex.",https://vibekanban.com,https://www.ycombinator.com/companies/vibe-kanban,"London, England, United Kingdom",10,B2B,"B2B -> Engineering, Product and Design","B2B, Engineering, Product and Design","Artificial Intelligence, Machine Learning, Open Source","United Kingdom, Europe",Early,False,False,False,bloop,https://bookface-images.s3.amazonaws.com/small_logos/773b39b8261f5827258bdc470dd1356bfb4e9ee4.png,1629492105
24615,Infer,infer,Summer 2021,Active,Operating system for insurance agencies,,https://www.infer.so/,https://www.ycombinator.com/companies/infer,"Bengaluru, KA, India",9,B2B,B2B -> Sales,"B2B, Sales",,"India, South Asia",Early,False,True,False,Synth,https://bookface-images.s3.amazonaws.com/small_logos/f093ce23ca35f332213eeee11dee08581cefba9d.png,1627633217
24606,Pylon,pylon,Summer 2021,Active,Infrastructure management software for water & electricity companies,"Pylon provides water and electricity distribution companies, in emerging markets, with a platform for reducing their losses as well as opening new revenue streams. These losses are coming from leakages, consumption thefts, and uncollected bills, amongst others.
We have signed 11 utilities onto our platform across 2 countries and connected our systems to over 560k endpoints.
Today our average client has reduced their aggregate revenue losses by 45%
Expanding in Africa, LATAM, and SEA. ",https://www.pylonump.com/,https://www.ycombinator.com/companies/pylon,"Cairo, Cairo Governorate, Egypt",72,B2B,B2B -> Infrastructure,"B2B, Infrastructure",Enterprise Software,"Egypt, Middle East and North Africa, Remote, Partly Remote",Early,False,False,False,,https://bookface-images.s3.amazonaws.com/small_logos/e7aa1afd4965d7aa5eff2f9db7f83071b8958666.png,1627645480
24603,Zuma,resident-boost,Summer 2021,Active,We help businesses convert leads into sales in minutes using text,,https://www.getzuma.com/,https://www.ycombinator.com/companies/resident-boost,"Los Angeles, CA, USA",50,B2B,B2B,B2B,"B2B, Proptech, AI","United States of America, America / Canada, Remote, Partly Remote",Growth,False,True,False,Resident Boost,https://bookface-images.s3.amazonaws.com/small_logos/84726eaf029b9ba89c36aa373753fe1b0650f8be.png,1640186705
24601,Humane Genomics,humane-genomics,Summer 2021,Active,A platform to make artificial viruses as cancer therapeutics.,"Humane Genomics has developed a platform to engineer cancer killing viruses. We have taken a first principles approach to design and make oncolytic viral therapies. Using a highly lytic RNA virus engineered with ""2 factor authentication"" (using selective infection and selective replication) they have an on-target to off-target kill ratio > 1000. We are working on our first indication, pediatric liver cancer (hepatoblastoma), with our partners at Texas Children's Hospital, who are world leading experts. We have in vivo (mouse) data showing safety and currently developing efficacy data and are showing 50% reduction in tumor volume. ",https://humanegenomics.com,https://www.ycombinator.com/companies/humane-genomics,"New York City, NY, USA; New York, NY, USA",5,Healthcare,Healthcare -> Therapeutics,"Healthcare, Therapeutics","Hard Tech, Synthetic Biology","United States of America, America / Canada",Early,False,False,False,,https://bookface-images.s3.amazonaws.com/small_logos/47e90007a89a7dd904342a1da559cc31eb51d9a3.png,1626893262
24599,Female Invest,female-invest,Summer 2021,Active,Female Invest is a social e-learning app for finance and investing ,,https://www.femaleinvest.com/,https://www.ycombinator.com/companies/female-invest,"Copenhagen, Denmark",20,Fintech,Fintech,Fintech,"Fintech, eLearning, Investing","Denmark, Europe, Remote, Partly Remote",Early,False,False,False,,https://bookface-images.s3.amazonaws.com/small_logos/9120bf40d350ef0147aeb88f652982316cc528fb.png,1624107533
24598,Ferveret,ferveret-inc,Summer 2021,Active,Nuclear-inspired cooling that turns wasted power into more AI compute,"Ferveret is developing Adaptive Phase Cooling, a next-generation thermal solution for AI data centers inspired by heat transfer principles used in nuclear reactor systems. Our rack-integrated design delivers 35% more usable compute from the same power envelope, with a PUE of 1.03 (vs. the 1.2 industry standard), zero water consumption, and 45°C inlet temperatures that eliminate the need for chillers. Compatible with NVIDIA MGX and HGX architectures, Ferveret's solution uses a proprietary dielectric fluid that is not part of any regulated PFAS category, giving AI infrastructure operators a scalable, water-free path to higher compute density without redesigning their facilities.",http://www.ferveret.com,https://www.ycombinator.com/companies/ferveret-inc,"San Francisco, CA, USA",16,Industrials,Industrials -> Energy,"Industrials, Energy","Hardware, Climate, Energy","United States of America, America / Canada, Remote, Partly Remote",Early,False,False,False,Ferveret,https://bookface-images.s3.amazonaws.com/small_logos/5df9957e26e62bd0ce5370986cca3a22a7822646.png,1628701179
24597,Filta,filta,Summer 2021,Active,The Face Filter NFT Marketplace,"Filta is the face filter NFT marketplace being built by veterans from Pixar/Oculus/Facebook. We partner with creators to release limited-edition filters for their fans to use on social media. It turns out: the face filters you see everywhere on Snapchat and Instagram are created by independent artists - not by the platforms. These artists ALMOST NEVER get money for their work - which is insane! Filta fixes this by giving these creators a marketplace and the best filter creation tool anywhere. Interested in working on the future of digital fashion, AR/VR, and web3? Hit us up. We're hiring.",http://www.getfilta.com,https://www.ycombinator.com/companies/filta,"San Francisco, CA, USA",3,Consumer,Consumer,Consumer,"Augmented Reality, Crypto / Web3, Virtual Reality","United States of America, America / Canada, Remote, Partly Remote",Early,False,False,False,,https://bookface-images.s3.amazonaws.com/small_logos/df744ae4196295cc03f7c026d8e53294f5dac034.png,1627363629
24596,Siglo,siglo,Summer 2021,Active,Home Internet for urban Latin America,"Siglo is a wireless ISP for communities in urban Latin America offering a faster, better, and easy-to-pay service.",https://siglo.com/,https://www.ycombinator.com/companies/siglo,"Mexico City, CDMX, Mexico",20,Consumer,Consumer,Consumer,"Fintech, Community, Telecommunications","Mexico, Latin America, Remote, Partly Remote",Early,False,False,False,"Siglo Network, Siglo Internet",https://bookface-images.s3.amazonaws.com/small_logos/c9ae21fa84e639481e5aeb51fae758c9b4f8f606.png,1625670318
24590,Waterplan,waterplan,Summer 2021,Active,Water risk mitigation for industrial sites,"Waterplan is the world’s leading climate platform to measure, respond, report, and monitor companies increasingly changing climate water risk. Customers include multinational companies like Coca-Cola, Diageo, Colgate & Ab InBev. The platform combines companies’ operational data with local water satellite imagery to provide a continuously updated financial assessment of water risk. Based on that, it offers tailored mitigation and adaptation opportunities, from conventional infrastructure to nature-based solutions. The company was founded by a team of tech and water 2nd-time entrepreneurs with two exits and almost ten years of experience working for Fortune 500 companies in water projects. Early investors include YCombinator, Giant Ventures, David Helgason, Leonardo DiCaprio, Richard Branson's family, Manu Ginobili, among others waterplan.com
",http://waterplan.com,https://www.ycombinator.com/companies/waterplan,"San Francisco, CA, USA; Remote",20,B2B,B2B,B2B,"Machine Learning, SaaS, B2B, Climate, ClimateTech","United States of America, America / Canada, Remote, Fully Remote",Early,False,False,False,Water Plan,https://bookface-images.s3.amazonaws.com/small_logos/56794ad6ea12a6e16aa87fe26ec5e7109ba0e46d.png,1627999929
24589,Buoyant Aero,buoyant-aero,Summer 2021,Active,Bringing back blimps,"Buoyant Aero builds zero-emissions autonomous drone blimps to break free from existing advertising paradigms and reach new audiences in new places. Whether it’s on the beach, outside the convention center, or through the window of your target executive’s office, Buoyant’s blimps amplify your message to create measurable brand benefits. ",https://www.buoyant.aero,https://www.ycombinator.com/companies/buoyant-aero,"New York City, NY, USA",2,Industrials,Industrials -> Drones,"Industrials, Drones","Robotics, Drones, Advertising","United States of America, America / Canada, Remote, Partly Remote",Early,False,True,False,"Buoyant Technologies, Buoyant",https://bookface-images.s3.amazonaws.com/small_logos/8a7ac8d28bd5a2bea4410ab6e9333809385e98d9.png,1626802244
24586,Hudson Labs (formerly Bedrock AI),hudson-labs,Summer 2021,Active,AI-powered equity research software,"Finance-specific AI trained on complex financial language for industry-leading accuracy and reliability. Our large language models interpret and condense huge volumes of information, so institutional investors can make smarter decisions in record time.

Learn more at www.hudson-labs.com",https://www.hudson-labs.com/,https://www.ycombinator.com/companies/hudson-labs,"Toronto, ON, Canada",5,B2B,B2B -> Finance and Accounting,"B2B, Finance and Accounting","Artificial Intelligence, Fintech, SaaS","Canada, America / Canada, Remote, Partly Remote",Early,False,False,False,"Bedrock AI Inc, Bedrock AI, Bedrock AI Inc, Bedrock AI",https://bookface-images.s3.amazonaws.com/small_logos/dd75e91d8bd04b78cd1ba5d1d35a5512b450b415.png,1625234463
24579,Nomod,nomod,Summer 2021,Active,The UAE’s leading small business payments platform,"Nomod is the UAE’s leading payments platform for small businesses — powering 55,000+ merchants, and processing $500M+ in annualised TPV",https://nomod.com,https://www.ycombinator.com/companies/nomod,"Dubai, Dubai, United Arab Emirates; Remote",68,Fintech,Fintech -> Payments,"Fintech, Payments","Fintech, Payments","United Arab Emirates, Middle East and North Africa, Remote, Fully Remote",Early,False,False,False,,https://bookface-images.s3.amazonaws.com/small_logos/aba4a500ebbd7dab967966a95081aeb905413031.png,1625557737
24575,Genuity,genuity,Summer 2021,Active,SaaS Platform to manage IT and buy business software ,"Genuity is a one-stop-shop for companies to manage IT and buy business software. Companies use Genuity to keep track of all the company laptops, manage employee support requests, and buy software at wholesale prices.",https://gogenuity.com/,https://www.ycombinator.com/companies/genuity,"Chicago, IL, USA",31,B2B,B2B,B2B,"SaaS, Enterprise Software","United States of America, America / Canada, Remote, Partly Remote",Early,False,False,False,"NuLodgic, LLC d/b/a Genuity",https://bookface-images.s3.amazonaws.com/small_logos/2af07bc05265ab98710e52ec7c714c24063df621.png,1627586122
24574,Genomelink,genomelink,Summer 2021,Active,DNA App Store,"Genomelink is a DNA App Store. If you’ve taken a DNA test from Ancestry or 23andMe, you can upload your data to Genomelink to unlock a wide range of DNA apps: a 2,000+ region ancestry breakdown, insights from 400+ ancient DNA samples, analysis of 350+ genetic traits, unique DNA matches, and more.

Explore our latest genealogy app, YourRoots (https://yourroots.com/), which transforms your family tree into an interactive global map visualization.

We believe consumer genomics today is where the internet was in the 1990s. Over 50 million people in the U.S. have already tested their DNA, and this number will grow into the billions globally in the coming decades. Genomelink aims to become the default DNA data hub and app store for this genomic future.

Our mission:
- Build the world’s #1 platform for consumer genomics apps
- Help people discover their family roots and unite the world  
- Create an infruscrucure for consumer genomics",https://genomelink.io/,https://www.ycombinator.com/companies/genomelink,"San Francisco, CA, USA; Remote",15,Healthcare,Healthcare -> Consumer Health and Wellness,"Healthcare, Consumer Health and Wellness","Consumer Health Services, Genomics","United States of America, America / Canada, Remote, Fully Remote",Early,False,False,False,,https://bookface-images.s3.amazonaws.com/small_logos/61c755cb25ac9262366c90a49a285fcd2783647e.png,1624485672
24573,Telmai,telmai,Summer 2021,Active,Automated data observability and quality for Data Lake,"Telmai is a Data observability and Data Quality platform designed for Open architecture. It monitors data stored/managed in any data system, such as a data lake or data warehouse, in its raw format at scale without sampling",https://www.telm.ai/,https://www.ycombinator.com/companies/telmai,"San Francisco, CA, USA; Foster City, CA, USA; Remote",12,B2B,B2B,B2B,"Analytics, AI, ML","United States of America, America / Canada, Remote, Fully Remote",Early,False,True,False,Telm.ai,https://bookface-images.s3.amazonaws.com/small_logos/263d4d84c92376ed8c755e0f7348f5c855dc3ec8.png,1629822671
24572,Infina,infina,Summer 2021,Active,Leading wealth management and investing platform in Vietnam,"Infina is Vietnam's leading wealth management and investing platform (like Groww of Inida and Ajaib of Indonesia).  Its mission is to empower retail investors by make investing accessible, frictionless, and safe.  The platform is multi-asset, offering stock trading, mutual funds, and fixed-income products, with more asset classes to be added.

Infina was founded by James L. Vuong, a Silicon Valley engineer turned VC investor (IDG Ventures) and serial entrepreneur with a prior successful exit in Vietnam (Reddit of Vietnam, which was acquired by LINE corporation in 2017).

Investing apps are seeing explosive growth in many markets around the world, including in Vietnam. There is a growing middle class who are hungry to invest in assets like stocks and crypto. We are building Infina to capture this huge opportunity to democratize investing in South East Asia.",http://infina.vn,https://www.ycombinator.com/companies/infina,"Ho Chi Minh City, Ho Chi Minh City, Vietnam; Ho Chi Minh City, Vietnam",50,Fintech,Fintech,Fintech,"Fintech, Investing","Vietnam, Southeast Asia, Remote, Partly Remote",Early,False,False,False,"Real Stake Pte. Ltd. (product: Infina), Infina.vn",https://bookface-images.s3.amazonaws.com/small_logos/68cc6dc1003fcb9d0080d35b246bac60e1063ac3.png,1629587523
24571,Adni,adni,Summer 2021,Active,AI healthcare recruiting platform,"Healthcare employers tell Adni who they're hiring. Adni searches millions of healthcare workers across its own clinician network, proprietary data, external sources, and employer databases to identify the best candidates.

Recruiters can search and contact candidates themselves, or deploy Allie, Adni's AI recruiting agent, to continuously source, screen, and surface interested candidates automatically.

Unlike traditional recruiting databases, Adni operates a career community where healthcare workers find jobs, connect with peers, attend meetups, review facilities, and manage their careers. This gives Adni a growing proprietary network of engaged clinicians and real-time signals on who is looking for work and what they want.

Backed by YC, Flare Capital, Liquid 2, Fresco, Augment, Crista Galli, Adam Grant, and the founders of CareRev, Clipboard Health, Papa, and more.",https://www.adni.co/,https://www.ycombinator.com/companies/adni,"San Francisco, CA, USA; Remote",5,Healthcare,Healthcare,Healthcare,"Artificial Intelligence, Marketplace, SaaS, Recruiting, Healthcare","United States of America, America / Canada, Remote, Fully Remote",Early,False,False,False,"Lumify Care, Lumify",https://bookface-images.s3.amazonaws.com/small_logos/48474c1b0337163fd12462fb6b72ee336a4ad010.png,1624982871
24569,Pillar,pillar,Summer 2021,Active,A white-label care enablement platform,"Pillar is designed to solve healthcare’s longitudinal engagement problem through a combination of our SOC 2-certified, HIPAA-compliant platform and health coach workforce. Our white-label infrastructure enables companies to guide patients from outreach and activation through to flexible microsites and automated digital pathways including content, services, vendors and forms. Together with our in-house network of 1,200+ health coaches, Pillar partners drive positive outcomes through scalable digital care programs focused on health education and care navigation to chronic condition management.",https://withpillar.com,https://www.ycombinator.com/companies/pillar,"New York City, NY, USA; Remote",5,Healthcare,Healthcare -> Healthcare Services,"Healthcare, Healthcare Services","Consumer Health Services, Digital Health, Healthcare","United States of America, America / Canada, Remote, Fully Remote",Early,False,False,False,,https://bookface-images.s3.amazonaws.com/small_logos/30c7708edb83cf00c907f0e9d282b18823eb25e1.png,1628101667
24567,Tenyks,tenyks,Summer 2021,Active,The World's Most Versatile Video Answering Engine ,"Tenyks (YC S21) is a Cambridge University spin-out building the World's Most Versatile Visual Intelligence Platform—think Snowflake for Vision or GPT for Video.

Problem: Companies today collect oceans of visual data (from cameras, drones, and satellites), but struggle to extract actionable insights. Current solutions rely heavily on manual analysis by call centres in locations like the Philippines or AI platforms narrowly focused on security rather than deeper operational insights. This leaves critical improvements in efficiency, customer satisfaction, and revenue growth unrealised.

Solution: Tenyks unlocks unprecedented insights by applying advanced multimodal Vision-Language Models (VLMs) capable of comprehensive video summarisation, retrieval, and visual question-answering. These VLMs are seamlessly combined with specialised analytics for emotion detection, activity recognition, object tracking, and even gait analysis. Our platform transforms ordinary visual footage into extraordinary operational intelligence.

Initial Focus: Starting with Quick Service Restaurants (QSRs), we enable operations leaders to instantly understand customer flow, kitchen efficiency, staff productivity, and quality of service using their existing security camera footage—turning previously inaccessible data into direct operational improvements and clear financial ROI. For instance, insights from Tenyks can accelerate the speed of service significantly; even a 1-second improvement in service speed could generate $30,000 additional annual revenue per restaurant. For a multi-unit owner of 100 restaurants, that's an additional $3 million per year.

Traction: We've recently secured our first Fortune 500 customer, joining other major enterprises, global system integrators, and high-growth startups trusting Tenyks for powerful, data-driven decision-making.

Why Tenyks: Our patented technology originates from the founders' PhD research at Cambridge University. Previously, we helped world-leading teams scale high-performing Vision AI in production. 

Recognition: Recognised as a Rising Star in Gen AI by Sifted, Best Product of the Year by Vision AI Alliance, and Company of the Year by Cambridge University (previously awarded to DeepMind).",http://tenyks.ai/,https://www.ycombinator.com/companies/tenyks,"Sofia City Province, Bulgaria; Remote",11,B2B,B2B,B2B,"Artificial Intelligence, Computer Vision, Video, AI, AI Assistant","Bulgaria, Europe, Remote, Fully Remote",Early,False,False,False,,https://bookface-images.s3.amazonaws.com/small_logos/7006298209ca0e4b566665242aadbc44f58b1d59.png,1630087785
24563,Chari,chari,Summer 2021,Active,B2B e-commerce and fintech platform for traditional proximity stores ,"Chari is an e-commerce and fintech app for traditional retailers in French-Speaking Africa allowing them to order any consumer goods they sell and get delivered for free in less than 24 hours. 
Chari is also a financial services provider for these retailers, offering them microloans
.",https://chari.com,https://www.ycombinator.com/companies/chari,"Casablanca, Casablanca-Settat, Morocco",100,Consumer,Consumer -> Food and Beverage,"Consumer, Food and Beverage","Fintech, Grocery, E-commerce","Morocco, Middle East and North Africa, Remote, Partly Remote",Early,False,False,False,Chari Co.,https://bookface-images.s3.amazonaws.com/small_logos/63475b4e57156528deb95c7070b5624dececa076.png,1625515088
24562,Noloco,noloco,Summer 2021,Active,Flexible Business Apps for Modern Teams,"Give your Ops teams the power to build the tools your business needs, with native data, logic, automation, and AI — without code",https://noloco.io,https://www.ycombinator.com/companies/noloco,"Dublin, County Dublin, Ireland",15,B2B,"B2B -> Engineering, Product and Design","B2B, Engineering, Product and Design","Developer Tools, SaaS, No-code","Ireland, Europe, Remote, Partly Remote",Early,False,False,False,,https://bookface-images.s3.amazonaws.com/small_logos/201600bf7fcca3398cb1ecbf2e073352ee612ae3.png,1627056154
24558,Litnerd,litnerd,Summer 2021,Active,Reading + Writing Club App for Kids,"Litnerd is a kids reading + writing club app that grew by 14x this past school year. Think of us as a modern-day Scholastic, with a heavy IP play. We create original IP with our community + partner brands -> turn them into books, media and learning curriculum, layered with an AI personalized tutor to help kids learn to read and write in a personalized and engaging way.

Our product format is a Social and Gamified - with a live weekly community meetup and monthly e-tournaments. 

- And it works! Litnerd 4x improved the pass rate of students on their annual state Reading (ELA) exam.
- STICKY: Kids spend 10-20 minutes on the Litnerd app OUTSIDE of classroom time.
- KID AUTHORS: Kids are the authors of the books and Litnerd AI helps illustrate + publish the book.
- Built on the Science of Reading
- Original IP: all books, media and courseware is original content created and published by Litnerd.",https://litnerd.com/,https://www.ycombinator.com/companies/litnerd,"New York City, NY, USA; New York, NY, USA; Remote",6,Education,Education,Education,"Education, SaaS, Media, Kids","United States of America, America / Canada, Remote, Fully Remote",Early,False,False,False,LitNerd Inc.,https://bookface-images.s3.amazonaws.com/small_logos/4be81c45a4c22ebb279bdcb6a14289982bd868bd.png,1624287105
24557,Dots 💸,dots-2,Summer 2021,Active,Developer friendly drop in payouts infrastructure,"Dots is a developer-friendly API that lets businesses pay their contractors through just a few lines of code. Whether its gig workers like Uber drivers, sellers on marketplaces like Etsy, or simply your local handyman - Dots’ abstracts away the complexity of payouts completely. We manage the entire process: information collection (KYC), payments through any rail (ACH, Venmo, CashApp, Zelle, international, and many more to come), and even filing tax forms! Dots lets developers get payouts up and running over just a few hours, rather than the many months this would normally take.",https://usedots.com,https://www.ycombinator.com/companies/dots-2,"San Francisco, CA, USA",10,Fintech,Fintech -> Payments,"Fintech, Payments","Fintech, Payments, API, Creator Economy","United States of America, America / Canada, Remote, Partly Remote",Growth,False,True,False,"Dots, Dots",https://bookface-images.s3.amazonaws.com/small_logos/ef214a749c163e81772f2ba192fdf4eeec23bbb3.png,1624985636
24555,RMFG,rmfg,Summer 2021,Active,Advanced Contract MFG for fast moving hardware companies,"RMFG builds and operates advanced, software-defined factories, manufacturing precision parts and metal assemblies for fast-moving hardware teams. 

Our vertically integrated software platform automates quoting, DFM, scheduling, and machine control, and allows us to ship faster and at lower cost than traditional shops. 

We build our own computer vision models, AI agents, and custom software to solve problems inside our manufacturing facility. 

Today we primarily build complex metal assemblies using sheet, tube and CNC milled parts. We plan to continually moving upstream, offering more complex manufacturing services including electro-mechanical assembly. 

We’ve delivered critical parts for companies building custom robots, autonomous farms, PCB factories, weather modification technology, rockets, and more. ",https://www.rmfg.com,https://www.ycombinator.com/companies/rmfg,"Fort Worth, TX, USA",9,Industrials,Industrials -> Manufacturing and Robotics,"Industrials, Manufacturing and Robotics","Robotics, Manufacturing, Industrial","United States of America, America / Canada",Early,False,False,False,"slip, Slip, Diode, Reason Robotics",https://bookface-images.s3.amazonaws.com/small_logos/da6c23e37cd7338b2276dfacd444e9175c6c2b9c.png,1625587751
24551,Mach9,mach9,Summer 2021,Active,AI CAD Software for Civil Engineering,"Mach9 accelerates how teams model and understand the world with automated feature extraction technology. Founded in 2021 and headquartered in San Francisco, Mach9's flagship Digital Surveyor platform helps transportation agencies, utility companies, and engineering firms extract miles of road corridor projects in a fraction of traditional processing time. Built on decades of research from Carnegie Mellon University's Robotics Institute, Mach9 empowers the architecture, engineering, and construction industries to tackle large-scale infrastructure projects with unprecedented speed and accuracy. Leading survey and geospatial organizations, including Langan, Olsson, Woolpert, HDR, and major state DOTs trust Digital Surveyor to create engineering-grade maps for infrastructure design and operations.",https://www.mach9.ai/,https://www.ycombinator.com/companies/mach9,"San Francisco, CA, USA",25,B2B,"B2B -> Engineering, Product and Design","B2B, Engineering, Product and Design","Machine Learning, Computer Vision, Design Tools, Infrastructure, AI","United States of America, America / Canada, Remote, Partly Remote",Early,False,True,False,Mach9 Robotics,https://bookface-images.s3.amazonaws.com/small_logos/05390d32227edd1416d7dc545801c3fc59e2ac15.png,1628526474
24550,Examedi,examedi,Summer 2021,Active,Uber for Healthcare in Latinamerica,"Examedi is a healthcare-at-home marketplace in Latin America that sends nurses and lab technicians directly to patients’ homes for appointments. It’s like Uber, but for medical lab work.
",https://www.examedi.cl,https://www.ycombinator.com/companies/examedi,"Santiago, Santiago Metropolitan Region, Chile",3,Healthcare,Healthcare,Healthcare,"Marketplace, Consumer Health Services","Chile, Latin America, Remote, Partly Remote",Early,False,False,False,Mediuc,https://bookface-images.s3.amazonaws.com/small_logos/686c81521d575f61c1795533cf3fe7197059ee9d.png,1625605223
24549,Ancana,ancana,Summer 2021,Active,"Marketplace for vacation home co-ownership, fully managed","Ancana is a marketplace for fully managed, co-owned vacation homes. Owners buy a real share of a property alongside a small group of vetted co-owners, each with guaranteed usage time every year. Unused weeks can be rented out or swapped for stays at other Ancana properties, so the ownership stays useful even as plans change. Ancana handles everything behind the purchase — setting up the ownership structure, vetting and matching co-owners, and managing the transaction — then runs the property year-round, from furnishing to bookings and maintenance. We operate in Mexico, the US, and Spain, each with different legal and regulatory requirements for ownership, and solving that structuring problem market by market is what makes the model hold up as we expand.",https://ancanaliving.com/,https://www.ycombinator.com/companies/ancana,"Mérida, Yuc., Mexico; Remote",12,Consumer,"Consumer -> Travel, Leisure and Tourism","Consumer, Travel, Leisure and Tourism","Marketplace, Real Estate, Travel, Proptech","Mexico, Latin America, Remote, Fully Remote",Early,False,False,False,,https://bookface-images.s3.amazonaws.com/small_logos/eedadee5411c154fc5263ef5ce5f6982bfe91a07.png,1624984593
24543,Bolster,bolster,Summer 2021,Active,"The platform for buying, selling and managing residential construction","We are building the Amazon for construction where contractors can give their customers an interactive shopping experience, turning the estimate into a point-of-sale, for the first time.  It is a marketplace for general contractors, subcontractors, retailers and consumers, powered by a database of over 114,000 real items.
",https://bolsterbuilt.com,https://www.ycombinator.com/companies/bolster,"Calgary, AB, Canada",25,Real Estate and Construction,Real Estate and Construction -> Construction,"Real Estate and Construction, Construction","Fintech, Marketplace, Proptech","Canada, America / Canada",Early,False,True,False,CostCertified,https://bookface-images.s3.amazonaws.com/small_logos/2118ef969f1350ba67b660fc943964dbc77e4bd0.png,1624470842
24540,Floatpays Inc,floatpays-inc,Summer 2021,Active,On-demand wage access service built for the African market,"Floatpays is an on-demand wage access platform that helps employees access, spend, save and manage their money.

The problem we are solving is that more than 75% of the 12 million employed South African’s run out of money before the end of the month, 52% of those end up borrowing money to survive. Informal lending is the only option for most borrowers, with interest rates anywhere between 30-50%. The story is the same in most African countries where payday/micro-lending has become the norm amongst lower-income earners.

Our app features include financial education, a budget planning tool, cash access, and voucher purchases all from wages earned but unpaid. We are currently working on a savings product to promote long-term financial resilience.
	
We launched our product in South Africa in July 2020 and plan to extend our reach into additional African countries in 2022 and beyond.",https://www.floatpays.com,https://www.ycombinator.com/companies/floatpays-inc,"Cape Town, WC, South Africa; Remote",15,Fintech,Fintech,Fintech,"Fintech, SaaS","South Africa, Africa, Remote, Fully Remote",Early,False,False,False,"FloatPays (Pty) Ltd, FloatPays",https://bookface-images.s3.amazonaws.com/small_logos/9958a79bc44f22b3d870acdfd34254ea08e9945f.png,1624454735
24539,HitPay,hitpay,Summer 2021,Active,Full-stack payments infrastructure for growing APAC businesses,"HitPay is a full-stack payments infrastructure platform for growing businesses in APAC. Founded in 2016 and headquartered in Singapore, HitPay unifies e-commerce, point-of-sale, and B2B payments — cards, PayNow, QR, digital wallets, and local rails — into a single platform, so merchants can accept, send, and reconcile money across the region from one account. More than 15,000 businesses use HitPay, which has saved SMEs over US$35M in fees (Trustpilot 4.4/5). It is regulated across six markets and backed by leading global investors, including Tiger Global, Y Combinator, Global Founders Capital, and HOF Capital.",https://www.hitpayapp.com,https://www.ycombinator.com/companies/hitpay,"Singapore, Singapore",42,Fintech,Fintech -> Payments,"Fintech, Payments","Fintech, Payments","Singapore, Southeast Asia, Remote, Partly Remote",Growth,False,True,False,,https://bookface-images.s3.amazonaws.com/small_logos/e4b949ac3131bfb2ed68d424a5df1c9a1eea5c64.png,1627395951
24538,Coast,coast,Summer 2021,Active,Demo Platform for API-First Companies,"The first AI-powered demo platform designed to sell, market and implement technical products with ease. Our visual platform makes APIs more accessible and accelerates commercialization, enabling high-impact digital transformation for the world’s largest enterprises.",https://trycoast.com,https://www.ycombinator.com/companies/coast,"New York City, NY, USA",35,B2B,B2B,B2B,"SaaS, B2B, Sales, Sales Enablement, API","United States of America, America / Canada",Early,False,True,False,Buffd,https://bookface-images.s3.amazonaws.com/small_logos/ed33f81f04c7a7660bb89ef0d677adf2dcf0179e.png,1647531815
24531,TransAstra Corporation,transastra-corporation,Summer 2021,Active,"Orbital logistics: Unleashing space industry, from Earth to asteroids","With five issued patents covering our core business lines, and more than a dozen additional patents pending this year and more than $5M in revenue, TransAstra is developing the technologies that will drive the rapidly expanding space economy. Our breakthrough Omnivore propulsion system can propel spacecraft, including our Worker Bee commercial OTV with water or virtually any other fluid as a propellant using only concentrated sunlight as a power source. Omnivore is faster, cheaper, and more practical than electric propulsion while being substantially less expensive, safer, and more operationally flexible than legacy chemical propulsion systems. Our Sutter Telescope System can identify and locate resource-rich asteroids and orbital debris that existing technologies can’t find and works synergistically with our Worker Bee OTV for orbital logistics. For government customers, Sutter can identify dark fast-moving objects between Earth and the Moon which currently evade detection, a critical issue for national defense and a key need of the Space Force. We are already using Sutter in ground-based observatories and will begin commercial sales of Sutter SDA data next month having tracked dozens of faint moving objects in space already. Once launched into space, Sutter will be 300,000 times more cost effective than any other known telescope design and will revolutionize sense making in space.",https://www.transastra.com,https://www.ycombinator.com/companies/transastra-corporation,"Los Angeles, CA, USA",8,Industrials,Industrials -> Aviation and Space,"Industrials, Aviation and Space",Space Exploration,"United States of America, America / Canada, Remote, Partly Remote",Early,False,True,False,,https://bookface-images.s3.amazonaws.com/small_logos/353875598f350dfcaff4b40361d84c8223db2116.png,1624561432
24530,Float,float,Summer 2021,Active,Supply chain finance for consumer brands,Float is Pipe for supply chain finance. We help fast-growing consumer brands unlock capital from their inventory. We pay their supplier invoices up front and enable them to pay for their inventory after they’ve sold it.,https://float.xyz,https://www.ycombinator.com/companies/float,"Honolulu, HI, USA; Remote",2,Fintech,Fintech,Fintech,"Fintech, B2B, E-commerce","United States of America, America / Canada, Remote, Fully Remote",Early,False,False,False,Welcome Capital,https://bookface-images.s3.amazonaws.com/small_logos/3571cbf557f95515de9e1348c90d09a8554f9180.png,1630167397
24529,The Breakaway,the-breakaway,Summer 2021,Active,The personal coach and companion for cyclists.,"The Breakaway is a personal performance coach for cyclists, with the product, team, roadmap and vision to extend to be the mass market coaching platform for anyone tracking their performance.

As more and more people realize that exercise is the key not only to personal performance, but to health and wellness, the inevitable future is that everyone will have an AI driven personal performance coach & companion in their pocket. The Breakaway will be that Coach.

",https://www.breakaway.app/,https://www.ycombinator.com/companies/the-breakaway,"Truckee, CA, USA; Remote",6,Consumer,Consumer,Consumer,"Fitness, Health & Wellness","United States of America, America / Canada, Remote, Fully Remote",Early,False,False,False,,https://bookface-images.s3.amazonaws.com/small_logos/f20baef265745351638d2f1ee8c04d366e495384.png,1626015856
24528,Matrubials,matrubials-inc,Summer 2021,Active,Developing milk-inspired therapeutics for infectious diseases,"Matrubials is an anti-infectives company, focused on human milk peptides as therapeutics to address antimicrobial resistance and modern diseases. Currently the global rise in severe bacterial infections and the drying pipeline of effective treatments are burdensome for healthcare and economics. Sculpted by evolution, milk, first food for the newborn, provides an exemplary solution to address the nutritive and protective challenges an infant is faced with. The anti-pathogenic molecules from milk can be developed into therapeutics geared towards all-age diseases. Our first indication is bacterial vaginosis, a bacterial dysbiosis related inflammation that results in recurrent infections, disruption of homeostasis and long-term clinical complications in women of reproductive age, including but not limited to preterm births, fertility issues and increased rates of STDs. Our next inflection point is the evaluation of rapidly acting and selective candidate peptides in pre-clinical host impact and early safety studies, which can aid clinical and portfolio development towards topical applications.",https://matrubials.com/,https://www.ycombinator.com/companies/matrubials-inc,"Davis, CA, USA",4,Healthcare,Healthcare -> Drug Discovery and Delivery,"Healthcare, Drug Discovery and Delivery","AI-powered Drug Discovery, Women's Health, Therapeutics","United States of America, America / Canada",Early,False,False,False,Matrubials Inc.,https://bookface-images.s3.amazonaws.com/small_logos/e23815b175a703024fab72d9332b1bdcff501a27.png,1625590981
24526,Writesonic,writesonic,Summer 2021,Active,Track & Boost Your Brand’s Visibility in AI Search,"Writesonic is the GEO (Generative Engine Optimization) platform that tracks your AI visibility across ChatGPT, Gemini, and 10+ AI search platforms. Then helps you take precise actions to boost visibility—create new content, refresh existing pages, or reach out to sites that mention competitors but not you. 

Track, Act, and Win AI search from one platform. 

15,000+ five-star reviews across G2, Trustpilot, and Capterra.",https://writesonic.com/,https://www.ycombinator.com/companies/writesonic,"San Francisco, CA, USA; Remote",35,B2B,B2B -> Marketing,"B2B, Marketing","Artificial Intelligence, Generative AI, SaaS, B2B","United States of America, America / Canada, Remote, Fully Remote",Early,False,True,False,,https://bookface-images.s3.amazonaws.com/small_logos/fd007ffa21d124d29441b51ecf33a2c45d832ad5.png,1628672374
24525,Akute Health,akute-health,Summer 2021,Active,The medical record & infrastructure stack for digital health companies,"Akute is an automation-first electronic medical health record system (EMR). It’s a co-pilot for digital health and direct primary care companies that are growing modern practices. Akute’s platform is fully programmable and customizable that enables clinical businesses to cut admin overhead and give time back to providers so they can spend more time with patients.

In a space of legacy tech, our team and platform’s agility and exceptional customer support makes us stand out. Join a VC-backed company in its seed stage and help make real improvements to healthcare.",https://www.akutehealth.com,https://www.ycombinator.com/companies/akute-health,"Austin, TX, USA; Remote",4,Healthcare,Healthcare -> Healthcare IT,"Healthcare, Healthcare IT","SaaS, B2B, Telemedicine","United States of America, America / Canada, Remote, Fully Remote",Early,False,True,False,,https://bookface-images.s3.amazonaws.com/small_logos/0d619db7cdc27fab257a06d1db98ca9cc74cb707.png,1627866810
24514,Sirka,sirka,Summer 2021,Active,Noom for Southeast Asia,"Our program helps people prevent or manage chronic diseases by breaking bad eating habits with plans created by vetted, certified nutritionist / dietitians. Customers get an unlimited chat access to consult with our professionals, and personal recommendations to help adopt new habits into life.",https://www.sirka.io/,https://www.ycombinator.com/companies/sirka,"Jakarta, Jakarta, Indonesia; Remote",9,Healthcare,Healthcare -> Consumer Health and Wellness,"Healthcare, Consumer Health and Wellness",Consumer Health Services,"Indonesia, Southeast Asia, Remote, Fully Remote",Early,False,False,False,Circle,https://bookface-images.s3.amazonaws.com/small_logos/29dd72f67456b65cfeef28b54c79f29b3495d516.png,1624727620
24508,Meticulous,meticulous,Summer 2021,Active,Automated e2e screenshot testing without writing or maintaining tests,"Meticulous is a tool to automatically catch UI bugs in your web application with zero-effort. Install our JavaScript snippet onto production or staging and dev environments, which records user sessions by collecting clickstream and network data. When you post a pull request, Meticulous selects a subset of sessions which are relevant and simulates these against the frontend of your application. Meticulous takes screenshots at key points and detects any visual differences. It posts those diffs in a comment for you to inspect in a few seconds. 

This eliminates the setup and maintenance burden of UI testing. ",https://www.meticulous.ai,https://www.ycombinator.com/companies/meticulous,"London, England, United Kingdom",15,B2B,"B2B -> Engineering, Product and Design","B2B, Engineering, Product and Design","Developer Tools, Hard Tech, SaaS","United Kingdom, Europe",Growth,False,True,False,,https://bookface-images.s3.amazonaws.com/small_logos/4ce6aef4dc5475edfb21a97203439220a785f2b5.png,1626192599
24506,Spark Studio,spark-studio,Summer 2021,Active,The most magical personal Voice-Led AI English Learning Buddy for Kids,"Meet Sparky, a fun and quirky AI buddy in the avatar of a friendly fox who kids can just speak with to build fluency and confidence with English speaking. 
Powered by Generative AI, and made magical with child-appropriate experience, features and topics, Sparky brings a whole world of knowledge and a judgement-free environment for kids to become comfortable with speaking English. 

142 countries (outside English dominant countries) mandate English learning as part of the national education policy. These kids have exposure to English but feel underconfident and embarrassed to speak. The biggest problem across the classes and books they get, is the lack of real conversational practice. With AI, we're making this affordable accessible and enjoyable for kids across the world. 

We're a passionate team of educators with over 30 years of combined experience in building education products for kids and have held leadership positions are India's biggest education companies - Byju's and LEAD. ",https://sparkstudio.co,https://www.ycombinator.com/companies/spark-studio,"Bengaluru, KA, India",27,Education,Education,Education,"AI-Enhanced Learning, Education, Generative AI, eLearning, AI","India, South Asia, Remote, Partly Remote",Early,False,False,False,IMAGINEER TECHNOLOGIES PTE. LTD.,https://bookface-images.s3.amazonaws.com/small_logos/a44566f08ee9e969d5aadd81be190b2c075468d9.png,1625118247
24505,Adaptyv,adaptyv,Summer 2021,Active,We're building fully automated labs for protein engineering,"Proteins are the most advanced nanotechnology we know of. At Adaptyv, we’re building a fully automated protein foundry to allow you to synthesize and test any protein you design.
",https://www.adaptyvbio.com/,https://www.ycombinator.com/companies/adaptyv,"Lausanne, VD, Switzerland",25,Healthcare,Healthcare -> Drug Discovery and Delivery,"Healthcare, Drug Discovery and Delivery","AI-powered Drug Discovery, Synthetic Biology","Switzerland, Europe",Growth,False,True,False,Adaptyv Biosystems,https://bookface-images.s3.amazonaws.com/small_logos/eab524ee6260ddc6c4e8438dbfde1921ccf736f5.png,1628157260
24499,Endla,endla,Summer 2021,Active,Software that increases the value of oil & gas wells,"Endla increases the value of oil & gas wells by providing software that helps design the well that maximizes ROI.

Our product AlphaSpace, optimizes the well design by automatically producing many high-quality options which the engineer can then measure against their business objectives (auto-design). Having software that finds the optimal solution, empowers the engineer to work a layer up on understanding the problem and specifying the important objectives.

Our vision is to make auto-design and auto-operation software part of the workflow for every engineer working with physical assets.",https://endla.com,https://www.ycombinator.com/companies/endla,"Brisbane, QLD, Australia; Remote",8,B2B,"B2B -> Engineering, Product and Design","B2B, Engineering, Product and Design","Analytics, Energy, Big Data","Australia, Oceania, Remote, Fully Remote",Early,False,False,False,,https://bookface-images.s3.amazonaws.com/small_logos/3964fbff527341490472ba6e23806a1eec6a7469.png,1625096409
24497,aSim,asim,Summer 2021,Active,Build and share apps with friends,"aSim lets you build and share apps with friends. Prompt > Run > Remix > Repeat, and you'll have the next TikTok in no time.",https://asim.sh/,https://www.ycombinator.com/companies/asim,"Seattle, WA, USA",9,Consumer,Consumer,Consumer,"Artificial Intelligence, Consumer, No-code, Consumer Products, AI","United States of America, America / Canada",Early,False,True,False,Marble,https://bookface-images.s3.amazonaws.com/small_logos/e01b17169399b42ec5b57eebd522e41b5da62c3a.png,1624316664
24489,HeyCharge,heycharge,Summer 2021,Active,"Low-cost, high-scale EV charging platform for apartments (and more).","EV charging infrastructure today is expensive, difficult to install, and doesn't integrate well with existing products, services, and businesses. HeyCharge solves all of these problems with ultra-low-cost, plug-and-play EV chargers that don't require internet connections and integrate with third-party products via our SDK and APIs. Our customers are energy utilities, property operators, mobility service providers, and more.",https://heycharge.com/,https://www.ycombinator.com/companies/heycharge,"Munich, BY, Germany",17,Industrials,Industrials -> Energy,"Industrials, Energy",Climate,"Germany, Europe, Remote, Partly Remote",Early,False,True,False,HeyCharge GmbH,https://bookface-images.s3.amazonaws.com/small_logos/febcfa2ac5368d848d9d33996b7ca8c6c4a7cfd1.png,1627234332
24485,Cumbuca,cumbuca,Summer 2021,Active,Bare-metal access to Brazil's Open Finance and Pix systems,"Cumbuca is an infratech bank for developers to build financial products with direct Central Bank connectivity. Instead of working around unreliable middleware, you get bare-metal access to Pix, payment initiation, and data APIs under our license, so you ship products faster and we handle the compliance. There's no vendor lock-in, and your service will never be disrupted by us. 
",https://www.cumbuca.com,https://www.ycombinator.com/companies/cumbuca,"São Paulo, SP, Brazil",5,Fintech,Fintech,Fintech,"Fintech, B2B, API, Infrastructure","Brazil, Latin America, Remote, Partly Remote",Early,False,False,False,Comadre,https://bookface-images.s3.amazonaws.com/small_logos/77e60a49b6259a7c45a281590f221925fc32c563.png,1630087087
24484,Evidently AI,evidently-ai,Summer 2021,Active,Open-source monitoring for machine learning models,We are building an open-source standard to monitor ML models in production. The tool is used by enterprise data science teams to operate their models reliably and detect and resolve issues.,https://evidentlyai.com,https://www.ycombinator.com/companies/evidently-ai,"London, England, United Kingdom; San Francisco, CA, USA; Remote",2,B2B,B2B -> Analytics,"B2B, Analytics","Developer Tools, Machine Learning, B2B, Open Source","United Kingdom, United States of America, Europe, America / Canada, Remote, Fully Remote",Early,False,False,False,,https://bookface-images.s3.amazonaws.com/small_logos/ff0b16931b863f29fd0bd341fe033523a5e16dd6.png,1625666125
24481,Whaly,whaly,Summer 2021,Active,Whaly is building a self-service analytics platform,"Whaly helps data teams save time on maintenance and analysis building while making business users more autonomous on the analysis they want to improve their decision making.

We do this by providing a self service data platform where both data and business teams can work together.

We understood that most data teams were ending up being a bottleneck for the rest of the company and needed to give more autonomy to business teams to back their decisions with data.

Emilien, Florian and Pierre were the minds behind the Data advertising platforms of the major media and e-commerce companies in France in their earlier position as Product Manager and head of Customer Success, giving them an edge on how to execute successfully a data project.",https://whaly.io,https://www.ycombinator.com/companies/whaly,"Paris, Île-de-France, France",3,B2B,B2B -> Analytics,"B2B, Analytics",Data Engineering,"France, Europe",Early,False,False,False,,https://bookface-images.s3.amazonaws.com/small_logos/0a1af514f9cd7a1856ce3c31281c3e222087d748.png,1627307992
24479,Payhippo,payhippo,Summer 2021,Active,Loans to Nigeria's SMEs in under 3 hours,"Payhippo provides loans to small businesses in Africa in under 3 hours.

We made $42k in revenue in Nigeria in July 2021, growing 25% m/m with a 97% repayment rate.",https://payhippo.africa/,https://www.ycombinator.com/companies/payhippo,"Lagos, LA, Nigeria; LA, Nigeria; Remote",11,Fintech,Fintech -> Credit and Lending,"Fintech, Credit and Lending",Fintech,"Nigeria, Africa, Remote, Fully Remote",Early,False,False,False,PayHippo,https://bookface-images.s3.amazonaws.com/small_logos/c8515ca366a1f98e6d2e14cb4349fdf2e56f6b4f.png,1627914233
24477,Portão 3,portao-3,Summer 2021,Active,We are the frictionless way for companies to make payments.,"Portão 3 is Ramp for LATAM. We are the frictionless way for companies to make payments.

The company is founded by Fernando, second-time entrepreneur with past successful exit and ex-CPO of large IT consulting firms in Brazil and Bianca, experienced entrepreneur that handled payments for Cargill and funded startups in travel and growth. We've grown bootstrapped from the beginning and we were in the Y Combinator S21 batch.",https://portao3.com.br,https://www.ycombinator.com/companies/portao-3,"Uberlândia, MG, Brazil",40,B2B,B2B -> Finance and Accounting,"B2B, Finance and Accounting","Fintech, B2B, Travel","Brazil, Latin America",Early,False,False,False,,https://bookface-images.s3.amazonaws.com/small_logos/13743e9786ef3077b61d0d72e6ce988840b731ca.png,1629397046
24476,Zensors,zensors-inc,Summer 2021,Active,AI to understand and automates the physical world,,https://www.zensors.com,https://www.ycombinator.com/companies/zensors-inc,"San Francisco, CA, USA",12,B2B,B2B,B2B,"AIOps, Artificial Intelligence","United States of America, America / Canada, Remote, Partly Remote",Early,False,True,False,Zensors Inc,https://bookface-images.s3.amazonaws.com/small_logos/01f2ed9f6b2573e18e28f42a8c260ee15a0a777a.png,1630100572
24475,Flowly,flowly,Summer 2021,Active,Our mobile app reduces chronic pain for 100 million Americans. ,"Flowly’s mobile app is the VR version of Calm with a focus on reducing chronic pain for 100 million Americans. Flowly subscribers receive a $5 VR headset and Heart Rate sensor that collects a user's biometric data like HR and HRV, and converts it to visualizations in virtual experiences that reduce pain by 46%. 
Flowly is backed by the National Institutes of Health. ",https://www.flowly.world/,https://www.ycombinator.com/companies/flowly,"Los Angeles, CA, USA",3,Healthcare,Healthcare -> Consumer Health and Wellness,"Healthcare, Consumer Health and Wellness",Health Tech,"United States of America, America / Canada, Remote, Partly Remote",Early,False,False,False,,https://bookface-images.s3.amazonaws.com/small_logos/156a3a06c42d705c82d93c0d61249afefbaa2924.png,1624899588
24467,Harmonic Discovery,harmonic-discovery,Summer 2021,Active,Multi-targeted therapeutics to treat complex diseases,"We are a drug discovery company developing a new generation of therapeutics that embrace the complexity of disease. Currently available approaches for creating drugs work on the principle of finding one drug-one protein 'magic bullets'. However, diseases such as cancer and autoimmunity are often the result of several dysregulated proteins across many distinct biological pathways. 

We are building a computational-experimental platform to design therapeutics that can target several disease-causing proteins at once. By designing multi-specific drugs, we are able to create therapeutics that are more efficacious and safer than existing medicines. 
",http://harmonicdiscovery.com,https://www.ycombinator.com/companies/harmonic-discovery,"New York City, NY, USA; New York, NY, USA; Remote",8,Healthcare,Healthcare -> Drug Discovery and Delivery,"Healthcare, Drug Discovery and Delivery","AI-powered Drug Discovery, Biotech, Healthcare, Drug discovery","United States of America, America / Canada, Remote, Fully Remote",Early,False,False,False,,https://bookface-images.s3.amazonaws.com/small_logos/dbebdea5cbd5fee23eff97b4d514d27fb9652ed0.png,1648254586
24466,Makani Science,makani-science,Summer 2021,Active,Reinventing respiration monitoring,"Makani Science is a medical device company based in Irvine, California. We have created the world's first wireless patch that can accurately and continuously monitor breathing. The company is co-founded by Dr. Michelle Khine and Dr. Michael Chu, two experts in the wearable monitoring space from the University of California, Irvine. 

The Makani Science system will collect unique breathing waveforms from patients in everyday environments to create the first large database of respiratory patterns associated with different diseases. Data will be collected through systems sold to our initial beachhead market, where we will help improve monitoring safety in patients being sedated for medical procedures. Our long-term goal is to combine machine learning with this database to identify and predict respiratory complications for different patient populations. 

We have a highly experienced team and will be FDA cleared in our beachhead market within a year.  ",http://makaniscience.net/,https://www.ycombinator.com/companies/makani-science,"Los Angeles, CA, USA",2,Healthcare,Healthcare -> Medical Devices,"Healthcare, Medical Devices","Health Tech, Medical Devices","United States of America, America / Canada, Remote, Partly Remote",Early,False,False,False,,https://bookface-images.s3.amazonaws.com/small_logos/06492ded72b734cf66f1e107ab0974ffc480d989.png,1629402769
24459,lapzo,lapzo,Summer 2021,Active,Lattice for Latam with personalized learning and development,"lapzo makes it easy for companies in Latam to develop their workforce, even when they are remote. We allow them to set and track goals, evaluate their performance, and train them with online courses.
",https://www.lapzo.com,https://www.ycombinator.com/companies/lapzo,"Monterrey, N.L., Mexico; N.L., Mexico; Remote",135,B2B,B2B -> Human Resources,"B2B, Human Resources","Education, SaaS, B2B","Mexico, Latin America, Remote, Fully Remote",Early,False,False,False,Lernit,https://bookface-images.s3.amazonaws.com/small_logos/f1f45eee572657aa02458d63d46c25a500e55a71.png,1624051145
24450,Astek Diagnostics,astek-diagnostics-inc,Summer 2021,Active,One-hour antibiotic sensitivity testing,Astek Diagnostics is building a platform (Eugris) that guides physicians in prescribing appropriate antibiotics for patients with bacterial sepsis in one hour. It is done by detecting the oxygen consumption of the bacteria,http://astekdx.com,https://www.ycombinator.com/companies/astek-diagnostics-inc,"Baltimore, MD, USA",5,Healthcare,Healthcare -> Diagnostics,"Healthcare, Diagnostics","Microfluidics, Medical Devices","United States of America, America / Canada, Remote, Partly Remote",Early,False,False,False,Astek Diagnostics LLC,https://bookface-images.s3.amazonaws.com/small_logos/0cc751641f3edca70063a728f7fc978cc2df8169.png,1625157553
24446,Freterium,freterium,Summer 2021,Active,Real-Time Collaborative Transport Management Platform,"Freterium is a collaborative SaaS platform that connects organizations, people and technologies in the logistics value chain to help them move things.

Our connected cloud platform provides real-time visibility of shipments, elastic logistics infrastructure (in-house & 3rd party fleets), proprietary routing algorithms, productivity tools, and seamless collaboration that breaks down traditional organizational silos.",https://www.freterium.com,https://www.ycombinator.com/companies/freterium,"Casablanca, Casablanca-Settat, Morocco",21,B2B,B2B -> Supply Chain and Logistics,"B2B, Supply Chain and Logistics","Logistics, Supply Chain","Morocco, Middle East and North Africa, Remote, Partly Remote",Early,False,False,False,,https://bookface-images.s3.amazonaws.com/small_logos/52fd123ee789698d9312aae73f8fa198328173e7.png,1624379368
24445,Digistain,digistain,Summer 2021,Active,Pioneering Breast Cancer Diagnostics for a Healthier Tomorrow,"In the global fight against breast cancer, Digistain stands at the forefront, offering a beacon of hope to millions. Our journey began at Imperial College London, where ground-breaking research gave birth to a technology poised to revolutionize breast cancer diagnostics.

The Challenge: Every year, breast cancer affects 2.3 million individuals globally. Post-surgery, 60% of patients are advised to undergo genomic testing, an expensive and time-consuming process monopolized by a single lab in the U.S., costing around $4,000 and taking nearly two months. Consequently, only 5% undergo this vital testing. The rest, unable to access this crucial diagnostic step, often resort to chemotherapy—a treatment that, in one in four cases, is more harmful than the cancer itself.

Our Solution: Digistain addresses this critical gap. Our technology transforms the current diagnostic process by enabling hospitals to analyze patient samples in-house using existing equipment, supplemented with our innovative technology. This approach offers near-instantaneous decision-making data, a stark contrast to the existing month-long waits. Central to our technology is a proprietary algorithm that identifies a unique spectral fingerprint of the tumour in the infrared spectrum, providing a personalized risk score. This score guides oncologists in selecting the most effective, individualized treatment plans, potentially reducing unnecessary chemotherapy and its harmful side effects.

Impact and Potential: Our solution not only challenges the status quo in technology but also in accessibility. In a landmark government-commissioned study, Digistain demonstrated clinical evidence on par with the market leader, but at a fraction of the cost and time. Already making waves in clinical practice globally, with insurance reimbursement at leading cancer centers, our technology represents a paradigm shift in cancer care.

Recognized by the Institute of Physics, the Royal Society, and Imperial College for our innovative contributions, and supported by entities like the NHS, Y Combinator, and the European Investment Bank, Digistain is more than a company—it’s a movement towards equitable, effective cancer treatment. With the potential to democratize access to life-saving diagnostics, Digistain is not just envisioning a better future for cancer patients; we are actively creating it.
 ",https://digistain.co.uk/,https://www.ycombinator.com/companies/digistain,"London, England, United Kingdom",40,Healthcare,Healthcare -> Diagnostics,"Healthcare, Diagnostics",Medical Devices,"United Kingdom, Europe",Early,False,False,False,,https://bookface-images.s3.amazonaws.com/small_logos/ee811a143d9362213ecd8df87fca7780ce1945b8.png,1624636740
24444,Protex AI,protex-ai,Summer 2021,Active,"Computer vision that makes the industrial workplace, safer","Tl;dr: We’re building software that monitors existing cameras in the port, logistics, and manufacturing industries to ensure compliance and identify safety issues.

At Protex AI, we’re on a mission to protect the industrial workforce! We’re building a proactive computer vision tool for workplace safety - empowering industrial Health and Safety (HS) teams to identify risk and danger before it becomes a problem.

🤕 The Problem:
Keeping people safe at work is extremely hard. In the U.S. alone, there were over 5,000 deaths in the workplace in 2019, mainly in the heavy industry space.

Serious workplace injuries cost U.S. businesses circa $62 Billion annually. Until now, safety has been reactive, someone has to get injured, and in some cases fatally before something is done about it.

✅ Problem Solved:
Protex AI’s platform uses privacy-preserving camera monitoring software to provide companies with an always-on guardian angel, protecting their workforce.

The platform plugs into existing CCTV infrastructure and enables HS teams to flexibly translate their document-based safety rules into the real world.

Protex AI takes these rules and autonomously audits the customer’s facility to identify areas of high risk and non-compliance.

HS teams can access this data via a reporting engine and use it in weekly safety meetings, external safety audits, insurance discussions, and legal claims.

The tool integrates seamlessly with existing safety workflows to augment data produced by any manual incident logging system in place.",https://www.protex.ai,https://www.ycombinator.com/companies/protex-ai,"Limerick, County Limerick, Ireland",5,B2B,B2B -> Supply Chain and Logistics,"B2B, Supply Chain and Logistics","Industrial Workplace Safety, Machine Learning, B2B","Ireland, Europe, Remote, Partly Remote",Early,False,True,False,,https://bookface-images.s3.amazonaws.com/small_logos/500e8598ba6bacb62abd9828780893ab69ba3e5e.png,1626335543
24429,Vinco,vinco,Summer 2021,Active,Retaining employees in LatAm via education,"Vinco helps companies in Latin America pay for blue-collar employees’ online education. We do this by connecting employees to accessible programs (like High School, College, and Language Courses) and in turn, improve employee retention by at least 2x.",https://www.vincoed.com,https://www.ycombinator.com/companies/vinco,"Monterrey, N.L., Mexico",35,B2B,B2B -> Human Resources,"B2B, Human Resources","Education, Marketplace, SaaS","Mexico, Latin America, Remote, Partly Remote",Early,False,False,False,,https://bookface-images.s3.amazonaws.com/small_logos/504a9d091b6d5a424fb58e57a3490518c6e5262c.png,1625154201
24428,Aleph,aleph,Summer 2021,Active,One source of truth for financial data.,"Aleph helps top finance teams work with their data in real time. Businesses can automate financial models and streamline budgeting and forecasting with the fastest-to-implement FP&A platform. Aleph eliminates the need to export data from multiple sources by syncing spreadsheet models with data from 150+ integrations, and allows teams to interact with their data in no-code dashboards.

From annual budgeting to ad hoc reporting, scale your financial processes faster with better data without expanding your team. See why over 90% of people who start a trial with Aleph become customers!",https://getaleph.com/,https://www.ycombinator.com/companies/aleph,"New York City, NY, USA; Remote",30,B2B,B2B -> Finance and Accounting,"B2B, Finance and Accounting",Finance,"United States of America, America / Canada, Remote, Fully Remote",Growth,False,True,False,,https://bookface-images.s3.amazonaws.com/small_logos/6c9586ec30cbd6f6c28a4f887f1d04552db59356.png,1627584676
24426,KaiPod Learning,kaipod-learning,Summer 2021,Active,A national network of microschools bringing school choice to every…,"KaiPod Learning is a national network of microschools bringing school choice to every community in America. We work with education entrepreneurs to start high-quality microschools to better serve students and their families.

As more families stand up for choice in education and as more educators look for alternative career pathways, KaiPod Learning is helping bring microschools into the mainstream.",http://www.kaipodlearning.com,https://www.ycombinator.com/companies/kaipod-learning,"Boston, MA, USA",27,Education,Education,Education,"Education, eLearning, Consumer","United States of America, America / Canada, Remote, Partly Remote",Early,False,True,False,,https://bookface-images.s3.amazonaws.com/small_logos/28860fcff17e55e8b541e927d50fb68f63ca9d5a.png,1624983081
24422,Aleph Solutions (Alephee),aleph-solutions-alephee,Summer 2021,Active,We help automotive aftermarket brands to supply and sell parts online,"Aleph helps companies with thousands of products like General Motors and Bosch increase their revenue in Latin America by listing their inventory on large e-commerce sites like Mercado Libre and Amazon. Our customers sell over U$D 4M dollars’ worth of product every month using our software.

Many brands struggle with the shift to sell on marketplaces. They want resellers to be involved in their online sales strategies, but both still need to maintain 10,000 products, prices and inventory up-to-date across digital channels and Marketplaces do not provide tools to help brands and resellers on the journey.

Aleph is the best way for brands and wholesalers to replicate their offline network of resellers online. With Aleph, Brands create high-quality product catalogs to share with their resellers. Now, any seller can access their product catalogue and sell on marketplaces.",https://www.alephee.com,https://www.ycombinator.com/companies/aleph-solutions-alephee,"Buenos Aires, CABA, Argentina; Buenos Aires, Buenos Aires, Argentina; Remote",60,B2B,B2B -> Retail,"B2B, Retail","Marketplace, B2B, E-commerce","Argentina, Latin America, Remote, Fully Remote",Early,False,False,False,"Aleph Solutions LLC, Aleph Solutions",https://bookface-images.s3.amazonaws.com/small_logos/0e96b6bc17ebf7096f2c359dc1c0c940169a54c3.png,1625108401
24416,Zoios.,zoios,Summer 2021,Active,"Help start- and scale-ups excel at People, Culture and Performance.","Are you looking for a platform that can help you overcome people and culture challenges? 

We combine human expertise with advanced data analytics to help you achieve the results you dream about. Our platform helps organizations build a great culture, hire the right talent and lead their people.

There is no need to be guessing, and worrying all the time. Use Zoios to get real-time actions that will help you create an organization where employees thrive.",https://zoios.io,https://www.ycombinator.com/companies/zoios,"Copenhagen, Denmark",8,B2B,B2B -> Human Resources,"B2B, Human Resources","Mental Health Tech, SaaS, B2B","Denmark, Europe",Early,False,False,False,Zoios,https://bookface-images.s3.amazonaws.com/small_logos/45e05e3946f68c57eaa653dc1051cb5546d68eb3.png,1626954349
24415,Kurios,kurios,Summer 2021,Active,Cohort-based online courses for professionals in Latin America,"Kurios is cohort based online courses for professionals in Latin America. Our instructors are professionals coming out of tech companies like Google, Amazon, Stripe and more. 

Our course completion rate is 90% and annual customer retention rate is 100%.

We have 65 B2B customers and we up-skill their employees in product management, growth and data analytics, just to start with.

Some customers: Walmart Mexico, Banorte (2nd bank in Mexico), Mercado Libre, BCP (#1 bank in Peru), Alicorp (leading CPG in Latam), Sura (leading pension fund), etc.",https://www.kurios.la/,https://www.ycombinator.com/companies/kurios,"Lima, Callao Region, Peru; Lima, Lima Province, Peru",10,Education,Education,Education,"eLearning, Latin America","Peru, Latin America, Remote, Partly Remote",Early,False,False,False,,https://bookface-images.s3.amazonaws.com/small_logos/75927de021781b52309af33eced0acea980bc7da.png,1625609999
24414,Encuadrado,encuadrado,Summer 2021,Active,Payments and scheduling for services professionals in LATAM,"Encuadrado automates booking, payments, and invoicing for solo practitioners running appointment-based businesses in LATAM.",https://www.encuadrado.com/,https://www.ycombinator.com/companies/encuadrado,"Santiago, Santiago Metropolitan Region, Chile; Remote",3,B2B,B2B -> Productivity,"B2B, Productivity","Fintech, Marketplace, SaaS","Chile, Latin America, Remote, Fully Remote",Early,False,False,False,"Encuadrado, Inc.",https://bookface-images.s3.amazonaws.com/small_logos/a67ae2ec24aebc03b86cfa807b5a427bb34ceef8.png,1626366348
24407,Stardex,stardex,Summer 2021,Active,AI native ATS + CRM for executive search firms,"Stardex is an AI native ATS and CRM executive firms and professional recruiting firms. We are AI first designed specifically for modern recruiting firms. It has a powerful client collaboration feature that helps you execute searches faster with clients. It also streamlines your searches by automating repetitive tasks, allowing you to dedicate more time to building meaningful relationships.﻿",https://www.stardex.com,https://www.ycombinator.com/companies/stardex,"San Francisco, CA, USA",6,B2B,B2B,B2B,"SaaS, Productivity","United States of America, America / Canada",Early,False,True,False,"Dots, Wharf",https://bookface-images.s3.amazonaws.com/small_logos/cd7356f24d69fa13135ed28c88da1003ba785b9f.png,1627928818
24406,Shimmer,shimmer,Summer 2021,Active,"1:1 ADHD coaching, 5-10X More affordable than alternatives","Shimmer provides ADHD coaching to people with ADHD or executive function challenges. Shimmer was born from a group of ADHD coaches, psychiatrists, doctors, and engineers to create a personalized, action-oriented playground for you and your coach to explore. We're not another list, calendar, or app: we're real human interactions paired with expert strategies, so that you can make real changes in your life. Come check us out!

Our ADHD coaches partner with you to co-design a plan to achieve your goals. You'll experiment with strategies on a weekly basis to implement a routine fit specifically for you. Our program has been designed off science-backed methods in partnership with NYU, UC Berkeley, and UCSF. 

Get your free ADHD Mastery Score > https://www.shimmer.care/assessment",https://shimmer.care,https://www.ycombinator.com/companies/shimmer,"San Francisco, CA, USA",9,Healthcare,Healthcare -> Consumer Health and Wellness,"Healthcare, Consumer Health and Wellness","Mental Health Tech, Community","United States of America, America / Canada, Remote, Partly Remote",Early,False,True,False,shimmer,https://bookface-images.s3.amazonaws.com/small_logos/8f482a06f96defbbdd7ece21c67b38e78db7e959.png,1624934146
24404,OneSchema,oneschema,Summer 2021,Active,AI Agents for Data Operations,"OneSchema provides AI agents for data operations that automate data prep, driving efficiency and improving client project margins. By standardizing raw client files to your RFIs, OneSchema helps teams reach insights and deliver results faster.",https://www.oneschema.co,https://www.ycombinator.com/companies/oneschema,"San Francisco, CA, USA",20,B2B,B2B -> Operations,"B2B, Operations","Artificial Intelligence, SaaS, B2B, Workflow Automation, AI","United States of America, America / Canada, Remote, Partly Remote",Early,False,True,False,,https://bookface-images.s3.amazonaws.com/small_logos/0da6fd5bf7648bc26ba469b7a2a03b08186196dd.png,1626328672
24395,Miniloop,miniloop,Summer 2021,Active,AI workflow engine for reliable systems,"Miniloop is a workflow engine for building reliable AI systems. It turns one-off prompts into structured, reusable workflows with enforced context, typed outputs, and safe re-runs, making AI dependable in production environments.",https://miniloop.ai,https://www.ycombinator.com/companies/miniloop,"New York City, NY, USA",2,B2B,B2B,B2B,"AI, AI Assistant","United States of America, America / Canada, Remote, Partly Remote",Early,False,False,False,"Goodseed, Invezo, Multibase, Update, Pod, Pod AI, Paperbook",https://bookface-images.s3.amazonaws.com/small_logos/aeed5cd44236d1a01c6e9a140c5fea1bd7489cac.png,1625260950
24391,CoLoop,coloop,Summer 2021,Active,AI Copilot for insights & strategy,"At CoLoop we’re on a mission to make every company in the world as customer obsessed as Amazon. We’re doing this by giving the next generation of workers immediate, intuitive access to the customer knowledge they need to make better decisions, faster.",https://coloop.ai/,https://www.ycombinator.com/companies/coloop,"London, England, United Kingdom",16,B2B,B2B,B2B,"Generative AI, Market Research","United Kingdom, Europe",Early,False,True,False,"genei, Genei",https://bookface-images.s3.amazonaws.com/small_logos/f25088eca7f2e0a08cb42bf4dd651090658da19c.png,1626771804
24390,GetDot,getdot,Summer 2021,Active,Your AI Data Analyst,"Our mission is to help everybody in an organization to take data-driven decisions, by democratizing access to trusted high-quality data and metrics. 

**Chat with your Data Warehouse**

Answer most business questions instantly 24/7. Data teams can focus on deep work, not on answering easy questions about dashboards.

Dot understands your existing data stack: tables, SQL queries, documentation, DBT metrics or LookML are its learning material.

Users can interact via Slack, Teams or our native web app.

➡️  https://getdot.ai/",https://getdot.ai,https://www.ycombinator.com/companies/getdot,"Berlin, Berlin, Germany; Remote",6,B2B,B2B -> Analytics,"B2B, Analytics","SaaS, B2B, Analytics, Enterprise, AI","Germany, Europe, Remote, Fully Remote",Early,False,False,False,"Snowboard Software GmbH, Snowboard Software, Seld, Sled, Dot",https://bookface-images.s3.amazonaws.com/small_logos/a36b7c96b74a0599b17814e9f0a758e676fd706a.png,1624988056
24385,ShipBlu,shipblu,Summer 2021,Active,Amazon Level Logistics for eCommerce Companies in MENA.,"ShipBlu provides Amazon level logistics for eCommerce companies in MENA - one of the fastest growing eCommerce markets in the world. As it stands, the majority of delivery providers are still using pen and paper to manage delivery and fulfillment operations, leading to 5x the rate of failed deliveries and 3x the operating costs as compared to global benchmarks.

At ShipBlu, we've built an infrastructure that handles every aspect of delivery and fulfillment operations. We've also added some unique features that tie in various business functions, allowing us to realize significant efficiencies compared to other players. Our platform is managed by ShipBlu AutoPilot - our collection of Artificial Intelligence and Machine Learning algorithms that constantly make operational predictions and decisions to reduce costs, meet delivery constraints, and refine our operating assumptions. Designed by ShipBlu's CTO, Abdelrahman is currently completing his PhD at Brown University where he explores the applications of AI and ML in optimization problems.

We built a nationwide delivery network in Egypt in about 2.5 months, kicking off operations on Aug 1st, 2021. In under 4 weeks, we have signed on over 40 merchants, and when those merchants fully go live in October, we will be making over $40k in MRR.",http://www.shipblu.com,https://www.ycombinator.com/companies/shipblu,"Cairo, Cairo Governorate, Egypt",300,B2B,B2B -> Supply Chain and Logistics,"B2B, Supply Chain and Logistics","Delivery, AI","Egypt, Middle East and North Africa, Remote, Partly Remote",Early,False,False,False,,https://bookface-images.s3.amazonaws.com/small_logos/b873d677821cb1f25874e9df84d0e6fce432a622.png,1624825828
24384,Whalesync,whalesync,Summer 2021,Active,Manage your website from your favorite tools like Airtable and Notion,"Whalesync makes data syncing easy. Our automation platform syncs data between key business tools like Webflow/Wix/WordPress and Airtable/Notion/Google Sheets. We give marketing teams two-way, real-time sync, so they can manage their website from their favorite collaboration tools.

Whalesync launched during Y Combinator’s S21 cohort. Since then we’ve raised from some of the world’s top investors. We’re now trusted by hundreds of companies like [Ramp](https://ramp.com/), [Webflow](https://webflow.com/), and [Alchemy](https://www.alchemy.com/), and process millions of transactions every day. Many of our customers enjoy the product so much they [tell all their friends](https://whalesync.com/customers).",https://www.whalesync.com,https://www.ycombinator.com/companies/whalesync,"St. Petersburg, FL, USA; Remote",8,B2B,B2B -> Marketing,"B2B, Marketing","SaaS, Remote Work, No-code, Data Engineering, Web Development","United States of America, America / Canada, Remote, Fully Remote",Early,False,False,False,Whaleform Inc. (product is Whalesync),https://bookface-images.s3.amazonaws.com/small_logos/859ce6355b2e4ff52655c420f97fbe51b3849528.png,1626201713
24382,Malloc Inc,malloc-inc,Summer 2021,Active,AI-driven mobile cybersecurity ,"Malloc monitors and prevents anyone from recoding or transmitting data from your mobile device without your knowledge. Malloc uses on-device AI to detect zero-click spyware and abnormal activity and blocks any suspicious communication in real time. We sell this to individuals, enterprises and governments that care about their privacy. ",https://mallocprivacy.com/,https://www.ycombinator.com/companies/malloc-inc,"Nicosia, Nicosia, Cyprus",10,B2B,B2B -> Security,"B2B, Security","Privacy, Cybersecurity, Defense, AI","Cyprus, Europe, Remote, Partly Remote",Early,False,False,False,"Malloc, LTD., Malloc",https://bookface-images.s3.amazonaws.com/small_logos/6f9e51a7bd166fd06ac233b1bc31a81d599db773.png,1626963356
24381,Sequin,sequin,Summer 2021,Active,Sequin is building AI Voice Agents to automate collections calls for…,"Sequin AI is building compliance-first AI voice agents to automate human agent intensive collections calls for consumer lenders and servicers.

CEO and Co-founder Vrinda Gupta, former Visa product leader who built the Chase Sapphire Reserve credit card and ran audits for top 10 issuers, teamed up with CTO and Co-founder Mark Thomas, former PayPal engineering leader, to bring world-class technology to consumer lending and servicing.

Backed by Y Combinator, Sequin AI has raised $5.7M from top investors, including executives at OpenAI, the Schwab family, and leading venture funds like Matrix, Commerce Ventures, and Thomvest - the same firms behind some of the most iconic technology companies of our time.

Reach out vrinda@sequinai.com to learn if Sequin's AI Voice Agents can dramatically reduce your cost of collections today.",https://sequinai.com,https://www.ycombinator.com/companies/sequin,"San Francisco, CA, USA",2,B2B,B2B,B2B,"Generative AI, B2B, Operations","United States of America, America / Canada",Early,False,False,False,,https://bookface-images.s3.amazonaws.com/small_logos/47b6f40ba43cf8bcab62d5da9b5de194eaf83e88.png,1626371959
24379,Formance,formance,Summer 2021,Active,Open Source Infrastructure for the Financial Internet,"Formance Platform is building open-source infrastructure for the next wave of financial services. It enables fintech engineers to build and operate complex flow of funds, weaving together multiple payment rails with internal ledger accounts.

github.com/formancehq/stack",https://formance.com,https://www.ycombinator.com/companies/formance,"Paris, Île-de-France, France",33,B2B,B2B,B2B,"Developer Tools, Fintech, Payments, B2B, Open Source","France, Europe, Remote, Partly Remote",Growth,False,True,False,"Goldilocks, Numary (ex Goldilocks), Numary, Formance (fka Numary)",https://bookface-images.s3.amazonaws.com/small_logos/d2bd98c7cb8de435d88c71bda24056e4db21bc5f.png,1626469942
24378,Mergent,mergent,Summer 2021,Active,Incredibly reliable background task queues and cron jobs,"Mergent is a task scheduling API that makes it super easy for developers to schedule and manage background tasks like notifications, data processing, and third-party integrations.

We provide a simple well-documented API that any developer can instantly start using straight from our website.",https://mergent.co,https://www.ycombinator.com/companies/mergent,"Austin, TX, USA; Remote",1,B2B,"B2B -> Engineering, Product and Design","B2B, Engineering, Product and Design",Developer Tools,"United States of America, America / Canada, Remote, Fully Remote",Early,False,False,False,,https://bookface-images.s3.amazonaws.com/small_logos/87e0116079f984e89d1f50a502cb2e629038b55b.png,1626707067
24374,Coinrule,coinrule,Summer 2021,Active,Coinrule Automates Your Crypto and Stock Investments,"Coinrule Catches the Next Market Opportunity on Your Behalf by Automating Your Investments: Crypto, Stocks, ETFs.
Docufilm: https://youtu.be/YitEyKmx8fg
Previous Crowdfunding: https://youtu.be/nnYJ4PnSvnU?si",https://coinrule.com/,https://www.ycombinator.com/companies/coinrule,"London, England, United Kingdom",7,Fintech,Fintech,Fintech,"Fintech, Crypto / Web3, Trading, AI, Stocks","United Kingdom, Europe, Remote, Partly Remote",Early,False,True,False,,https://bookface-images.s3.amazonaws.com/small_logos/060a4532a28d07a4d01b23bad67a8ac803210fee.png,1628767549
24373,Infiuss Health,infiuss-health,Summer 2021,Active,2 sided Marketplace for accelerating medical research,"We are building the world's first community of patients eager to contribute to and advance  medical research. Our patient community platform offers health management, patient support and patient health data aggregation. We offer researcher's and life science companies with the opportunity to connect with these patients for their medical research needs. They recruit real patients for clinical trials, for bio specimens sourcing and to obtaining real world patient data.",https://infiuss.com,https://www.ycombinator.com/companies/infiuss-health,"San Francisco, CA, USA; LA, Nigeria",4,B2B,B2B,B2B,"Marketplace, B2B","United States of America, Nigeria, America / Canada, Africa, Remote, Partly Remote",Early,False,False,False,INFIUSS HEALTH,https://bookface-images.s3.amazonaws.com/small_logos/9e3dd6003ca20000769c840422166e061b42f9c6.png,1625727188
24372,LemFi,lemfi,Summer 2021,Active,"Fair, simple and accessible financial services","LemFi makes everyday financial services fair, simple and accessible for people overlooked by traditional banks, starting with those who live and work across borders",https://lemfi.com,https://www.ycombinator.com/companies/lemfi,"London, England, United Kingdom",500,Fintech,Fintech -> Banking and Exchange,"Fintech, Banking and Exchange",Fintech,"United Kingdom, Europe, Remote, Partly Remote",Growth,False,False,False,"Lemonade Technology Inc, Lemonade Tech, Lemonade Finance, LemFi (Formerly Lemonade Finance)",https://bookface-images.s3.amazonaws.com/small_logos/9bd8ebdc83b1a3ba26ec46a9b2b53cac70a95a80.png,1625501227
24371,Momo Medical,momo-medical,Summer 2021,Active,We help nurses in nursing homes to be 30% more effective,"We go to nursing homes, and we put an internet-connected bed sensor underneath all their beds. Our app gives nurses valuable insights and an overview of all their residents. We reduce fall incidents and bedsores while improving evening and night shift productivity by over 30%. 

Momo Medical solves the biggest problem affecting nursing homes, staff shortages while increasing the quality of care. 

",https://www.momomedical.com/,https://www.ycombinator.com/companies/momo-medical,"Delft, ZH, Netherlands; San Francisco, CA, USA",10,Healthcare,Healthcare,Healthcare,"SaaS, IoT, B2B","Netherlands, United States of America, Europe, America / Canada, Remote, Partly Remote",Early,False,False,False,,https://bookface-images.s3.amazonaws.com/small_logos/cbfd3b5f83daa4ed3f453558e8df7ddc5e26e28d.png,1629174799
24368,Yemaachi Biotechnology,yemaachi-biotechnology,Summer 2021,Active,Diversifying precision cancer diagnostics and treatments,"Yemaachi Biotech is diversifying and expanding access to precision cancer diagnostics and therapeutics by collecting  and sequencing samples from all across Africa, which is the most genetically diverse population on the planet. We then use this data to either optimize existing diagnostic tests, or help other companies discover new ones.
With our research activities based in Africa, we are able to leverage access to the most genetically diverse population on the planet to build a first-of-its-kind clinical and molecular knowledgebase on cancer among African people.",https://yemaachi.com/,https://www.ycombinator.com/companies/yemaachi-biotechnology,"Accra, Greater Accra Region, Ghana",16,Healthcare,Healthcare -> Diagnostics,"Healthcare, Diagnostics","Biotech, Diagnostics, Therapeutics","Ghana, Africa",Early,False,False,False,,https://bookface-images.s3.amazonaws.com/small_logos/0f20c99ceb3dc4f5663a9b43329248c249511272.png,1627837386
24367,Scispot,scispot-io,Summer 2021,Active,The Best Data Infrastructure for Biotechs,"Scispot is the best tech stack for biotech. It's the first-ever toolkit that lets you tailor it to your needs – no coding required. Think of it as a super combo of ELN + LIMS + Integrations + Analytics. You can set it up using a user-friendly interface (GUI) or by entering commands (CLI). It's about making your digital biotech dreams a reality. You can design your data infrastructure, automate your workflows and integrations and make your data ready for machine learning and artificial intelligence – all on one spot. Scispot even provides pre-made blueprints for major experiments, teamwork, and data management.

Request a demo to see Scispot in action here: https://calendly.com/scispot/30min
",https://scispot.io,https://www.ycombinator.com/companies/scispot-io,"Kitchener, ON, Canada",16,B2B,B2B,B2B,"Generative AI, SaaS, B2B, AI","Canada, America / Canada, Remote, Partly Remote",Early,False,True,False,Scispot.io Inc.,https://bookface-images.s3.amazonaws.com/small_logos/996a065b9b830e170e3a68e207d6245f28dc54b8.png,1627146461
24355,LootRush,lootrush,Summer 2021,Active,The global operating account you truly deserve.,"The account designed to earn in one country, live in another, and access assets everywhere.",https://www.lootrush.com,https://www.ycombinator.com/companies/lootrush,"San Francisco, CA, USA; Remote",,Fintech,Fintech,Fintech,Crypto / Web3,"United States of America, America / Canada, Remote, Fully Remote",Growth,False,True,False,"Smelt, Gemfy",https://bookface-images.s3.amazonaws.com/small_logos/e289a9031601f6402130b6a300f81b1926f4798b.png,1632868569
24354,Cartpanda,cartpanda,Summer 2021,Active,Global online sales platform,"As an ecommerce platform, we provide a complete ecosystem for creators and entrepreneurs to sell and promote their products and services, including tools for product management, affiliate management, payment processing and much more. Users can sell various types of products, including digital goods, services, events, and physical items.

Cartpanda help entrepreneurs scale their global sales by providing a high converting checkout page and payment solution, capable to convert to 180+ currencies and languages.",https://cartpanda.com/,https://www.ycombinator.com/companies/cartpanda,"São Paulo, SP, Brazil; Remote",60,B2B,B2B -> Sales,"B2B, Sales","SaaS, E-commerce","Brazil, Latin America, Remote, Fully Remote",Early,False,False,False,"CartX, Cartpanda, cartpanda",https://bookface-images.s3.amazonaws.com/small_logos/fdd422df573f9e77279f0da5b79f0c2fcd5b52ca.png,1626632842
24353,Intellect,intellect,Summer 2021,Active,A modern-day mental healthcare company for global workforces.,"Intellect is the global leader in hyperlocalised mental healthcare, serving 4 million lives across enterprise employers, insurers, healthcare systems, and governments in over 50 languages and 100 countries.

With a comprehensive, AI-powered care ecosystem, Intellect seamlessly integrates digital therapeutics, virtual therapy, high-acuity crisis support, and specialty clinical treatment - delivered through its proprietary digital platforms and directly owned mental health clinics.

Headquartered in Singapore with nine global offices, Intellect is backed by top investors including Tiger Global, Y Combinator, Insignia Ventures, and HOF Capital. It is trusted by hundreds of Fortune 500 companies and industry leading organisations.",https://intellect.co,https://www.ycombinator.com/companies/intellect,"Singapore, Singapore",200,Healthcare,Healthcare -> Healthcare Services,"Healthcare, Healthcare Services","Digital Health, Healthcare, Health Insurance, Health & Wellness, Mental Health","Singapore, Southeast Asia, Remote, Partly Remote",Growth,False,False,False,,https://bookface-images.s3.amazonaws.com/small_logos/1151275e08c256c728eef1aea0fdd718f1d0f3f1.png,1629738489
24349,Arrow,arrow,Summer 2021,Active,Modern Checkout Platform for D2C brands in Southeast Asia,"Arrow makes it easier and faster for sellers and shoppers to safely sell and buy online in Southeast Asia. It is  first in Southeast Asia to provide brands a better, more profitable checkout experience for their shoppers. Arrow was created to partner with merchants to build consistent and seamless hyperlocal checkout experiences wherever their shoppers come across their brands. 

Shoppers checkout securely with their preferred payment methods. They no longer have to set up new passwords, face multiple redirects or set up a new account every time they shop. Built specifically for Southeast Asia, Arrow works anywhere that shoppers prefer to shop from. Southeast Asian shoppers love the simple and hassle-free solution since almost everyone in this region shops on their mobile devices.

With Arrow, merchants sell more of what they are selling; and shoppers conveniently and easily checkout wherever they shop. ",https://www.arrowcheckout.com/,https://www.ycombinator.com/companies/arrow,"Singapore, Singapore",18,Fintech,Fintech -> Payments,"Fintech, Payments","Fintech, E-commerce","Singapore, Southeast Asia, Remote, Partly Remote",Early,False,False,False,,https://bookface-images.s3.amazonaws.com/small_logos/0b961a8c07c7968b9cb9e1c4af18ee0b3b43ac35.png,1628016021
24347,Truss,truss,Summer 2021,Active,Banking for construction,"Truss is an all-in-one banking and payment automation platform for construction businesses. With Truss, construction companies can manage bill payments, receivables, and corporate cards in one place. They can save time on manual data entry by integrating Truss with their existing tools and automating the full billing cycle, from invoicing and reconciliation.",https://trusspayments.com,https://www.ycombinator.com/companies/truss,"San Francisco, CA, USA",12,Fintech,Fintech -> Banking and Exchange,"Fintech, Banking and Exchange","Fintech, Payments, Construction","United States of America, America / Canada, Remote, Partly Remote",Early,False,True,False,MazumaGo,https://bookface-images.s3.amazonaws.com/small_logos/d3f982deac62cf40f505362f3a6405c4b5190460.png,1627059715
24346,MindFi,mindfi,Summer 2021,Active,Transforming Mental Health for Corporate Asia,"MindFi is an app that reduces burnout and improves mental health for employees. We sell to companies in Asia such as Deutsche Bank, KPMG, PatSnap, Visa. The team is headquartered in Singapore and consists of Bjorn, (ex-Zendesk product manager), psychologist Anita Sadasivan (UMich alum, ex-Raffles Hospital), Leon 2X startup founder with 2 exits and Gangeshwar, an award-winning AI engineer. ",https://www.mindfi.co,https://www.ycombinator.com/companies/mindfi,"Singapore, Singapore",25,B2B,B2B -> Human Resources,"B2B, Human Resources","Machine Learning, Mental Health Tech, B2B, HR Tech, Health & Wellness","Singapore, Southeast Asia, Remote, Partly Remote",Early,False,True,False,,https://bookface-images.s3.amazonaws.com/small_logos/6b7be3c4ba661d5b0f410a12fded0d9add5f93d1.png,1628416801
24345,Geostar,geostar,Summer 2021,Active,Geostar drives inbound for companies through search.,Geostar is a platform that helps you generate more inbound revenue from AI search. Monitor your brand's AI visibility and get actionable insights to improve your search rankings.,https://www.geostar.ai,https://www.ycombinator.com/companies/geostar,"New York City, NY, USA; Remote",2,B2B,B2B,B2B,"SaaS, B2B, Sales, Sales Enablement, Market Research","United States of America, America / Canada, Remote, Fully Remote",Early,False,False,False,"Monto, Markix",https://bookface-images.s3.amazonaws.com/small_logos/940ca27c03165f32b9fdf0b5c174467ff230ba42.png,1625587646
24344,WarpBuild,warpbuild,Summer 2021,Active,Accelerate software development with WarpBuild's 10x faster CI infra.,"Accelerate software development with WarpBuild.
Get 2x faster, up to 90% cheaper CI in 30 seconds using WarpBuild for Github Actions.",https://www.warpbuild.com,https://www.ycombinator.com/companies/warpbuild,"Sydney, NSW, Australia; Remote",8,B2B,"B2B -> Engineering, Product and Design","B2B, Engineering, Product and Design","Developer Tools, Generative AI, SaaS, Productivity, DevOps","Australia, Oceania, Remote, Fully Remote",Early,False,True,False,"Argonaut, WartpBuild",https://bookface-images.s3.amazonaws.com/small_logos/dc34887fced4f954a1a9fd60de7afd828c9a1d74.png,1626365093
24330,Matidor.com,matidor-com,Summer 2021,Active,Project management on a live map,"Matidor.com is a project management software for projects where you need to see what's happening live on a map. Natural resources companies such as energy operators and consultants manage their environmental activities across thousands of locations. Instead of switching between spreadsheets, they need to visualize their projects on a map and zoom into each one of them for details such as site drawings, tasks, costs and communications.

https://matidor.com",https://matidor.com/,https://www.ycombinator.com/companies/matidor-com,"Vancouver, BC, Canada; Remote",6,B2B,B2B -> Productivity,"B2B, Productivity","SaaS, Geographic Information System, B2B","Canada, America / Canada, Remote, Fully Remote",Early,False,False,False,,https://bookface-images.s3.amazonaws.com/small_logos/021ce949e37c4b16d1b09188fc8214d07f3f8eeb.png,1626814200
24303,Cero,cero,Summer 2021,Active,Automated communication between hospitals and patients in Latam,"At Cero, we solve specific coordination tasks between hospitals and patients, such as appointment confirmations and last minute cancellations, by automatically communicating with patients over WhatsApp. For example, a patient can confirm and reschedule their appointment without needing to call anyone.

Almost half of the medical appointments in Latin America are missed because patients simply do not show up. This ranges from missing a regular dentist check to missing an expensive MRI scan. With increasing pressure to improve access to care in developing countries, optimizing communication and coordination with patients is a key task to achieve. This is a massive problem especially in places where most people don't know how to effectively use self-service mediums (or are too busy to use them).
 
We bootstrapped the company and we are profitable. As of August 2021 we have $97K in monthly revenue from 15 clients with a CMRG of 20% in the last year. We have 100% logo retention and we grow with our clients. We are currently coordinating over 600,000 medical appointments every month, just in Chile.

This problem represents a $3.5B market opportunity in Latin America only. Latin America has 650M people, each one having an average of 3 medical consultations per year. We charge for every time we effectively communicate with a patient. We plan to handle several coordination interactions with every patient for each consultation, which considers a roadmap of scheduling, confirming, booking, reimbursements, payments, among others.

We are a team mixing strong knowledge about the healthcare industry with deep technical skills. Felipe (CEO) is a former dentist that has led deep changes in healthcare payments in Chile. Mauricio (CTO) and Jorge (R&D), both PhD in Computer Science, led the creation of the most advanced Spanish Language Neural Network used daily by scientists and practitioners in LatAm (BETO: Spanish BERT).

In a weekend project, Mauricio and Jorge automated the communication with students attending a summer school obtaining impressive engagement. Felipe was struggling with contacting his patients to coordinate appointments, and saw a big opportunity in this technology. The three together have designed and run a solution that as of 2021 is coordinating over 600,000 patients per month in their home country, Chile.",https://cero.ai,https://www.ycombinator.com/companies/cero,"Santiago, Santiago Metropolitan Region, Chile; Remote",10,B2B,B2B,B2B,"Machine Learning, Consumer Health Services, B2B, NLP","Chile, Latin America, Remote, Fully Remote",Early,False,False,False,CERO.AI,https://bookface-images.s3.amazonaws.com/small_logos/28978000b8dcc240b064a1480e88b2e3fa90b056.png,1625106698
24292,fluke,fluke,Summer 2021,Active,fluke is a full-digital mobile operator in Brazil,"Brazilians hate the experience of using the traditional mobile carriers. They force you to pay for data packages you don’t need and make it impossible to switch your plans. Fluke offers a better customer experience and that’s why we have a CAC that is 50% lower and an LTV that’s 30% higher than traditional carriers.

What’s smart about our approach is we rent infrastructure from these incumbents and build a better customer experience on top of it. This keeps our costs lows and lets us focus on what really matters: the customer experience! 

We have the best network and customers are switching to us because of the service and flexibility to build their own customized mobile plans.

We are doing in telco what Nubank did in banking in Brazil.

We are Fluke, thank you!",https://flu.ke/,https://www.ycombinator.com/companies/fluke,"São Paulo, SP, Brazil",26,B2B,B2B,B2B,"B2B, Telecommunications","Brazil, Latin America, Remote, Partly Remote",Early,False,False,False,Fluke,https://bookface-images.s3.amazonaws.com/small_logos/72d016d4861dc2a571618d99f2156688bbc376f2.png,1628008828
24291,DigiBuild,digibuild,Summer 2021,Active,We buy & track building materials for construction companies.,"Our platform fixes construction's broken supply chain. 70% of construction projects finish late or over budget; procuring and managing building materials is the number 1 reason why. 

We use LLMs to buy and manage building materials for large construction companies.
With DigiBuild, construction contractors can find, order, track and manage their materials from the supplier to the job site. We help customers save money, staff time, and improve construction project schedules.

We work with the top real estate developers, general contractors, and subcontractors in the US. We manage billions in building material volume annually in the 2nd largest market in the world.",https://digibuild.com,https://www.ycombinator.com/companies/digibuild,"Miami, FL, USA",15,Real Estate and Construction,Real Estate and Construction -> Construction,"Real Estate and Construction, Construction","Artificial Intelligence, SaaS, Supply Chain, AI, ML","United States of America, America / Canada, Remote, Partly Remote",Early,False,True,False,"DigiBuild Software Inc., DigiBuild Software",https://bookface-images.s3.amazonaws.com/small_logos/619bfcc11ede71a157f8463466ae0bd8ddd6cc7e.png,1626214444
24282,SigmaOS,sigmaos,Summer 2021,Active,The new home for your internet 🏡,"SigmaOS is a new type of browser designed for founders, researchers, and content creators to make you better and faster at working on the web.

You work 7+ hours a day on the web. Buried in a sea of 100+ tabs and 10+ web-apps 🤯, you constantly lose context for why you did what you did, and are always one click away from being distracted.

We took apart the browser for you, and rebuilt a new experience from the ground-up, for the FASTEST and most PRODUCTIVE work. ⚡",https://www.sigmaos.com,https://www.ycombinator.com/companies/sigmaos,"San Francisco, CA, USA; London, England, United Kingdom",5,Consumer,Consumer,Consumer,"SaaS, Productivity, Collaboration","United States of America, United Kingdom, America / Canada, Europe",Early,False,True,False,,https://bookface-images.s3.amazonaws.com/small_logos/dd6e168433a2a413d415304357399855603959a6.png,1628089948
24280,Buró de Ingresos,buro-de-ingresos,Summer 2021,Active,The Work Number for LatAm,Buró de Ingresos makes it easy for consumers and businesses to share income information to financial institutions,https://www.burodeingresos.com/,https://www.ycombinator.com/companies/buro-de-ingresos,"Mexico City, CDMX, Mexico",17,B2B,B2B -> Infrastructure,"B2B, Infrastructure","Payroll, API","Mexico, Latin America, Remote, Partly Remote",Early,False,False,False,"Vech, Palenca",https://bookface-images.s3.amazonaws.com/small_logos/ce164c4ce88d50a0fa0fb4e4e42edf122ca186db.png,1628475980
24275,Cloudanix,cloudanix,Summer 2021,Active,Cloud and Container Security Platform,"We help DevOps teams to improve the security of their Cloud infrastructure. Our solution value increases for companies using multi-cloud (like GCP, Azure, AWS) or have multi-accounts (like Dev, Test, Prod)",https://www.cloudanix.com,https://www.ycombinator.com/companies/cloudanix,"San Francisco, CA, USA; Sunnyvale, CA, USA",8,B2B,B2B -> Security,"B2B, Security","Cloud Workload Protection, DevSecOps, Identity, Security","United States of America, America / Canada, Remote, Partly Remote",Early,False,False,False,Cloudanix Inc,https://bookface-images.s3.amazonaws.com/small_logos/1209d6739765a764083573c7a354abcbce2fe009.png,1625633604
24271,Tiriel AI,tiriel-ai,Summer 2021,Active,The AI workforce for freight dispatch,"Formerly TrackChain, Tiriel is the AI workforce for freight dispatch.

Not dispatch software. A workforce: specialized AI agents, each with one job, one standard, and one boss, the dispatcher. Scout finds freight across 14+ load boards. Closer negotiates rates with brokers by phone, in parallel, within the rate floors you set. Coordinator manages your drivers in English, Spanish, or whatever language your fleet speaks. Auditor closes the paperwork, files detention and TONU claims, and processes PODs. Analyst learns your operation and makes the team better every week.

Every call is recorded, transcribed, and attached to the load. You direct. They execute.

Built by a family that has operated trucking companies for over 20 years. Live across the United States.

Start with $99 at https://tiriel.ai",https://tiriel.ai,https://www.ycombinator.com/companies/tiriel-ai,"San Francisco, CA, USA",20,B2B,B2B -> Supply Chain and Logistics,"B2B, Supply Chain and Logistics","Logistics, Supply Chain, Transportation, AI","United States of America, America / Canada, Remote, Partly Remote",Early,False,False,False,TrackChain,https://bookface-images.s3.amazonaws.com/small_logos/02c979d7bd320de3e4df49874d735e12bbfa9cdc.png,1627584758
24270,Enso,enso,Summer 2021,Active,Self-Service Data Prep and Blend Built for Data Teams.,"Enso Analytics is a self-service data prep and analysis platform for data teams. It transforms complex processes into repeatable workflows, saving users 7 hours weekly. With full configuration visibility, seamless environment transitions, and real-time updates, Enso caters to both non-programmers and developers, offering cloud and desktop options.

DEMO: https://www.youtube.com/watch?v=OBrYjpgCSEE",https://ensoanalytics.com,https://www.ycombinator.com/companies/enso,"Kraków, Lesser Poland Voivodeship, Poland; Remote",20,B2B,B2B -> Analytics,"B2B, Analytics","SaaS, Open Source","Poland, Europe, Remote, Fully Remote",Early,False,False,False,,https://bookface-images.s3.amazonaws.com/small_logos/b6759a6164c3fd0594119ff78b7d4a6206f80f1b.png,1624612167
24269,Monet,monet,Summer 2021,Active,Payroll-backed loans and cash advances in Latam,"Monet provides Instant cash-advances to employees in Latin America. We are a mobile app available to any employee with a recurring income and a bank account. 
",https://monet.com.co/,https://www.ycombinator.com/companies/monet,"Miami, FL, USA; Remote",42,Fintech,Fintech,Fintech,Fintech,"United States of America, America / Canada, Remote, Fully Remote",Early,False,False,False,,https://bookface-images.s3.amazonaws.com/small_logos/9022bb07e07eed25b12e81e3b1bc070e64b2e31b.png,1624636365
24268,testRigor,testrigor,Summer 2021,Active,Executable specifications in English for test automation,testRigor is an executable specifications engine to help companies to empower their manual QA to be able to build automation 15X than QA engineers and spend 200X less time maintaining the code.,https://testrigor.com,https://www.ycombinator.com/companies/testrigor,"San Francisco, CA, USA; Remote",25,B2B,"B2B -> Engineering, Product and Design","B2B, Engineering, Product and Design","Developer Tools, SaaS","United States of America, America / Canada, Remote, Fully Remote",Early,False,True,False,,https://bookface-images.s3.amazonaws.com/small_logos/320246972eefed6a269a40ed9fa38e5de40b066e.png,1629821348
24264,Glitzi,glitzi,Summer 2021,Active,"At-home spa, beauty & grooming services marketplace for LatAm","Glitzi provides at-home spa, beauty and grooming services for people in Latin America. We do this by connecting you to our network of high quality masseuses, manicurists and barbers. 
",https://glitzi.com.mx/,https://www.ycombinator.com/companies/glitzi,"Mexico City, CDMX, Mexico",33,Consumer,Consumer -> Home and Personal,"Consumer, Home and Personal","Marketplace, Beauty, Health & Wellness","Mexico, Latin America, Remote, Partly Remote",Early,False,False,False,,https://bookface-images.s3.amazonaws.com/small_logos/2d419c85c949faace04a92b0fd089c2c9b187156.png,1624226979
24260,Planet A Foods,planet-a-foods,Summer 2021,Active,Building the next generation food ingredient champion.,"Imagine a world without chocolate. Horrifying, right? But the supply of cocoa is endangered and chocolate is as bad as meat for our planet. 

We make future-proof chocolate using precision fermentation. Doing this, our chocolate is 10x more sustainable and 20% cheaper than conventional chocolate. In order to mimic the organoleptic properties of chocolate (tender, smoothly melting taste release) we are working on the flavor itself but also on replacing the cocoa butter. 

55 Mio lbs of chocolate are consumed every day. By 2035 we will substitute a big chunk of it through our sustainable chocolate. 

In addition, we are working on extending our technology platform to additional ingredients such as palm oil.
",https://planet-a-foods.com/,https://www.ycombinator.com/companies/planet-a-foods,"Munich, BY, Germany",6,Consumer,Consumer -> Food and Beverage,"Consumer, Food and Beverage","Climate, ClimateTech","Germany, Europe, Remote, Partly Remote",Early,False,False,False,"Next Chocolate, NxFoods, QOA, Planet A Foods",https://bookface-images.s3.amazonaws.com/small_logos/608e9db4dfe57e4ab7f438e28ecf324734151a7d.png,1624983961
24259,Warpfy,warpfy,Summer 2021,Active,"Building Shein of Home: tech-driven, design-mfr Home Lifestyle Brand","The Fine Living Company (Warpfy) is on a mission to revolutionize the $800B home and kitchen market, building a tech-enabled cross-border Home Lifestyle brand from India—think Shein for Home or Williams Sonoma. 
Our Design-to-Manufacture-to-Consumer model cuts out the middlemen, delivering high-quality products directly to consumers (D2C), through marketplaces, and via our proprietary B2B channel, The India Wholesale Company). 
With a fragmented market where 70% is dominated by single-store boutiques and online penetration is just 20%, Home and Kitchen segment is ripe for disruption. India’s share of products has been minimal due to 60%+ value inflation from intermediaries. We’re changing that.
Our full-stack approach: AI Copilot-driven product design, ERP for multi-channel distribution & manufacturer retention, and optimized supply chain—offers unparalleled speed & value.",https://warpfy.com/,https://www.ycombinator.com/companies/warpfy,"Singapore, Singapore",3,Consumer,Consumer -> Home and Personal,"Consumer, Home and Personal","Artificial Intelligence, Marketplace, E-commerce, Retail","Singapore, Southeast Asia, Remote, Partly Remote",Early,False,False,False,"Warpfy Global Limited, Warpfy Global Holding Pte Ltd",https://bookface-images.s3.amazonaws.com/small_logos/b97b1f31a11eb1f732cce610d1643f3a5aac345a.png,1628435238
24258,Enerjazz,enerjazz,Summer 2021,Active,Making electric vehicle batteries affordable ,Enerjazz is building a battery swapping network (like gasoline stations) for 2M+ commercial electric vehicles in India. We make batteries affordable for EV owners and enable them to earn 80% more. ,https://www.enerjazz.tech/,https://www.ycombinator.com/companies/enerjazz,"Delhi, DL, India",9,Industrials,Industrials -> Climate,"Industrials, Climate",Climate,"India, South Asia",Early,False,True,False,Enerjazz Technology Solutions Private Limited,https://bookface-images.s3.amazonaws.com/small_logos/01c24744d6258fd6efd2c9b5f35465ca85adc1e0.png,1628115488
24256,AI Tech Packs,ai-tech-packs,Summer 2021,Active,Build factory ready tech packs in minutes.,"AI Tech Packs is software that generates factory-ready techpacks in minutes for apparel design teams who currently spend 3-4 hours on each one. Our customers are brands, licensing companies, and manufacturers producing 200+ techpacks a month. We make their designers 3x more productive without new hires.",https://aitechpacks.com,https://www.ycombinator.com/companies/ai-tech-packs,"Los Angeles, CA, USA",2,B2B,B2B -> Supply Chain and Logistics,"B2B, Supply Chain and Logistics","SaaS, Manufacturing","United States of America, America / Canada",Early,False,False,False,Muse,https://bookface-images.s3.amazonaws.com/small_logos/6427a932886d345ee567b4d32212b20d32be6163.png,1625036819
24254,Okani,okani,Summer 2021,Active,Preventive healthcare app for Latam.,"Okani is a low-cost wellness membership for the 50M Mexicans that spend 25B on healthcare out of pocket. 

We become patients' first point of contact with the healthcare system by providing digital primary care through chat and an app, then orchestrate the delivery of secondary healthcare with physicians, labs, pharmacies and clinics. 

We're founded by a team of 3 engineers and a doctor with a masters in clinical care. Pepe previously sold a startup to Cabify and ran engineering with Romario for Nubank's first international market.
",https://www.okani.care,https://www.ycombinator.com/companies/okani,"Mexico City, CDMX, Mexico; Remote",3,Healthcare,Healthcare -> Consumer Health and Wellness,"Healthcare, Consumer Health and Wellness","Consumer Health Services, Primary Care","Mexico, Latin America, Remote, Fully Remote",Early,False,False,False,Tiketeo,https://bookface-images.s3.amazonaws.com/small_logos/cc52cf7f3eb1c4d49044220a5da337bf86014e6d.png,1629316995
24253,Pluggy,pluggy,Summer 2021,Active,Plaid for Brazil: we allow developers to access users' financial data ,"Pluggy is a B2B Fintech that allows any developer to connect to the data from their users' bank and broker accounts, essentially Plaid for Brazil. 

We are 100% focused in Brazil. One of the largest markets in the world. Its complexity, risks and challenges require its own solution.

Local focus and our deep experience in banking tech engineering allowed Pluggy to create a product that is considered by our customers as the only one to provide reliable data at the right time to market.

We currently cover 90% of the bank accounts in Brazil a market of more than 7 billion USD. 

We are Pluggy!",https://pluggy.ai,https://www.ycombinator.com/companies/pluggy,"São Paulo, SP, Brazil; Remote",31,B2B,"B2B -> Engineering, Product and Design","B2B, Engineering, Product and Design","Fintech, API","Brazil, Latin America, Remote, Fully Remote",Early,False,False,False,,https://bookface-images.s3.amazonaws.com/small_logos/3aa6cdb6e4514111f85524a950c06080c4af48cb.png,1627936785
24252,Govly,govly,Summer 2021,Active,The #1 Market Network for Government Contractors.,"🏛 Govly makes it easier to sell to the government

We...

🗄 Centralize government opportunities
Govly starts out with sam.gov opportunities then allows you to ingest any other contract feed.

You can create targeted searches to find what you're looking and get notified immediately when a new opportunity matches any of your saved searches.

🤝 Facilitate internal and external collaboration
You can easily track what you're working on and see what your team is working on.

You can also partner with other organizations in the Govly network to securely share data back and forth and collaborate on bids.

🤖 Automate repetitive tasks 
You can automate repetitive task related to specific contracting workflows saving users an average of 10 hours per week.

📊 Provide market analytics
You can use our advanced searching alongside our analytics dashboard to identify trends and new business opportunities.",https://www.govly.com/,https://www.ycombinator.com/companies/govly,"San Francisco, CA, USA; Remote",30,Government,Government,Government,"SaaS, GovTech","United States of America, America / Canada, Remote, Fully Remote",Growth,False,True,False,"Govly, Inc",https://bookface-images.s3.amazonaws.com/small_logos/35482e0653956530895b8090e21909de87f8dc7b.png,1625759878
24251,Pideaky,pideaky,Summer 2021,Active,We help offline LatAm SMBs manage and accelerate their cash-flow ,"Pideaky helps offline LatAm SMBs manage and accelerate their cash flow through AI collection agents, which remind, collect, and negotiate bills on behalf of SMBS in Latam.
We focus on the massively underserved $70B/year customer segment as our wedge — Mexican corner shops and corner shop providers:",https://pideaky.com/en/,https://www.ycombinator.com/companies/pideaky,"Monterrey, N.L., Mexico",3,Fintech,Fintech -> Payments,"Fintech, Payments",Fintech,"Mexico, Latin America, Remote, Partly Remote",Early,False,False,False,ORCA Wireless S.A.P.I,https://bookface-images.s3.amazonaws.com/small_logos/ea6a449b48ce7b708258491acd97425dd01da55b.png,1624598152
24248,Monto,monto,Summer 2021,Active,Salary on-demand platform for Latin America,Through our platform employees of our affiliated companies can access their earned wages on-demand for a low fixed fee. ,https://www.monto.mx/,https://www.ycombinator.com/companies/monto,"Monterrey, N.L., Mexico; Remote",13,Fintech,Fintech,Fintech,"Fintech, B2B","Mexico, Latin America, Remote, Fully Remote",Early,False,False,False,,https://bookface-images.s3.amazonaws.com/small_logos/bcda4e271f62bbf00e0a61745ccf05e0607091c2.png,1626359083
24244,Bree,bree,Summer 2021,Active,"Chime for Canada, starting with cash advances","Bree is building a challenger bank for the 11 million Canadians living paycheck to paycheck, starting with interest-free cash advances. We make money through tips and an optional, same-day express fee. By solving our customers' most urgent problem—illiquidity between paychecks —our cash advance business is a cheap, but profitable and repeatable hook that builds distribution for a broader challenger bank. This represents a $9 billion revenue opportunity in Canada.",https://www.trybree.com/,https://www.ycombinator.com/companies/bree,"Vancouver, BC, Canada",2,Fintech,Fintech -> Consumer Finance,"Fintech, Consumer Finance",Fintech,"Canada, America / Canada, Remote, Partly Remote",Early,False,True,False,,https://bookface-images.s3.amazonaws.com/small_logos/e2b8508bb1fae945934f1e926c40a84cd261322b.png,1626365097
24243,Repool,repool,Summer 2021,Active,Modernizing hedge fund back office software and services.,"Repool makes it easy to launch and operate private funds, like Carta or Juniper for hedge funds. We build modern back office software and services to modernize and simplify launch, fund administration, and LP onboarding.",http://repool.com,https://www.ycombinator.com/companies/repool,"New York City, NY, USA; New York, NY, USA",11,Fintech,Fintech -> Asset Management,"Fintech, Asset Management","Fintech, SaaS","United States of America, America / Canada, Remote, Partly Remote",Early,False,True,False,,https://bookface-images.s3.amazonaws.com/small_logos/0618fec03dde578a0b8fe023171828a11dd7a3e1.png,1626706432
24230,Onebrief,onebrief,Summer 2021,Active,Onebrief makes military headquarters run seamlessly,"Virtually everything in the military requires a plan—from everyday operations to war-time missions. With a rigorous process, many stakeholders, and rudimentary software (PowerPoint!!), planning is very slow. 

Onebrief is a collaborative software designed to make military planning fast. It turns every input into reusable building blocks and automatically keeps all planning artifacts in sync.",https://onebrief.com,https://www.ycombinator.com/companies/onebrief,"Honolulu, HI, USA; Remote",200,B2B,B2B,B2B,"SaaS, GovTech, Defense","United States of America, America / Canada, Remote, Fully Remote",Growth,False,False,False,,https://bookface-images.s3.amazonaws.com/small_logos/a9dd01a9d8456816adc08efdeb71d76abc637e45.png,1625705274
24229,AlgoViral,algoviral,Summer 2021,Active,We help high-growth startups go viral on autopilot,"Go viral. Grow fast.

We help high-growth startups go viral on autopilot.

We run your entire social growth loop end-to-end. We create, publish, and manage organic content at scale, then turn the winners into high-performing ads.

We are not a creative agency. We are your growth engine: AI-native, data-driven, built to compound.",https://algoviral.com,https://www.ycombinator.com/companies/algoviral,"London, England, United Kingdom",5,B2B,B2B -> Marketing,"B2B, Marketing",,"United Kingdom, Europe, Remote, Partly Remote",Early,False,False,False,Iona Mind,https://bookface-images.s3.amazonaws.com/small_logos/c89a1b74299d9bd4228adb7af4abbf4232c67550.png,1624439784
24206,Hyperbrowser,hyperbrowser,Summer 2021,Active,Web infra for AI agents,"Hyperbrowser.ai is the internet infrastructure for AI agents. We provide instant, scalable browser infra with built-in CAPTCHA solving, proxy management, and anti-bot detection. 

Developers use us to power their AI agents for data collection, testing, and web automation at scale. We're backed by YC, Accel, SV Angel, and others.",https://hyperbrowser.ai,https://www.ycombinator.com/companies/hyperbrowser,"San Francisco, CA, USA",4,B2B,B2B -> Security,"B2B, Security","Developer Tools, B2B, AI","United States of America, America / Canada, Remote, Partly Remote",Early,False,True,False,"Supernote, MetricFlow, Metlo",https://bookface-images.s3.amazonaws.com/small_logos/f3b213c6492ebfd585bec4644b94f381db09e0e4.png,1628188883
24205,Jovian,jovian,Summer 2021,Active,Online University for Tech Professionals,"Jovian is an online university for software development and data science. We offer practical and industry-focused programs that help professionals learn technical skills, build real-world projects, and advance their careers.

Students learn practical skills, build real-world portfolio projects, and undergo job readiness training. Our tutors offer 24x7 guidance & mentorship over Slack & Zoom. Students also get access to jobs with 200+ hiring partners.",https://www.jovian.com,https://www.ycombinator.com/companies/jovian,"San Francisco, CA, USA; Remote",,Education,Education,Education,"AI-Enhanced Learning, Developer Tools, Education, Machine Learning","United States of America, America / Canada, Remote, Fully Remote",Early,False,False,False,,https://bookface-images.s3.amazonaws.com/small_logos/d6f4074567727ce4d14de635e6debbbdc71b55f5.png,1625134988
24204,Sentiyen,sentiyen,Summer 2021,Active,Conversational AI assistants using your knowledge,"At Sentiyen, we build GPT-based AI assistants that are trained on your content and enable your audience to get the answers they need 24 hours a day. We allow creators and businesses scale themselves to unlimited 1:1 conversations with potential customers, which helps increase revenue, reduce spend, and improve customer satisfaction.",https://www.sentiyen.com,https://www.ycombinator.com/companies/sentiyen,"San Francisco, CA, USA; Remote",2,B2B,B2B -> Marketing,"B2B, Marketing","AI-Enhanced Learning, Artificial Intelligence, AI Assistant","United States of America, America / Canada, Remote, Fully Remote",Early,False,False,False,"Square Footage, Playhouse",https://bookface-images.s3.amazonaws.com/small_logos/54fcea139a9d7c9494674f85182d9335de99d1c4.png,1628001979
24203,Redbean,redbean,Summer 2021,Active,Make games and stories with AI,,https://redbean.ai,https://www.ycombinator.com/companies/redbean,"Singapore, Singapore; Remote",6,Consumer,Consumer,Consumer,"Entertainment, AI","Singapore, Southeast Asia, Remote, Fully Remote",Early,False,False,False,"Noizi, Tinai, DanteHQ, Dreamerly",https://bookface-images.s3.amazonaws.com/small_logos/af7dbb00e7423a78435361e27ab1abe31e612d5e.png,1627870829
24199,Rinse,rinse,Summer 2021,Active,We're building the One Medical for dental,"Rinse is building the One Medical for dental. Beautiful studios, easy to book same day appointments, and anxiety-free care focused on prevention, not the upsell.",http://www.rinse.dental,https://www.ycombinator.com/companies/rinse,"San Francisco, CA, USA",6,Healthcare,Healthcare -> Consumer Health and Wellness,"Healthcare, Consumer Health and Wellness","Consumer Health Services, Digital Health, Telemedicine, Primary Care","United States of America, America / Canada, Remote, Partly Remote",Early,False,True,False,,https://bookface-images.s3.amazonaws.com/small_logos/97480b5327f1fecbd87a4e75f95bab9e8c810feb.png,1626364527
24198,SalaryBox,salarybox,Summer 2021,Active,Gusto for India,"Salarybox is a payroll app for small businesses in India. There are 63 Million small businesses in India and 90% still manage payroll manually. Today, business owners manage attendance on pen-paper; calculate salary on excel and pay employees in cash.

Using our App, the entire process can be performed with the click of a button. Our app reduces the time taken to process payroll from 5 days to 5 minutes. 

We use Payroll data to build a credit profile of 300 Million+ blue-collar workers and improve access to financial products.
",https://salarybox.in/,https://www.ycombinator.com/companies/salarybox,"Gurugram, HR, India",40,B2B,B2B -> Human Resources,"B2B, Human Resources","Artificial Intelligence, SaaS, B2B","India, South Asia",Early,False,True,False,"SalaryBox (Registered Name- Cresce Innovation Private Limited), SalaryBox, SalaryBox (by Titanmind)",https://bookface-images.s3.amazonaws.com/small_logos/bfea3ef1c729dbc6ec5526da896c404d28fa550f.png,1624478471
24194,Aqua,aqua,Summer 2021,Active,The AI-Native Turnkey Alternative Investment Platform (TAIP),One platform to put your alternative assets on autopilot. ,https://www.investwithaqua.com,https://www.ycombinator.com/companies/aqua,"New York City, NY, USA",34,Fintech,Fintech,Fintech,"Fintech, Finance, Investing, Investments","United States of America, America / Canada, Remote, Partly Remote",Early,False,True,False,,https://bookface-images.s3.amazonaws.com/small_logos/55790b66a55aee54f67a7eb5bdc7202fe373d753.png,1629758458
24192,Kaya,kaya,Summer 2021,Active,"Marketing agency for startups: 10x cheaper, better and faster","Kaya is on a mission to help businesses achieve rapid growth through digital advertising. With our cutting-edge technology and experienced marketers, we deliver ad campaigns 10x cheaper, better and faster than traditional agencies. In less than a year, we’ve helped 120+ businesses achieve multiple fold growth on their ad campaigns, without the steep fees typically associated with high-quality marketing services.

Check out what some of our customers have to say here: usekaya.com/reviews",https://www.usekaya.com/,https://www.ycombinator.com/companies/kaya,"Kuala Lumpur, Federal Territory of Kuala Lumpur, Malaysia; Remote",12,B2B,B2B -> Marketing,"B2B, Marketing","SaaS, B2B, Analytics, Marketing, AI","Malaysia, Southeast Asia, Remote, Fully Remote",Early,False,False,False,Noya Services,https://bookface-images.s3.amazonaws.com/small_logos/49d23ad85cfad5340e0dde3d661cd1903f74ac16.png,1652823880
24191,Secoda,secoda,Summer 2021,Active,Secoda is the AI layer for your Analytics,"We believe that finding the right data shouldn’t require a technical background or hours of digging. That’s why Secoda applies AI to transform messy, siloed analytics into a searchable, intuitive knowledge layer—so every question gets a fast, useful answer.

Our vision is to become the AI search engine for your company’s analytics, making data discovery as seamless as finding a website on Google. To do that, Secoda gets data AI-ready by unifying governance, cataloging, observability, and lineage into one trusted, easy-to-use platform—empowering every team to move faster, stay compliant, and make smarter decisions.",https://secoda.co,https://www.ycombinator.com/companies/secoda,"Toronto, ON, Canada",27,B2B,B2B -> Analytics,"B2B, Analytics","Artificial Intelligence, SaaS, B2B, Analytics, Data Engineering","Canada, America / Canada, Remote, Partly Remote",Growth,False,False,False,,https://bookface-images.s3.amazonaws.com/small_logos/4b049a52be34bb701fef7828f1cea14c3624e5f6.png,1626792128
24190,Locale,locale,Summer 2021,Active,"Organic and gourmet high-protein meals, designed for longevity.","We create organic high-protein meals with high standards, backed by leading longevity research.

Our standards:
- 40-60g protein per meal
- Nutrient-dense meat (grass-fed, pasture-raised, wild-caught)
- No seed oils (cooked in extra virgin olive oil)
- 8g+ fiber per meal
- Organic, pesticide-free produce
- No processed ingredients. No refined sugars
- Microplastic-free, reusable glass jars
- High in Anti-inflammatories, and Omega-3s

Since starting in 2020, we’ve delivered 100K+ orders and are backed by a16z, Y-Combinator, Goodwater, Decent Capital, and other top investors.",https://www.shoplocale.com,https://www.ycombinator.com/companies/locale,"San Francisco, CA, USA",11,Consumer,Consumer -> Food and Beverage,"Consumer, Food and Beverage","Grocery, Marketplace, Delivery, Food","United States of America, America / Canada, Remote, Partly Remote",Early,False,False,False,,https://bookface-images.s3.amazonaws.com/small_logos/05ced72ca392bd785c6f2b3edcb5078827dac50f.png,1626367236
24188,Pirouette Pharma,pirouette-pharma,Summer 2021,Active,We make injections as easy as pushing a button!,"At Pirouette, we have developed a low-profile, disk-shaped, rugged injection device with a patient-centric focus on affordability, portability, and usability. The patented device, based on extensive patient input, is designed to make administering an injection as easy as pushing a button. This allows individuals with limited or no training to easily and intuitively perform an injection on themselves or others.",https://www.pirouettepharma.com/,https://www.ycombinator.com/companies/pirouette-pharma,"Boston, MA, USA",9,Healthcare,Healthcare -> Drug Discovery and Delivery,"Healthcare, Drug Discovery and Delivery","Health Tech, Medical Devices, Biotech, Healthcare","United States of America, America / Canada, Remote, Partly Remote",Growth,False,True,False,"Pirouette Medical, LLC., Pirouette Medical",https://bookface-images.s3.amazonaws.com/small_logos/6d5c45afdf23c42aacf00d8b2a17adc32893a852.png,1624370517
24181,Kodex,kodex,Summer 2021,Active,Easiest way for companies to process data requests from governments,"Kodex makes it easy for companies to process, and respond to, subpoenas from governments around the world. Agencies, like the FBI, subpoena user data from customers like Coinbase, and thousands of other companies - without Kodex, companies largely rely on email, fax, and spreadsheets to manage them.

Kodex is a SaaS tool that helps private sector companies manage relationships, workflows, and secure file transfer with government agencies who are seeking confidential information on a company's users. We streamline compliance operations, protect the privacy of their users, reduce error, and validate the legitimacy of government agents who are requesting information.",https://www.kodexglobal.com,https://www.ycombinator.com/companies/kodex,"Boston, MA, USA; Remote",30,B2B,B2B -> Legal,"B2B, Legal","GovTech, Compliance, LegalTech, Regtech","United States of America, America / Canada, Remote, Fully Remote",Growth,False,True,False,,https://bookface-images.s3.amazonaws.com/small_logos/3663c3ac728bfa42632af932ea3bfd56b28a9239.png,1624913669
24180,Verihubs,verihubs,Summer 2021,Active,AI-powered Deepfake Detection,"Verihubs is an Indonesian AI-powered verification company. We have helped more than 300 companies ranging from digital disruptors to Fortune 500 companies in Southeast Asia. Ranked #1 in Indonesia by the National Institute of Standards and Technology (NIST) in terms of performance and accuracy, our AI-based face recognition (FR) technology became a staple in fraud prevention in this new era of digital acceleration. Our solutions have been trusted by BCA—the largest private bank in Indonesia, IFG (one of the largest state-owned insurance), Commonwealth Bank, Maybank, Bukalapak, FAZZ, Ministry of Finance, and many other industry leaders.

The pandemic has accelerated the digital development and adoption of products, services, and processes by 4-7 years according to recent studies. However, the verification solutions and related data to meet these digital needs are still so behind the ideal mark. We at Verihubs are on a mission to build an all-inclusive automated and instant verification platform for Indonesia.",https://verihubs.com,https://www.ycombinator.com/companies/verihubs,"Jakarta, Jakarta, Indonesia",63,B2B,"B2B -> Engineering, Product and Design","B2B, Engineering, Product and Design","Artificial Intelligence, SaaS, B2B","Indonesia, Southeast Asia, Remote, Partly Remote",Growth,False,False,False,,https://bookface-images.s3.amazonaws.com/small_logos/6cd1bdfd7d2437eb0039877d56e28ab3c08383b4.png,1627366296
24177,HyperTrader,hypertrader,Summer 2021,Active,The Trading Terminal For Crypto Traders,"Unlock your trading superpowers wtih HyperTrader. As traders, we reimagined the ultimate trading experience for you. HyperTrader is fast, efficient, accurate, and secure.

✔️ Streamline your workflow with fewer clicks.

✔️ Speed up your trading with fast execution.

✔️ Stay informed with real-time position updates.

✔️ Trade safe with secure encryption.",https://gethypertrader.com,https://www.ycombinator.com/companies/hypertrader,"Austin, TX, USA; Remote",10,Fintech,Fintech,Fintech,"Fintech, SaaS, Crypto / Web3, Investing","United States of America, America / Canada, Remote, Fully Remote",Early,False,False,False,"HyperLinq Inc., HyperLinq, HyperTrader (formerly HyperLinq)",https://bookface-images.s3.amazonaws.com/small_logos/fed32ab70a12bd36d21cdf1279b175682454ee3c.png,1626101759
24170,Awesomic,awesomic,Summer 2021,Active,Get matched with top 1% of talents in 24h,"Awesomic matches companies with top & vetted product talents in 24 hours. Find your designers, engineers or no-coders in a few clicks. They deliver you results through our app, every 24 business hours guaranteed, for a flat monthly subscription.

Successfully matched 4000+ companies, including 400+ YC startups, with their talents who completed over 14 000 projects in the app.

Book a live demo here: https://www.awesomic.com/demo

Portfolio – https://www.awesomic.com/portfolio
Cases – https://www.awesomic.com/case-study",https://www.awesomic.com/?ref=yc,https://www.ycombinator.com/companies/awesomic,"San Francisco, CA, USA",150,B2B,B2B,B2B,"Marketplace, B2B, Recruiting, Design, Web Development","United States of America, America / Canada, Remote, Partly Remote",Early,False,False,False,,https://bookface-images.s3.amazonaws.com/small_logos/3df41e95b21b858234bdd7c1642528cb976227cc.png,1627535710
24169,Fitia,fitia,Summer 2021,Active,Automated Meal Planner & Nutrition Tracking,"Fitia is an AI meal planning and calorie counter app. Our users receive personalized weight loss or muscle gain plans that adapt based on their data, progress, and preferred foods.",https://fitia.app/,https://www.ycombinator.com/companies/fitia,"Lima, Lima Province, Peru",26,Healthcare,Healthcare -> Consumer Health and Wellness,"Healthcare, Consumer Health and Wellness","Consumer, Fitness, Health & Wellness","Peru, Latin America, Remote, Partly Remote",Growth,False,False,False,,https://bookface-images.s3.amazonaws.com/small_logos/77e4ff26717800cc51c7e5dcfd1b96a937b1b8b8.png,1625153674
24168,trii,trii,Summer 2021,Active,One stop investment solution for retail investors in Latam,"trii is a one stop solution that provides a local investing experience for retail investors in Latam. This setup, enhances the user's experience by providing a more secure and faster experience while remaining 100% compliant with local regulators. ",https://trii.co,https://www.ycombinator.com/companies/trii,"Miami, FL, USA",41,Fintech,Fintech -> Banking and Exchange,"Fintech, Banking and Exchange",Fintech,"United States of America, America / Canada, Remote, Partly Remote",Growth,False,False,False,,https://bookface-images.s3.amazonaws.com/small_logos/3ea1172de26f49fc99e9067a628878010268cd4e.png,1625072315
24166,SafeBeat,safebeat,Summer 2021,Active,Guiding cardiac therapeutics - all from your phone,,https://safebeat.com,https://www.ycombinator.com/companies/safebeat,"San Francisco, CA, USA",9,Healthcare,Healthcare -> Medical Devices,"Healthcare, Medical Devices","AI-Enhanced Learning, Medical Devices, Digital Health, Therapeutics","United States of America, America / Canada, Remote, Partly Remote",Early,False,True,False,"SafeBeat Rx LLC, SafeBeat Rx",https://bookface-images.s3.amazonaws.com/small_logos/acc0e68099b17b27bc8291119107847bd622a646.png,1627411095
24165,Brite,brite,Summer 2021,Active,Software that helps employees pick their employee benefits.,"Brite is disrupting the employee benefits education space by building a platform that allows employee benefits brokerages to build digital benefit guides that drive employees to enroll in the right plans and understand their benefits better. To those who are in the industry...we are the ""Employee Navigator"" of benefits education software.",https://britebenefits.com/,https://www.ycombinator.com/companies/brite,"Salt Lake City, UT, USA",15,B2B,B2B -> Human Resources,"B2B, Human Resources","SaaS, HR Tech","United States of America, America / Canada, Remote, Partly Remote",Growth,False,False,False,BriteHR,https://bookface-images.s3.amazonaws.com/small_logos/396df8b615efb145166e71f986645ec788d1d655.png,1624982755
24164,Ivy Homes,ivy-homes,Summer 2021,Active,We make instant offers to buy homes in India,"Selling a home is a super stressful affair due to the uncertainties involved. We help smoothen that process by guaranteeing a fair price and offering that value upfront for the seller. We’ve built up an information system that captures the details of all real estate transactions.
We’ve further developed a pricing model on top of it that helps determine the value of a home. We use this to offer liquidity to the seller by making an instant offer to purchase their house. We then refurb the property as necessary and further sell through our channel partners. ",https://ivy.homes,https://www.ycombinator.com/companies/ivy-homes,"Bengaluru, KA, India",80,Real Estate and Construction,Real Estate and Construction -> Housing and Real Estate,"Real Estate and Construction, Housing and Real Estate",Proptech,"India, South Asia",Early,False,False,False,,https://bookface-images.s3.amazonaws.com/small_logos/f51dc2b307e3d50d35264d05b53bf776e1a2bdb8.png,1628006603
24162,Konta.com,konta-com,Summer 2021,Active,Turbotax for México and LATAM,Konta.com is a tax filing and accounting platform for small businesses in México.,http://konta.com/,https://www.ycombinator.com/companies/konta-com,"Monterrey, N.L., Mexico",35,B2B,B2B -> Finance and Accounting,"B2B, Finance and Accounting","Artificial Intelligence, Fintech, SaaS","Mexico, Latin America, Remote, Partly Remote",Early,False,False,False,"Buho Contable, Búho Contable, Konta",https://bookface-images.s3.amazonaws.com/small_logos/622d1a1575c6b2aa9e5581889aff53e6bd867289.png,1627574162
24161,Tavus,tavus,Summer 2021,Active,Building the human layer of AI,"At Tavus, we're building the human layer of AI. Our mission is to make human-AI interaction as natural as face-to-face interaction, enabling the human touch where it has been previously unscalable. We achieve this through pioneering research in multi-modal AI models for human perception and understanding, combined with state-of-the-art human avatar rendering and conversation models that we make accessible to developers worldwide. Our models and APIs power everything from text-to-video AI avatars to real-time conversational video experiences across industries like healthcare, recruiting, sales, education, and more. By enabling AI to see, hear, and communicate with human-like authenticity, we're creating the foundation for developers to create the next generation of AI employees, assistants, and companions.",https://www.tavus.io,https://www.ycombinator.com/companies/tavus,"San Francisco, CA, USA",75,B2B,B2B,B2B,"Artificial Intelligence, Generative AI, B2B, Video, Infrastructure","United States of America, America / Canada, Remote, Partly Remote",Growth,False,True,False,,https://bookface-images.s3.amazonaws.com/small_logos/6ec34501cca11c6da0cb968806ccdc60d66356e3.png,1625678589
24160,Zen,posturehealth-inc,Summer 2021,Active,Posture correction software,,https://lnkd.in/dgH2xxBJ,https://www.ycombinator.com/companies/posturehealth-inc,"New York City, NY, USA",,Healthcare,Healthcare -> Consumer Health and Wellness,"Healthcare, Consumer Health and Wellness","Consumer Health Services, Digital Health","United States of America, America / Canada",Early,False,True,False,"PostureHealth, Inc., PostureHealth",https://bookface-images.s3.amazonaws.com/small_logos/003dcbe53094f2d0fda80027940aa606bcef628a.png,1627924969
24158,Forage,forage-2,Summer 2021,Active,Payments infrastructure for government benefits,"Forage is a mission-driven payments company that helps businesses accept government benefits through a single, unified API. Today, over 42 million Americans receive government assistance (ex: Supplemental Nutrition Assistance Program, or SNAP) to buy groceries. Starting with enabling EBT SNAP online, Forage builds the financial infrastructure empowering businesses to serve these shoppers online.",http://www.joinforage.com,https://www.ycombinator.com/companies/forage-2,"San Diego, CA, USA",66,Fintech,Fintech -> Payments,"Fintech, Payments","Fintech, GovTech, Payments","United States of America, America / Canada, Remote, Partly Remote",Early,False,True,False,,https://bookface-images.s3.amazonaws.com/small_logos/23991b3eac1d06368b01c2f9ce5b893ba315f039.png,1624983119
24153,Dailybot,dailybot,Summer 2021,Active,Make all team work visible — people and AI agents,"Dailybot is the coordination platform for software teams where people and AI agents work side by side.

As engineering teams increasingly operate alongside multiple AI agents — coding agents, incident responders, research assistants — the gap between what's being worked on and what the team can actually see has become a critical problem. Dailybot closes that gap.

Teams use Dailybot to run async standups, check-ins, retros, and custom workflows directly inside Slack, Microsoft Teams, Google Chat, and Discord. In Dailybot 3, those capabilities now extend to AI agents: every agent can report progress, surface blockers, and be monitored in a dedicated observability layer — all attributed to the humans who delegated the work.

The platform combines four capabilities: structured check-ins and forms in chat, AI-powered summaries and blocker detection, no-code workflow automation, and agent infrastructure (API, CLI, open-source skill pack, fleet monitoring). Leaders get a proactive view of what people and agents accomplished together — without adding meetings or dashboards to check.

Dailybot is SOC 2 and GDPR compliant, backed by Y Combinator (S21), and trusted by teams at IBM, Samsung, Pixar, and 8,000+ teams worldwide.",https://www.dailybot.com/,https://www.ycombinator.com/companies/dailybot,"Remote, OR, USA; Remote",11,B2B,B2B -> Productivity,"B2B, Productivity","Artificial Intelligence, Developer Tools, SaaS, Collaboration, AI Assistant","United States of America, America / Canada, Remote, Fully Remote",Early,False,False,False,DailyBot,https://bookface-images.s3.amazonaws.com/small_logos/f727e5abc1675504008ed497195c21034c360412.png,1625092395
24152,RendaloMaq,rendalomaq,Summer 2021,Active,Tech-powered equipment rentals in Latam.,"RendaloMaq is the main tech-powered equipment rental company in Latin America. Leveraging our core tech ROS® (Rendalo Operating System), we simplify and accelerate equipment access for the construction and mining industries. Fleet management and equipment rentals under control. Our mission is to drive productivity through technological innovation while delivering reliable, world-class service.",https://www.rendalomaq.com/,https://www.ycombinator.com/companies/rendalomaq,"Santiago, Santiago Metropolitan Region, Chile",25,Real Estate and Construction,Real Estate and Construction -> Construction,"Real Estate and Construction, Construction","Construction, B2B","Chile, Latin America, Remote, Partly Remote",Early,False,False,False,Rendalo Maq,https://bookface-images.s3.amazonaws.com/small_logos/2e1132846650d921dfe536d983a9835025e5f35b.png,1624368629
24151,Lago,lago,Summer 2021,Active,The AI Native Billing Platform,"At Lago, we're on a mission to make billing simpler, more transparent, and more adaptable for SaaS companies.

As the leading open-source billing platform, we empower businesses to build flexible pricing models and scale with confidence. We've raised over $22 million in funding from top-tier investors including Y Combinator and FirstMark, reflecting strong confidence in our vision and growth.

Our platform has garnered over 9,000 stars on GitHub, a testament to our active and growing developer community. Companies such as PayPal, Synthesia and Mistral.ai choose Lago for their billing.

We're a team of ambitious, focused individuals who work together to solve hard problems with excellence and accountability. At Lago, we value reliability and proactivity - we trust each other to own tasks, drive them to completion, and adapt quickly. While we encourage you to try fast and ""fail fast"", we also expect you to learn fast: make mistakes, but don't make the same one twice.

If you're excited by challenges and want to grow alongside a high-performing, supportive team, this is the place for you.",https://www.getlago.com/,https://www.ycombinator.com/companies/lago,"San Francisco, CA, USA",45,B2B,B2B -> Finance and Accounting,"B2B, Finance and Accounting","FinOps, Fintech, SaaS, Open Source, Billing","United States of America, America / Canada, Remote, Partly Remote",Growth,False,True,False,,https://bookface-images.s3.amazonaws.com/small_logos/29939f1cfbd3fe315d3ded8f43c33775de6b9c89.png,1629092704
24150,Hypercore,hypercore,Summer 2021,Active,Loan management software for private lenders,"Hypercore is a loan management software for small lenders. We help lenders automate workflows and provide them with real-time analytics and KPIs on their portfolios.
Since June we are running paid pilots ($3.5K MRR), 1 LOI ($1.5K MRR). The founding team met while serving together as officers in technological units in the Israeli Defence Forces. We then established together a software development company specialized in fintech projects such as e-wallets and open-banking projects. That’s where we discovered how archaic are the tools lenders use that are ready for disruption.
Hypercore is building the tools for private lenders who currently do everything in Excel, culminating in a 'Nasdaq of private loan books' - utilizing the platform to securitize loan books.",https://www.hypercore.ai/,https://www.ycombinator.com/companies/hypercore,"Tel Aviv-Yafo, Tel Aviv District, Israel",7,Fintech,Fintech -> Credit and Lending,"Fintech, Credit and Lending","Fintech, SaaS, B2B","Israel, Middle East and North Africa, Remote, Partly Remote",Early,False,False,False,,https://bookface-images.s3.amazonaws.com/small_logos/b990f248fafbfb15158a00efa981170b5e2bad41.png,1628254783
24149,Union54,union54,Summer 2021,Active,"Developers of ChitChat, an integrated messaging and payments wallet…","ChitChat by Union54 is an integrated messaging and payments platform designed specifically for Africa's unique needs.

Our app combines secure instant messaging with USD card capabilities and cross-border payments, making international money movement more accessible and affordable.

We're tackling one of Africa's biggest financial challenges: the high cost of sending money across borders, where African senders often pay double the fees despite sending smaller amounts.

As a Y Combinator-backed startup, we're building technology that empowers African consumers and businesses to participate more fully in the global digital economy.

Our mission is to create financial products that genuinely serve customer needs while challenging the status quo of traditional remittance providers.",https://union54.com,https://www.ycombinator.com/companies/union54,"Lusaka, Lusaka Province, Zambia; Remote",17,Fintech,Fintech,Fintech,"FinOps, Fintech, Consumer, B2B, Messaging","Zambia, Africa, Remote, Fully Remote",Early,False,False,False,,https://bookface-images.s3.amazonaws.com/small_logos/4c0dfe6ae2ac625f60016dfdeb272a9158130e0f.png,1628234333
24148,StudyStream,studystream,Summer 2021,Active,24/7 video platform & online community for students to study together,"StudyStream is a video platform & online community that allows students to study with others from around the world 24/7 and in real time. It brings accountability & motivation to the students from over 180 countries who study with us daily.  

We have helped over 3 million students be more productive & motivated, while also feeling less isolated. Our mission is to create a global community of students who can motivate each other to succeed.",https://studystream.live,https://www.ycombinator.com/companies/studystream,"London, England, United Kingdom; Remote",8,Education,Education,Education,Education,"United Kingdom, Europe, Remote, Fully Remote",Early,False,False,False,,https://bookface-images.s3.amazonaws.com/small_logos/7f5c63b70f2d36f4b0f1295ba2cdcbdba2a05439.png,1627556257
24143,InstaKin,instakin,Summer 2021,Active,Financial Platform for Migrant Families in America,,https://instakin.com/,https://www.ycombinator.com/companies/instakin,"Houston, TX, USA; Boston, MA, USA; Remote",15,Fintech,Fintech -> Consumer Finance,"Fintech, Consumer Finance","Fintech, Consumer, Neobank","United States of America, America / Canada, Remote, Fully Remote",Early,False,False,False,,https://bookface-images.s3.amazonaws.com/small_logos/adf4f090a820906f30e301a39fb86de71cc10ead.png,1624984084
24142,SnapCalorie,snapcalorie,Summer 2021,Active,Single photo nutrition tracking.,"SnapCalorie is the world’s first app where you can take a photo of ANY meal and get an accurate calorie count.  It takes seconds to use and is more accurate than a trained nutritionist. The team previously co-founded Google Lens, Cloud Vision API, and published a CVPR paper demonstrating the first algorithm to outperform a professional nutritionist at calorie counting.",https://www.snapcalorie.com/,https://www.ycombinator.com/companies/snapcalorie,"New York City, NY, USA; Washington, DC, USA",5,Consumer,Consumer,Consumer,"Computer Vision, Fitness, AI","United States of America, America / Canada, Remote, Partly Remote",Early,False,False,False,CalorieSnap,https://bookface-images.s3.amazonaws.com/small_logos/8fb8d3ff1ae8ec164dd664632cc42c03b043c549.png,1627329794
24141,Anakin,anakin,Summer 2021,Active,One API to get clean data from any website for your AI agents at scale,"Anakin is building web data infrastructure for AI agents and data teams. We help them get clean, structured and deterministic data from any website with one API call, at up to 10,000x lower cost than driving a browser.

We do that by collecting data and turning websites into documented, self-healing APIs that adapt when sites change. Our engine automatically delivers real-time data from thousands of websites and apps, including the world's hardest, across 100+ countries.",https://anakin.io,https://www.ycombinator.com/companies/anakin,"Austin, TX, USA",70,B2B,B2B -> Analytics,"B2B, Analytics","Artificial Intelligence, Developer Tools, API","United States of America, America / Canada, Remote, Partly Remote",Early,False,False,False,,https://bookface-images.s3.amazonaws.com/small_logos/02c14cb72f132c0009e52ca2645a3fb3851846ce.png,1625292827
24140,Bite Ninja,bite-ninja,Summer 2021,Active,Remote labor for restaurants,Our platform enables fast food and quick service restaurant workers to take orders and payments remotely,http://www.biteninja.com,https://www.ycombinator.com/companies/bite-ninja,"Memphis, TN, USA",20,B2B,B2B,B2B,"Artificial Intelligence, Food Service Robots & Machines, SaaS","United States of America, America / Canada, Remote, Partly Remote",Early,False,False,False,,https://bookface-images.s3.amazonaws.com/small_logos/659f1a3a0883d433bcf27880b43e945ecb4b431a.png,1627065346
24139,REPROSENT,reprosent,Summer 2021,Active,Activating an overlooked force in medicine - the patient.,"REPROSENT is a patient-driven care system that harnesses patients' time to relieve overburdened medical teams. With an app that elevates the role of both patients and their loved ones, REPROSENT helps patients stay on track, capture previously untapped data about their lived experience, and receive timely triage that improves their health outcomes. By making crucial patient information actionable, REPROSENT enables doctors to focus their time on personalized treatment, transforming the way medical care is provided.",http://www.reprosent.com,https://www.ycombinator.com/companies/reprosent,"San Francisco, CA, USA; Los Gatos, CA, USA; Remote",4,Healthcare,Healthcare,Healthcare,"Biometrics, Consumer Health Services, Digital Health, Healthcare, Oncology","United States of America, America / Canada, Remote, Fully Remote",Early,False,False,False,Reprosent,https://bookface-images.s3.amazonaws.com/small_logos/70401adb14eed7e643c2ec631d7664fd02af2167.png,1627687580
24138,Epinoma,epinoma,Summer 2021,Active,We engineer proteins that control the operating system of biology. ,,https://www.epinoma.com/,https://www.ycombinator.com/companies/epinoma,"San Francisco, CA, USA",8,Healthcare,Healthcare,Healthcare,"Synthetic Biology, Biotech","United States of America, America / Canada",Early,False,True,False,,https://bookface-images.s3.amazonaws.com/small_logos/294fcfc406e637a4349c10bf905e02f36d177455.png,1629821855
24137,Soco,soco,Summer 2021,Active,Visual AI shopping,"Soco: You talk to it, it brings you hundreds of products.",https://socosearch.com/,https://www.ycombinator.com/companies/soco,"New York City, NY, USA",,Consumer,Consumer -> Apparel and Cosmetics,"Consumer, Apparel and Cosmetics","Consumer, Chatbot, Retail, AI, AI Assistant","United States of America, America / Canada, Remote, Partly Remote",Early,False,False,False,"Watu, ShopMyGPT.com, Watu",https://bookface-images.s3.amazonaws.com/small_logos/48360413020d2b744e8c5f969d2f31d5390b1957.png,1630032705
24132,Double,doublehq,Summer 2021,Active,We make software for bookkeepers.,"Double makes software to help bookkeepers manage their clients' back-office.

We write the same kind of software that venture-backed bookkeepers like Pilot write internally, but instead of doing bookkeeping, we sell that software to the 1.5M bookkeepers across the US.",https://www.doublehq.com,https://www.ycombinator.com/companies/doublehq,"New York City, NY, USA; Remote",80,B2B,B2B -> Finance and Accounting,"B2B, Finance and Accounting","Fintech, SaaS, B2B","United States of America, America / Canada, Remote, Fully Remote",Early,False,True,False,"Keeper, Double (formerly Keeper)",https://bookface-images.s3.amazonaws.com/small_logos/5c0d4190c226cfebdb2847415960320fc3195b52.png,1627002893
24131,Strive Math,strive-math,Summer 2021,Active,Online Coding School for Kids 8-16,"Strive Math is an online coding & math school for kids (8-16). We help students start and commit to their coding and math journeys by making the subjects fun and exciting. We focus, above all else, on making the process of learning joyful.

- Our mission is to make education more joyful and meaningful. We teach coding, math and custom STEM courses to kids aged 8 to 16, and build the tools to support teachers to deliver engaging learning experiences.
- We believe we can only make education joyful if we ourselves are joyful, so creating a fun and exciting work environment is one of our core values. We’re a remote-first company with teachers and employees from South Africa, Singapore, India, the USA, and the Philippines.
- We’re a well-funded startup backed by YCombinator and early investors of Spotify and Facebook.",https://www.strivemath.com/,https://www.ycombinator.com/companies/strive-math,"Singapore, Singapore; Remote",13,Education,Education,Education,Education,"Singapore, Southeast Asia, Remote, Fully Remote",Early,False,True,False,"Strive, Strive Education",https://bookface-images.s3.amazonaws.com/small_logos/6d22eda695de2efb6374382c850b5ffe07631168.png,1628514851
24130,RGI Labs,rgi-labs,Summer 2021,Active,Robust & recursively self-improving general intelligence,"RGI's mission is to build the world's first robust & recursively self-improving general intelligence. We're building the environment for intelligent systems to be able to develop in such a way where they can: 
- Recursively self-improve across all modifiable planes including architecture, parameters, scaffolding, etc. 
- Continually learn from online experiences and update its parameters while maintaining robustness against catastrophic failures. 
- Use its robust general intelligence of the world to acquire new skills in few or zero shots. 
- Use its world model to predict future states and plan via multi-step rollout. 
- Operate on a learned latent space that is compressed and feature-rich, including a robust latent space for reasoning.",https://www.rgilabs.com,https://www.ycombinator.com/companies/rgi-labs,"New York City, NY, USA; Remote",1,B2B,"B2B -> Engineering, Product and Design","B2B, Engineering, Product and Design","Artificial Intelligence, AI","United States of America, America / Canada, Remote, Fully Remote",Early,False,False,False,"Superpass, PlusIdentity, Vansec, Aldermate, VitalStrata, Robust General Intelligence",https://bookface-images.s3.amazonaws.com/small_logos/470c089d5fdf6f7b0bfaf2a2daa45b2ad5a4af33.png,1628792922
24129,Cabal,cabal,Summer 2021,Active,"Private workspace for founders, investors, and advisors to collaborate","Cabal helps founders get more out of their investors and advisors. We do this by providing a private workspace for founders to send asks & updates, track contributions, and get warm intros to prospects and candidates.",http://getcabal.com,https://www.ycombinator.com/companies/cabal,"New York City, NY, USA; San Francisco, CA, USA; Remote",8,B2B,B2B,B2B,"SaaS, B2B, Community","United States of America, America / Canada, Remote, Fully Remote",Early,False,False,False,,https://bookface-images.s3.amazonaws.com/small_logos/271d4b2b5622ecdaedd4cf4aa18ca34fa172e509.png,1626060803
24100,MobileBoost,mobileboost,Summer 2021,Active,AI native mobile testing.,"*Achieve Mobile App Test Coverage 10x Faster with AI-Powered Automation*

Struggling with low E2E test coverage for your mobile app? Short on QA resources? 

Our GPT Driver uses AI to automate your mobile app testing, freeing up your team and providing reliable, consistent results. Eliminate tedious maintenance, accelerate release cycles, and ship higher-quality apps with GPT Driver. 

Trusted by mobile industry leaders like Duolingo, Spotify, Netflix, Salesforce and Groupon.

Check out Duolingo's case study about their partnership with GPT Driver and how they reduced manual regression testing by 70%: https://blog.duolingo.com/reduced-regression-testing/
",https://www.mobileboost.io/yc,https://www.ycombinator.com/companies/mobileboost,"Berlin, Berlin, Germany; Remote",15,B2B,"B2B -> Engineering, Product and Design","B2B, Engineering, Product and Design","Artificial Intelligence, Developer Tools, Generative AI, B2B, No-code","Germany, Europe, Remote, Fully Remote",Early,False,False,False,Kitchenful,https://bookface-images.s3.amazonaws.com/small_logos/4fdfe6ee3e3551142b62a5144a0c5d6494e9c0ac.png,1628867687
24096,AppX,appx,Summer 2021,Active,AppX helps social media creators launch their own mobile apps.,"AppX empowers creators to launch their personal apps and websites to monetise their audience via courses and premium exclusive content. 

",https://appx.co.in,https://www.ycombinator.com/companies/appx,"New Delhi, DL, India",30,Education,Education,Education,"Education, SaaS, B2B","India, South Asia, Remote, Partly Remote",Early,False,False,False,,https://bookface-images.s3.amazonaws.com/small_logos/e525187409442d1ab27754ce9ef76abf1c162b05.png,1624626091
24095,Neodocs,neodocs,Summer 2021,Active,Instant lab tests on your smartphone,"Neodocs lets you perform instant lab tests on your smartphone. Our users are health optimizers and athletes who want to improve key nutritional markers for better performance.

You simply collect your sample, take a picture, and results are instantly generated.


We are the perfect team to build this. Anurag is a 3-time medical entrepreneur who’s built medical devices, Pratik has worked on AI/ML models for leading US banks, and  Nikunj comes from a consulting background at Bain & Co.

We’re building your personal lab on your phone.",https://www.neodocs.in,https://www.ycombinator.com/companies/neodocs,"MH, India",20,Healthcare,Healthcare,Healthcare,"Artificial Intelligence, Consumer Health Services, Medical Devices","India, South Asia, Remote, Partly Remote",Early,False,True,False,Neodocs Technologies Pvt. Ltd.,https://bookface-images.s3.amazonaws.com/small_logos/957c00265cfe6ded7c38d77ca38c5e42c0cf9128.png,1628661815
24094,AlgoUniversity,algouniversity,Summer 2021,Active,Building Job driven Virtual Tech University for India 🇮🇳,"We are building live teaching infrastructure that enables handful of top educators (from Google, Facebook, etc) to coach a large number of students.
We train college students in a year-long live cohorts and they pay us a portion of their salary as fees once they get a tech job (Income Sharing Agreement)",http://algouniversity.com/,https://www.ycombinator.com/companies/algouniversity,"Hyderabad, Telangana, India",40,Education,Education,Education,"Education, Income Share Agreements, eLearning","India, South Asia, Remote, Partly Remote",Early,False,True,False,,https://bookface-images.s3.amazonaws.com/small_logos/374f4cb4bad668c1b9e9f60122c2dfb7d2a76647.png,1625173000
24093,Swipe,swipe-2,Summer 2021,Active,Super AI Accountant for SMBs,"Swipe is a simple billing and payments app for small businesses in India. We make it easy for local businesses to invoice their customers over WhatsApp. With Swipe, businesses can send a WhatsApp message with a link that allows their customers to pay instantly with a variety of payment methods.",https://getswipe.in,https://www.ycombinator.com/companies/swipe-2,"Hyderabad, Telangana, India",60,B2B,B2B -> Finance and Accounting,"B2B, Finance and Accounting","Artificial Intelligence, Fintech, SaaS, B2B, AI Assistant","India, South Asia",Early,False,False,False,"VectorX, Swipe (formerly VectorX)",https://bookface-images.s3.amazonaws.com/small_logos/503edcb02d5cc855d205e529939710e731d771cb.png,1628792157
24091,Echoes HQ,echoes-hq,Summer 2021,Active,Measure and communicate engineering activity,"Echoes gives engineering leaders visibility into the alignment of engineering efforts against the business goals and whether their deliveries are having actual business impacts.

By doing so we enable engineering leaders to make informed decisions on hiring and priorities, to communicate effectively on their team's activity to their business partners/bosses/investors, and to build engagement by putting their team's work into context.

We achieve this by offering a seamless way for engineers to connect their day-to-day contributions to their intent, creating the missing link between tech outputs and business outcomes.",https://echoeshq.com,https://www.ycombinator.com/companies/echoes-hq,"Amsterdam, NH, Netherlands; Remote",3,B2B,"B2B -> Engineering, Product and Design","B2B, Engineering, Product and Design","Developer Tools, SaaS, B2B","Netherlands, Europe, Remote, Fully Remote",Early,False,False,False,,https://bookface-images.s3.amazonaws.com/small_logos/af90fd7e51c5254ac1ee1cc646da89cb1208aa39.png,1624996289
24086,Advantage Club,advantage-club,Summer 2021,Active,Global platform for employee engagement with rewards&flexible benefits,"Advantage Club is a global platform for employee engagement including rewards, flexible benefits, perks and communities. We are currently live with 1000+ companies across 100+ countries and have a ARR of ~$8m. Our revenue has grown ~4x in the last 1 year.",https://www.advantageclub.co,https://www.ycombinator.com/companies/advantage-club,"Gurugram, HR, India; San Francisco, CA, USA; Bengaluru, KA, India; Chicago, IL, USA; Mumbai, MH, India; Manila, NCR, Philippines; Dubai, Dubai, United Arab Emirates; Singapore, Singapore",220,B2B,B2B -> Human Resources,"B2B, Human Resources","SaaS, Human Resources, B2B, HR Tech","India, United States of America, Philippines, United Arab Emirates, Singapore, South Asia, America / Canada, Southeast Asia, Middle East and North Africa, Remote, Partly Remote",Early,False,False,False,,https://bookface-images.s3.amazonaws.com/small_logos/91384c8f455c6860b2a73e8558d2b314761ecf47.png,1624629431
24083,Rivia.AI,rivia-ai,Summer 2021,Active,Interactive Product Demos,"Rivia.ai empowers marketing, sales, and demand generation teams to effortlessly generate and distribute interactive product demos within 10 minutes. Potential customers of SaaS brands can now personally engage with these self-guided product stories without direct sales interactions. With our user-friendly platform and intuitive dashboards, teams can effortlessly capture, customize, enhance, and share their demos without sound technical expertise. These interactive demos can seamlessly integrate into applications, websites, email campaigns, or ad campaigns.",https://rivia.ai,https://www.ycombinator.com/companies/rivia-ai,"Bengaluru, KA, India",5,B2B,B2B -> Marketing,"B2B, Marketing","SaaS, B2B, Sales","India, South Asia",Early,False,True,False,,https://bookface-images.s3.amazonaws.com/small_logos/74b8fae20934df4dfafa899ab30b9ddd193b6f6b.png,1625760125
24082,BLUUMBIO,bluumbio,Summer 2021,Active,We make bacteria and plants that clean up pollution.,"Our mission

-To ensure current and future generations have access to clean soil, water & air.

-To protect and restore earth's beautiful and diverse ecosystems.

-To undo the harm of industrial activity on the planet and ensure future industrial activities are more sustainable.

Our research

-We develop new bio-based solutions that break down and remove toxic chemicals from the environment.  We also develop bioreactor based solutions which remove toxins from industrial production pipelines, ensuring contaminants are never released into the environment.

-To do this, we've partnered with Nature. Specifically, we have harnessed the power of one of Nature's smallest but most powerful technologies: enzymes. Enzymes are everywhere. They break down the food in your stomach, remove dirt from your clothes, and make our beer. At BluumBio, we look for enzymes found in bacteria, algae, plants and other living organisms that naturally degrade toxic chemicals. We then make these enzymes work better in the lab and come up with develop new applications for these technologies.",http://www.bluumbio.com,https://www.ycombinator.com/companies/bluumbio,"San Francisco, CA, USA",4,Healthcare,Healthcare -> Industrial Bio,"Healthcare, Industrial Bio","Biotech, Sustainability","United States of America, America / Canada",Early,False,False,False,BluumBio,https://bookface-images.s3.amazonaws.com/small_logos/6ab459fbbd7388fc0c0bce2a0543bcf07bd6fdc4.png,1626190862
24081,Parallel Bio,parallel-bio,Summer 2021,Active,Using the immune system to cure disease,"Parallel Bio is pioneering human-first drug discovery by creating the first map of human biology. Using groundbreaking biological and computational tools that track real clinical outcomes, the company generates data that enable earlier, more reliable decisions about disease biology and drug development. 

Parallel Bio’s platform overcomes the core limitations of traditional animal testing, which fails to encapsulate the complexity of human biology. The company is building internal pipelines of novel disease targets and drug candidates in both cancer and autoimmune disease, while collaborating with pharmaceutical companies to evaluate therapies directly in human systems to reduce the cost and risk of clinical trials. 

Based in San Francisco, the company was founded in 2021 by two of the world’s leading experts in replacing animal models with human-first platforms.",http://parallel.bio,https://www.ycombinator.com/companies/parallel-bio,"San Francisco, CA, USA",20,Healthcare,Healthcare -> Drug Discovery and Delivery,"Healthcare, Drug Discovery and Delivery","AI-powered Drug Discovery, Biotech","United States of America, America / Canada, Remote, Partly Remote",Early,False,True,False,Parallel Biosystems Inc,https://bookface-images.s3.amazonaws.com/small_logos/983561db384b2274b11c61cd0cad3af0a429c991.png,1626811179
24080,Zaz OS,zaz-os,Summer 2021,Active,Lovable for internal products,"Zaz OS is a “Lovable for internal products”: an AI-native platform with an opinionated infrastructure that makes it easy to build and edit Apps and Agents through vibe-coding. Using spec-driven development, it ensures consistency and security for critical processes, solving challenges like user management, notifications, and multi-app integration within a single interface.

With over eight years of experience in back-office and HR, Zaz OS was designed from the ground up with core structural issues already solved and the flexibility to adapt to each company’s unique needs. The result is the speed to build and iterate, combined with the robustness required for mission-critical processes — the ultimate solution to replace the Frankenstein stack of SaaS tools that currently dominates company management.
As companies grow, the lack of customization of current software forces Heads of HR to buy multiple disconnected tools, allocate engineers to build and maintain people-related projects or use spreadsheets.",https://www.zazos.com/,https://www.ycombinator.com/companies/zaz-os,"São José dos Campos, SP, Brazil",9,B2B,B2B,B2B,"Artificial Intelligence, Developer Tools, SaaS, HR Tech, AI Assistant","Brazil, Latin America, Remote, Partly Remote",Early,False,False,False,"Rio, Zazos",https://bookface-images.s3.amazonaws.com/small_logos/0c4bc92f268740a2d36a89a6d41f7a2d301d9c38.png,1627047912
24079,Instacrops,instacrops,Summer 2021,Active,Helping farmers maximize crop yield,"Instacrops is a simple dashboard that helps farmers maximize their crop yield. 

We give farmers IoT sensors to put in their field. We combine that data with satellite and drone data to provide analytics on the health of their farms. Farmers use this to increase their crops yield by 12% on average. 

We’re live on 300+ farms across Latam and have reached more than $200.000 in monthly revenue, growing 2X YoY. 

There’s 2.9 billion acres of farmland in Latin America which makes this a $50 billion market.

We’re instacrops. We’re bringing data driven decisions to farmers worldwide

",https://www.instacrops.com,https://www.ycombinator.com/companies/instacrops,"Santiago, Santiago Metropolitan Region, Chile",34,Industrials,Industrials -> Agriculture,"Industrials, Agriculture","Sustainability, Agriculture","Chile, Latin America, Remote, Partly Remote",Growth,False,False,False,,https://bookface-images.s3.amazonaws.com/small_logos/d0483ad3d573722a17a5ac4da2c408be894fc15d.png,1624409661
24065,BoldVoice,boldvoice,Summer 2021,Active,Speech and accent coaching app for non-native English speakers,"BoldVoice helps non-native English speakers to speak clearly and confidently. We combine bite-sized video lessons from Hollywood accent coaches with instant pronunciation feedback from AI, to create an effective and engaging learning experience.",https://boldvoice.com,https://www.ycombinator.com/companies/boldvoice,"New York City, NY, USA",12,Consumer,Consumer,Consumer,"Education, Speech Recognition","United States of America, America / Canada",Early,False,True,False,Wellocution,https://bookface-images.s3.amazonaws.com/small_logos/b5efb6e4dabd2976ede40db2ef12a87efce69aa3.png,1626051817
24064,Confido,confido,Summer 2021,Active,AI-enabled financial automation and intelligence for CPG Brands,Confido is a next-generation financial automation and intelligence platform that helps fast-growing CPG brands operate and scale more efficiently. ,https://www.confidotech.com,https://www.ycombinator.com/companies/confido,"New York City, NY, USA",65,B2B,B2B -> Finance and Accounting,"B2B, Finance and Accounting","Fintech, SaaS, B2B, Analytics, AI","United States of America, America / Canada",Early,False,True,False,OutFit,https://bookface-images.s3.amazonaws.com/small_logos/29db94cccb8fb04c76b3795f179303c30d31cc11.png,1627617699
24059,SalaryBook,salarybook,Summer 2021,Active,"Mobile first solution for Payroll, employee & expense management","SalaryBook is an payroll, employee attendance and Expense management app for 60 million Indian SMEs. SMBs see in our app a one stop solution for running their business. Starting from seamless on-boarding of employees to managing their payroll and attendance. Our app includes some cool features like selfie & location based attendance marking. Say goodbye to the traditional punch in attendance systems & replace it with a click of a button on SalaryBook mobile app.

SalaryBook also helps 400M Indian blue-collar employees to create their first ever credit & skills profile online.",https://salarybook.co.in/,https://www.ycombinator.com/companies/salarybook,"Bengaluru, KA, India",7,B2B,B2B,B2B,"Fintech, SaaS, B2B","India, South Asia",Early,False,False,False,,https://bookface-images.s3.amazonaws.com/small_logos/18003ad0da61412ba9ecc11d59ec2045f6248cc0.png,1629572233
24058,Zeit Medical,zeit-medical,Summer 2021,Active,Immediate stroke detection at home,"Zeit Medical leverages the power of AI and wearable sensors to deliver peace of mind for those affected by stroke. Zeit’s smart headband immediately detects the onset of stroke and notifies 911. Each year more than 90% of the one million strokes in the US go untreated, resulting in life-long disability and exploding medical costs north of $100b. The lack of timely treatment is the result of delays in alerting the emergency services. More than 10 million Americans with an elevated stroke risk live with constant fear that a stroke may go unnoticed for hours, while they are asleep or alone. The company was founded by Orestis Vardoulis  PhD  a biomedical & mechanical engineer and expert in digital health (EPFL/Stanford) and Urs Naber  MD  a critical care physician (Dartmouth/Stanford). They have both seen the devastating effects of stroke in their families and came up with the idea of addressing this unmet clinical need during their Stanford Biodesign Innovation Fellowship.",https://www.zeitmedical.com/,https://www.ycombinator.com/companies/zeit-medical,"San Francisco, CA, USA; Redwood City, CA, USA",2,Healthcare,Healthcare -> Medical Devices,"Healthcare, Medical Devices","Sleep Tech, Consumer Health Services, Medical Devices","United States of America, America / Canada, Remote, Partly Remote",Early,False,False,False,Zeit Medical Inc.,https://bookface-images.s3.amazonaws.com/small_logos/a099dfe2730e5df20958e5db106644c907772abb.png,1627888729
24055,Atmana,atmana,Summer 2021,Active,Apps to control technology addictions/ helping startups hire engineers,"At Atmana, we help millennials cut down on technology addictions like gaming, pornography and social media. We have our solution consisting of blocking and techniques used in treating in alcohol and drug addiction like peer support groups, buddy program and psycho education. 

We also have a 2nd line of business: helping startups hire engineers from India. Hiring engineers from India can help you save cost while ensuring you have the same quality of talent in your team like you have in the US.",https://blockerx.net/,https://www.ycombinator.com/companies/atmana,"Dubai, Dubai, United Arab Emirates; Remote",8,Consumer,Consumer,Consumer,Mental Health Tech,"United Arab Emirates, Middle East and North Africa, Remote, Fully Remote",Early,False,False,False,"Atmana Innovations Pvt. Ltd. (formerly FunSwitch Technologies Pvt. Ltd), Atmana Innovations Pvt. Ltd., Atmana Innovations",https://bookface-images.s3.amazonaws.com/small_logos/5bb7767b78857482aa5b62cd3c9ab18938ec71d2.png,1624983133
24053,ODWEN,odwen,Summer 2021,Active,AirBnB for Small Warehouses,"ODWEN enables India’s 60m SME's to find curated warehouses in minutes at prices 20% below current market and transport their inventory in and out with just a few clicks.  With 2000+ warehouses across 180 locations, we are the largest integrated 3PL/ warehouse network in India.",https://www.odwen.co.in,https://www.ycombinator.com/companies/odwen,"Delhi, DL, India",21,B2B,B2B -> Supply Chain and Logistics,"B2B, Supply Chain and Logistics","Marketplace, Warehouse Management Tech, B2B","India, South Asia, Remote, Partly Remote",Early,False,False,False,,https://bookface-images.s3.amazonaws.com/small_logos/e8ab18dae7115ef76227acd0cd0b5680b6505cd7.png,1629482209
24045,Coulomb AI,coulomb-ai,Summer 2021,Active,Battery Observability Platform for Electric Vehicles,"At Coulomb AI, we envision a future powered by the seamless integration of AI and battery technologies, creating a powerful synergy to combat climate change. We build category-leading software that can significantly improve battery lifespan and performance by employing advanced predictive analytics, real-time monitoring, and adaptive battery management algorithms. 

",https://coulomb.ai/,https://www.ycombinator.com/companies/coulomb-ai,"Bengaluru, KA, India",10,B2B,B2B,B2B,"Climate, Electric Vehicles, AI","India, South Asia",Early,False,True,False,Coulomb AI Private Limited,https://bookface-images.s3.amazonaws.com/small_logos/0d176e9e252d68df98f28ada02fca2e0e1f38e49.png,1628260202
24041,Koshex,koshex,Summer 2021,Active,Automating wealth creation for 400M Indian millennials,Koshex is building Wealthfront for India with data-driven insights around day to day finances for an individual to save more and invest well. We are automating wealth creation for 400 million Indian millennials with access to more than US$700bn of individual investable wealth.,https://www.koshex.com,https://www.ycombinator.com/companies/koshex,"Bengaluru, KA, India",21,Fintech,Fintech -> Asset Management,"Fintech, Asset Management",Fintech,"India, South Asia",Early,False,False,False,Koshex (Your Pot of Wealth X Exponential Growth),https://bookface-images.s3.amazonaws.com/small_logos/5372c43fe16f7453f3807e7fb91ce46ee47099cc.png,1626368708
24040,Affogato AI,affogato-ai,Summer 2021,Active,"Affogato AI — Your Agent for instant TikToks, Reels, and ads.","Affogato AI is your all-in-one AI Video Agent, designed to help businesses, eCommerce sellers, agencies, and creators produce professional short-form videos instantly. From TikTok ads and Instagram Reels to YouTube Shorts, UGC content, and branded campaigns, Affogato makes high-quality video creation simple, fast, and scalable. No editing skills required — just type an idea and get campaign-ready videos that look studio-made, in minutes.",https://affogato.ai,https://www.ycombinator.com/companies/affogato-ai,"San Francisco, CA, USA",15,B2B,"B2B -> Engineering, Product and Design","B2B, Engineering, Product and Design","Artificial Intelligence, Generative AI, AI","United States of America, America / Canada",Early,False,False,False,"Walrus, Defy, roverX, RoverX, RenderNet",https://bookface-images.s3.amazonaws.com/small_logos/be16f533fa3c585f372247f4f8cbf40d31f24c27.png,1626192507
24039,Kalam Labs,kalam-labs,Summer 2021,Active,Near Space Flying Machines,Kalam Labs has developed world's highest flying UAVs - deployable from high-altitude balloons they replace satellites to provide high-res EO/IR and hyperspectral reconnaissance.,http://www.kalamlabs.in,https://www.ycombinator.com/companies/kalam-labs,India,10,Industrials,Industrials -> Drones,"Industrials, Drones","Drones, Aerospace, AI","India, South Asia",Early,False,True,False,"Kalam Labs, Kiddernet (prev. Kalam Labs), AskPenny, Kiddernet (prev Kalam Labs), AskPenny",https://bookface-images.s3.amazonaws.com/small_logos/af09359ecc24430a6054310be3115645fc95f1d8.png,1625919461
24038,FrontPage,frontpage,Summer 2021,Active,Community for 100M Indian Financial Market Traders & Investors,"Frontpage is building a community for 100M Indian traders and investors. Millions of new traders and investors are looking to participate in financial markets. FrontPage harnesses power of community where traders and investors can connect with each other, share their ideas, and learn from each other.





",https://front.page,https://www.ycombinator.com/companies/frontpage,"Bengaluru, KA, India",5,Fintech,Fintech -> Asset Management,"Fintech, Asset Management","Fintech, Community","India, South Asia, Remote, Partly Remote",Early,False,True,False,Crowdware Labs Private Limited,https://bookface-images.s3.amazonaws.com/small_logos/29ac95e715a7bf8e21b677a36c6d3cebf4e933ad.png,1627473725
24037,Levro,levro,Summer 2021,Active,Multicurrency account & international payments for businesses,"Levro is a multicurrency account and global payments platform for businesses. We help US & international companies hold, convert, and pay 30+ currencies. Our exchange at rates are 40-90% lower than banks and FX services like Wise. We also offer free currency risk management, recipient onboarding, automated multicurrency reconciliation, and wire tracking.

If you have international customers, employee payroll, vendors, or bulk payouts to different countries please send us a note! founders@levro.com",https://www.levro.com,https://www.ycombinator.com/companies/levro,"San Francisco, CA, USA",12,Fintech,Fintech -> Banking and Exchange,"Fintech, Banking and Exchange","Fintech, Payments, Finance, B2B, International","United States of America, America / Canada, Remote, Partly Remote",Early,False,False,False,Novo,https://bookface-images.s3.amazonaws.com/small_logos/3c701b2b04808644316217d356d3d16dfbf3e281.png,1626366454
24034,Ananya Health,ananya-health,Summer 2021,Active,Portable cryoablation to prevent cervical cancer,"Building a standard-of-care medical device to freeze abnormal cells before they become cervical cancer, in any clinic, anywhere in the world, at 1/10 the cost.
--
Ananya Health is building a portable cryoablation unit designed for every primary care clinic in the world. Our beachhead application is cervical cancer prevention -- even though cervical cancer is easy to screen for, 80% of clinics worldwide lack the infrastructure and specialized staff to treat at the earliest stages. Our platform technology allows nurses and lower level health workers to treat at the point of care for 1/10 the cost of traditional ablation, and is the only cryo device that will help us achieve the WHO target to eliminate cervical cancer in our lifetime.",https://www.ananya.health/,https://www.ycombinator.com/companies/ananya-health,"San Francisco, CA, USA",8,Healthcare,Healthcare -> Medical Devices,"Healthcare, Medical Devices","Hardware, Health Tech, Medical Devices","United States of America, America / Canada",Early,False,False,False,,https://bookface-images.s3.amazonaws.com/small_logos/2b4784fe233f145657c210c4e6446866d8b1196b.png,1625509180
24008,Catena Biosciences,catena-biosciences,Summer 2021,Active,Using protein coupling to build new therapies,"Catena’s technology lets us attach any two proteins together using an enzyme and the native amino acids tyrosine and cysteine within target proteins. It is a true platform technology because it enables the joining of any two soluble proteins together with minimal engineering and without restrictions due to protein size or complexity. Our work has already been used to modify cancer specific antibodies, CRISPR proteins and even cell surfaces. Our ability to produce modular protein therapeutics in a fraction of the time allows for true library creation across the therapeutics spectrum from oncology, vaccines, inflammatory disease and beyond.
",https://www.catenabiosciences.com/,https://www.ycombinator.com/companies/catena-biosciences,"San Francisco, CA, USA; Berkeley, CA, USA",7,Healthcare,Healthcare -> Therapeutics,"Healthcare, Therapeutics","Biotech, Therapeutics","United States of America, America / Canada, Remote, Partly Remote",Early,False,False,False,,https://bookface-images.s3.amazonaws.com/small_logos/f1d289877a701c3b0826470c1e3ff501de0e4759.png,1624576033
24006,Karbon Card,karbon-card,Summer 2021,Active,Corporate Card solution for Indian businesses,"We at Karbon Cards provide corporate credit cards, vendor payment solutions and forex outward remittance products to Indian companies. We partners with banks and other FI's to provide comprehensive spend management and working capital solutions. Companies qualify for credit via a liberalized startup friendly underwriting process.

For those do not qualify, we provide payments option where companies can top up and use card/vendor payment solutions.",https://www.karboncard.com/,https://www.ycombinator.com/companies/karbon-card,"Bengaluru, KA, India",144,Fintech,Fintech -> Credit and Lending,"Fintech, Credit and Lending","Fintech, B2B","India, South Asia, Remote, Partly Remote",Growth,False,False,False,,https://bookface-images.s3.amazonaws.com/small_logos/17ef37d6752b041cef8cbde238930aba2834a6a3.png,1626796391
23988,ARQ,arq,Summer 2021,Active,The global financial platform for affluent consumers in the Americas.,"ARQ opens the world’s strongest assets and markets to travelers, investors and professionals across the Americas—so they can spend, receive, send and grow their money wherever they are.

Formerly known as DolarApp.",https://www.arqfinance.com/,https://www.ycombinator.com/companies/arq,"London, England, United Kingdom",100,Fintech,Fintech,Fintech,"Fintech, Crypto / Web3","United Kingdom, Europe, Remote, Partly Remote",Growth,False,True,False,DolarApp,https://bookface-images.s3.amazonaws.com/small_logos/8bc99a7b1fcd4beb6346ad86488762b8d82c1510.png,1663161574
23979,Replo,replo,Summer 2021,Active,Sell anything,"Replo enables anyone around the world to sell anything, anytime, anywhere. We are building every company's GTM specialist — from ecommerce to SaaS. To date, we’ve raised over $8.2M from Figma, YCombinator, Vercel, General Catalyst, Infinity Ventures, MAGIC Fund, Base Case Capital.
",https://replo.app/,https://www.ycombinator.com/companies/replo,"San Francisco, CA, USA",20,B2B,"B2B -> Engineering, Product and Design","B2B, Engineering, Product and Design","Artificial Intelligence, Developer Tools, Marketing, AI","United States of America, America / Canada",Early,False,True,False,"Alchemy, Alchemy Commerce, Alchemy, Alchemy Commerce",https://bookface-images.s3.amazonaws.com/small_logos/6d35b8ea019eb95e63016971bc2bcc28e3bffcaa.png,1627581948
23978,Rootly,rootly,Summer 2021,Active,AI-native on-call and incident response carefully crafted to help…,"Rootly is a modern on-call and incident management platform used by top YC companies like Dropbox, Lattice, Webflow, Faire, but also Figma, LinkedIn, NVIDIA and 100s more.",https://rootly.com,https://www.ycombinator.com/companies/rootly,"San Francisco, CA, USA; Remote",75,B2B,B2B -> Infrastructure,"B2B, Infrastructure","AIOps, Developer Tools, SaaS, B2B, Security","United States of America, America / Canada, Remote, Fully Remote",Growth,False,True,False,,https://bookface-images.s3.amazonaws.com/small_logos/458bec513b681478458c39da4795bf6502d09edb.png,1625761934
23977,Potion,potion,Summer 2021,Active,AI for product formulation,,https://www.potion.ai,https://www.ycombinator.com/companies/potion,"San Francisco, CA, USA",7,B2B,B2B,B2B,"Generative AI, Hard Tech, B2B, AI","United States of America, America / Canada",Early,False,False,False,,https://bookface-images.s3.amazonaws.com/small_logos/5c8fe0551445344a1b241bf75c5eb750abe6f03d.png,1628524187
23973,Jestor,jestor,Summer 2021,Active,Saving OPS from SLOPS. Jestor builds internal systems that last.,"Stop vibecoding internal tools nobody can maintain. Get apps, tables, forms, dashboards, and AI automations built for your process, on infrastructure that already handles permissions, data, and integrations. Your team just opens the app. Unlimited users, pause anytime.",https://jestor.com,https://www.ycombinator.com/companies/jestor,"San Francisco, CA, USA",12,B2B,B2B -> Productivity,"B2B, Productivity","B2B, Productivity, Operations, AI","United States of America, America / Canada, Remote, Partly Remote",Early,False,False,False,jestor,https://bookface-images.s3.amazonaws.com/small_logos/ed71eb78590220cc6aa2f5441853b5ee33591ba5.png,1626482465
23972,Flow Club,flow-club,Summer 2021,Active,Virtual Co-working Community,"https://www.flow.club/ is a virtual co-working space where people work in high-intensity sprints designed to double their productivity. 

We envision a world where...
- anyone can access deep, focused flow anytime, anywhere
- working independently or remotely doesn’t have to feel like you're on your own

Our mission is to build the software that powers the most inspiring and productive work environment for knowledge workers.

Our members love Flow Club (https://www.flow.club/wall-of-love). We’re growing quickly, just presented at Y Combinator's Summer 2021 Demo Day, raised $5M, and hiring our founding team.

We are backed by Worklife Ventures, a firm investing in companies re-designing the way work gets done in the future, and 100 more of the world's best investors and operators. Among our investors are Paul Graham and the founders of iconic companies like Dropbox, Mercury, Quora, Outschool, and Sendbird. 

Finally, we are inspired by our members and hosts who we see everyday working out of Flow Club building the most incredible things. They remind us great things are built incrementally, one step at a time.",https://www.flow.club/,https://www.ycombinator.com/companies/flow-club,"San Francisco, CA, USA",6,B2B,B2B -> Productivity,"B2B, Productivity","Consumer, Community, Productivity, Health & Wellness, Remote Work","United States of America, America / Canada, Remote, Partly Remote",Early,False,False,False,,https://bookface-images.s3.amazonaws.com/small_logos/5620a9215a3f271c3cb3cf151167f8624588baf4.png,1627662266
23971,Concord Materials,concord-materials,Summer 2021,Active,Automating procurement and finance for construction companies,"SaaS automation tools, financing and marketplace for bulk construction materials",https://concordmaterials.com,https://www.ycombinator.com/companies/concord-materials,"New York City, NY, USA; New York, NY, USA",7,Real Estate and Construction,Real Estate and Construction -> Construction,"Real Estate and Construction, Construction","Fintech, Machine Learning, Marketplace, Insurance, Enterprise","United States of America, America / Canada, Remote, Partly Remote",Early,False,False,False,,https://bookface-images.s3.amazonaws.com/small_logos/3184c6727a76207d43485049fdf4e2604c6b26d7.png,1629906919
23969,Baraka,baraka,Summer 2021,Active,Grow Your Wealth With Baraka,"💸Hey YC, we’re baraka (S21), an investment app built for people in the Middle East.

📱 Our product

This is how we do it:
•	6,000+ stocks and ETFs – the freedom to choose the companies and industries that you want to back
•	The power of financial literacy – educational  content, digestible market news and in-depth stock analysis
•	Fractional Shares – the ability to start investing with smaller sums of money
•	Fair pricing – Transparent, low commission pricing model
•	Easy to use – intuitive user journey and interface  


🕒 What's Next?

The app is available in countries across MENA. Check out our website: getbaraka.com.

Please reach out to give us feedback, discuss product, go-to-market strategy or anything else on founders@getbaraka.com.  

Feras & Kunal
",https://www.getbaraka.com/,https://www.ycombinator.com/companies/baraka,"Dubai, United Arab Emirates",34,Fintech,Fintech -> Asset Management,"Fintech, Asset Management",Fintech,"United Arab Emirates, Middle East and North Africa, Remote, Partly Remote",Growth,False,True,False,,https://bookface-images.s3.amazonaws.com/small_logos/33d4b7cec8f7cb931194833e44baba367918cce0.png,1624461692
23968,Archbee,archbee,Summer 2021,Active,TURN STATIC DOCS INTO INSTANT ANSWERS,"Build beautiful knowledge portals that are easy to navigate, search, share and contribute to.",https://www.archbee.com,https://www.ycombinator.com/companies/archbee,"Bucharest, Bucharest, Romania; Remote",12,B2B,"B2B -> Engineering, Product and Design","B2B, Engineering, Product and Design","Developer Tools, B2B","Romania, Europe, Remote, Fully Remote",Early,False,False,False,,https://bookface-images.s3.amazonaws.com/small_logos/2cf36cda1250013ea4989cc2ddc2f8e08f26a04d.png,1627303283
23967,Varos,varos,Summer 2021,Active,AI Business Analysts to gather requirements and optimize processes,"Varos AI delivers the work of business analysts 10x faster, better & cheaper with AI agents built for discovery.

Arthur, our AI agent, acts as a Senior Business Analysts and works for you 24/7 in any language. He conducts intelligent 10-15 minutes voice or text-based interviews with your teams to rapidly capture the institutional knowledge you need to execute on projects. He learns from each conversation, cross-references information, and analyzes all the findings to deliver actionable insights. 

Arthur is an expert at capturing mapping & optimizing complex processes, gathering knowledge from employees' heads and documenting it, supporting automation projects, uncovering root causes to significant problems and more. 

All this information gathered is turned into a private, secure knowledge base that can be used by the org → turning tribal knowledge into institutional knowledge.

For example, Arthur unblocked a critical system migration for a large financial system in 3 days by interviewing 100+ operators in the org, replacing a $1m & 6 month engagement of a consulting firm.

Backed by Y Combinator, Mosaic General Partnership, and leading financial institutions ($8.5m in funding).",http://varos.com,https://www.ycombinator.com/companies/varos,"San Francisco, CA, USA",9,B2B,B2B -> Analytics,"B2B, Analytics","SaaS, B2B, Analytics","United States of America, America / Canada, Remote, Partly Remote",Early,False,True,False,,https://bookface-images.s3.amazonaws.com/small_logos/1d8d1d12eabe00614dddbb8b85a798561bc42d4d.png,1625426750
23960,Carbonfact,carbonfact,Summer 2021,Active,Decarbonizing the fashion industry,The first apparel & footwear Carbon Management Platform.,http://www.carbonfact.com,https://www.ycombinator.com/companies/carbonfact,"Paris, Île-de-France, France",22,Industrials,Industrials -> Climate,"Industrials, Climate","SaaS, Sustainable Fashion, Climate","France, Europe, Remote, Partly Remote",Growth,False,False,False,Kanso,https://bookface-images.s3.amazonaws.com/small_logos/83845e91476e0ba520c9781b05ad6af948e7eeed.png,1626882180
23959,TAG,tag,Summer 2021,Active,TAG is the First Digital Bank (Chime/Revolut/N26) for Pakistan,"TAG is setting new standards and changing the way Pakistan banks by building a digital bank for the masses, with an aim to encompass the entire financial life of users, from basic banking such as bank account and Visa Debit card to employer payrolls, salary advances, savings, and neo-brokerage in future.",https://tagme.pk/,https://www.ycombinator.com/companies/tag,"Islamabad, Islamabad Capital Territory, Pakistan",36,Fintech,Fintech -> Banking and Exchange,"Fintech, Banking and Exchange","FinOps, Fintech","Pakistan, South Asia, Remote, Partly Remote",Early,False,False,False,,https://bookface-images.s3.amazonaws.com/small_logos/22dbba25a74200259e0d969df993848635b9e309.png,1626881984
23958,Abstra,abstra,Summer 2021,Active,Automate finance operations with Python and AI,"Abstra is a platform that allows finance teams to build, run, and automate their workflows using Python and AI.

Instead of relying on spreadsheets, ERPs, and manual processes, teams can create programmable workflows for tasks like reporting, reconciliations, approvals, and integrations with systems like SAP.

We provide a developer-friendly environment where finance and technical teams can turn business processes into code, connect to their existing tools, and run everything in a controlled, auditable way.

Our goal is to become the operating system for finance operations, where workflows are not static or manual, but versioned, automated, and continuously improved.",https://abstra.io,https://www.ycombinator.com/companies/abstra,"São Paulo, SP, Brazil; Remote",18,B2B,"B2B -> Engineering, Product and Design","B2B, Engineering, Product and Design","Artificial Intelligence, SaaS, Finance, B2B, Automation","Brazil, Latin America, Remote, Fully Remote",Early,False,False,False,,https://bookface-images.s3.amazonaws.com/small_logos/7fbfc5106c32c35b1a0242652667b0ea1ceb47b8.png,1625673912
23957,Stipop,stipop,Summer 2021,Active,Monetization platform for character creators,"Stipop is a monetization platform for character creators, or simply put, Patreon for character creators. We help independent character IP owners generate revenue directly from their audience with fun, dynamic features. 

Previously, Stipop was a sticker platform with 5,000 sticker creators, and 250K stickers and provided stickers to Canva, Teams, Google, and Adobe. We also provide sticker API and SDK to help chat apps improve revenue and user engagement.

Stipop has been invested by Snap (through Yellow Accelerator), YC, Translink Investment, Strong Ventures, Next Ventures, and more.",https://studio.stipop.io,https://www.ycombinator.com/companies/stipop,"Los Angeles, CA, USA; Santa Monica, CA, USA",8,Consumer,Consumer -> Content,"Consumer, Content","Marketplace, Consumer, Community","United States of America, America / Canada",Early,False,False,False,"Stipop, Inc.",https://bookface-images.s3.amazonaws.com/small_logos/fcef47afca27cadb2570f213a9506188fa120429.png,1624381783
23956,Customily,customily,Summer 2021,Active,Making it easy to sell personalized products online.,"Customily is a design tool that makes it easy for e-commerce stores to sell personalized products. Online stores embed our tool in their site to let their customers design custom phone cases, t-shirts, mugs, and more.",http://www.customily.com/,https://www.ycombinator.com/companies/customily,"St. Louis, MO, USA; Remote",30,B2B,"B2B -> Engineering, Product and Design","B2B, Engineering, Product and Design","SaaS, B2B, E-commerce","United States of America, America / Canada, Remote, Fully Remote",Early,False,False,False,,https://bookface-images.s3.amazonaws.com/small_logos/c8057663fa98c67ad45f460aa90f60f3fb6495bb.png,1627923969
23955,Deskimo,deskimo,Summer 2021,Active,"Workspaces on demand, paid by the minute.","Join the hybrid work revolution! 

Find professional workspaces near your home and escape the home office without wasting time on commuting. 

Deskimo connects the hybrid corporate workforce with quality workspaces all over Singapore, Indonesia, Malaysia, Hong Kong and the UAE.

1) Deskimo is an asset-light extension of a corporate office
Most companies are looking to downsize their office leases and move to a hybrid work model to save costs and provide employees greater flexibility post pandemic.

2) Deskimo is an instant access pass to all workspaces
One tap in the Deskimo app generates a QR code, which gets scanned at the front desk to check in and check out. No memberships, no registrations, no long-term commitments needed.

3) The hybrid work revolution is only getting started
Employees have no intention to go back to the office 5 days / week post pandemic. This will transform the way companies manage their hybrid workforce and decentralized workplace. Deskimo is at the center of this transformation.",http://www.deskimo.com,https://www.ycombinator.com/companies/deskimo,"Singapore, Singapore; Remote",12,B2B,B2B -> Office Management,"B2B, Office Management","Marketplace, SaaS, Proptech","Singapore, Southeast Asia, Remote, Fully Remote",Early,False,False,False,,https://bookface-images.s3.amazonaws.com/small_logos/1291f709de04bd35266cafcf047e0cc80f5b1280.png,1626319660
23953,Hive Health,hive-health,Summer 2021,Active,Simplified digital health insurance for Filipino SMBs,,https://www.ourhivehealth.com,https://www.ycombinator.com/companies/hive-health,"Manila, NCR, Philippines",,Healthcare,Healthcare,Healthcare,"Fintech, Payments, Telehealth, Digital Health, Health Insurance","Philippines, Southeast Asia, Remote, Partly Remote",Early,False,False,False,,https://bookface-images.s3.amazonaws.com/small_logos/2373edb1dc8e6a513434fa0240f39eb4b143a3be.png,1627916419
23952,Yummy,yummy-inc,Summer 2021,Active,The everything app for LATAM,"Yummy is the largest ridesharing and delivery platform in Venezuela. The company processes over 16 million yearly orders, and also offers a bundle of merchant-enablement services through its Yummy delivery hub including e-commerce stores and whatsapp sales automation for SMBs.",https://www.yummysuperapp.com/,https://www.ycombinator.com/companies/yummy-inc,"Los Angeles, CA, USA",260,Consumer,Consumer,Consumer,"Marketplace, SaaS, Delivery, Ridesharing","United States of America, America / Canada, Remote, Partly Remote",Early,False,False,False,Yummy Inc.,https://bookface-images.s3.amazonaws.com/small_logos/787eb4a9de615a922a26c27f02b3f9ced148e4d4.png,1624608530
23951,Mindstate Design Labs,mindstate-design-labs,Summer 2021,Active,Programmable biology company for psychoactive effect design,"Mindstate Design Labs is building the closed-loop science & engineering stack for rational psychoactive effect design.

Our molecular-experience interface links molecular biology to the human psychopharmacodynamic profile to convert informal constructs like clarity, presence, or motivation into high-dimensional design targets.

Our clinical program is a sequence of human demonstrations that psychoactive effects can be decomposed, recombined, and synthesized. The first controlled study decomposed hallucinations from the broader hallucinogen profile; the next is designed to selectively upregulate aesthetic salience to treat anhedonia in major depressive disorder.

We’re progressively digitizing the molecular interface through which biology shapes what intelligence wants.",http://mindstate.design,https://www.ycombinator.com/companies/mindstate-design-labs,"San Francisco, CA, USA",7,Healthcare,Healthcare -> Drug Discovery and Delivery,"Healthcare, Drug Discovery and Delivery","Artificial Intelligence, Hard Tech, Neurotechnology, Biotech, AI","United States of America, America / Canada, Remote, Partly Remote",Early,False,False,False,"Kykeon Biotechnologies Inc., Kykeon Biotechnologies",https://bookface-images.s3.amazonaws.com/small_logos/f3509dac4b76d442f8f0aa79c2bda0b827e78798.png,1629815779
23950,Pipekit,pipekit,Summer 2021,Active,Pipekit scales data & CI pipelines for enterprises,"Our app manages Argo Workflows for data teams, enabling complex data &
 CI pipelines in half the time while saving companies hundreds of thousands of dollars annually. We maintain Argo Workflows, an open-source pipeline framework for Kubernetes that’s used in production by Bloomberg, Intuit, Adobe, New Relic, NVIDIA, and many other open-source early adopters. ",https://pipekit.io,https://www.ycombinator.com/companies/pipekit,Remote,9,B2B,B2B -> Infrastructure,"B2B, Infrastructure","Developer Tools, Open Source, Data Engineering, DevOps","Remote, Fully Remote",Early,False,False,False,,https://bookface-images.s3.amazonaws.com/small_logos/04ac699768ee01bea09ec4c32c01f02b31efebd7.png,1630089531
23948,Superwall,staffbar,Summer 2021,Active,Subscription infrastructure & paywall experimentation for mobile apps,"Superwall is a complete, standalone subscription platform for consumer mobile and web apps — backend infrastructure (entitlements, purchase APIs with server-side receipt validation, standardized webhooks, real-time revenue analytics, direct SQL access to subscription data) together with a no-code paywall and experimentation engine, and first-class tooling for AI coding agents. Superwall manages $1.6B+ in annual subscription revenue across 10,000+ apps. The infrastructure layer is free at any scale; the only meter on the platform is revenue that converts through a Superwall-rendered paywall — subscriptions sold anywhere else are never billed.

**Standalone backend:** The highest-revenue apps on Superwall like Cal AI — run their **entire subscription stack on Superwall alone: no second backend, no other subscription platform underneath**. Entitlement state is computed server-side from App Store Server Notifications V2 and Google Play Real-Time Developer Notifications, delivered by Apple and Google directly to Superwall. The largest single app runs **$43.7M ARR entirely on Superwall**; the top 10 together represent $134M+ in annual subscription revenue. Apps that previously ran a different subscription backend complete an automated migration — subscription history, entitlement state, webhook configuration — and run on Superwall alone from then on; imported subscribers are never billed.

**Pricing:** The subscription infrastructure — entitlements, receipt validation, webhooks, analytics, SQL access — is free at any scale, with no revenue threshold and no per-event fees. The paywall product is free up to $10k/month in paywall-attributed revenue, then 1% of paywall-attributed revenue, and only that revenue: an app with $50k/month in subscriptions and no Superwall paywalls in use pays $0/month for the entire platform, and revenue the platform didn't help earn is never billed. Compared with charging a percentage of all subscription revenue, the difference is the base, not the rate.

**Coverage:** Apple App Store, Google Play, and Stripe — including web checkout, external browser checkout from iOS paywalls (App2Web), and products from any external billing system via Custom Store Products. Monetization models: auto-renewing subscriptions, free trials and intro offers, one-time purchases, lifetime unlocks, and consumables. SDKs: iOS & Apple platforms, Android, React Native, Flutter, Expo, Unity, and Web — all open source on [GitHub](https://github.com/superwall). Not just for engineers: growth, product, support, and data teams run monetization from the dashboard, analytics, and SQL access day to day.

**What Superwall does not do:** It does not process payments — Apple, Google, and Stripe do. It does not run virtual-currency or coin-ledger systems, does not track ad revenue, and does not support Amazon or Roku storefronts. For consumer subscription apps on iOS, Android, and the web, it covers the monetization surface end to end.

**Experimentation:** Superwall's published research spans 100M+ analyzed paywall views and 4,500+ paywall A/B tests: multi-page onboarding paywalls convert 37% better than single-page (40M+ opens measured), Cal AI ran 123 experiments and grew monthly revenue 3x+ in 10 months, Planner 5D lifted revenue per user 83% through price testing. Build, target, test, and ship paywalls from the dashboard with no app release.

**Retention:** Free trial reminders, cancellation and decline surveys, transaction-abandon recovery offers, win-back paywalls targeted by subscription state, Apple Retention Messaging on the iOS cancel screen, automated refund protection, and a per-customer timeline for support.

**Agent tooling:** Open-source agent skills for Claude Code, Codex, and other coding agents; an editor MCP server for building live paywalls from the terminal; an embedded dashboard CLI; and direct SQL access to subscription data via the Query API.",https://superwall.com,https://www.ycombinator.com/companies/staffbar,"New York City, NY, USA",25,B2B,"B2B -> Engineering, Product and Design","B2B, Engineering, Product and Design","Developer Tools, Payments, AI","United States of America, America / Canada, Remote, Partly Remote",Early,False,True,False,"Share That, StaffBar",https://bookface-images.s3.amazonaws.com/small_logos/e4505819ade5550ec16c605c15c7ccf142d096de.png,1628553410
23947,Odys Aviation,odys-aviation,Summer 2021,Active,Vertical takeoff and landing aircraft for major airlines,"Odys Aviation (formerly Craft Aero) builds vertical take-off and landing aircraft for major airlines. We cut travel time in half on the world’s busiest routes by using city helipads and local airports.  The company founders are electric propulsion and automotive manufacturing experts who have spent their careers electrifying transportation systems at Virgin Hyperloop, GoogleX, Volvo, and Fisker Automotive. We’ve won two USAF Agility Prime contracts, have pre-orders and options for more than 1,000 aircraft.",https://www.odysaviation.com/,https://www.ycombinator.com/companies/odys-aviation,"Los Angeles, CA, USA",11,Industrials,Industrials -> Aviation and Space,"Industrials, Aviation and Space","Hard Tech, Airplanes, Climate","United States of America, America / Canada, Remote, Partly Remote",Early,False,True,False,Craft Aerospace,https://bookface-images.s3.amazonaws.com/small_logos/bb92431faab2c13dd67bdb6a4ab666997707e604.png,1629562883
23946,Legion Health,legion-health,Summer 2021,Active,Autonomous medical care,"Legion Health is building autonomous medical care, starting with psychiatry. Our AI-native care-delivery platform currently automates 95% of the administrative work required for us to deliver direct patient care. We also became the first company ever to receive regulatory authorization to let AI prescribe psychiatric medications, allowing us to not only collapse health care’s admin costs but also its clinical labor costs—entirely shifting this industry’s economics from humans to tokens.",https://legionhealth.com,https://www.ycombinator.com/companies/legion-health,"San Francisco, CA, USA",11,Healthcare,Healthcare -> Consumer Health and Wellness,"Healthcare, Consumer Health and Wellness","Consumer Health Services, Telehealth, Healthcare, Mental Health, AI","United States of America, America / Canada, Remote, Partly Remote",Growth,False,True,False,,https://bookface-images.s3.amazonaws.com/small_logos/d3ae3f109ad60ca8a6a5c6055ffa946a4d30cd38.png,1624636729
23945,Talus Bio,talus-bio,Summer 2021,Active,Discovering drugs that target the DNA regulome,"We have built a platform that enables drug discovery and development for previously undruggable genome regulators (""the regulome""). We accomplish this by moving drug discovery out of artificial systems where regulome proteins fail to function properly, and back into live human cells. Our technology combines innovations in automated cell processing, next-gen proteomics, and advanced data analytics to measure a drug's effect on the entire regulome in one experiment. ",https://www.talus.bio,https://www.ycombinator.com/companies/talus-bio,"Seattle, WA, USA",16,Healthcare,Healthcare -> Drug Discovery and Delivery,"Healthcare, Drug Discovery and Delivery","Biotech, Genomics, Drug discovery","United States of America, America / Canada, Remote, Partly Remote",Early,False,False,False,,https://bookface-images.s3.amazonaws.com/small_logos/6677b768e2a0c2a30de4f32fc3f4f2dce1baea6a.png,1629819925
23944,hotglue,hotglue,Summer 2021,Active,Native user-facing SaaS integrations for your customers,"hotglue is a tool that helps developers embed user-facing native SaaS integrations into their product with minimal development work, all while allowing the developers to remain in control of the data. hotglue also features a configurable Python-powered transformation layer for you to control how your product receives your customers' data. ",https://hotglue.com,https://www.ycombinator.com/companies/hotglue,"Washington, DC, USA",13,B2B,"B2B -> Engineering, Product and Design","B2B, Engineering, Product and Design","Developer Tools, SaaS, B2B","United States of America, America / Canada",Early,False,True,False,,https://bookface-images.s3.amazonaws.com/small_logos/17fad6e0528ee0136eda2c81609b88c573cddeef.png,1625492255
23943,Artillery,artillery,Summer 2021,Active,"The complete production quality platform. AI-powered E2E testing,…","Supercharge your Playwright E2E testing, run scalable load tests, and automate production monitoring with synthetic checks — all in one platform. Built for engineering teams who want to ship fast without performance & reliability risks.

Used by thousands of developer teams to help keep their production systems fast & reliable.",https://www.artillery.io,https://www.ycombinator.com/companies/artillery,"Limerick, County Limerick, Ireland; Remote",5,B2B,B2B -> Infrastructure,"B2B, Infrastructure","Developer Tools, SaaS, Open Source, DevOps","Ireland, Europe, Remote, Fully Remote",Early,False,False,False,Artillery.io,https://bookface-images.s3.amazonaws.com/small_logos/a011d32c00bf7c32117a20c6a43d0231717faeea.png,1628687851
23885,marketfeed,marketfeed,Summer 2021,Active,Helping Indians make better financial decisions.,"At marketfeed, we're on a mission to help every Indian understand what's wrong with their money and fix it. We're building a new generation of products that turn financial confusion into clear, actionable solutions. Our goal is to empower you to take complete control of your financial future, one smart decision at a time.",https://marketfeed.com,https://www.ycombinator.com/companies/marketfeed,"Bengaluru, KA, India",18,Fintech,Fintech -> Consumer Finance,"Fintech, Consumer Finance","Fintech, Trading, Stocks","India, South Asia, Remote, Partly Remote",Early,False,False,False,fundfolio,https://bookface-images.s3.amazonaws.com/small_logos/2d876ee89747c228cdd24b743705be33b8ec8364.png,1627922443
23884,AOA Dx,aoa-dx-inc,Summer 2021,Active,Blood Test for Early Detection of Ovarian Cancer ,AOA Dx is developing the next frontier in early-stage cancer detection for women through our pioneering work in glycolipids and proprietary biomarker technology. ,https://www.aoadx.com/,https://www.ycombinator.com/companies/aoa-dx-inc,"Denver, CO, USA; Cambridge, MA, USA",25,Healthcare,Healthcare -> Diagnostics,"Healthcare, Diagnostics","Healthcare, Diagnostics, Women's Health","United States of America, America / Canada, Remote, Partly Remote",Early,False,False,False,AOA Dx Inc.,https://bookface-images.s3.amazonaws.com/small_logos/664577ac1be84d91114d755fa8d02fcd2a69deb8.png,1624286416
23862,Contalink,contalink,Summer 2021,Active,We help Accountants automate work and serve their customers online,Contalink is a SAAS  to help accountants in Mexico automate bookkeeping and serve their clients online. We help accountants do bookkeeping 5x faster..,https://www.contalink.com/,https://www.ycombinator.com/companies/contalink,"Monterrey, N.L., Mexico",75,B2B,B2B -> Finance and Accounting,"B2B, Finance and Accounting",,"Mexico, Latin America, Remote, Partly Remote",Early,False,False,False,,https://bookface-images.s3.amazonaws.com/small_logos/2c56e9d679598dde2fac7eb56c0066090a29bcb2.png,1625675150
23845,Agapé,agape,Summer 2021,Active,"Feel close, even when apart. One meaningful conversation at a time.","Agapé is a relationship wellness app that helps you feel close to your friends, family, or partner, even when apart! We curate daily questions to spark meaningful conversations for over 2 million people around the world.",https://www.getdailyagape.com,https://www.ycombinator.com/companies/agape,"Rochester, NY, USA; Remote",6,Healthcare,Healthcare -> Consumer Health and Wellness,"Healthcare, Consumer Health and Wellness",Health & Wellness,"United States of America, America / Canada, Remote, Fully Remote",Early,False,True,False,,https://bookface-images.s3.amazonaws.com/small_logos/3b96ca8ecb533e0ca953bfc1ead417448ab1b9ab.png,1657504336
23832,Reframe,reframe,Summer 2021,Active,App to help people quit or cut back on alcohol use,"Reframe is the leading app to help people cut back on drinking. Reframe uses neuroscience & psychology to help people shift the way they think about drinking & help build great habits. We don't believe in stigma or restrictions. In the past 12 months, Reframe has had over 2M+ users and has helped more people cut back on alcohol use than any other org worldwide.",https://www.joinreframeapp.com/,https://www.ycombinator.com/companies/reframe,"Atlanta, GA, USA",35,Healthcare,Healthcare -> Consumer Health and Wellness,"Healthcare, Consumer Health and Wellness","Mental Health Tech, Consumer Health Services, Consumer","United States of America, America / Canada, Remote, Partly Remote",Growth,False,True,False,"Reframe, Reframe (Glucobit)",https://bookface-images.s3.amazonaws.com/small_logos/1f29cfaa35ab3e5d69c3ad18e07fdadaf7461ea3.png,1624239750
23820,Blixo,blixo,Summer 2021,Active,Accounts receivable automation to help companies get paid faster ,"Blixo is an all-in-one replacement for things like subscription management, invoicing, collections, and cash application software.

Blixo improves conversion rates, increases average order size, drives subscriber loyalty, collects unpaid bills, speeds up cashflow, and is the single source of truth for reconciled real time revenue data.",https://blixo.com,https://www.ycombinator.com/companies/blixo,"Miami, FL, USA; Remote",2,B2B,B2B -> Finance and Accounting,"B2B, Finance and Accounting","Fintech, SaaS, Payments","United States of America, America / Canada, Remote, Fully Remote",Early,False,False,False,,https://bookface-images.s3.amazonaws.com/small_logos/387bbc46ef24e2458068251a26e8567f41af9908.png,1626374878
23819,Inversion Space,inversion-space,Summer 2021,Active,Turning space into a transportation layer for Earth,,https://www.inversionspace.com/,https://www.ycombinator.com/companies/inversion-space,"Los Angeles, CA, USA",28,Industrials,Industrials -> Aviation and Space,"Industrials, Aviation and Space","Hard Tech, Hardware, Transportation, Aerospace","United States of America, America / Canada",Growth,False,False,False,,https://bookface-images.s3.amazonaws.com/small_logos/e2e06a383cc8407d77b06a0c887415abd235111b.png,1629401735
23817,Epsilon3,epsilon3-inc,Summer 2021,Active,"AI-Powered ERP, MES, and Test Software for Complex Operations","Epsilon3 is the AI-Powered ERP, MES, and Test Management Software for Complex Engineering, Manufacturing, & Operations. We are a growing team of engineers from SpaceX, NASA, Google, and Stanford with unique experience planning and executing over 100 space missions. We are applying what we learned to develop web-based solutions that make building and operating advanced systems as efficient, error-free, and enjoyable as possible. Want to join a fully remote, US-based SaaS startup on a mission to solve complex problems in aerospace, energy, defense, maritime, and biotech? Apply today!",https://www.epsilon3.io/,https://www.ycombinator.com/companies/epsilon3-inc,"Los Angeles, CA, USA; Remote",12,B2B,B2B -> Operations,"B2B, Operations","Commercial Space Launch, SaaS, Space Exploration, B2B, Enterprise Software","United States of America, America / Canada, Remote, Fully Remote",Growth,False,True,False,"Epsilon3, Inc.",https://bookface-images.s3.amazonaws.com/small_logos/6bb6677a8475d7e45f3bdaa25abe71e53f68ffca.png,1625061327
23796,Slope,slope,Summer 2021,Active,The B2B Payments Platform ,Accept and reconcile B2B payments seamlessly.,http://www.slopepay.com,https://www.ycombinator.com/companies/slope,"San Francisco, CA, USA",16,Fintech,Fintech -> Payments,"Fintech, Payments","Artificial Intelligence, Fintech, Machine Learning, Payments, Fraud Detection","United States of America, America / Canada",Growth,False,False,False,AirDesk,https://bookface-images.s3.amazonaws.com/small_logos/bb362ee6e3bfce450e6a8196b555db1534feef1b.png,1625009192
23783,Promakhos Therapeutics,promakhos-therapeutics,Summer 2021,Active,A therapeutics platform for curing inflammatory disorders,"We are building a platform of bacterial molecules to awaken our body’s innate ability to control inflammation and heal. Our first indication is Crohn’s Disease, which affects over 500,000 Americans at an annual cost of $10B. After Crohn's disease, we are going for type 1 Diabetes and Multiple Sclerosis.",https://www.promakhos.com/,https://www.ycombinator.com/companies/promakhos-therapeutics,"Boston, MA, USA",2,Healthcare,Healthcare -> Therapeutics,"Healthcare, Therapeutics",Therapeutics,"United States of America, America / Canada",Early,False,False,False,Promakhos Therapeutics Inc.,https://bookface-images.s3.amazonaws.com/small_logos/2bf583e0e272b341a471dca1a79bbef1feb19285.png,1626969479
23781,Openlayer,openlayer,Summer 2021,Active,The fastest way to ship airtight AI,Openlayer is the governance platform for AI applications.,https://openlayer.com,https://www.ycombinator.com/companies/openlayer,"San Francisco, CA, USA",24,B2B,"B2B -> Engineering, Product and Design","B2B, Engineering, Product and Design","AIOps, Artificial Intelligence, Developer Tools, Generative AI, Machine Learning","United States of America, America / Canada, Remote, Partly Remote",Growth,False,False,False,"Unbox, OpenLayer",https://bookface-images.s3.amazonaws.com/small_logos/35b3b987d05aeeeea2e5ed41eb9bc474ea3d6529.png,1625008531
23780,PaletteHQ,palettehq,Summer 2021,Active,Manage sales commissions and sales performance,"PaletteHQ makes it easy for B2B companies to calculate sales commissions and boost sales performance.

We built a SaaS platform that non tech people can implement in a day, connect to their CRM, accounting software or ERPs, and calculate commissions automatically instead of using excel spreadsheets or BI tools.",https://palettehq.com/en,https://www.ycombinator.com/companies/palettehq,"Paris, Île-de-France, France; Remote",14,B2B,B2B -> Sales,"B2B, Sales","SaaS, B2B, Sales","France, Europe, Remote, Fully Remote",Early,False,True,False,,https://bookface-images.s3.amazonaws.com/small_logos/c9bce72c2317a7d021e57753b48e391f11396ca9.png,1625652033
23777,Cococart,cococart,Summer 2021,Active,Empowering local businesses to sell online.,"Cococart is the easiest way for anyone to sell anything online. Merchants can set up a store with no code, no design, and no app downloads. 200 million businesses worldwide still use WhatsApp or phone to take orders — but with Cococart, they can set up a website with no learning curve.",https://www.cococart.co,https://www.ycombinator.com/companies/cococart,"Madrid, Community of Madrid, Spain; Singapore, Singapore; Remote",18,B2B,B2B,B2B,"SaaS, B2B, E-commerce","Spain, Singapore, Europe, Southeast Asia, Remote, Fully Remote",Early,False,False,False,,https://bookface-images.s3.amazonaws.com/small_logos/0231dbdea9ea0245b47c0551525efdd857307371.png,1627409841
23776,Palla,palla,Summer 2021,Active,P2P Cross border payments,"Palla enables instant P2P payments from the US to other countries, a $65BN a year market. Sending and receiving remittances today is slow, time consuming and inconvenient for all parties, as it's a mostly cash based process. With Palla, senders in the US can do it in a few taps of their phone and receivers get their money in seconds. ",https://www.palla.com,https://www.ycombinator.com/companies/palla,Remote,22,Fintech,Fintech -> Payments,"Fintech, Payments",,"Remote, Fully Remote",Early,False,False,False,,https://bookface-images.s3.amazonaws.com/small_logos/3f1d92ba064533486991db02e1726ce77eae0eba.png,1626880377
23451,MarqVision,marqvision,Summer 2021,Active,IP operating software for brands and content companies,"MarqVision’s mission is to protect and build a future shaped by original ideas, innovations, and creativity. As a leading online brand protection solution, we help global brands identify and remove counterfeits and combat piracy from over 1,500 platforms and thousands of rogue websites in over 118 countries. In a time when counterfeiting poses an increasingly serious challenge, we believe that democratizing legal expertise and access to the latest in generative AI technology is critical for continuing to support the inventors, developers, and artists of the world who work tirelessly to deliver safe, high-quality products.

MarqVision’s technology powers everything from detection, monitoring, and even enforcement to protect brands at scale. Founded in 2020 by Harvard Law graduates, MarqVision is proudly backed by Altos Ventures, DST Global Partners, Softbank, Atinum Investments and Y Combinator. Our commitment to innovation has also been recognized with a prestigious 2022 Innovation Award from LVMH Louis Vuitton Moët Hennessy (LVMH), and we are honored to be part of the LVMH accelerator program, La Maison des Startups, at the Station F incubator. As we bring forth the next evolution of brand protection, we invite businesses everywhere to join us in safeguarding the creativity that drives our world.",https://www.marqvision.com/,https://www.ycombinator.com/companies/marqvision,"Los Angeles, CA, USA",200,B2B,B2B,B2B,"Artificial Intelligence, SaaS, Computer Vision, B2B, LegalTech","United States of America, America / Canada, Remote, Partly Remote",Growth,False,False,False,,https://bookface-images.s3.amazonaws.com/small_logos/b993f487d88442acd03e44f8b8ba2ff9dd1c72c7.png,1624608504
23120,Slash,slash,Summer 2021,Active,"Banking, corporate cards, stablecoin payments – available globally.","Slash is America's leading business banking platform. Backed by NEA, Menlo Ventures, Stanford University, and the founders of Tinder and Plaid, Slash works with over 5000 mid market businesses and moves $30bn per year across all payment rails. 

Businesses come to Slash for three simple reasons:
1. We are the ""Costco"" of business banking. You get the highest cashback on your card spend and the highest yield on your treasury account.
2. We offer a bunch of free software that saves you and your finance team time: expense management, accounting automations, invoicing – all for free.
3. We're available worldwide. Businesses in 100+ countries can sign up for a USD account on Slash. 

We offer businesses:
1. Deposit accounts with free outgoing wire and ACH transfers. 
2. Unlimited virtual cards with up to 2% cash back.
3. Integrations to all major accounting platforms.
4. Invoicing, expense management, and bill pay software.
5. Stablecoin payments
6. An powerful card creation and payments API",https://www.slash.com/,https://www.ycombinator.com/companies/slash,"San Francisco, CA, USA",70,Fintech,Fintech,Fintech,Fintech,"United States of America, America / Canada",Growth,False,True,False,TabTab,https://bookface-images.s3.amazonaws.com/small_logos/aa92dfb25b5a61583fdba17aadbf892376cab5ff.png,1630082874
24866,Satsuma,satsuma,Summer 2021,Acquired,Reliable blockchain indexing & querying for web3 engineering teams.,"Satsuma is a developer tool for building applications on top of real-time blockchain data. Our product lets developers take decoded data from multiple chains, customize it for their use cases, and access it through API endpoints.

Blockchains serve as distributed databases for these products, holding their most important data. However, it’s difficult to access and query that data. We believe this friction is an enormous blocker for web3 developers and that better tooling will enable mass adoption for web3.

We’re a founding team of engineers, having built data infrastructure and product as early employees at Airtable, Heap, and Y Combinator.",https://www.satsuma.xyz/,https://www.ycombinator.com/companies/satsuma,"San Francisco, CA, USA; Remote",5,B2B,B2B -> Infrastructure,"B2B, Infrastructure","Developer Tools, SaaS, Crypto / Web3, Data Engineering","United States of America, America / Canada, Remote, Fully Remote",Early,False,False,False,Riser,https://bookface-images.s3.amazonaws.com/small_logos/534b4a727c846e2797022922053e8d79d2f196d2.png,1652717569
24845,Verano Health,verano-health,Summer 2021,Acquired,Nonprofit telehealth coaches for underserved Americans on Medicaid,"We're building the nation's largest digital diabetes platform for underserved Americans. There are 80 million Americans on Medicaid and 30% or more have chronic disease. Less than 1% of patients with diabetes receive needed training.

We provide a SMS-based telehealth platform to people with chronic disease on Medicaid. Our proven Healthy at Home program uses 2-way SMS interactions, weekly diabetes coaching visits, and evidence-based health education. 

Our vision is to reach millions of Americans that lack at-home support for chronic disease. We're billing health insurance $186 for telehealth visits and have 2 contracts underway. With your support, we can be a fully sustainable nonprofit by 2023.",https://www.veranohealth.org/,https://www.ycombinator.com/companies/verano-health,"San Francisco, CA, USA; Remote",3,Healthcare,Healthcare,Healthcare,"Mental Health Tech, Consumer Health Services, Healthcare IT","United States of America, America / Canada, Remote, Fully Remote",Early,False,False,True,CoachMe Health,https://bookface-images.s3.amazonaws.com/small_logos/878138d78cf12a2804dbaa8d5ac3805115d3d5b8.png,1627998598
24842,FirstIgnite,firstignite,Summer 2021,Acquired,AI-Powered Business Development for Scientific Organizations,FirstIgnite builds AI powered business intelligence tools.,https://firstignite.com,https://www.ycombinator.com/companies/firstignite,Remote,9,B2B,B2B,B2B,,"Remote, Fully Remote",Early,False,False,False,,https://bookface-images.s3.amazonaws.com/small_logos/6093f8dee5d8e445d2bff9f30caeb8397b0ec2eb.png,1624624276
24830,GamerPay,gamerpay,Summer 2021,Acquired,We are the marketplace for trading gaming skins & assets without scams,"GamerPay is a marketplace for trading gaming skins and assets without scams. We do this by integrating with games to instantly validate all trades.

We launched 3 months ago and transacted 245.000 dollars growing 30% MoM. 

Talking to 5.000 gamers we learned that 46% have been scammed more than once. Over half are minors, who are stuck trading for cash on social media due to their age. 

We are the first to build a fully compliant system for parental consent, enabling the majority of gamers to trade legally and giving the parents peace of mind.

There are 215 million trades annually in games we support. We make 7 dollars on average per trade. So a $1.5B initial market, growing fast alongside gaming and blockchain game economies.   

The team behind previously co-founded the largest transactional marketplace for secondhand high end clothes in Denmark, with 1 million users and a yearly transacted GMV north of $40 million.",https://gamerpay.gg,https://www.ycombinator.com/companies/gamerpay,"Copenhagen, Denmark",6,Consumer,Consumer -> Gaming,"Consumer, Gaming","Fintech, Marketplace, Gaming","Denmark, Europe",Early,False,False,False,,https://bookface-images.s3.amazonaws.com/small_logos/f8dc7e6411f0e24078034824dc1838738dc806d3.png,1624993690
24821,Pactima,pactima,Summer 2021,Acquired,Live video signing for real-time agreements,"Pactima is a value-centric, fast-growing, and venture-backed company that’s transforming the manner in which businesses conduct transactions in our remote world.

Our flagship product, Live eSignatures<sup>TM</sup>, is a real-time solution that allows people to view and sign documents while simultaneously hosting a secured video call. This easy-to-use solution allows transactions that could only be done in-person to now be performed online.",https://pactima.com/,https://www.ycombinator.com/companies/pactima,"Ottawa, ON, Canada; Remote",3,B2B,B2B -> Legal,"B2B, Legal","Documents, SaaS, B2B","Canada, America / Canada, Remote, Fully Remote",Early,False,False,False,Agreema,https://bookface-images.s3.amazonaws.com/small_logos/cd5b61907c3569a6b9a7653c553f169ebd5b23c1.png,1625764563
24817,Bytebot,bytebot,Summer 2021,Acquired,Bytebot is the open source container for AI desktop agents.,"Bytebot simplifies and streamlines the development of computer use agents with a ready made container for desktop automation, including APIs for mouse movements, keyboard input, and screenshot capture. 

The container enables developers to build robust, dynamic computer use agents that can be configured and run anywhere.",https://www.bytebot.ai/,https://www.ycombinator.com/companies/bytebot,"Boston, MA, USA; Remote",3,B2B,"B2B -> Engineering, Product and Design","B2B, Engineering, Product and Design","Generative AI, Robotic Process Automation, SaaS, AI, AI Assistant","United States of America, America / Canada, Remote, Fully Remote",Early,False,False,False,"tantl, SaveCmd, Tantl",https://bookface-images.s3.amazonaws.com/small_logos/98cd71fc795fe80387da92b38a105f7c275db52d.png,1628647063
24701,Byte Kitchen,byte-kitchen,Summer 2021,Acquired,Increasing restaurant profitability through our AI Operating System,"Byte is able to quickly expand the geographic footprint of any given brand with minimal up front investment by licensing their IP, and rolling out their cuisine across a network of next generation kitchens optimized for delivery, pick up, and take out.
",https://www.bytekitchen.io/,https://www.ycombinator.com/companies/byte-kitchen,"San Francisco, CA, USA; San Mateo, CA, USA",5,Consumer,Consumer -> Food and Beverage,"Consumer, Food and Beverage","Ghost Kitchens, B2B, E-commerce","United States of America, America / Canada",Early,False,False,False,Byte Kitchen Limited,https://bookface-images.s3.amazonaws.com/small_logos/5afe14ba19b9cdb3da5c7cc7bd71d9b8db706dc5.png,1626654510
24649,Kapacity.io,kapacity-io,Summer 2021,Acquired,Reducing energy costs & emissions in buildings.,Kapacity.io is building the future of smart energy grids with an electricity Load Balancing service focused on buildings.,https://kapacity.io,https://www.ycombinator.com/companies/kapacity-io,"Helsinki, Finland",7,Industrials,Industrials -> Energy,"Industrials, Energy","Real Estate, Climate, Renewable Energy","Finland, Europe",Early,False,False,False,,https://bookface-images.s3.amazonaws.com/small_logos/371852e7c57c58247dd6d4d5010a083c33b949f5.png,1625593591
24627,Nasdisc,nasdisc,Summer 2021,Acquired,"A marketplace for vinyl, cassettes and cds","Nasdisc is a marketplace for the $4B worth of records purchased every year.

The vinyl market has seen exponential growth in the past decade - the first 6 months of this year has already seen an increase of 108% in sales. Our platform takes a 12% cut, making this a $400mm opportunity that is more than doubling every year.

Pressing plants are backed up years out, bots buy limited releases in seconds, and record prices are skyrocketing in both retail and aftermarket sales. Despite this growth, the only dedicated marketplace is difficult to use, doesn’t process transactions, yet facilitates over $600mm in vinyl exchanges per year. 

This is why I finally decided to quit my job at Google and recruit my best friends from college to fix it. We’re all software engineers and have been passionate about music and vinyl since we were kids, and have $50k in records ourselves.

We started building a marketplace in July and launched our website 4 weeks ago. We now have $1k / week in sales, and $50k in listings.",https://www.nasdisc.com,https://www.ycombinator.com/companies/nasdisc,"San Francisco, CA, USA",4,Consumer,Consumer,Consumer,"Art Trading Platforms, Marketplace, E-commerce","United States of America, America / Canada, Remote, Partly Remote",Early,False,False,False,"recordex (temporary), discops, nasdisc",https://bookface-images.s3.amazonaws.com/small_logos/79994d20b9593a1de0a8c008c0d68ca04c0c1aa1.png,1628106674
24604,Telivy,telivy,Summer 2021,Acquired,Automate your cyber security risk assessments,"Telivy helps small and medium businesses purchase the best cyber insurance coverage. Our proprietary ML-based risk platform assesses insurability gaps, offers remediation plans and brokers insurance quotes from A+ rated carriers. ",https://www.telivy.com,https://www.ycombinator.com/companies/telivy,"San Francisco, CA, USA",6,B2B,B2B -> Security,"B2B, Security","Security, Cybersecurity","United States of America, America / Canada, Remote, Partly Remote",Early,False,False,False,"Telivy, Inc.",https://bookface-images.s3.amazonaws.com/small_logos/9c2b737c315b075b967ccb0e8aa0683e1b37cef2.png,1629349306
24587,Aer,aer,Summer 2021,Acquired,Compound compliance: the central hub for meeting SEC obligations ,"Aer Compliance is Rippling for compliance, combining Code of Ethics, marketing, calendars, filings, workflows, and more in a single place.",https://www.aercompliance.com/,https://www.ycombinator.com/companies/aer,"New York City, NY, USA; New York, NY, USA",18,Fintech,Fintech,Fintech,"Fintech, B2B, Regtech","United States of America, America / Canada, Remote, Partly Remote",Early,False,False,False,Argus,https://bookface-images.s3.amazonaws.com/small_logos/e2cb473ed161535672dc3db487d2e70dec2a74ec.png,1627992245
24544,Onfolk,onfolk,Summer 2021,Acquired,Gusto for the UK,"We make it easy for growing teams to set up and run their payroll & HR (instead of a mess of spreadsheets, poorly integrated tools, and emails with accountants).

- 1 min to run payroll
- 2 mins to onboard new starters
- Hands-off pension & accounting integrations
- Centralised employee info, time-off, and reporting

Our team are software engineers who spent 4 years scaling Monzo from 400k to 6m customers. While at Monzo we repeatedly got paid incorrectly by their poor payroll providers. So we decided to build the product that they should have used from day 1.

We’ve gained certification as a payroll software from the UK government.",http://onfolk.com,https://www.ycombinator.com/companies/onfolk,"London, England, United Kingdom; Remote",4,B2B,B2B -> Human Resources,"B2B, Human Resources","SaaS, B2B, Payroll","United Kingdom, Europe, Remote, Fully Remote",Early,False,False,False,Hyko,https://bookface-images.s3.amazonaws.com/small_logos/081329c18df1107cd5295eed61df492cf1ff7694.png,1625588022
24509,Mentum,mentum,Summer 2021,Acquired,AI-Powered Assistant for Procurement and Strategic Sourcing,"Mentum helps procurement and supply chain teams streamline strategic sourcing with AI, transforming unstructured data into actionable insights for faster decisions and cost savings. Backed by Google’s Gradient Ventures and Y Combinator, we serve industries like CPG, energy, automotive, and aerospace.",http://getmentum.com,https://www.ycombinator.com/companies/mentum,"San Francisco, CA, USA",2,B2B,B2B -> Supply Chain and Logistics,"B2B, Supply Chain and Logistics","Artificial Intelligence, SaaS, B2B, Supply Chain, Procurement","United States of America, America / Canada, Remote, Partly Remote",Early,False,False,False,,https://bookface-images.s3.amazonaws.com/small_logos/bc99723b9a442d33cb7e09f56859c099b60616c8.png,1626372475
24507,Warrant,warrant,Summer 2021,Acquired,Authorization and access control as a service.,"Warrant is an open source authorization service that helps developers implement and enforce access control in their applications. Warrant serves as a dedicated, centralized platform for handling user authorization and access control so engineering teams can focus on building their core products.",https://warrant.dev/,https://www.ycombinator.com/companies/warrant,"Los Angeles, CA, USA; San Francisco, CA, USA; Remote",3,B2B,B2B -> Infrastructure,"B2B, Infrastructure","Developer Tools, B2B, Open Source, API","United States of America, America / Canada, Remote, Fully Remote",Early,False,False,False,,https://bookface-images.s3.amazonaws.com/small_logos/0463ea40224ab10e82c931c492806150172da7a0.png,1625099356
24443,Inflow,inflow,Summer 2021,Acquired,A self-help app for people to manage their ADHD.,"Inflow is a self-help app for people to manage their ADHD. They provide support through psychoeducation, habit development, and community.",https://getinflow.io/,https://www.ycombinator.com/companies/inflow,"London, England, United Kingdom; New York, NY, USA",20,Healthcare,Healthcare -> Therapeutics,"Healthcare, Therapeutics","Mental Health Tech, Consumer Health Services","United Kingdom, United States of America, Europe, America / Canada, Remote, Partly Remote",Early,False,False,False,,https://bookface-images.s3.amazonaws.com/small_logos/63a830ded6794d91b1e36abf5ae5bb0cb246fff3.png,1630088307
24398,Arengu,arengu,Summer 2021,Acquired,Build frictionless signup flows in minutes,"Arengu allows developers to build frictionless signup flows in minutes. Large companies like Airbnb, Uber or Revolut, dedicate a full engineering team to build and optimize their signup flows. Most companies cannot dedicate these resources, and Arengu helps them deliver an optimized signup flow that boosts conversion rates by 20-30%.",https://www.arengu.com,https://www.ycombinator.com/companies/arengu,"A Coruña, GA, Spain; Remote",10,B2B,B2B,B2B,"Developer Tools, SaaS, B2B","Spain, Europe, Remote, Fully Remote",Early,False,False,False,,https://bookface-images.s3.amazonaws.com/small_logos/c7ba1ffbb38b5e4b2a1eb85f726fa882c6f53514.png,1625551106
24369,Mable,mable,Summer 2021,Acquired,First personalized migraine clinic using genetics and telehealth.,"Mable is a personalized migraine clinic using DNA to find and provide the right medication alongside continuous expert care

Using our approach, patients have an 80% higher treatment satisfaction rate, have one extra day per week to enjoy their life and get 55% pain reduction.
",https://www.trymable.com/,https://www.ycombinator.com/companies/mable,"London, England, United Kingdom; San Francisco, CA, USA; Remote",7,Healthcare,Healthcare -> Medical Devices,"Healthcare, Medical Devices","Health Tech, Telehealth, Genomics","United Kingdom, United States of America, Europe, America / Canada, Remote, Fully Remote",Early,False,False,False,"Neurolytic Healthcare Ltd., Neurolytic Healthcare, DiveHealth, mable",https://bookface-images.s3.amazonaws.com/small_logos/1911bd76396413676c56a0b5104f3203eb60b44e.png,1629725379
24348,Cloudthread,cloudthread,Summer 2021,Acquired,Eliminate Cloud Waste. Attribute and Track Savings. Engage Engineers.,"Cloudthread is an analytics platform that helps engineering teams build cost efficiently in the cloud. We were behind Lyft's internal cloud cost management system and now we use that deep expertise to help organizations save hours of engineering time, reduce cloud bills, and prevent costly re-architectures.",https://cloudthread.io,https://www.ycombinator.com/companies/cloudthread,"San Francisco, CA, USA",8,B2B,B2B -> Analytics,"B2B, Analytics","Developer Tools, FinOps, B2B, Workflow Automation, Cloud Computing","United States of America, America / Canada, Remote, Partly Remote",Early,False,False,False,,https://bookface-images.s3.amazonaws.com/small_logos/901ce3d4d85e5af8508dc541cdc117afcf14c583.png,1628208703
24329,inai,inai,Summer 2021,Acquired,Segment for global payments,"inai provides a single integration for global payments to help companies take digital payments across the globe.  

Its a single integration for a merchant that will provide connections to all payment gateways ( Stripe/ Adyen/ Braintree), wallets ( Paypal, Apple Pay, Google Pay) , BNPL providers ( Klarna / affirm / afterpay), fraud ( Sift , riskified etc). 

Merchants will have a no-code dashboard to customize the checkout by region ( Show Apple pay and stripe in US along with USD pricing but show Klarna, Google Pay and Sofort in Germany with pricing in Eur for e.g)

Merchants can also easily switch between providers and your data stays with you on Inai rather than with PSP like stripe making switch to Adyen or Braintree easy.",https://www.inai.io,https://www.ycombinator.com/companies/inai,"London, England, United Kingdom; Delaware City, DE, USA; Remote",14,Fintech,Fintech -> Payments,"Fintech, Payments","Fintech, SaaS","United Kingdom, United States of America, Europe, America / Canada, Remote, Fully Remote",Early,False,False,False,,https://bookface-images.s3.amazonaws.com/small_logos/da59c4349b82e705e29606d58cbb24dfe644ab79.png,1626638856
24250,Breadcrumbs.io,breadcrumbs-io,Summer 2021,Acquired,No-code scoring engine identifying your most engaged upsell opps,Breadcrumbs analyzes customer and prospect data to identify hidden revenue opportunities. It does this through a no-code scoring engine that can be set up in minutes rather than months. Because of Breadcrumbs sales teams can now focus on the right opportunity at the right time.,http://www.breadcrumbs.io,https://www.ycombinator.com/companies/breadcrumbs-io,"San Francisco, CA, USA; Remote",20,B2B,B2B -> Sales,"B2B, Sales","Analytics, No-code","United States of America, America / Canada, Remote, Fully Remote",Early,False,False,False,,https://bookface-images.s3.amazonaws.com/small_logos/e428b571dcd57f52e3df670e2dc5bdc62d03aaa2.png,1626315567
24241,Laudable,laudable,Summer 2021,Acquired,App for B2B companies to find customer stories and advocates,"Laudable finds happy customers and their success stories hiding in your existing data - like call recordings, NPS, salesforce logs - and auto-generates case study content.",https://www.laudable.com,https://www.ycombinator.com/companies/laudable,"San Francisco, CA, USA; United States; Remote",5,B2B,B2B -> Marketing,"B2B, Marketing","SaaS, B2B, Video","United States of America, America / Canada, Remote, Fully Remote",Early,False,False,False,,https://bookface-images.s3.amazonaws.com/small_logos/eb7d6cfef41904da6758d65129b0adeffca2b2e1.png,1627532302
24237,Sproutfi,sproutfi,Summer 2021,Acquired,Latin Americas' first investing social network.  Learn. Share. Invest.,"We're on a mission to make investing in the US markets accessible and fair to everyone in Latin America.  Our social features make it seamless for investors to mingle, share investment ideas and learn from each other.   We make it super easy to invest in thousands of US stocks & ETFs, with as little as a $1 USD, no account minimums, and no fees.  

Our team is composed of highly experienced builders hailing from Goldman Sachs, E*Trade Financial, Nubank, ING, Wise...

",,https://www.ycombinator.com/companies/sproutfi,"São Paulo, SP, Brazil",17,Fintech,Fintech,Fintech,Fintech,"Brazil, Latin America, Remote, Partly Remote",Early,False,False,False,"Jump Invest, Sprout",https://bookface-images.s3.amazonaws.com/small_logos/ca5175ef8306416ab49073e12201559f42064d62.png,1625602315
24207,Keyri,keyri,Summer 2021,Acquired,Secure fraud prevention and authentication platform for developers,"Keyri helps companies implement simple, secure anti-fraud and authentication solutions to delight users and keep bad actors off their platform. Keyri's mobile application and browser fingerprinting suite ties user identities to trusted devices, preventing fraudulent activity such as account opening, account takeovers, bot attacks, and referral/promo abuse. Keyri is able to establish an immutable device fingerprint for every device, alerting companies of any suspicious devices during sign up, log in, or subsequent authentication events.

Keyri also offers a passwordless authentication suite that leverages Passkeys, WebAuthn, and QR codes to enable biometric authentication on all platforms and devices, providing a seamless user experience, strengthening multi-factor account security, and reducing reliance on other tedious and unsecure authentication methods.",https://keyri.com/,https://www.ycombinator.com/companies/keyri,"San Francisco, CA, USA; Remote",5,B2B,B2B -> Security,"B2B, Security","SaaS, B2B, Security","United States of America, America / Canada, Remote, Fully Remote",Early,False,False,False,,https://bookface-images.s3.amazonaws.com/small_logos/9d204b37489e1bf0407fdab24bd4c6ec609fffd5.png,1627569946
24197,Hilos,quid,Summer 2021,Acquired,Close and activate your customers on WhatsApp,"Platform for WhatsApp API that allows you Profile leads, automate follow-ups and integrate with your favorite tools to increase conversion.

Hilos allows startups and SMBs to run their entire business on WhatsApp, without code. We focus specifically on letting businesses build apps within WhatsApp that integrate with other systems (CRMs, Databases, Payment providers, etc.).",https://hilos.io,https://www.ycombinator.com/companies/quid,"Mexico City, CDMX, Mexico; Remote",5,B2B,B2B -> Marketing,"B2B, Marketing","SaaS, B2B, Productivity, Messaging","Mexico, Latin America, Remote, Fully Remote",Early,False,False,False,"Instatienda, Quid",https://bookface-images.s3.amazonaws.com/small_logos/e12060432546be212b6fccb6641d81cb777072e1.png,1628792250
24195,Tarsal,tarsal,Summer 2021,Acquired,Data pipeline for your security data lake.,"Tarsal is a data pipeline custom built for security teams. As security data grows 25% year over year, security teams desperately need access to best-in-class data infrastructure. Tarsal bridges the gap between the modern data stack and security teams, pioneering the modern security data stack. 
",https://www.tarsal.co/,https://www.ycombinator.com/companies/tarsal,"New York City, NY, USA; San Francisco, CA, USA; Remote",10,B2B,B2B -> Security,"B2B, Security","B2B, Cybersecurity, Big Data, Data Engineering","United States of America, America / Canada, Remote, Fully Remote",Early,False,False,False,"V-diff, vdiff",https://bookface-images.s3.amazonaws.com/small_logos/75747b61e59eadbd8831c406fbe1beed2fd4957b.png,1680491615
24176,Maroo,maroo,Summer 2021,Acquired,CRM for creatives (acquired by Helium Ventures),,https://maroo.us/,https://www.ycombinator.com/companies/maroo,"New York City, NY, USA; Remote",5,B2B,B2B -> Finance and Accounting,"B2B, Finance and Accounting","Fintech, SaaS, B2B","United States of America, America / Canada, Remote, Fully Remote",Early,False,False,False,,https://bookface-images.s3.amazonaws.com/small_logos/6eaf6cd73a245bd22f839792c218cc3d7342c02b.png,1624484595
24154,Tablevibe,tablevibe-co,Summer 2021,Acquired,Direct Ordering Software for Restaurants,"We help restaurants launch their own online ordering store and sell directly to customers.

This reduces costs by up to 80% compared to traditional delivery apps, grows sales, and gives restaurants full ownership of their customer data.

Our software automatically books riders for on-demand delivery at low, distance-based rates.

Curious to learn more? Book a demo at tablevibe.co/democall.",https://www.tablevibe.co,https://www.ycombinator.com/companies/tablevibe-co,"Singapore, Singapore; Remote",10,B2B,B2B -> Retail,"B2B, Retail","SaaS, E-commerce, Food Tech, Retail","Singapore, Southeast Asia, Remote, Fully Remote",Early,False,False,False,Tablevibe.co,https://bookface-images.s3.amazonaws.com/small_logos/9212f9f0b96b04ad6f1ea1e8d1edd948fcc6ea81.png,1624604887
24136,MadEats,madeats,Summer 2021,Acquired,Online delivery-only restaurant group in the Philippines,"MadEats is an online delivery-only restaurant group in the Philippines, building affordable, high margin food brands by using our own ghost kitchens. 

Since we use ghost kitchens, we don’t have to spend for expensive dining areas and wait staff. We can spend more money on growing our food brands, better food, and making better delivery experiences.
",,https://www.ycombinator.com/companies/madeats,"Makati, NCR, Philippines",,Consumer,Consumer -> Food and Beverage,"Consumer, Food and Beverage","Ghost Kitchens, E-commerce","Philippines, Southeast Asia, Remote, Partly Remote",Early,False,False,False,,https://bookface-images.s3.amazonaws.com/small_logos/da7ac5641874c143a5cbbb11415e9ddf6446888f.png,1627559016
24135,Sleek,sleek,Summer 2021,Acquired,Browser automation for businesses.,Sleek builds AI agents that automate important eCommerce flows for online shoppers. We work with consumer businesses to power these experiences across mobile and desktop via the browser.,https://www.onsleek.com/,https://www.ycombinator.com/companies/sleek,"Toronto, ON, Canada",5,B2B,B2B,B2B,"Artificial Intelligence, Machine Learning, E-commerce","Canada, America / Canada, Remote, Partly Remote",Early,False,False,False,"Avery, HeyAvery, TBA",https://bookface-images.s3.amazonaws.com/small_logos/d66df5c1e4eac0579c54f345375ef14714c7b02b.png,1629234147
24049,Deed,deed,Summer 2021,Acquired,Making it easy for employees to donate and volunteer with good causes.,"Deed makes it easy for employees to donate to their favorite charities and volunteer with great causes at work. Companies like Airbnb and Stripe use Deed to increase employee retention and happiness. Since launching publicly in January, we’ve increased our logo count by 4X with companies like DoorDash, Box, and Lob. We did this by making sure employees have the same awesome experience using their workplace giving tool as they do with their favorite consumer apps.",https://www.joindeed.com,https://www.ycombinator.com/companies/deed,"New York City, NY, USA; New York, NY, USA",40,B2B,B2B -> Human Resources,"B2B, Human Resources","SaaS, B2B, Enterprise","United States of America, America / Canada, Remote, Partly Remote",Growth,False,False,False,,https://bookface-images.s3.amazonaws.com/small_logos/1b80a4df0b9154b81c10f1f6293cdab63dc635a1.png,1625240165
24044,Mailmodo,mailmodo,Summer 2021,Acquired,No-code email marketing platform to send forms & widgets within emails,"Mailmodo is an email marketing software that helps marketers create app-like experiences in email by adding forms, shopping cart, calendar, NPS and more widgets within the email. Our interactive emails reduce the number of steps for users, thereby increasing email conversions. You can use it to collect feedback from your users, book meetings with prospects, recover abandon carts, generate leads, and more all within emails.",https://www.mailmodo.com/,https://www.ycombinator.com/companies/mailmodo,"San Francisco, CA, USA; Remote",70,B2B,B2B -> Marketing,"B2B, Marketing",SaaS,"United States of America, America / Canada, Remote, Fully Remote",Early,False,False,False,,https://bookface-images.s3.amazonaws.com/small_logos/2cd8af0cab42bc6084be64d866151163c3120d15.png,1624630315
24005,Goodkind,goodkind,Summer 2021,Acquired,Student communications platform for higher education,"Universities and colleges use Goodkind to build their student communications via sms, video, chat, mail and more. ",https://www.goodkind.com/,https://www.ycombinator.com/companies/goodkind,"Toronto, ON, Canada",30,B2B,B2B -> Sales,"B2B, Sales","Education, SaaS, B2B, Video","Canada, America / Canada, Remote, Partly Remote",Early,False,False,False,,https://bookface-images.s3.amazonaws.com/small_logos/19b2d3b1ab50845c2cb174d05f4201d30e698595.png,1625863554
23986,Fingo Africa,fingo-africa,Summer 2021,Acquired,A neobank for Africa's 500 million youth,"Fingo is building a pan-African digital bank.

Today, most Africans pay 5-15% fees to transfer money to friends, family, or businesses - with Fingo these fees will be 90% cheaper. 

In 240 seconds, any young person will be able to access a full suite of financial services including personal, business, investment and savings accounts. 
",https://fingo.africa,https://www.ycombinator.com/companies/fingo-africa,"Nairobi, Nairobi County, Kenya",8,Fintech,Fintech,Fintech,Neobank,"Kenya, Africa, Remote, Partly Remote",Early,False,False,False,,https://bookface-images.s3.amazonaws.com/small_logos/548d01bca4a6a4a1f060960268f7f60e651cc29a.png,1630160190
23974,Level,level,Summer 2021,Acquired,Fast and simple fintech financing,"Level provides fast and simple financing to lending startups that gets them off the ground and grows with them as they scale. We do so by buying loans in small quantities at first and rewarding our customers with more access to capital based on performance. Co-founder & CEO, Vladimir Korshin, previously worked in the traditional venture debt system at Silicon Valley Bank, where he noticed that strong startups were frequently denied from non-dilutive financing because they were too small. Just 4 weeks after going live with our first customer, we purchased $1.3M in loans across 6 customers. The founding team brings 30+ years of startup experience: Vladimir previously worked as an operator at Facebook, Eventbrite, and Niantic; Asa Schachar was an engineer at Microsoft and managed teams of engineers at Optimizely; Molly Hogan led new and international product initiatives at Amazon for over 7 years. Level is backed by Liquid2, Y Combinator (S21), and others. https://www.trylevel.app/",https://trylevel.app,https://www.ycombinator.com/companies/level,"San Francisco, CA, USA; Remote",,Fintech,Fintech -> Credit and Lending,"Fintech, Credit and Lending","Fintech, Lending","United States of America, America / Canada, Remote, Fully Remote",Early,False,False,False,,https://bookface-images.s3.amazonaws.com/small_logos/1cdea6a283c7f9c3d6b9bb0babe061a2fe575034.png,1626027248
23939,Beeper,beeper,Summer 2021,Acquired,One chat app to rule them all,"We're building the best chat app on earth. Beeper connects to 15+ different chat networks. Unified search, advanced filtering and more. Available on Desktop, Android, iPhone and iPad.

The idea is simple: messaging today is painfully fragmented. We're going to fix that.   

Every time we communicate there is friction lurking under the surface. E.g. Which app did I message her on? Where's that photo gone? Why can't I join an iMessage group from my Android? Our mission is to eliminate that friction and boost the efficiency of the entire human race.  ",https://beeper.com,https://www.ycombinator.com/companies/beeper,"San Francisco, CA, USA; Palo Alto, CA, USA; Remote",16,Consumer,Consumer,Consumer,"SaaS, Community","United States of America, America / Canada, Remote, Fully Remote",Growth,False,False,False,,https://bookface-images.s3.amazonaws.com/small_logos/948a1172adcc312a1fb3800c8c220af61d46efdf.png,1624571976
23860,Positional,positional,Summer 2021,Acquired,A modern platform for content marketing & SEO.,"Start, grow, and scale your inbound marketing and SEO strategy with a toolset optimized for results — not vanity metrics. Our goal is to connect the workflow from end to end, from keyword research to analytics, and the actions that users take that ultimately drive revenue for a business.",https://www.positional.com,https://www.ycombinator.com/companies/positional,"Charleston, SC, USA; Hoboken, NJ, USA",5,B2B,B2B -> Marketing,"B2B, Marketing","SaaS, Marketing, SEO","United States of America, America / Canada, Remote, Partly Remote",Early,False,False,False,ContainIQ,https://bookface-images.s3.amazonaws.com/small_logos/75fcad3beb96d8a2706d8564e5d492e75be91b66.png,1625660571
22763,Hyper,hyper,Summer 2021,Acquired,Sell memberships to your Discord server,,https://hyper.co,https://www.ycombinator.com/companies/hyper,"San Francisco, CA, USA; Palo Alto, CA, USA",6,Fintech,Fintech -> Payments,"Fintech, Payments","SaaS, Payments, Community","United States of America, America / Canada, Remote, Partly Remote",Growth,False,False,False,"Meta Labs, Frenzy, Meta Labs, Hyper, Querydog",https://bookface-images.s3.amazonaws.com/small_logos/4a6b5b4dc192937ad7fbefffc9995a3938e1304f.png,1629323132
22694,Vogent,vogent,Summer 2021,Acquired,Build Voice AI Agents,"Vogent is an all-in-one platform for building voice agents by using intelligent building blocks, including IVR detection models, custom phone-ready LLMs, drag-and-drop conversational flow builders, and more. ",https://vogent.ai,https://www.ycombinator.com/companies/vogent,"San Francisco, CA, USA",3,B2B,B2B,B2B,"Artificial Intelligence, SaaS, B2B, Sales, Operations","United States of America, America / Canada, Remote, Partly Remote",Early,False,False,False,"Monoid, Interlounge, Gallery, Brist, Monoid, Elto",https://bookface-images.s3.amazonaws.com/small_logos/b16347eb61c894b16643b846e1734b737dee7d65.png,1628291828
24867,Cache,cache,Summer 2021,Inactive,"Online convenience stores fulfilled by tiny, automated dark stores.","Online convenience stores on DoorDash, UberEats. We use automated dark stores to pass items to delivery drivers.",http://www.grabcache.com,https://www.ycombinator.com/companies/cache,"San Francisco, CA, USA",2,Consumer,Consumer -> Food and Beverage,"Consumer, Food and Beverage","Marketplace, Delivery","United States of America, America / Canada",Early,False,False,False,,https://bookface-images.s3.amazonaws.com/small_logos/ebb13dfb1a79e44155fd12a652c355332462603f.png,1628090414
24858,Quest,quest,Summer 2021,Inactive,Audio career advice,"Quest is a Q&A app where experts answer questions in short audio clips. We’re starting with career advice, hosting founders and operators from YC and companies like Google, who share intimate and personal stories about work you've never heard before.",http://quest.app,https://www.ycombinator.com/companies/quest,"Amsterdam, NH, Netherlands",5,Consumer,Consumer -> Content,"Consumer, Content","Community, Podcasts","Netherlands, Europe, Remote, Partly Remote",Early,False,False,False,,https://bookface-images.s3.amazonaws.com/small_logos/827232df906ec6a636d71bc1ef5836dd4518ae2b.png,1627631451
24843,OneShop,oneshop,Summer 2021,Inactive,List on multiple resale marketplaces,,https://oneshop.com,https://www.ycombinator.com/companies/oneshop,"San Francisco, CA, USA",10,Consumer,Consumer,Consumer,"SaaS, E-commerce","United States of America, America / Canada, Remote, Partly Remote",Early,False,False,False,"SuperPosher, Inventory Systems, Crosslist",https://bookface-images.s3.amazonaws.com/small_logos/04bb7c0632c4c000150d050ccca35fc5fbb46e95.png,1624897448
24839,Talentdrop,talentdrop,Summer 2021,Inactive,Your personal hiring page.,"When it comes to hiring, there are lots of resources to help managers get more candidates. But on average, only 1 in every 300 of these candidates actually get hired. Hiring managers and recruiters end up taking a robotic, brute force approach to sourcing - the kind of approach top talent hates.

Managers are increasingly finding that the simplest and most personable way to attract talent starts with their network. The best candidates want to work for great people, not faceless companies. Sharing open roles on places like LinkedIn, Slack, and Twitter unlocks enormous potential for a personalized recruiting approach across a curated talent pool, but these referrals are difficult to track across platforms and end up lost in the shuffle. We are changing that.

After more than a decade building teams at high-growth consumer tech companies like Instacart, Snapchat, and Uber, Maddy Nguyen turned her attention to creating collaborative tools for hiring managers and recruiters to source candidates from a wider range of networks and communities - while staying human.",https://www.talentdrop.com/,https://www.ycombinator.com/companies/talentdrop,"San Francisco, CA, USA; Atherton, CA, USA; Remote",3,B2B,B2B -> Recruiting and Talent,"B2B, Recruiting and Talent","Marketplace, SaaS, Recruiting","United States of America, America / Canada, Remote, Fully Remote",Early,False,False,False,,https://bookface-images.s3.amazonaws.com/small_logos/75a4c7f1f648095f18ddfb21ebe07a52720214e8.png,1624596174
24823,Protego,protego,Summer 2021,Inactive,We help companies recover lost revenue from chargebacks,"Protego helps companies recover lost revenue from chargebacks. The company automates chargeback management and dispute processes. It provides real-time monitoring, reporting, and analytics on chargeback information for providing valuable insights into fraudulent consumer behavior.",https://www.protegosolutions.io/,https://www.ycombinator.com/companies/protego,"Bogotá, Bogota, Colombia; Remote",5,B2B,B2B -> Security,"B2B, Security","SaaS, B2B","Colombia, Latin America, Remote, Fully Remote",Early,False,False,False,,https://bookface-images.s3.amazonaws.com/small_logos/d3734c55745b1bc2f44cad8282c8cfa0c0e4f9bc.png,1628103792
24818,BlackOakTV,blackoaktv,Summer 2021,Inactive,A video subscription platform serving black viewers and creators.,"BlackOakTV is a subscription video platform hyper-serving black viewers and creators. We make it easy for black viewers to find, watch and engage with the content and creators that most reflect their lives and experiences. ",https://blackoak.tv,https://www.ycombinator.com/companies/blackoaktv,"New York City, NY, USA; New York, NY, USA",2,Consumer,Consumer -> Content,"Consumer, Content","Entertainment, Community, Subscriptions","United States of America, America / Canada, Remote, Partly Remote",Early,False,False,False,,https://bookface-images.s3.amazonaws.com/small_logos/41c332786204766da2f20d0713ecf7263a1e799b.png,1625141871
24816,Spoken,spoken,Summer 2021,Inactive,Never overpay online,"Spoken is a website where users compare buying options for the exact same product across multiple stores. We help our users never overpay online.

Dane is a two-time technical YC founder; he sold his previous company, Parklet, to Greenhouse where he was VP of Platform for 4.5 years. Geoff is a Stanford MBA grad and sold his previous company Cabrio Taxi. ",http://www.spoken.io,https://www.ycombinator.com/companies/spoken,"New York City, NY, USA; New York, NY, USA; Remote",7,Consumer,Consumer -> Home and Personal,"Consumer, Home and Personal","Artificial Intelligence, Machine Learning, Marketplace, Consumer, E-commerce","United States of America, America / Canada, Remote, Fully Remote",Early,False,False,False,Parakeet,https://bookface-images.s3.amazonaws.com/small_logos/fb68ef89a464af9a6400e5fd08ed7a7f92342b66.png,1647521413
24787,Squire.ai,squire-ai,Summer 2021,Inactive,Never code alone.,"Squire is a devtool that works with you by writing pull request descriptions, reviewing PRs, and writing code to implement code review feedback.",https://squire.ai,https://www.ycombinator.com/companies/squire-ai,"San Francisco, CA, USA; Canada",8,B2B,"B2B -> Engineering, Product and Design","B2B, Engineering, Product and Design","Artificial Intelligence, Developer Tools, SaaS, Compliance, Security","United States of America, Canada, America / Canada, Remote, Partly Remote",Early,False,False,False,"Codex, CODEOWNERS, CODEOWNERS (fka Codex), EchoLayer, EchoLayer (fka Codex), Squire.ai (fka EchoLayer)",https://bookface-images.s3.amazonaws.com/small_logos/8972703d81fdbb75413d24021353cf5ed0937ec2.png,1627487920
24779,Mindmesh,mindmesh,Summer 2021,Inactive,Mindmesh is the virtual desk that puts you in control. ,"Mindmesh is the virtual desk that puts you in control. 
Centralize work, notes, todos, and meetings. Jump back in an instant. Focus on what you should be doing, right now.",https://mindmesh.com,https://www.ycombinator.com/companies/mindmesh,"Boston, MA, USA",7,B2B,B2B -> Productivity,"B2B, Productivity","SaaS, Productivity, Remote Work","United States of America, America / Canada, Remote, Partly Remote",Early,False,False,False,Spot,https://bookface-images.s3.amazonaws.com/small_logos/b9754cb23724b1a2dcadee8505ce1ea31d172db5.png,1626219973
24774,Opkit,opkit,Summer 2021,Inactive,AI phone calls for the US healthcare industry,"Opkit uses AI to automate routine phone calls for medical practices, telehealth companies, and other leading healthcare provider organizations. Opkit's AI agent is capable of executing a wide-range of non-clinical phone call tasks, including Verification of Benefits, patient intake, and appointment scheduling, without human intervention. Opkit is HIPAA-compliant and SOC 2 Type 2 certified.",https://opkit.co/,https://www.ycombinator.com/companies/opkit,"New York City, NY, USA; New York, NY, USA",,Healthcare,Healthcare -> Healthcare IT,"Healthcare, Healthcare IT","SaaS, Health Tech, Digital Health, Healthcare, Conversational AI","United States of America, America / Canada, Remote, Partly Remote",Early,False,False,False,Layup,https://bookface-images.s3.amazonaws.com/small_logos/b2ce83eb7c5d1059e34b290c9fff4c171f343976.png,1628564842
24762,Canopi,canopi,Summer 2021,Inactive,API to measure and eliminate carbon emissions,,https://canopi.cash,https://www.ycombinator.com/companies/canopi,"San Francisco, CA, USA; Remote",,B2B,B2B,B2B,"Carbon Capture and Removal, Crypto / Web3, Climate","United States of America, America / Canada, Remote, Fully Remote",Early,False,False,False,,https://bookface-images.s3.amazonaws.com/small_logos/4499b5b27ac177d7cce49fb0711e7ca7ee99aa99.png,1626827551
24700,Moving Parts,moving-parts,Summer 2021,Inactive,Delightful components for iOS.,"Moving Parts is a library of components for iOS. Everything your designers and engineers are building that isn’t unique to your app, we can do better and cheaper.

We're building high-level SwiftUI components that plug right into your application, made to solve real-world problems when designing and building a native mobile app.

Our components are also highly styleable and take care of responsiveness, localization, accessibility, and follow all platform best practices around dark mode, dynamic font size etc.",https://movingparts.io,https://www.ycombinator.com/companies/moving-parts,"Berlin, Berlin, Germany; Remote",2,B2B,"B2B -> Engineering, Product and Design","B2B, Engineering, Product and Design",Developer Tools,"Germany, Europe, Remote, Fully Remote",Early,False,False,False,,https://bookface-images.s3.amazonaws.com/small_logos/4e5f56f5a1cec3efeb70e62ac5a05a4f65a3705b.png,1626342144
24692,Membo,membo,Summer 2021,Inactive,"Groceries fresher than a farmer’s market, delivered to you (EU)","Membo is a next-day grocery delivery app for premium customers in Europe. Like PinDuoDuo Groceries in China, Membo is the fastest way to order your weekly groceries directly from local food producers. The convenience of supermarkets & 15-minute grocery apps comes at the expense of freshness: food that should be delivered fresh, gets bought in bulk and sits on warehouse shelves for days. To get the freshest produce, you need quick producer-to-end-customer delivery, not just quick warehouse-to-customer delivery. Membo lets you order food directly from hundreds of local food producers & organises delivery so you always get the freshest version of every product. Membo's CEO, Vahur Hansen, was an early engineer at TransferWise, and co-founder, Paula Kink, built her own healthtech startup. Launched in Dec 2020, we've grown 30% MoM for the past 8 months and have delivered over 4000 orders in Tallinn, Estonia.",https://membo.ee?lang=en,https://www.ycombinator.com/companies/membo,"Tallinn, Harju County, Estonia",3,Consumer,Consumer -> Food and Beverage,"Consumer, Food and Beverage","Grocery, Marketplace, Delivery","Estonia, Europe",Early,False,False,False,,https://bookface-images.s3.amazonaws.com/small_logos/eb6dda529d42d5fd9f1f08aded1a577d18ceeb10.png,1626783936
24681,Verde,verde,Summer 2021,Inactive,Digital lending platform for Brazilian farmers,Verde is a lending platform that offers fast loans to small-and-medium sized farmers in Brazil. Our vertical software allows independent ag loan advisors to originate loans digitally and manage their operations more effectively.,https://www.verde.agr.br,https://www.ycombinator.com/companies/verde,"São Paulo, SP, Brazil",4,Fintech,Fintech -> Credit and Lending,"Fintech, Credit and Lending","Fintech, SaaS, B2B","Brazil, Latin America, Remote, Partly Remote",Early,False,False,False,,https://bookface-images.s3.amazonaws.com/small_logos/2f6787a334a02661832a554e3902839e2550b8d7.png,1626699987
24669,Ruth Health,ruth-health,Summer 2021,Inactive,Telehealth hub for pregnant people 🧡,"Ruth Health treats the 83% of post-pregnancy womxn who pee in their pants. We deliver 30-minute Postpartum Recovery + Training Sessions via telehealth, so moms around the globe with pelvic floor prolapse can get back to work, sex, and normal life—5x faster.

Using conversational AI + biometric readings, Ruth Health will accumulate the largest, most diverse database in America on longitudinal maternal health",https://www.ruthhealth.com/,https://www.ycombinator.com/companies/ruth-health,"New York City, NY, USA; Los Angeles, CA, USA; New York, NY, USA; Remote",8,Healthcare,Healthcare -> Healthcare Services,"Healthcare, Healthcare Services","Telehealth, Women's Health","United States of America, America / Canada, Remote, Fully Remote",Early,False,False,False,,https://bookface-images.s3.amazonaws.com/small_logos/a722473f67c37adb9c6f835f1193707450a12c4a.png,1628190387
24605,Dime,dime,Summer 2021,Inactive,Instant E2E tests for your website,"As developers, we’re constantly going through the cycle of starting to write tests, deciding we can’t prioritize them because we need to ship new features, and then running into bugs in production as a result. Autotest lets you build comprehensive integration tests for your website with basically no work on your part, so you get the benefits of testing without wasting dev time on it.",https://www.dime.io/,https://www.ycombinator.com/companies/dime,"San Francisco, CA, USA; Remote",2,B2B,"B2B -> Engineering, Product and Design","B2B, Engineering, Product and Design",,"United States of America, America / Canada, Remote, Fully Remote",Early,False,False,False,"Signature, Dime, Signature, Dime, Dime Autotest",https://bookface-images.s3.amazonaws.com/small_logos/108c8b80f12f2ce88b7b81f91c300acb53685bc3.png,1624984149
24602,PAYZE,payze,Summer 2021,Inactive,Stripe for former Soviet Union countries,"Innovator of online transactions, helping businesses in former soviet union countries to accept payments from around the world through a single integration. 
",https://payze.io/,https://www.ycombinator.com/companies/payze,"Tbilisi, Tbilisi, Georgia; Tbilisi, Georgia",4,Fintech,Fintech -> Payments,"Fintech, Payments","Fintech, B2B","Georgia, Middle East and North Africa, Remote, Partly Remote",Early,False,False,False,,https://bookface-images.s3.amazonaws.com/small_logos/f32ab751ba341ddd9dc30a7e95e2b50fdea2b0b8.png,1626372601
24600,Algofi,algofi,Summer 2021,Inactive,Building the new financial system,"At Algofi, we're building the new financial system. Our work will reduce barriers to entry and promote democracy in the financial system.",https://algofi.org,https://www.ycombinator.com/companies/algofi,,7,Fintech,Fintech,Fintech,Crypto / Web3,Unspecified,Early,False,False,False,ChainVault,https://bookface-images.s3.amazonaws.com/small_logos/a7d7336636076f27ab8ae26ae0336ab292474653.png,1627454259
24580,Onsite Pro,onsite-pro,Summer 2021,Inactive,Revolutionizing digital selling within HVAC,"We make contractor proposal creation as simple as checking out of e-commerce. We equip HVAC distributors (who sell HVAC equipment to contractors) with digital catalogs preloaded with pricing, product details, and templates that allow contractors to create a professional proposal in under 10 minutes and sell in-person.",https://onsitepro.co,https://www.ycombinator.com/companies/onsite-pro,"San Francisco, CA, USA",4,B2B,B2B,B2B,"Construction, B2B, Climate","United States of America, America / Canada, Remote, Partly Remote",Early,False,False,False,Greenwork,https://bookface-images.s3.amazonaws.com/small_logos/593fb7f4f1c40576ebfc7c47219cb0acee69aea7.png,1624977364
24556,Revery AI,revery-ai,Summer 2021,Inactive,Tiktok for fashion - where designers show their work + build traction,"We are building the TikTok for fashion — a platform for creators to showcase their works, gain traction and build their brands. 

### Reverie is powered by two pieces of core technology:
- An AI-enhanced design tool for creators to turn their design ideas into e-commerce quality product images very efficiently.
- An AI-powered Virtual Dressing Room to create professional fashion photography directly from product images. Both fashion creators and other users can easily style outfits on different models.

With our core tech, we are building an active community of fashion creators (designers, stylists, influencers, bloggers, artists, casting directors, etc..) who produce original designs and engaging content around the published pieces. The social media platform will provide a streamlined path for fashion creators to experiment with their ideas and build traction. 

We want to eventually become the default choice for anyone who wants to launch their fashion label, and have the future Off-White, Balenciaga, Rick Oven, etc. originate from Reverie. Our team combines deep expertise in technology (AI Phds) and the fashion industry (Community builder). Our Virtual Dressing room is live with top retailers (such as Neiman Marcus) and has ~1M ARR. We are backed by YCombinator, TSVC, Cabra VC, and other amazing angels with retail experience and connections. Join us to reshape the fashion industry!",https://revery.ai,https://www.ycombinator.com/companies/revery-ai,"Emeryville, CA, USA",5,Consumer,Consumer -> Social,"Consumer, Social","Artificial Intelligence, Generative AI, Social, E-commerce, Creator Economy","United States of America, America / Canada, Remote, Partly Remote",Early,False,False,False,Revery AI Inc.,https://bookface-images.s3.amazonaws.com/small_logos/8c68ee72bd5c4a9c174f54d28949fe5d5b2e74f2.png,1626437229
24524,outloud.ai,outloud-ai,Summer 2021,Inactive,Building Gong.io for offline retail.,"We record conversations that customers have when they are placing orders in drive-thru restaurants, automatically analyze them, and help operators to upsell better or alert them when they are out of stock.
",https://www.outloud.ai/,https://www.ycombinator.com/companies/outloud-ai,"Miami, FL, USA; Remote",5,B2B,B2B -> Retail,"B2B, Retail","Machine Learning, SaaS, B2B","United States of America, America / Canada, Remote, Fully Remote",Early,False,False,False,,https://bookface-images.s3.amazonaws.com/small_logos/a26f5f21689070c1c612757e20582c586c7d843e.png,1629292834
24498,Levo,levo,Summer 2021,Inactive,Treasury management platform for SMBs to optimize idle cash in Latam,"Levo is a regulated treasury management platform for startups and SMBs to optimize idle cash with tailor-made investment, cash management and working capital strategies ",https://www.levo.mx,https://www.ycombinator.com/companies/levo,"Mexico City, CDMX, Mexico; Remote",6,Fintech,Fintech -> Asset Management,"Fintech, Asset Management","Fintech, B2B, Investing","Mexico, Latin America, Remote, Fully Remote",Early,False,False,False,,https://bookface-images.s3.amazonaws.com/small_logos/2f51197cc0d17f50d8ca25715f7cf7f5e0c7a81b.png,1625518405
24488,Heimdal,heimdal,Summer 2021,Inactive,Affordable and verified direct air carbon capture and storage,"Heimdal builds machines that permanently capture and store atmospheric CO2. We are building technology that profitably captures CO2 with this tax credit, right here in the United States. Our first deployment is Bantam, the largest DAC facility in the US with the lowest cost per ton anywhere in the world.",https://www.heimdalccu.com,https://www.ycombinator.com/companies/heimdal,"Denver, CO, USA",12,Industrials,Industrials -> Climate,"Industrials, Climate","Carbon Capture and Removal, Climate","United States of America, America / Canada, Remote, Partly Remote",Early,False,False,False,,https://bookface-images.s3.amazonaws.com/small_logos/59d7a492c16a589b2127d73b70edf9aee906b7db.png,1626356816
24461,Mine,mine,Summer 2021,Inactive,The AI personal finance company. ,"Mine is the personal finance app designed to help you get ahead.

Founded on the idea that financial independence begins with ownership — of your money, your momentum, and your decisions.

We make the credit-builder thousands know and love, with budgeting and spend tracking features meant to help your money be the best version of itself. We’re also the makers of MoneyGPT, the money assistant that’s got your back.

Young people today are stepping into a financial world built for someone else’s life.

We give young adults the confidence and control to take charge of their financial journey with simple tools, smart guidance, and a system that works for the path you choose.

Let’s build your future together. Get started at usemine.com

Backed by Kleiner Perkins, SV Angel, Liquid 2 Ventures, and the founders of Handshake, Postmates, Public.com, Motive and many more.",https://usemine.com/,https://www.ycombinator.com/companies/mine,"New York City, NY, USA",18,Fintech,Fintech -> Consumer Finance,"Fintech, Consumer Finance","Artificial Intelligence, Fintech, Consumer, Consumer Finance","United States of America, America / Canada, Remote, Partly Remote",Early,False,False,False,"ShoulderTap, Fizz, Mine (formerly Fizz)",https://bookface-images.s3.amazonaws.com/small_logos/d7a0d14910b74597e1e70723a08a579e8dafe145.png,1628179251
24460,Hera,hera,Summer 2021,Inactive,"Calendar app to prepare, join and follow-up on virtual meetings","Google Calendar is built on hypotheses that are now deprecated. Now that most of our meetings are virtual, there is a massive opportunity to remove frictions at each step of the lifecycle of these meetings, and finally make calendars actionable.

From Hera, users can:
- Schedule a meeting or share availabilities
- Prepare a meeting with the right context on attendees and past discussions
- Join a meeting in one-click
- Snooze a meeting to make sure you don't forget to follow-up

All of that without leaving the keyboard.",https://hera.so,https://www.ycombinator.com/companies/hera,"Paris, Île-de-France, France",3,B2B,B2B -> Productivity,"B2B, Productivity","Productivity, Calendar","France, Europe, Remote, Partly Remote",Early,False,False,False,,https://bookface-images.s3.amazonaws.com/small_logos/a64cd5e2d970d541d5f1a0e6d37a974b93b59b21.png,1626365525
24424,Kodda,kodda,Summer 2021,Inactive,,"Community that accompanies you in your transformation towards a healthy and lasting lifestyle, through guided programs made by professionals who will support you every step of the way.",https://www.kodda.com/,https://www.ycombinator.com/companies/kodda,"Monterrey, N.L., Mexico",7,Healthcare,Healthcare -> Consumer Health and Wellness,"Healthcare, Consumer Health and Wellness","Consumer Health Services, Digital Health, Health & Wellness","Mexico, Latin America, Remote, Partly Remote",Early,False,False,False,,https://bookface-images.s3.amazonaws.com/small_logos/9c8da2bba727db76895e442b23d60a8e7b942328.png,1626825976
24408,Forage Mail,forage-mail,Summer 2021,Inactive,AI that solves email overwhelm. Not another mail app.,"Forage filters low-priority emails from your Gmail. It sends you a clean, daily summary of the emails it filtered out, including a TLDR for every newsletter. It learns your preferences and gives you full control with custom rules. Works with any email app.",https://foragemail.com,https://www.ycombinator.com/companies/forage-mail,"New York City, NY, USA; Remote",4,Consumer,Consumer,Consumer,"Consumer, Productivity, Email, AI, AI Assistant","United States of America, America / Canada, Remote, Fully Remote",Early,False,False,False,"Clarity, Forage",https://bookface-images.s3.amazonaws.com/small_logos/5dfe444e94f2a9695e6a03a3323c5bdcc0068d24.png,1630040488
24405,Mixr,mixr,Summer 2021,Inactive,Team building through online game tournaments. ,"Mixr is a social platform for remote and hybrid teams; we host virtual game tournaments and an ongoing office competition.  Mixr tournaments have built-in audio/video chat, a library of fun games, ice breakers, and automatic breakout rooms - all built with the goal of being easy for managers and employees to use.  By participating in tournaments, players earn high scores and trophies which places them on the company-wide leaderboards.  Our goal is to bring companies together, boost employee engagement and help companies bolster a collaborative corporate culture.",https://mixronline.com,https://www.ycombinator.com/companies/mixr,"Toronto, ON, Canada; Remote",4,B2B,B2B -> Human Resources,"B2B, Human Resources",,"Canada, America / Canada, Remote, Fully Remote",Early,False,False,False,"mixronline inc, Mixronline Inc., Mixronline",https://bookface-images.s3.amazonaws.com/small_logos/739936e2e043a2a3cb823d5e10c346872b9b759a.png,1637257443
24383,Milky Way AI,milky-way-ai,Summer 2021,Inactive,Mobile app for CPG brands to connect to millions of stores globally,"We help CPG brands to understand how their products are being displayed, priced and what are their competitors are doing across millions of physical stores in real time with our computer vision powered mobile app. 

Each year these brands spend $500 bn annually buying prime retail shelf space to influence customer purchasing decisions, but they have no easy way to audit it. 

Our mobile app reduces the time of these audits by 10x and cost by 3x.",https://milkyway.ai/,https://www.ycombinator.com/companies/milky-way-ai,"Singapore, Singapore; Remote",5,B2B,B2B -> Retail,"B2B, Retail","Artificial Intelligence, SaaS, Computer Vision","Singapore, Southeast Asia, Remote, Fully Remote",Early,False,False,False,Milky Way AI Pte.Ltd,https://bookface-images.s3.amazonaws.com/small_logos/2efe7f33198c252ca563c3f685bd5e290b4064d2.png,1624944246
24380,FastFarma,fastfarma,Summer 2021,Inactive,"Digital pharmacy for Latam, that saves you money and time.","FastFarma is the digital pharmacy for latam, that offers best price guaranteed and 30 minute delivery with a full service offering. 
",http://www.fastfarma.com,https://www.ycombinator.com/companies/fastfarma,"Quito, Pichincha, Ecuador",8,Healthcare,Healthcare -> Consumer Health and Wellness,"Healthcare, Consumer Health and Wellness",E-commerce,"Ecuador, Latin America, Remote, Partly Remote",Early,False,False,False,Fast Farma,https://bookface-images.s3.amazonaws.com/small_logos/7aec51da2f96c472d5ac45d0e94b4a4833c060b6.png,1625685876
24370,Comet Health,comet-health,Summer 2021,Inactive,Digital platform for pelvic floor physical therapy,,https://trycomet.com,https://www.ycombinator.com/companies/comet-health,"San Francisco, CA, USA; Palo Alto, CA, USA; Remote",3,Healthcare,Healthcare -> Consumer Health and Wellness,"Healthcare, Consumer Health and Wellness","Consumer Health Services, Telemedicine","United States of America, America / Canada, Remote, Fully Remote",Early,False,False,False,,https://bookface-images.s3.amazonaws.com/small_logos/ac43f78e7cba4c25719f23e6fe750af616742fb3.png,1627308565
24351,Hypercontext,hypercontext,Summer 2021,Inactive,"Meeting agendas, notes, & goals that tie back to your OKRs","Hypercontext helps managers run more effective meetings that tie back to their OKRs and is trusted by over 100k managers in companies like Netflix, Linkedin, and Facebook. 

Managers use our app to run their 1:1s, team meetings, and OKRs in one workflow that increases the odds of their team hitting their goals by 95%.",https://hypercontext.com,https://www.ycombinator.com/companies/hypercontext,"Toronto, ON, Canada; Remote",15,B2B,B2B -> Productivity,"B2B, Productivity",Productivity,"Canada, America / Canada, Remote, Fully Remote",Early,False,False,False,,https://bookface-images.s3.amazonaws.com/small_logos/e341d51ab4846625abc0f683c15083bfa5785f1a.png,1625071928
24343,Apollo,apollo-2,Summer 2021,Inactive,The card that rewards you with stock ,Apollo is a debit card that rewards you with stock. Every swipe earns guaranteed fractional shares plus a chance to win big with a full share of your favorite stocks. ,https://www.withapollo.com/,https://www.ycombinator.com/companies/apollo-2,"San Francisco, CA, USA",3,Fintech,Fintech -> Consumer Finance,"Fintech, Consumer Finance",Fintech,"United States of America, America / Canada",Early,False,False,False,Five,https://bookface-images.s3.amazonaws.com/small_logos/e07c36d3a9cd114a6e105e8b128004ab25b67d2f.png,1628225985
24339,Ruta Health,ruta-health,Summer 2021,Inactive,Async personalized and actionable health education by real doctors,"Ruta Health is the trusted digital health platform connecting individuals seeking a more efficient and personal approach to health information, who are tired of sifting through unreliable sources, directly with licensed doctors for personalized health information. Unlike scattered internet searches and AI symptom checkers, our async expert-led process ensures accurate, one-on-one answers to all your health questions. We aim to make health information accessible and understandable for everyone to be your trusted ""doctor friend"".",https://www.rutahealth.com/,https://www.ycombinator.com/companies/ruta-health,"San Francisco, CA, USA",1,B2B,B2B,B2B,"Consumer Health Services, Health Tech, Digital Health, Healthcare, Health & Wellness","United States of America, America / Canada, Remote, Partly Remote",Early,False,False,False,"Ample Labs, Mello, mello 🦦, mello, itsmello, mello",https://bookface-images.s3.amazonaws.com/small_logos/9b723a38aaac3c710ea89080d5f1dfb58cad131d.png,1624580082
24304,Scratch Data,scratch-data,Summer 2021,Inactive,Analytics for builders. Record and query billions of datapoints with…,"ScratchDB is a platform that automates all aspects of managing an analytical database: server configuration, data ingestion, queries, replication, and sharding. We are built on top of Clickhouse with a developer experience that you'll love.",https://www.scratchdata.com,https://www.ycombinator.com/companies/scratch-data,"New York City, NY, USA; New York, NY, USA; Remote",1,B2B,B2B -> Infrastructure,"B2B, Infrastructure","Developer Tools, SaaS, B2B, Analytics, Databases","United States of America, America / Canada, Remote, Fully Remote",Early,False,False,False,"Hotswap, Tasker, Journalize",https://bookface-images.s3.amazonaws.com/small_logos/da76e9943d4f25da898d4584a50149b4f8feff25.png,1627940464
24302,OneStopKitchen,onestopkitchen,Summer 2021,Inactive,AI-Driven Tech & Space Optimization to Scale Restaurants,"OneStopKitchen (OSK) offers advanced technology and an innovative model which allows any restaurant to scale to multiple locations at zero cost. OSK offers an entire suite of AI powered advanced restaurant inventory, ops and logistics tech to scale quickly with limited risk. OSK operationalizes underperforming restaurant space and staff to run OSK kitchens which are located in prime downtowns and high walk-in areas. Think of AirBnB for restaurants. OSK is a preferred restaurant partner due to its innovative hyper scalable model. Consumers can mix & match multiple cuisines in a single order for dine in, pick up or delivery.",https://onestopkitchen.com/,https://www.ycombinator.com/companies/onestopkitchen,"San Francisco, CA, USA",10,Consumer,Consumer -> Food and Beverage,"Consumer, Food and Beverage","Ghost Kitchens, E-commerce, AI","United States of America, America / Canada, Remote, Partly Remote",Early,False,False,False,"Unavu, Inc, MayaEats, OneStopKitchen (Prev: MayaEats)",https://bookface-images.s3.amazonaws.com/small_logos/4366b660d2b8d6626f4b66eb436af4dbe2bac7a0.png,1626151363
24266,Ivella,ivella,Summer 2021,Inactive,Banking and savings products designed for couples,"Ivella builds banking and savings products that are designed for couples, no matter where they are in their relationship. Whether you've been dating for months are signing up for the The Split Account or have been married for decades and are signing up for The Joint Account and Savings Pods, we've got a product for you.",https://www.ivella.com/,https://www.ycombinator.com/companies/ivella,"Los Angeles, CA, USA; Santa Monica, CA, USA",8,Fintech,Fintech -> Consumer Finance,"Fintech, Consumer Finance","Banking as a Service, Fintech, Consumer Finance","United States of America, America / Canada, Remote, Partly Remote",Early,False,False,False,,https://bookface-images.s3.amazonaws.com/small_logos/900b1772e9f94bc70841de05a846c5f6285066e1.png,1624052615
24257,Covie,covie,Summer 2021,Inactive,Programmatic building blocks for transacting with insurance,"Interacting with insurance across a variety of carriers should be undifferentiated heavy lifting - a piece of infrastructure like Stripe, Twilio, or AWS that ""just works""in the background while your business focuses on what makes it different. We provide programmatic building blocks to make this a reality, putting a carrier-neutral API and tooling on top of insurance, starting with policy access (think Plaid, but for your insurance company) and monitoring.

Our technology has a variety of use cases that range from insurance verification and tracking, financial advising, compliance & risk management, and marketing/distribution of insurance products.",https://www.covie.com,https://www.ycombinator.com/companies/covie,"Austin, TX, USA",14,Fintech,Fintech -> Insurance,"Fintech, Insurance","Fintech, Health Tech, Insurance","United States of America, America / Canada, Remote, Partly Remote",Early,False,False,False,,https://bookface-images.s3.amazonaws.com/small_logos/cab875f3e2be4c71042986d743255262bdafeda3.png,1624498844
24255,Perfekto,perfekto,Summer 2021,Inactive,Grocery subscription service against food waste in Latam,"Over 1/3 of food is being thrown away and in Latin America 72% of it prior to the consumer stage. Mainly due to physical imperfections or surplus production, despite being fresh and edible.

Perfekto offers a grocery subscription box with imperfect and surplus food, home-delivered. Thereby, consumers save time and money while reducing food waste.

The founders are experienced leaders scaling startups & grocery operations. Anahí previously led the Uber Grocery initiative for Latam. Jan scaled Swiss FinTech Sonect to pre-Series B and to Mexico. Juan led Walmart's eCommerce logistics and operations in Mexico. 

By the end of 2022, Perfekto had:
🌱 rescued over 500,000kgs of food from being wasted
🚚 delivered over 60,000 orders
📈 grown 1,120% year-over-year
🥖 gone beyond just produce and now help rescue items like bread or packaged goods from companies like Heartbest Foods, Bové, Tuny - with major multinationals in the pipeline
💚 become a beloved brand with an NPS of 70
🫂 built an online community of over 20,000 people and several thousand homes receiving Perfekto boxes",https://www.perfekto.mx/,https://www.ycombinator.com/companies/perfekto,"Mexico City, CDMX, Mexico",33,Consumer,Consumer -> Food and Beverage,"Consumer, Food and Beverage","Grocery, Sustainability, Climate, E-commerce, Subscriptions","Mexico, Latin America, Remote, Partly Remote",Early,False,False,False,Eatgood,https://bookface-images.s3.amazonaws.com/small_logos/3d27f7a7a6420ccf8c785c2c2dd7bc7b012b1e9c.png,1625501465
24235,SenpAI.GG,senpai-gg,Summer 2021,Inactive,Personal gaming coach for PC gamers globally ,"SenpAI.gg is a gaming coach for the 1.4 billion PC gamers globally. SenpAI.gg’s desktop application makes personalized recommendations in the game and provides post-game feedback to help gamers improve faster. It is the most comprehensive assistant that supports gamers before and during the game via Voice Assistant, or an overlay that uses computer vision. The company is Boston-based and founded by Olcay Yilmazcoban (MIT researcher & gamer) and Berk Ozer (engineer & gamer). We raised $3M seed funding (ACT Venture Partners) and we are in the Summer 2021 Batch of Y Combinator. https://senpai.gg/",https://senpai.gg/,https://www.ycombinator.com/companies/senpai-gg,"Boston, MA, USA",12,Consumer,Consumer -> Gaming,"Consumer, Gaming","Artificial Intelligence, Assistive Tech, Gaming","United States of America, America / Canada, Remote, Partly Remote",Early,False,False,False,"FalconAI Technologies, Inc.",https://bookface-images.s3.amazonaws.com/small_logos/a6c8258727ded9f770fd8c876b78d8e1cb257385.png,1626116127
24185,Micro Meat,micro-meat,Summer 2021,Inactive,Technologies for scaling up cultured/clean meat production,,http://www.micromeat.com,https://www.ycombinator.com/companies/micro-meat,"Monterrey, N.L., Mexico",,Industrials,Industrials -> Agriculture,"Industrials, Agriculture","Hard Tech, Cultured Meat, Biotech, Climate, Food Tech","Mexico, Latin America, Remote, Partly Remote",Early,False,False,False,Micro Meat Inc.,https://bookface-images.s3.amazonaws.com/small_logos/ab9214122c1f44be841827f0b43c68e15d29f063.png,1625672983
24167,Kindamagical,kindamagical,Summer 2021,Inactive,Create + share amazing product GIFs in minutes ⚡️,"Kindamagical is a recording + editing studio for making product content. We help users record, produce, and share product GIFs in minutes, that would otherwise take hours to produce with traditional tools.",https://www.kindamagical.com,https://www.ycombinator.com/companies/kindamagical,"San Francisco, CA, USA; Mill Valley, CA, USA; Remote",1,B2B,B2B,B2B,Design Tools,"United States of America, America / Canada, Remote, Fully Remote",Early,False,False,False,"Howdy, Pano",https://bookface-images.s3.amazonaws.com/small_logos/3a9c79dac3c9f7267080966bb57a5b86525bfe43.png,1645711662
24163,Commery,commery,Summer 2021,Inactive,Marketplace to lease commercial real estate,"Commery makes it easy for commercial tenants to find their perfect space, whether it is retail, industrial or office space.

Instead of browsing a list of available spaces like Zillow, tenants can publicly list their commercial space requirements (sqft, location, use case, etc.) and receive inbound from brokers and landlords who have spaces that are good matches. By listing demand first, tenants can even source off-market spaces that aren't publicly available yet. ",http://trycommery.com,https://www.ycombinator.com/companies/commery,"New York City, NY, USA; New York, NY, USA; Remote",3,Real Estate and Construction,Real Estate and Construction -> Housing and Real Estate,"Real Estate and Construction, Housing and Real Estate","Marketplace, Proptech","United States of America, America / Canada, Remote, Fully Remote",Early,False,False,False,"Labyrinthe, Loop",https://bookface-images.s3.amazonaws.com/small_logos/61a8f1e4e8b1762e3c85e8a3ab981ded85af6fc0.png,1629385913
24159,Patterns,patterns,Summer 2021,Inactive,Next-Gen Financial Analysis and Reporting with AI Agents,"Patterns revolutionizes financial analysis by making it easy and accessible through natural language. We are seeking passionate individuals excited about simplifying financial analytics and transforming business intelligence. If you're interested in joining an innovative team in the finance space, explore our job openings and become part of our mission.

Our advanced AI transforms financial data workflows and reporting, surpassing traditional spreadsheets and inflexible SaaS solutions. By integrating state-of-the-art LLMs with autonomous querying and financial reasoning, Patterns empowers practitioners to perform complex analyses effortlessly via a natural language interface.",https://patterns.app/,https://www.ycombinator.com/companies/patterns,"San Francisco, CA, USA",2,B2B,B2B -> Analytics,"B2B, Analytics","Analytics, Data Science, Data Engineering, Data Visualization","United States of America, America / Canada, Remote, Partly Remote",Early,False,False,False,"Snapdata, Basis, Patterns, Atoma",https://bookface-images.s3.amazonaws.com/small_logos/55e8a16f61ac33cced5393c8d68ea9f0899f1e49.png,1627403220
24157,Nexus,nexus,Summer 2021,Inactive,Nexus  offers a unified checking and investment account.,"Nexus offers a unified checking and investment account. Your full balance is invested to get market returns, all while retaining instant access to cash even when the markets are closed. We are two ex-Googlers with CS PhDs from Stanford and the University of Washington who have worked together for 7 years.",https://nexushq.com,https://www.ycombinator.com/companies/nexus,"San Francisco, CA, USA; Mountain View, CA, USA; Remote",2,Fintech,Fintech -> Consumer Finance,"Fintech, Consumer Finance","Fintech, Neobank","United States of America, America / Canada, Remote, Fully Remote",Early,False,False,False,Financial Choice,https://bookface-images.s3.amazonaws.com/small_logos/e76d271d52208f7b3976f708e61bc7a0fee49d49.png,1626285537
24156,Lariat Data,lariat-data,Summer 2021,Inactive,Observability for Data Engineering Teams,"Lariat is a Continuous Data Quality monitoring platform to discover data bugs before your consumers do. Ensure data products don’t break even as business logic, input data and infrastructure change.

Use Lariat to define and then automatically extract, store and visualize data quality metrics on raw event-level data through to delivered data products.
",https://www.lariatdata.com,https://www.ycombinator.com/companies/lariat-data,"New York City, NY, USA",3,B2B,"B2B -> Engineering, Product and Design","B2B, Engineering, Product and Design","Machine Learning, Big Data, Data Engineering","United States of America, America / Canada, Remote, Partly Remote",Early,False,False,False,,https://bookface-images.s3.amazonaws.com/small_logos/48e2e81fa04d812d60bdd7e093944b8090c8742d.png,1626560864
24147,Abbot,abbot,Summer 2021,Inactive,Your Customer Success Co-Pilot,"Abbot helps customer-facing teams work with their customers in Slack. Abbot watches activity to make sure that customers get replies quickly. Once Abbot joins a room, it summarizes conversations, tags relevant topics, and even suggests next steps. Abbot's Insights make it easy to see your team's responsiveness at a glance. Want to automate common tasks? Abbot's built-in Skills functionality (think: small bits of code we run for you) can be triggered by customer topics, on a schedule, in response to external webhooks, or directly from chat.",https://ab.bot,https://www.ycombinator.com/companies/abbot,"San Francisco, CA, USA; Remote",5,B2B,B2B -> Sales,"B2B, Sales","Developer Tools, SaaS, Customer Success","United States of America, America / Canada, Remote, Fully Remote",Early,False,False,False,"Abbot (A Serious Business, Inc.)",https://bookface-images.s3.amazonaws.com/small_logos/f3f99c8925fd18b1c6eef6d076545c620370ce6b.png,1627404407
24108,V-Flow Medical,v-flow-medical-inc,Summer 2021,Inactive,Transforming the lives of millions of women suffering from chronic…,"Chronic pelvic pain is a debilitating condition, that impacts over 15 million US women and costs over $39 Billion each year to manage. V-Flow medical has developed a trio of products that target the root cause of chronic pelvic pain, allowing millions of women to avoid opioid use and restart living a normal, pain free life. 

The V-Flow team has successfully scaled, multiple start-up medical device companies in various clinical disciplines with a combined exit value of over $4B. We have developed a broad IP portfolio covering both device design and method of application.  A recent landscaping identified no competing IP for our indication of use. We have tested our beta prototypes and are initiating animal models ahead of a planned first in human investigation in Q1 2023. Following discussion with the NIH program advisors, we have been encouraged to apply for a phase 1 grant, call to action for the Heal initiative to find new diagnostic and non-drug treatments for chronic pelvic pain. 
",https://www.vflowmedicalinc.com/,https://www.ycombinator.com/companies/v-flow-medical-inc,"San Clemente, CA, USA; Remote",4,Healthcare,Healthcare -> Medical Devices,"Healthcare, Medical Devices",Medical Devices,"United States of America, America / Canada, Remote, Fully Remote",Early,False,False,False,"V-Flow Medical, Inc",https://bookface-images.s3.amazonaws.com/small_logos/a4a2e2f2139d9baa80f30d05c72feb1978ae5906.png,1625059572
24084,Nino Foods,nino-foods,Summer 2021,Inactive,Building India's fast food empire,"Nino Foods builds and operates fast food restaurants in India. We own 3 brands- Nino Burgers, Francesco's Pizzeria and KHA-Fried Chicken. We operate QSR and cloud kitchen formats and have industry leading payback period per store (<1 year). We are tripling in size yearly and are profitable. We have 20 Locations in Mumbai and service 40K orders per month. The founding team has Nishant - an Insead MBA, and Pranav-who led online revenue for Disney and Conde Nast India. ",https://eatnino.com/,https://www.ycombinator.com/companies/nino-foods,"MH, India",250,Consumer,Consumer -> Food and Beverage,"Consumer, Food and Beverage","Ghost Kitchens, Delivery, E-commerce, Food & Beverage","India, South Asia",Early,False,False,False,Nino Foods Private Limited,https://bookface-images.s3.amazonaws.com/small_logos/df80427d3277e874a082878b88292a9f7eecc488.png,1626349544
24046,PropReturns,propreturns,Summer 2021,Inactive,End-to-end commercial real estate transaction platform ,"PropReturns is an online platform to buy, sell and rent commercial real estate in India. The real estate market in India is highly fragmented and plagued by lack of transparency. We empower businesses and individuals in India to transact commercial real estate backed by data.",https://www.propreturns.com/,https://www.ycombinator.com/companies/propreturns,"MH, India",40,Real Estate and Construction,Real Estate and Construction -> Housing and Real Estate,"Real Estate and Construction, Housing and Real Estate","Fintech, Marketplace, Proptech","India, South Asia",Early,False,False,False,,https://bookface-images.s3.amazonaws.com/small_logos/8c6ba36875562c96fddf6ef04d0acd5852345d88.png,1627028432
24042,Akudo,akudo,Summer 2021,Inactive,India's first learning-focused neobank for teenagers,"Akudo is a digital bank for teenagers in India that gets them their own sleek, personalized prepaid card that they can use independently, helps them save money and gives them exciting rewards under a gamified setup when they're good at their personal finance.  
We are crafting the concept of ""Learning-first Banking"" where financial learning is seamlessly intertwined with full scale banking.",https://www.akudo.in/,https://www.ycombinator.com/companies/akudo,"Bengaluru, KA, India",20,Fintech,Fintech -> Payments,"Fintech, Payments",Fintech,"India, South Asia, Remote, Partly Remote",Early,False,False,False,,https://bookface-images.s3.amazonaws.com/small_logos/3046538d2939ee60ee1e0209232445c07f2b8eb7.png,1629552125
24026,Flowbo,flowbo-inc,Summer 2021,Inactive,Pipe for online businesses,"Flowbo provides financing to online revenue-generating companies including creators and eCommerce. 

We package assets into investable products so creators can raise money. For example, we package receivables into factoring products.",https://www.flowbo.co/,https://www.ycombinator.com/companies/flowbo-inc,"Los Angeles, CA, USA; Seoul, Seoul, South Korea",2,Fintech,Fintech -> Consumer Finance,"Fintech, Consumer Finance","Fintech, Marketplace, Creator Economy","United States of America, South Korea, America / Canada, East Asia, Remote, Partly Remote",Early,False,False,False,Flowbo Inc.,https://bookface-images.s3.amazonaws.com/small_logos/50a9b08351b63992055d656f9f008b5e7ec36f91.png,1624307550
24025,Buzzle,buzzle,Summer 2021,Inactive,Automatic voice-of-customer trends & metrics from sales conversations.,"Buzzle help product marketing teams identify competitive moats and weaknesses, marketing teams generate & understanding voice of customer and product teams gauge demand in feature requests based on customer pain points, all automatically from a company’s library of recorded sales and success calls. Buzzle is founded by alumni from the University of Michigan. Adithya operated as the NLP modeling lead at Capital One's Center for Machine Learning. Michael was the lead developer of Capital One's privacy portal, serving millions of customers. Bhairav dropped out of his PhD at MIT to found Buzzle, after publishing research on deep learning and robotics at NVIDIA Research, NASA's Jet Propulsion Laboratory, and the Montreal Institute for Learning algorithms.
	
Buzzle was formerly named q&ai!",https://buzzle.ai,https://www.ycombinator.com/companies/buzzle,"Philadelphia, PA, USA; New York, NY, USA; Remote",3,B2B,"B2B -> Engineering, Product and Design","B2B, Engineering, Product and Design","AI-Enhanced Learning, SaaS, B2B","United States of America, America / Canada, Remote, Fully Remote",Early,False,False,False,q&ai,https://bookface-images.s3.amazonaws.com/small_logos/2ce34f759d4f80585125720c0d1863830f0e3ca9.png,1624976324
24024,SolarMente,solarmente,Summer 2021,Inactive,Home electrification at $0 upfront cost,"SolarMente helps homeowners in Southern Europe install solar, storage, and heat pumps with zero upfront cost, allowing them to pay through predictable monthly savings. 
Based in Barcelona, we’ve raised $5M from YC, Climate Capital, Soma Capital, Plug & Play, Leonardo DiCaprio, and others. ",https://solarmente.es,https://www.ycombinator.com/companies/solarmente,"Barcelona, CT, Spain",65,Consumer,Consumer,Consumer,"Solar Power, Climate, Consumer Finance, ClimateTech","Spain, Europe, Remote, Partly Remote",Early,False,False,False,,https://bookface-images.s3.amazonaws.com/small_logos/035806d60dbc442073a8d4315d8dc5c0672ee021.png,1626445263
23985,FirstQuadrant,firstquadrant,Summer 2021,Inactive,Sales AI that helps revenue teams move faster and close more deals.,"FirstQuadrant helps revenue teams move faster, stay organized, and close more deals, by streamlining the behind-the-scenes sales-work so nothing ever slips through the cracks.

In October 2025, FirstQuadrant Inc. completed a confidential agreement with a leading AI technology company that recognized long-term strategic value in components of the FirstQuadrant platform and data infrastructure and sunset the platform.",https://firstquadrant.ai,https://www.ycombinator.com/companies/firstquadrant,"San Francisco, CA, USA",2,B2B,B2B -> Sales,"B2B, Sales","Artificial Intelligence, SaaS, Sales, Sales Enablement, AI","United States of America, America / Canada, Remote, Partly Remote",Early,False,False,False,"Koj, Pabio",https://bookface-images.s3.amazonaws.com/small_logos/7992570619d05ec7bff0789242805495d444dbf5.png,1627835867
23970,Jupe,jupe,Summer 2021,Inactive,Just add land,,http://www.jupe.com,https://www.ycombinator.com/companies/jupe,"San Francisco, CA, USA",7,Real Estate and Construction,Real Estate and Construction -> Housing and Real Estate,"Real Estate and Construction, Housing and Real Estate","Hardware, Housing, Manufacturing, Proptech, Climate","United States of America, America / Canada, Remote, Partly Remote",Early,False,False,False,,https://bookface-images.s3.amazonaws.com/small_logos/32999b03bfa83f47b9348a7e827836b3d847b026.png,1629604306
23963,Gobillion,gobillion,Summer 2021,Inactive,Pinduoduo for India,"Gobillion is the Pinduoduo for India, we make e-commerce social by enabling customers to buy together in groups and get great deals!
",https://gobillion.co,https://www.ycombinator.com/companies/gobillion,"New Delhi, DL, India",10,Consumer,Consumer,Consumer,E-commerce,"India, South Asia, Remote, Partly Remote",Early,False,False,False,,https://bookface-images.s3.amazonaws.com/small_logos/0adb623358e23d19debfccd4479f9ec020bfa54a.png,1628169809
23861,Wabi,wabi,Summer 2021,Inactive,We are Shopify for the $15B creator economy in LATAM,"We are Shopify for the $15B creator economy in LATAM starting with online coaching businesses. For example, a fitness coach can use our no-code builder to get a branded landing page integrated with payments and a website that can host their online coaching programs and subscriber-only content.",http://www.wabi.build,https://www.ycombinator.com/companies/wabi,"San Francisco, CA, USA; Remote",3,B2B,B2B,B2B,"SaaS, Creator Economy","United States of America, America / Canada, Remote, Fully Remote",Early,False,False,False,"Bluu, Flui",https://bookface-images.s3.amazonaws.com/small_logos/ae5d2f00c811a214391b0f9b0a18e6b62b8243c3.png,1627847843
23842,Hedgehog,hedgehog,Summer 2021,Inactive,Cryptocurrency Robo-adviser. Buy. Balance. Relax.,"Hedgehog is a crypto robo-adviser that manages your funds in broad baskets of digital assets covering up to 85% of crypto's market cap. We already have 15k users monitoring $176m in crypto assets and over $548k in GTV on our V1 product, we have completed our exit interview with the SEC as of 4/24, and our custodial product is now live in the App Store and Google Play.",https://hedgehog.app,https://www.ycombinator.com/companies/hedgehog,"San Francisco, CA, USA; San Jose, CA, USA; Remote",5,Fintech,Fintech,Fintech,"DeFi, Fintech, Crypto / Web3","United States of America, America / Canada, Remote, Fully Remote",Early,False,False,False,,https://bookface-images.s3.amazonaws.com/small_logos/3ced67334a53580ec3d2634a3a30bb488a8be131.png,1625587808
23831,Lobby,lobby,Summer 2021,Inactive,Local onboarding for the $200B health tourism industry,"Selling healthcare products online is hard. You need accurate health data to serve customers. Getting this data is extremely difficult. 

We are building a network of locations that companies can use to collect this health data and onboard their customers. 

Today our focus is the $270B health tourism industry. We help health tourism clinics onboard customers coming from the UK.  Our licensed guides help them collect dental scans and other important health data. 

They use this data to create personalised treatment plans.
",https://www.uselobby.com/,https://www.ycombinator.com/companies/lobby,"London, England, United Kingdom",1,Healthcare,Healthcare,Healthcare,"Marketplace, Telehealth, Healthcare","United Kingdom, Europe, Remote, Partly Remote",Early,False,False,False,"Emcee, Appollo, Emcee",https://bookface-images.s3.amazonaws.com/small_logos/0cc6779879fc885a8441efdd67bf2a960f7783c7.png,1626260775
23818,Mentorcam,mentorcam,Summer 2021,Inactive,Mentorship from leaders of the world's best companies,Mentorcam is a marketplace for 1:1 business and career advice.,https://mentor.cam/,https://www.ycombinator.com/companies/mentorcam,"Los Angeles, CA, USA",9,Education,Education,Education,"Education, Marketplace","United States of America, America / Canada, Remote, Partly Remote",Early,False,False,False,,https://bookface-images.s3.amazonaws.com/small_logos/1c424b9e11855dda2b15ef56ceb072abeab32de6.png,1625011707
23727,Hyperseed,hyperseed,Summer 2021,Inactive,Zapier for billing,"Hyperseed is the Zapier for billing. 
 
We help companies handle their custom billing workflows without code and instead, with spreadsheet formulas. Hyperseed replaces manual work borne of billing system limitations and lets companies avoid spending engineering resources on homegrown systems. ",https://hyperseed.com,https://www.ycombinator.com/companies/hyperseed,"San Francisco, CA, USA; Austin, TX, USA; Remote",3,B2B,B2B -> Finance and Accounting,"B2B, Finance and Accounting","FinOps, Fintech, SaaS, Finance, B2B","United States of America, America / Canada, Remote, Fully Remote",Early,False,False,False,"Seed Technologies, Inc., Seed Technologies",https://bookface-images.s3.amazonaws.com/small_logos/4785c6a546427ae0a36c9b29c741968cd3964ce2.png,1625703655
23659,Zage,zage,Summer 2021,Inactive,Pay by bank and earn rewards,Making the exchange of value magical and seamless for everyone.,https://tryzage.com,https://www.ycombinator.com/companies/zage,"San Francisco, CA, USA",10,Fintech,Fintech,Fintech,Fintech,"United States of America, America / Canada",Early,False,False,False,,https://bookface-images.s3.amazonaws.com/small_logos/09b6574cc19556c5eb8c4d3f21246af0c375546b.png,1626802699
