id,name,slug,batch,status,one_liner,long_description,website,ycdc_company_url,all_locations,team_size,industry,subindustry,industries,tags,regions,stage,top_company,isHiring,nonprofit,former_names,small_logo_thumb_url,launched_at
30565,Cohesive,cohesive,Spring 2025,Active,The agentic CRM for blue-collar services,"Cohesive is the agentic CRM for blue collar businesses like janitorial, pressure washing, landscaping, HVAC, and pest control businesses. Cohesive fully automates sales and marketing outreach to local businesses and property owners in the service area, helping local service businesses grow even while servicing clients in the field.",https://getcohesiveai.com,https://www.ycombinator.com/companies/cohesive,"New York City, NY, USA",2,B2B,B2B,B2B,"Generative AI, SaaS, B2B, Sales, AI","United States of America, America / Canada",Early,False,False,False,,https://bookface-images.s3.amazonaws.com/small_logos/523af60648199cf36ae9d89c5bc46aa1a1dd11e5.png,1747185757
30562,Docket,docket,Spring 2025,Active,AI agents for web testing,Docket lets you write end-to-end tests in plain English and keeps them up to date automatically—powered by real user sessions.,https://docketqa.com,https://www.ycombinator.com/companies/docket,"San Francisco, CA, USA",2,B2B,"B2B -> Engineering, Product and Design","B2B, Engineering, Product and Design","Artificial Intelligence, Developer Tools, B2B, Enterprise Software","United States of America, America / Canada",Early,False,False,False,"Sonata, Docket, docket",https://bookface-images.s3.amazonaws.com/small_logos/aa849f70a991d46ed789deab2ddee170d952bc14.png,1747107485
30561,Sureform,sureform,Spring 2025,Active,Real-world data and RL environments for frontier AI,We build post-training datasets and RL environments grounded in real enterprise workflows to advance frontier agents.,https://www.sureformhq.com/,https://www.ycombinator.com/companies/sureform,"San Francisco, CA, USA",2,B2B,B2B,B2B,"Marketplace, Robotics, Data Labeling, AI","United States of America, America / Canada",Early,False,False,False,"Valora, Daxa",https://bookface-images.s3.amazonaws.com/small_logos/aa0aa8a269ab91daa7f1007cbe3b7c767e28dc44.png,1744274885
30560,Foundation Industries,foundation-industries,Spring 2025,Active,We supply hard tech companies with critical components.,"For the first time in decades, fast, flexible domestic production can be economically superior. We’re rebuilding America’s productive edge through low-volume, high-mix manufacturing, helping hard-tech teams prototype faster, launch sooner, and build more here.

If you want to restore American productive power and ship real hardware, reach out.

jakob@foundation-industries.com",https://www.foundation-industries.com/,https://www.ycombinator.com/companies/foundation-industries,"San Francisco, CA, USA",5,Industrials,Industrials,Industrials,"Manufacturing, Industrial","United States of America, America / Canada",Early,False,True,False,"Sava Robotics, SAVA Robotics, SAVA",https://bookface-images.s3.amazonaws.com/small_logos/c9c4d6c7b4eeb36609b87bd95a70ffca51164330.png,1746512449
30559,Godela,godela,Spring 2025,Active,AI Physics Engine to replace simulations and prototypes,"What if every experiment you wanted to run could be modeled using AI? 
Godela is an AI-powered physics engine that gives engineers faster, cheaper replacement to simulations and physical prototypes.
No set up, no wait. Just ask—and get simulation quality result.
",http://godela.ai,https://www.ycombinator.com/companies/godela,"San Francisco, CA, USA",10,B2B,"B2B -> Engineering, Product and Design","B2B, Engineering, Product and Design","Artificial Intelligence, Hard Tech, Hardware, Aerospace, ML","United States of America, America / Canada",Early,False,True,False,,https://bookface-images.s3.amazonaws.com/small_logos/fe1589548b774d33ca4f20c5020467a9627f9c13.png,1747413596
30557,Aegis,aegis,Spring 2025,Active,AI Agents to win denied health insurance claims.,"Aegis is the all-in-one platform that helps healthcare providers recover lost revenue by automating insurance denial appeals—from intake to resolution. Built for billing teams, healthcare providers and hospitals.",https://aegishealth.us/,https://www.ycombinator.com/companies/aegis,"San Francisco, CA, USA",3,Healthcare,Healthcare -> Healthcare IT,"Healthcare, Healthcare IT",,"United States of America, America / Canada",Early,False,False,False,,https://bookface-images.s3.amazonaws.com/small_logos/36103b40de751e5ec5889840f60eec43dc493e69.png,1745980735
30556,Cascade Space,cascade-space,Spring 2025,Active,Commercial alternative to the Deep Space Network,"Cascade Space is building the commercial alternative to the Deep Space Network. Our first ground station, Earth Station Zero, will be online and downlinking data from the Moon in 2026, with plans to scale to a full global network by 2028.",https://cascadespace.com,https://www.ycombinator.com/companies/cascade-space,"San Francisco, CA, USA",7,Industrials,Industrials -> Aviation and Space,"Industrials, Aviation and Space","Hard Tech, Hardware, SaaS, Aerospace, Industrial","United States of America, America / Canada",Early,False,True,False,Heliosphere Network Corporation,https://bookface-images.s3.amazonaws.com/small_logos/36e55270dbc5bebe580db836e83f643f2121440a.png,1746647881
30554,Bond,bond,Spring 2025,Active,Your AI Chief of Staff,"Bond is an AI Chief of Staff that gives CEOs and busy executives real-time visibility into what’s happening across the company and tells them what to focus on. Saving execs 10+ hours a week.
",https://www.bondapp.io/,https://www.ycombinator.com/companies/bond,"San Francisco, CA, USA",3,B2B,B2B -> Productivity,"B2B, Productivity","B2B, Workflow Automation, Productivity, AI Assistant","United States of America, America / Canada",Early,False,True,False,,https://bookface-images.s3.amazonaws.com/small_logos/f4056bd531497eb8c59fcb550011c9196adad6a6.png,1748290714
30553,Blueshoe,blueshoe,Spring 2025,Active,The AI-Native Consumer + Plaintiff Law Firm,"Blueshoe is a full-stack law firm that helps people with everything from everyday legal issues to high-stakes litigation and trial.

People can access legal guidance directly through our web app or the AI interfaces where they are already seeking answers. If representation is needed, Blueshoe attorneys handle many cases all the way to resolution, equipped with cutting-edge data, AI-native tools, and operational support.",https://blueshoe.com,https://www.ycombinator.com/companies/blueshoe,"Boston, MA, USA",2,B2B,B2B -> Legal,"B2B, Legal","Artificial Intelligence, Consumer, B2B, Legal, LegalTech","United States of America, America / Canada",Early,False,False,False,,https://bookface-images.s3.amazonaws.com/small_logos/7df632e4878b4cdf452b698c74d065153a45564b.png,1746075411
30552,sieve,sieveai,Spring 2025,Active,AI + human review to solve data cleaning - accessible via API or Excel,"sieve solves data cleaning for hedge funds and investment firms by letting them get clean data in four lines of code. Currently, their data pipelines have conditions that raise for human review, which literally send an email to engineers with data that needs to be reviewed. We provide an API that integrates directly into their existing pipeline - instead of raising for human review, they can send all the same information to our API and get clean, high-quality data back.

By using our AI agents built specifically for financial data collection, along with expert-in-the-loop review, we provide our clients with clean, validated data at a scale and level of quality that wasn't achievable before.",https://usesieve.com/,https://www.ycombinator.com/companies/sieveai,"New York City, NY, USA",2,B2B,B2B -> Finance and Accounting,"B2B, Finance and Accounting","Investing, Data Engineering, APIs","United States of America, America / Canada",Early,False,False,False,Sieve,https://bookface-images.s3.amazonaws.com/small_logos/459d63741f9af0815baebb98ab6c243158d589c2.png,1747624073
30549,Airweave,airweave,Spring 2025,Active,The open-source context retrieval layer for agents,"Open-source context retrieval for AI agents across workspaces. It connects to productivity tools, email, document stores, or any private data source and transforms their contents into searchable knowledge bases for agents.",https://airweave.ai,https://www.ycombinator.com/companies/airweave,"San Francisco, CA, USA",7,B2B,B2B -> Infrastructure,"B2B, Infrastructure",,"United States of America, America / Canada",Early,False,True,False,,https://bookface-images.s3.amazonaws.com/small_logos/257567a4b9d73aa0377d1adf521ba46dc6b0340f.png,1744594621
30548,Theorem,theorem-2,Spring 2025,Active,Program verification so even your systems engineers can vibecode,"Theorem is training models that make program verification 10,000 times faster. Using verification as a feedback loop, developers have found zero-days in GPU accelerated code and cryptography implementations, and sped up code migration in legacy systems. If you have complicated code that needs to be correct and secure, sign up for our beta!",https://theorem.dev,https://www.ycombinator.com/companies/theorem-2,"San Francisco, CA, USA",4,B2B,"B2B -> Engineering, Product and Design","B2B, Engineering, Product and Design",Machine Learning,"United States of America, America / Canada",Early,False,True,False,Aletheia,https://bookface-images.s3.amazonaws.com/small_logos/4462cecf7e86ccbeaa67750a89b934e1dcf2fa9f.png,1747681841
30547,Text.ai,text-ai,Spring 2025,Active,Alfi - your group chat with social skills to bring friends closer,"We're building the first group chat with social skills.

While everyone else is stuck with boring individual chatbots, we've cracked the impossible: Alfi reads the room, understands each person, and creates custom intelligence for every group chat.

Alfi is your new social friend. The one who remembers everything, plans effortlessly, and keeps the crew together.

Here's what that looks like:

- Book restaurants together, with Yelp built in, directly in the chat. No more ""where should we go?"" spirals. Reserve instantly.
- Create images with your friends: drop your crew into funny hats, wild scenes, anything you can dream up. Multiplayer image gen, first of its kind.
- Social calendar: upcoming hangs, all in one place. Everyone on the same page.
- Group Wrapped: who's the chattiest? Top inside jokes? Now you'll know.
- Reminders & Memory: Alfi remembers your spots, your preferences, and nudges you to actually hang out.

We're in the middle of a quiet shift. Gen Z is leaving broadcast social media. They're retreating to group chats, smaller, more intentional and personal spaces where they're honestly themselves.

But group chats are also where plans go to die. Someone has to be ""the planner"" or nothing happens.

We believe the group chat is the real social network. Where the funniest moments and real conversations happen in real time. With Alfi, we hope to bring you together more expressively, a lot more often.

This technology will bring humanity closer than it's ever been before. Not replace connection, deepen it. That's the future we're building toward.
",https://www.text.ai/,https://www.ycombinator.com/companies/text-ai,"San Francisco, CA, USA",4,Consumer,Consumer,Consumer,"Artificial Intelligence, Consumer, Social, Social Network","United States of America, America / Canada",Early,False,True,False,"TextAI, text.ai, Text.ai, text.ai, Text.ai, text.ai",https://bookface-images.s3.amazonaws.com/small_logos/0289dc60da7c45cd9d18493882273c875195c170.png,1744649821
30545,StarSling,starsling,Spring 2025,Active,Self-Driving CI: fast AI-native GitHub Actions runners,Drop-in Ubuntu runners plus AI agents that open optimization PRs for your workflows. StarSling Runners continuously improve your CI to make it up to 6x faster and 13x cheaper.,https://starsling.dev/,https://www.ycombinator.com/companies/starsling,"San Francisco, CA, USA",3,B2B,"B2B -> Engineering, Product and Design","B2B, Engineering, Product and Design","Artificial Intelligence, Developer Tools, B2B, DevOps, AI","United States of America, America / Canada",Early,False,False,False,,https://bookface-images.s3.amazonaws.com/small_logos/fae29a98d132c4b435b336dbb5d6cf4a1aaf5de7.png,1747381971
30544,Wavedash,wavedash,Spring 2025,Active,Play the latest games in your browser with no downloads,"Wavedash uses cutting edge browser technology to let gamers play the latest releases with no downloads or installation.

",https://wavedash.com,https://www.ycombinator.com/companies/wavedash,"Los Angeles, CA, USA",3,Consumer,Consumer -> Gaming,"Consumer, Gaming","Artificial Intelligence, Consumer, Gaming, Web Development","United States of America, America / Canada, Remote, Partly Remote",Early,False,False,False,,https://bookface-images.s3.amazonaws.com/small_logos/5bc7b2b59a7a325fcdf566d9120353bab8f1fa91.png,1744312209
30543,Cactus,oncactus,Spring 2025,Active,All-In-One AI Growth Partner. Built for Trades.,"HVAC, plumbing, roofing, and electrical companies spend $3K–$25K every month making the phone ring - then lose 10–20% of those leads to slow response times, missed calls, and zero follow-up. The revenue was already there. It just walked out the back door.

Cactus closes that gap on both sides.

Inbound: Every call answered in under 60 seconds, 24/7 qualified and booked directly into Housecall Pro, Jobber, FieldEdge, or ServiceTitan. No voicemails. No missed jobs.

Outbound: Warm leads, dormant customers, and unworked estimates get proactively contacted - driving repeat jobs, cross-sells, upsells, and referrals without adding headcount.

The result: 20–30% more jobs from the ad budget you're already spending.

What that looks like in practice:

→ Roofing company, NC | $299K collected in 10 weeks. $1.41M pipeline created. 199× ROI. $48K of that revenue came in after hours — while the office was closed.

→ Plumbing & HVAC company, UT | $180K confirmed revenue in 4 months. 90× ROI. 58% of captured leads came after hours — jobs that would have gone to voicemail now go straight into the CRM.

→ General contracting company | Grew from 11 jobs/month to 72 in a single month — 555% growth. $2.09M invoiced. $1.82M collected. Zero new hires.

→ Roofing & siding company | $228K pipeline in 75 days. 92% of calls converted to hot leads. $804K in net sales during the Cactus period. 49 spam calls filtered automatically — hours of staff time saved.

→ Commercial signage company | $398K pipeline generated in 10 weeks. 111× ROI on $3,597 invested. Grew from 0% to 30% share of total company pipeline in a single month.

If we don't add revenue, we don't stay. That's the only way this works.

The $150B home services industry is still running on voicemail and spreadsheets. We're building the system that changes that - one answered call at a time.",https://oncactus.com,https://www.ycombinator.com/companies/oncactus,"San Francisco, CA, USA",2,B2B,B2B,B2B,"Artificial Intelligence, B2B, Home Services","United States of America, America / Canada",Early,False,False,False,"Cravd, Cactus, Cactus AI",https://bookface-images.s3.amazonaws.com/small_logos/dc921af3a03077384c1d7224eb024ee94e910b8d.png,1746571239
30542,Vision Lab,vision-lab,Spring 2025,Active,Industrial data layer for robotics training,"We capture and structure real factory workflows at scale by combining first-person industrial video with SOP-level process knowledge.

This enables robotics and AI labs to train on real production data, not just controlled lab environments.",https://thevisionlab.ai/,https://www.ycombinator.com/companies/vision-lab,"San Francisco, CA, USA",11,Industrials,Industrials -> Manufacturing and Robotics,"Industrials, Manufacturing and Robotics","Robotics, Manufacturing, Data Engineering, AI","United States of America, America / Canada",Early,False,False,False,"Comply Genie, Vision Nexus, LineWise",https://bookface-images.s3.amazonaws.com/small_logos/f9c8aab3bb47bc9402833acb64276f52de063681.png,1743036496
30541,Code Four,code-four,Spring 2025,Active,Modernizing the police workflow.,"Code Four slashes the administrative burden on law enforcement through AI-driven automation. Officers spend up to a third of their shifts manually transcribing body camera footage, creating inaccuracies, reducing transparency, and cutting into frontline duties. We're here to eliminate these inefficiencies by integrating with body cameras, record management systems, and digital evidence management systems—acting as a software layer for data processing. 

We free the most overworked and underappreciated people in the world: police officers.",https://codefour.us/,https://www.ycombinator.com/companies/code-four,"San Francisco, CA, USA",3,Government,Government,Government,"Artificial Intelligence, GovTech, Computer Vision","United States of America, America / Canada",Early,False,True,False,,https://bookface-images.s3.amazonaws.com/small_logos/484fe167f81b504f3783e0d04f12060ec5bf7d11.png,1744335489
30540,Lumari,lumari,Spring 2025,Active,AI Digital Workers for Supply Chain ,"Lumari is the world's first AI-powered procurement automation platform purpose-built for direct materials and supply chain execution. 

Backed by Y Combinator, Lumari is a well-funded startup that deploys 100s of always-on AI agents that run sourcing workflows, manage RFQs, expedite purchase orders, and coordinate supplier communication end-to-end -- compressing cycle times and giving teams full visibility into active orders, RFQs, and supplier performance.

Founded by engineers from Google, Tesla, Amazon, and Stripe who have built and scaled supply chain systems serving millions of users. 

Built to operate directly on top of existing tools and ERP systems, Lumari helps procurement teams move faster, eliminate operational bottlenecks, and build more resilient supply chains. No rip-and-replace, no supplier onboarding. Lumari handles the manual chase: quote follow-ups, PO confirmations, delivery status updates, and risk escalation.

Lumari helps companies from Fortune 500s to fast-growing startups automate work from sourcing to delivery, streamline supplier communication and order management, and bring full visibility to their procurement operations.

To learn more check out https://lumari.ai/",https://www.lumari.ai/,https://www.ycombinator.com/companies/lumari,"San Francisco, CA, USA",5,B2B,B2B -> Supply Chain and Logistics,"B2B, Supply Chain and Logistics","B2B, Manufacturing, Supply Chain, Operations, AI","United States of America, America / Canada",Early,False,True,False,Rextly,https://bookface-images.s3.amazonaws.com/small_logos/12837739c0d64330042216a7aa87b32fd0deb815.png,1747084472
30539,mlop,mlop,Spring 2025,Active,Experiment tracking for training ML models,"A fully open-source, performant and actionable ML model training platform
",https://mlop.ai,https://www.ycombinator.com/companies/mlop,"London, England, United Kingdom",2,B2B,B2B,B2B,"AIOps, Developer Tools, Machine Learning, SaaS","United Kingdom, Europe",Early,False,False,False,,https://bookface-images.s3.amazonaws.com/small_logos/3af9294b241ac810c538d00aea0a921d1229099f.png,1746826132
30538,Den,den,Spring 2025,Active,Make real life a video game,We are turning real life into a video game,https://getden.io,https://www.ycombinator.com/companies/den,"San Francisco, CA, USA",2,B2B,B2B -> Productivity,"B2B, Productivity",,"United States of America, America / Canada",Early,False,False,False,Mortar,https://bookface-images.s3.amazonaws.com/small_logos/b76569fbe505e2260c81baabe36a7512daf19506.png,1745125390
30535,Cotool,cotool,Spring 2025,Active,AI Agents for Security Operations Teams,"Cotool is an agentic security platform that eliminates manual and repetitive work for security teams.

Today’s cybersecurity teams remain bogged down by alert fatigue, context switching, and documentation overhead. Security teams don't need more dashboards with ""AI-powered insights"" — they need their time back.

Cotool empowers teams to build security their way. Our platform provides an AI co-pilot that automatically assembles context across tools, a no-code agent builder that transforms successful investigations into reusable automations, and automated report generation, providing comprehensive documentation in seconds.

Unlike solutions that force teams to adapt to vendor workflows, Cotool puts the power of AI directly in practitioners' hands, letting them shape tools around their unique processes. Early users have already cut time spent on investigation and detection engineering by 70%.",https://cotool.ai,https://www.ycombinator.com/companies/cotool,"San Francisco, CA, USA",4,B2B,B2B -> Security,"B2B, Security","SaaS, Compliance, Security, Cybersecurity","United States of America, America / Canada",Early,False,False,False,Holtzman,https://bookface-images.s3.amazonaws.com/small_logos/206decabd9d62821656d84ac331ecdfb83854063.png,1747110142
30533,Pelica,pelica,Spring 2025,Active,AI agents for risk-bearing healthcare organizations,"Pelica helps risk-bearing healthcare organizations improve quality performance, close care gaps, and lower administrative cost using specialized AI agents. Built for health plans, IPAs, MSOs, ACOs, and risk-bearing medical groups, Pelica unifies claims, EHR, pharmacy, lab, and ADT data into one live member record, then gives quality, risk adjustment, pharmacy, provider network, and care management teams agents that carry work through to completion. Pelica currently serves more than 350,000 members.",https://www.pelica.com/,https://www.ycombinator.com/companies/pelica,"San Francisco, CA, USA",5,Healthcare,Healthcare -> Healthcare IT,"Healthcare, Healthcare IT","Artificial Intelligence, B2B, Healthcare, Healthcare IT, AI","United States of America, America / Canada",Early,False,True,False,"Cue, Delty AI, Delty",https://bookface-images.s3.amazonaws.com/small_logos/01b4aaee846929d39e6331c0fdbf8fdf6ea08da6.png,1746945144
30532,Nimbic AI,nimbic-ai,Spring 2025,Active,Automatically write and update internal docs with every code commit.,,https://nimbic-ai.com,https://www.ycombinator.com/companies/nimbic-ai,"San Francisco, CA, USA",3,B2B,"B2B -> Engineering, Product and Design","B2B, Engineering, Product and Design","SaaS, AI","United States of America, America / Canada",Early,False,False,False,,https://bookface-images.s3.amazonaws.com/small_logos/e2f73769cf099429cf35b159e89f9f7c89a94c78.png,1748402935
30531,Moby Analytics,moby-analytics,Spring 2025,Active,AI financial auditors,"At Moby Analytics, we provide the first AI agentic platform built for financial auditors. Auditors easily create and deploy AI agents to automate audit workflows. No code, just prompts and domain expertise.",https://www.mobyanalytics.com/,https://www.ycombinator.com/companies/moby-analytics,"Paris, Île-de-France, France",4,B2B,B2B -> Finance and Accounting,"B2B, Finance and Accounting","Artificial Intelligence, Automation","France, Europe",Early,False,False,False,,https://bookface-images.s3.amazonaws.com/small_logos/2113434e52531a77ccec1fd7bb7d5596dc0b6f6d.png,1747161163
30530,Rimba,rimba,Spring 2025,Active,Streamlining Data Capture to Report Creation for Heavy Industries,"Rimba integrates fragmented data — PDFs, Excel files, time-series, IoT sensors, equipment telemetry, and system performance data — to complete a workflow, such as populating a database, running analytics, and creating a report. 

Our software streamlines the entire journey from data capture to report creation for the physical world, starting with heavy industries such as renewables, oil & gas, supply chain, and chemicals. 

Legacy systems don't communicate, and critical operational data remains siloed. Rimba bridges that gap by connecting data from fragmented systems and structures — ERPs, SCADA, SharePoint, email, and more — to automate workflows, classify inputs, transform data, and improve data monitoring.",https://rimba.ai,https://www.ycombinator.com/companies/rimba,"San Francisco, CA, USA",4,Industrials,Industrials -> Climate,"Industrials, Climate","SaaS, Enterprise Software, AI","United States of America, America / Canada, Remote, Partly Remote",Early,False,False,False,,https://bookface-images.s3.amazonaws.com/small_logos/b68af887ba539134268ac073e1a367094447c416.png,1744344066
30529,Adentris,adentris,Spring 2025,Active,Real-time AI Compliance & Revenue Integrity for Medical Providers,"US healthcare providers lose billions every year to denied claims, most of them traced back to documentation and coding gaps no one catches until the payer says no. Adentris is an AI revenue integrity platform that catches them first. Our AI agents read EHR and payer interfaces directly, no API integration required, across five modules: documentation, coding QA, prior authorization, appeals and denials, and discharge summaries. And for providers that don't have their own CDI or billing teams, we run billing as a service on top of the platform.",https://www.adentris.com,https://www.ycombinator.com/companies/adentris,"San Francisco, CA, USA",5,Healthcare,Healthcare -> Healthcare IT,"Healthcare, Healthcare IT","Artificial Intelligence, Health Tech, B2B, Compliance, Enterprise Software","United States of America, America / Canada, Remote, Partly Remote",Early,False,True,False,"Wrkdn, Work Done (WRKDN), Wrkdn, WorkDone, WorkDone Health",https://bookface-images.s3.amazonaws.com/small_logos/299342dc68e4bc077a079313853d9982af12d81d.png,1745803962
30528,Probo,probo,Spring 2025,Active,We help you get compliant while you focus on your business.,"Probo acts like your compliance team. You tell us how you work, and Probo does the rest:
1. Set the right requirements - not overkill
2. Handle docs, risks, controls, evidence
3. Run the audit
4. Keep everything up to date afterward
Founders shouldn’t lose weeks to this stuff. Even one day is too much.
",https://www.probo.com?utm_source=yc-bookface,https://www.ycombinator.com/companies/probo,"Paris, Île-de-France, France",6,B2B,B2B -> Security,"B2B, Security","SaaS, B2B, Compliance, Cybersecurity","France, Europe, Remote, Partly Remote",Early,False,False,False,,https://bookface-images.s3.amazonaws.com/small_logos/c0e14dfc874747053fa6732daf6dbf9f9ed3e18d.png,1747978784
30527,MindFort,mindfort,Spring 2025,Active,Autonomous Security Agents,"MindFort is building fully autonomous AI agents powered by their in-house models that can find, exploit, and patch complex vulnerabilities in web applications at massive scale. MindFort agents use the same principles as human penetration testers to understand their target and figure out the best ways to work together to exploit it. We can do fully autonomous AI web pentesting and bring offensive security to teams out numbered. 

While security teams were already behind with legacy tools and processes, AI coding is make the problem worse. AI generates code far faster than human teams can secure it; MindFort can match that speed and scale. Our agents will become critical as organizations scale up development with AI.
",https://mindfort.ai/?utm_source=ycombinator&utm_medium=referral&utm_campaign=yc,https://www.ycombinator.com/companies/mindfort,"Los Angeles, CA, USA",5,B2B,B2B -> Security,"B2B, Security",,"United States of America, America / Canada",Early,False,True,False,,https://bookface-images.s3.amazonaws.com/small_logos/67f8fa73a583138ab0060e99d6a10e8341a0d040.png,1747245373
30526,chrt,chrt,Spring 2025,Active,chrt is a logistics platform for time-critical shipping,"chrt is a logistics platform for time-critical shipping. We enable businesses to deliver their most critical items same-day.

Time-Critical Logistics is a $30B market growing at a 20% CAGR driven by growth in American healthcare and manufacturing.

Businesses that place time-critical orders are enterprises who have urgent items they need to deliver ASAP. These orders are critical in nature and often require white glove service -- think therapeutic treatments for healthcare providers or specialized equipment for manufacturers. 

chrt builds the software for forwarders and professional couriers who pick up and deliver these orders. Couriers use chrt to coordinate and track their shipments, including a driver app and fleet management tools. Forwarders use chrt to dispatch couriers, book flights, and track time-critical orders from start to finish. Shippers use chrt to place these orders with their providers and to monitor everything. 

In addition, we also sell physical tracking devices that can be used to track valuable cargo or assets.

This gives us full control of the shipment and allows us to provide shippers with end-to-end tracking. It also allows us to intervene early if we notice something is going wrong.

We’re software engineers that became friends years ago at McKinsey. Kyle is an expert in Time-Critical Logistics, having led strategy at a leader in the space. Aaron is an expert at designing and implementing AI systems to handle complex coordination. We were shipping code together on nights and weekends for years before chrt; now we’re also shipping freight.",https://chrt.com,https://www.ycombinator.com/companies/chrt,"Los Angeles, CA, USA",5,B2B,B2B -> Supply Chain and Logistics,"B2B, Supply Chain and Logistics","Autonomous Shipping, Logistics, Healthcare, Manufacturing, Industrial","United States of America, America / Canada",Early,False,False,False,"CHRT, Inc.",https://bookface-images.s3.amazonaws.com/small_logos/e0bd87983ace16e9a440ec6fe901ff569c1bb997.png,1747152745
30523,Mesmer,mesmer,Spring 2025,Active,The operating system for the 100x Engineering Team,"Mesmer is the operating system for agentic engineering teams.

A few engineering teams are accelerating at breakneck speed, while most are stuck with incremental gains. Mesmer exists so that gap doesn't come down to who gets lucky with their AI experiments.

We help founders and CTOs turn agents into real leverage across their organization: faster delivery, better quality, less bureaucracy, and a clear view of where the bottlenecks are and what to do next.

Hundreds of engineering teams have used Mesmer to >2x their productivity in the first quarter using our platform.

We are a team of repeat founders and CTOs with 15+ years of experience, including leading engineering together at Origin Financial ($400M), the AI financial advisor founded by Mesmer's CEO.",https://mesmer.co,https://www.ycombinator.com/companies/mesmer,"Berlin, Berlin, Germany",7,B2B,"B2B -> Engineering, Product and Design","B2B, Engineering, Product and Design","Artificial Intelligence, SaaS, Productivity, Team Collaboration, AI","Germany, Europe",Early,False,False,False,,https://bookface-images.s3.amazonaws.com/small_logos/c7d56dd73799b9dbf8fdb9e3dd627ec70680c4c8.png,1747147618
30522,Naïve,naive,Spring 2025,Active,Autonomous Company Infrastructure,"The full stack your agent needs to run a business — compute, payments, identity, incorporation, 10,000+ tools — in one config file. 

Paste a prompt into your coding agent, it writes naive.config.ts, and provisions all infrastructure for your apps, agents, businesses. One API, one balance, every action governed.

We're a small, fast-moving, remote-first team.",https://usenaive.ai,https://www.ycombinator.com/companies/naive,"San Francisco, CA, USA",8,B2B,B2B -> Infrastructure,"B2B, Infrastructure","Infrastructure, AI","United States of America, America / Canada",Early,False,True,False,"Relixir.ai, Relixir, Naive, Naïve, naïve",https://bookface-images.s3.amazonaws.com/small_logos/d9f36771516883d109fe1d640d056334a197d1d8.png,1747424808
30521,Kairos,kairos,Spring 2025,Active,Specialized AI for Critical Industries,"Kairos closes the last-mile reliability gap in AI deployments. 

We bring frontier techniques to companies in critical industries, deploying specialized agents that encode operator expertise and reliably automate their most manual workflows.",https://www.withkairos.co/,https://www.ycombinator.com/companies/kairos,"San Francisco, CA, USA",3,B2B,B2B -> Infrastructure,"B2B, Infrastructure","AIOps, Artificial Intelligence, Machine Learning, Reinforcement Learning","United States of America, America / Canada",Early,False,False,False,Janus,https://bookface-images.s3.amazonaws.com/small_logos/3b44f7b050ecc3ee1451baeb4e0a733b19937955.png,1748466933
30519,Hemut,hemut,Spring 2025,Active,AI-powered operating system for trucking companies.,"Next-generation truck management software to automate back-office operations for trucking companies. Features include AI agents to automate inbound/outbound calls, AI document upload to reduce manual data entry, load sourcing tools, automated accounting, and more.",https://www.hemut.com/,https://www.ycombinator.com/companies/hemut,"San Francisco, CA, USA",3,B2B,B2B -> Supply Chain and Logistics,"B2B, Supply Chain and Logistics","SaaS, Logistics, AI","United States of America, America / Canada",Early,False,True,False,,https://bookface-images.s3.amazonaws.com/small_logos/0130d4e41d286011dbbf71e01781948525f98d90.png,1747261239
30518,Orchid,orchid-ai,Spring 2025,Active,A personal EA in your iMessage,"Orchid is an executive assistant that lives in iMessage. It texts you your day each morning, drafts your replies, and books your meetings. You approve, it handles the rest.

If you've ever wished for a world-class EA, come talk to us.",https://orchid.ai,https://www.ycombinator.com/companies/orchid-ai,"San Francisco, CA, USA",3,B2B,B2B -> Productivity,"B2B, Productivity","Artificial Intelligence, AI Assistant","United States of America, America / Canada, Remote, Partly Remote",Early,False,False,False,"Mail0, Zero",https://bookface-images.s3.amazonaws.com/small_logos/4a9494b7b3b62fcb0adb7a5568c37003e022974d.png,1746733443
30517,ValueMate,valuemate,Spring 2025,Active,Valuemate automates real estate appraisals with AI ,"Property appraisals suck — September’s new federal rules will make them even worse.

ValueMate’s LiDAR-plus-AI app captures a property in a three-minute walkthrough and delivers a regulator-ready report on our dashboard, slashing cycle times by 80% for the valuation firms already on board.

In the next few months, every bank, AMC, and independent appraiser must switch to the new format or watch loans pile up. ValueMate handles the transition end-to-end, with zero tape measures, zero data entry, and zero closing delay.

We’re transforming the multi-billion dollar appraisal industry with technology that captures millions of 3D data points per walkthrough.",https://valuemate.ai,https://www.ycombinator.com/companies/valuemate,"New York City, NY, USA",2,B2B,B2B,B2B,,"United States of America, America / Canada",Early,False,False,False,,https://bookface-images.s3.amazonaws.com/small_logos/2513957c2cb96d4cf73c23653ae7fb3d644aabb1.png,1747245550
30516,Bramante,bramante,Spring 2025,Active,Life sciences reagents and software,"We make reagents and software that are purpose built for AI, automated labs, and personalized medicines.",https://www.bramantebio.com,https://www.ycombinator.com/companies/bramante,"Boston, MA, USA",2,Industrials,Industrials -> Manufacturing and Robotics,"Industrials, Manufacturing and Robotics","Artificial Intelligence, Biotech, Manufacturing","United States of America, America / Canada",Early,False,False,False,"LabKick Corporation, LabKick, Bramante Biologics",https://bookface-images.s3.amazonaws.com/small_logos/d13627b06670d3337bda071d8e7bccb8d6728ffd.png,1747846039
30515,Libretto,libretto,Spring 2025,Active,Turn website workflows into reliable APIs,"Libretto is an open-source CLI that lets agents turn website workflows into fast, reusable scripts you can deploy

The problem: Most browser automation tools work by sending an AI agent to operate a website in real time, like a robot typing and clicking on your behalf. This is slow, expensive, and unpredictable. They rely on fragile DOM parsing that breaks on legacy and complex sites, and you can never fully trust what the agent will do on unintuitive or inconsistent workflows.

Our approach: Libretto helps your coding agents generate workflows as actual, readable code during development, not at runtime. Under the hood it combines Playwright with direct in-session network/API calls for reliability and bot detection evasion. It also supports step-through debugging and a read-only mode to prevent accidental data changes while your agent builds and debugs workflows.

This makes Libretto cheaper, faster, and easier to maintain, especially for more complex websites and high stakes workflows.",https://libretto.sh,https://www.ycombinator.com/companies/libretto,"San Francisco, CA, USA",2,Healthcare,Healthcare -> Healthcare Services,"Healthcare, Healthcare Services",,"United States of America, America / Canada",Early,False,False,False,Saffron Health,https://bookface-images.s3.amazonaws.com/small_logos/2ab7b1807b8d28eb8c42b24701e5f9b9db153ee8.png,1762272308
30514,Scalar Field,scalar-field,Spring 2025,Active,Your Agentic Trading Desk — Building the next era of agentic…,"We’re building the agentic trading desk for the new operating system of markets.

I used to be a trader at Tower Research and Goldman Sachs, and I’m building Scalar Field with my co-founder Ramakant, who led engineering teams at Microsoft.

We’ve both spent our careers at the intersection of finance and technology, and we’re using that experience to rethink how markets are analyzed, tested, and traded in the age of agents.

Scalar Field is built around a simple belief: over the next few years, agents will not just help people research markets — they will actively participate in them.

They will monitor news, parse filings, track sentiment, test hypotheses, rebalance portfolios, and execute trades. They will turn ideas into strategies, and strategies into live portfolios.

But today’s financial infrastructure was not built for that world.

Terminals are dashboards. Backtesting tools are fragmented. Execution systems are separate. Market data is hard to unify. And most platforms still assume the human is the only decision-maker.

Scalar Field changes that.

We’re building an agentic trading platform where users can create financial agents that research data, backtest strategies, monitor market events, and trigger trades when specific conditions are met.

The long-term vision is agentic ETFs: portfolios created, managed, and rebalanced by agents around any idea, narrative, event, or market signal.

Scalar Field lets users go from thesis to backtest to live portfolio in one place.

It is infrastructure for the agentic trading era.
",https://www.scalarfield.io/,https://www.ycombinator.com/companies/scalar-field,,3,Fintech,Fintech,Fintech,,Unspecified,Early,False,True,False,,https://bookface-images.s3.amazonaws.com/small_logos/7b28fd1bee5f680014678e8985405788a687849f.png,1746086893
30513,Eloquent AI,eloquent-ai,Spring 2025,Active,The AI Operator for Financial Services,"We automate complex, regulated operations in financial services—no APIs, no engineering required.
We hit $500K ARR in just four weeks because customers deploy instantly.
Our AI Operator learns by observing existing workflows and SOPs, securely controlling browser and desktop applications to automate up to 96% of tasks.
",https://www.eloquentai.co/,https://www.ycombinator.com/companies/eloquent-ai,"San Francisco, CA, USA",5,B2B,B2B,B2B,"Fintech, B2B, Enterprise, AI","United States of America, America / Canada, Remote, Partly Remote",Early,False,True,False,,https://bookface-images.s3.amazonaws.com/small_logos/af87e3855cde7932b789b7149e717ec9f587f704.png,1743955975
30512,MorphoAI,morphoai,Spring 2025,Active,Software tool for designing robots and machines ,"We're building an AI powered platform for engineers that are building new robots and machines. 

We allow users to invent and modify machine designs in a matter of minutes, not years. Ayna and Andy, the co-founders, met during their time at Harvard and started this in 2024 as their programs were wrapping up. We're commercializing 10+ years research done by our team at Harvard and MIT on this space. Our team wrote the very first papers on applying GenAI and optimization algorithms to compose robots from parts and applying computational design to fine tune machine designs. We're bringing in our deep knowledge of modifying equipment and integrating it into factories keenly understanding what makes hardware hard. 

We take in parts under consideration, constraints and tasks at hand and our algorithm formulates and fine tunes from 100s of possible design options. All in a few clicks, so engineers can push hardware to market faster and companies can benefit from the inventions being done by their R&D teams. We already have two paying customers in the OEM and system integrator spaces. 

We are venture backed and supported by a GBP 2.5MM grant by ARIA, the UK Government's invention agency. ",https://morpho.ai/,https://www.ycombinator.com/companies/morphoai,"New York City, NY, USA",7,Industrials,Industrials -> Manufacturing and Robotics,"Industrials, Manufacturing and Robotics","Robotics, Manufacturing, AI","United States of America, America / Canada, Remote, Partly Remote",Early,False,True,False,,https://bookface-images.s3.amazonaws.com/small_logos/b6d184a7985bf94fb06fe3645712c7af87070512.png,1746718035
30511,Vassar Robotics,vassar-robotics,Spring 2025,Active,Open-source semi-humanoid dev kit → home data → autonomy → 20h/wk,"We build home humanoids the practical way—an open, mass-produced developer kit powering a real-home teleop data flywheel to autonomy, giving families back 20 hours/week.",https://www.vassarrobotics.com,https://www.ycombinator.com/companies/vassar-robotics,"Los Angeles, CA, USA",3,Consumer,Consumer -> Consumer Electronics,"Consumer, Consumer Electronics",,"United States of America, America / Canada",Early,False,False,False,JORCA Robotics,https://bookface-images.s3.amazonaws.com/small_logos/298de1df0e98ea832138177668c9cea22705e3fb.png,1745005061
30509,Boost Robotics,boost-robotics,Spring 2025,Active,Robots for the inspection and maintenance of data centers,"Boost Robotics is building autonomous mobile manipulation robots to remotely perform manual tasks in data centers. 

The surge in AI applications is pushing data centers to scale faster than they can manage, leading to suboptimal operations and staffing shortages amid rising power and compute demands.

We save data centers millions in insurance premiums and SLA violations by increasing the frequency of inspection and maintenance while reducing the time it takes to triage and address failures.",https://www.boostrobotics.ai,https://www.ycombinator.com/companies/boost-robotics,"Boston, MA, USA",2,Industrials,Industrials -> Manufacturing and Robotics,"Industrials, Manufacturing and Robotics","Artificial Intelligence, Hard Tech, Hardware, Robotics, Infrastructure","United States of America, America / Canada",Early,False,False,False,,https://bookface-images.s3.amazonaws.com/small_logos/4ab11f23c518bbbd560df743f85f60218829e65f.png,1748984174
30508,Sygaldry Technologies,sygaldry-technologies,Spring 2025,Active,quantum-accelerated AI servers,"We’re building quantum-accelerated AI servers so organizations building AI can exponentially speed up training and inference. And we’re making tools for AI researchers to integrate quantum capabilities into AI models and workflows. 
",https://www.sygaldry.com,https://www.ycombinator.com/companies/sygaldry-technologies,"Ann Arbor, MI, USA",,Industrials,Industrials,Industrials,,"United States of America, America / Canada",Growth,False,True,False,,https://bookface-images.s3.amazonaws.com/small_logos/b5d9349ad4284730525de96954c759add39981fc.png,1748361107
30507,ParaQuery,paraquery,Spring 2025,Active,Managed GPU-accelerated Spark + SQL at 2x speed and half the cost,"ParaQuery is a fully-managed GPU-accelerated Spark solution providing double the performance at half the cost compared to solutions like Databricks and BigQuery. It is fully Spark-compatible, cloud agnostic, and has seamless integrations everywhere, all without vendor lock-in. ParaQuery makes it trivial to run large SQL and Spark workloads efficiently and serverlessly, without any data migrations.",https://paraquery.com,https://www.ycombinator.com/companies/paraquery,"New York City, NY, USA; Remote",1,B2B,B2B -> Infrastructure,"B2B, Infrastructure","Developer Tools, Analytics, Big Data, Enterprise Software, Infrastructure","United States of America, America / Canada, Remote, Fully Remote",Early,False,False,False,Hypermorphic,https://bookface-images.s3.amazonaws.com/small_logos/023b1fec88d11ac0cc00d33e137188a1088f80f1.png,1745603504
30506,Klavis AI,klavis-ai,Spring 2025,Active,High Quality Coding & Agentic Data for AI labs,"Powering frontier AI labs with complex, long-horizon agentic tool-use data.",https://www.klavis.ai/,https://www.ycombinator.com/companies/klavis-ai,,3,B2B,B2B,B2B,,"Remote, Partly Remote",Early,False,True,False,,https://bookface-images.s3.amazonaws.com/small_logos/81ca0035244a123067c03e5df2d892bbd9cb7d00.png,1744314522
30504,Third Chair,third-chair,Spring 2025,Active,AI-Native IP Enforcement Agent,"Third Chair works with IP rightsholders to enforce and monetize their rights, supported by an on-demand network of top lawyers to step in when you need them.

We’ve started with revenue-generating workflows, giving media companies visibility into who’s using their content and helping them turn unauthorized ads into a predictable income stream.

The biggest media and entertainment companies like Universal Music Group in the world rely on Third Chair to enforce their intellectual property, unlock licensing revenue, and accelerate deal flow. ",https://usethirdchair.com,https://www.ycombinator.com/companies/third-chair,"San Francisco, CA, USA; Remote",8,B2B,B2B -> Legal,"B2B, Legal",,"United States of America, America / Canada, Remote, Fully Remote",Early,False,True,False,Watchdog AI,https://bookface-images.s3.amazonaws.com/small_logos/18cebff9bcd74859dde2e614ddfdcdaf32c2ffb3.png,1748486427
30503,Vesence,vesence,Spring 2025,Active,Cursor for Lawyers. Agentic AI in MS Office.,"Vesence is building Cursor for Lawyers.

Already rolled out firm-wide with a first major law firm. We launched in February.

Imagine programming in Apple Notes. No linting, no cursor, you are on your own. That is how it is for many lawyers to draft and review contracts in Microsoft Word. We are here to change that.",https://vesence.com,https://www.ycombinator.com/companies/vesence,"Stockholm, Stockholm County, Sweden",2,B2B,B2B -> Legal,"B2B, Legal",,"Sweden, Europe",Early,False,False,False,"Verse Law, Verse",https://bookface-images.s3.amazonaws.com/small_logos/ae7f81743afec55a338f8ebe26d07f21e2696ebc.png,1747133222
30502,NODI Energy,nodi-energy,Spring 2025,Active,Distributed energy infrastructure unlocking grid power to data centers,"NODI is building distributed energy infrastructure to rewire the grid. 

We deploy and aggregate batteries at the edge and orchestrate them as distributed nodes, providing locational flexibility to the rigid grid — relieving congestion and unlocking capacity at constrained locations, so data centers can connect in weeks instead of waiting decades for reinforcement.",https://www.nodienergy.com,https://www.ycombinator.com/companies/nodi-energy,"London, England, United Kingdom",2,Industrials,Industrials -> Energy,"Industrials, Energy","Energy Storage, Hard Tech, Hardware, Energy, Electronics","United Kingdom, Europe",Early,False,False,False,PowerMatrix,https://bookface-images.s3.amazonaws.com/small_logos/a4a4e15d9d456412939a83c9d998aaeedade968a.png,1748546232
30501,Cartpole,cartpole,Spring 2025,Active,Building reinforcement learning environments,We're creating reinforcement learning environments for training frontier models.,https://cartpole.com,https://www.ycombinator.com/companies/cartpole,"San Francisco, CA, USA",2,B2B,B2B,B2B,"Artificial Intelligence, Reinforcement Learning, Data Labeling, ML","United States of America, America / Canada",Early,False,False,False,"Prophet, Jazzberry",https://bookface-images.s3.amazonaws.com/small_logos/154693ac9eca92a2d8f93ead7153a0858c38d2b3.png,1744600545
30500,Besimple AI,besimple-ai,Spring 2025,Active,Voice data for AI,"We are building the data layer for AI, starting with audio.  

We start with data collection, curating our own proprietary set of diverse conversational data covering a wide range of languages, dialects and accents.  We then leverage human expert audio annotators and our own annotation platform to process audio data for Automatic Speech Recognition.  

With human level transcription and diarization, our data help push the audio model frontier.  Today we have over millions of hours of conversational data, and growing. 

If you need audio data for training or evaluating your voice models or voice agents, reach out!  We offer flexible licensing deals that work for startups and enterprises, with minimal process.  

Audio data should besimple :) ",https://besimple.ai,https://www.ycombinator.com/companies/besimple-ai,"San Francisco, CA, USA",6,B2B,B2B,B2B,"AIOps, Artificial Intelligence, Data Labeling","United States of America, America / Canada",Early,False,True,False,"Simple Annotation, besimple ai",https://bookface-images.s3.amazonaws.com/small_logos/8305d688995d7c8f184d463f02f3ded6947c12e7.png,1747861843
30498,Alkali,alkali,Spring 2025,Active,The smarter way to estimate steel.,Alkali is building the next generation of estimation tools for construction.,https://alkali.engineering,https://www.ycombinator.com/companies/alkali,"Houston, TX, USA",2,B2B,"B2B -> Engineering, Product and Design","B2B, Engineering, Product and Design","B2B, Design Tools, AI Assistant","United States of America, America / Canada",Early,False,True,False,"Alkali, Alkali Engineering",https://bookface-images.s3.amazonaws.com/small_logos/798007bb526034d4bd7924c8d0ab920635b5e47c.png,1747069774
30497,Human Behavior,human-behavior,Spring 2025,Active,Understand your users beyond the numbers,Human Behavior uses vision models to watch all user web sessions so you know exactly how users use every part of your product. ,https://www.humanbehavior.co/,https://www.ycombinator.com/companies/human-behavior,"San Francisco, CA, USA",3,B2B,"B2B -> Engineering, Product and Design","B2B, Engineering, Product and Design","Artificial Intelligence, Developer Tools, Analytics","United States of America, America / Canada",Early,False,False,False,Dough,https://bookface-images.s3.amazonaws.com/small_logos/f0529597ad1f6e8b51f9be309f911ce7bb268c67.png,1744779271
30496,QualGent,qualgent,Spring 2025,Active,AI Mobile App Quality Assurance Tester,"QualGent is an AI Mobile App Quality Assurance Tester that mimics a real human, helping teams catch bugs and ship faster - without hiring more QA testers. One customer reached #3 in the Education category on the App Store by improving app quality with QualGent.

Mobile bugs hurt: crashes kill ratings, broken checkouts drive churn. QualGent helps teams scale QA effortlessly and avoid Sonos-level disasters.

The idea for QualGent was born from the founders’ experience leading engineering teams at Google across Android XR, Stadia, Quick Share, and foldable devices where shipping to billions of users meant constantly facing the painful trade-off between moving fast and maintaining quality. With prior research experience at Nvidia, Maryland, and Berkeley, the team saw a clear opportunity: use AI to scale QA.

QualGent’s vision is to close the loop on software creation. As AI enables engineers to code 100x faster, QualGent eliminates the next bottleneck—software verification—unlocking truly scalable, end-to-end software development.",https://www.qualgent.ai,https://www.ycombinator.com/companies/qualgent,"San Francisco, CA, USA",10,B2B,B2B,B2B,"Artificial Intelligence, B2B, AI","United States of America, America / Canada",Early,False,True,False,,https://bookface-images.s3.amazonaws.com/small_logos/0e454cf353c971b2d54e61c997bd0585c07acf8c.png,1747257305
30492,Prism,prism,Spring 2025,Active,Deploy AI Agents with a Single API Call,"Prism is the easiest way to build and deploy a production AI Agent. 

Stop harness-engineering or worrying about infra. Bring your system prompt, tools, MCP, and skills — get infrastructure, orchestration, memory, self learning, and more out of the box.",https://herm.run,https://www.ycombinator.com/companies/prism,"San Francisco, CA, USA",3,B2B,"B2B -> Engineering, Product and Design","B2B, Engineering, Product and Design","Developer Tools, Infrastructure","United States of America, America / Canada",Early,False,False,False,Prism AI,https://bookface-images.s3.amazonaws.com/small_logos/973718be82b1053c971c2efe1c5263b785ae3711.png,1745261196
30491,Novoflow,novoflow,Spring 2025,Active,Computer-using agents for healthcare operations,Novoflow deploys AI agents that operate on any medical practice’s EHR to automate its biggest operational bottlenecks. Deployment takes weeks and does not require staff to change how they work. Built for healthcare providers and hospitals.,https://www.novoflow.io/,https://www.ycombinator.com/companies/novoflow,"San Francisco, CA, USA",6,Healthcare,Healthcare -> Healthcare Services,"Healthcare, Healthcare Services",Health Tech,"United States of America, America / Canada",Early,False,True,False,,https://bookface-images.s3.amazonaws.com/small_logos/5dc1e2e5cc8a224ba29a91be64f14ab1fbc9cde3.png,1746560485
30488,Theta,theta,Spring 2025,Active,Specialized AI for Every Job,,https://thetasoftware.com,https://www.ycombinator.com/companies/theta,"San Francisco, CA, USA",7,B2B,B2B,B2B,"Artificial Intelligence, Reinforcement Learning, B2B","United States of America, America / Canada",Early,False,False,False,"Handler AI, Theta Software",https://bookface-images.s3.amazonaws.com/small_logos/bef5c2a34194462b75e30c574accec7a94eef920.png,1746731099
30487,IRBC,irbc,Spring 2025,Active,AI-native financial institution for global businesses + agents.,"IRBC is a financial technology company building an AI-native financial institution for global businesses and their AI agents. We believe stablecoins are to finance what AI is to software. IRBC enables businesses across 160 countries to bank, earn yield, spend with Visa credit cards, make instant global payments, and process payments like a local. All powered by programmable money and accessible through chat interfaces and a CLI.",https://irbc.com/,https://www.ycombinator.com/companies/irbc,"New York City, NY, USA",3,Fintech,Fintech -> Banking and Exchange,"Fintech, Banking and Exchange","Artificial Intelligence, Fintech, B2B, Neobank","United States of America, America / Canada",Early,False,False,False,Lyra,https://bookface-images.s3.amazonaws.com/small_logos/e7d307e10d74fa01d4fd34d5f8ea0755540c4046.png,1746417759
30485,Anana,anana,Spring 2025,Active,AI Workspace for Hospitality Commercial Teams,"Anana is an AI workspace for hospitality commercial teams. It connects bookings, calls, chats, emails, market intelligence, and hotel knowledge so teams can see demand earlier, understand what is driving it, and take action in the tools they already use. Built for hotel groups and management companies, Anana gives revenue, sales, marketing, and operations teams one place to work from the same commercial context.",https://getanana.com,https://www.ycombinator.com/companies/anana,"New York City, NY, USA",2,B2B,B2B,B2B,"Artificial Intelligence, B2B","United States of America, America / Canada",Early,False,False,False,"DMV-EZ, cleon, Cleon",https://bookface-images.s3.amazonaws.com/small_logos/51a782f9ec25213533c54cb1e2cb41bde2210c14.png,1748491833
30484,throxy,throxy,Spring 2025,Active,"Vertical AI agents running B2B outbound on autopilot, with human SDRs","throxy builds custom vertical AI agents and pairs them with human SDRs and ultra personalised email sequences to book meetings for B2B software companies selling into traditional industries (e.g. manufacturing, logistics, construction, supply chain)

Outbound is broken. Generic automation gets ignored and decision-makers in legacy sectors are hard to reach. Most of your TAM isn't even on LinkedIn, and tools like Clay, Apollo, and ZoomInfo only cover about 65% of the market. throxy fixes this by running bespoke, fully managed outbound systems for software sales teams trying to crack these industries. We use proprietary scraping tools to map your entire addressable market, then combine AI agents with human experts to deliver hyper-personalised email campaigns and human cold calling that is consistently generating six-figure qualified pipelines.

Since 2023, throxy has powered outbound for B2B software companies, from industrial SaaS to fintech providers, replacing the need for internal SDR teams or stacks of tools with a solution that outperforms on both speed and quality. Today, we have a team of 55 across London and Cape Town, booking on average 8 to 12 qualified meetings per month per client, with some clients seeing 20+ in their first weeks after we doubled down on human-led cold calling.

AI handles the data: building custom databases, scoring leads against your ICP, and personalising outreach at scale. Humans handle the conversations: real cold calls, real emails, real relationships. That's the difference between us and every AI SDR on the market.

Our founding team has built AI at JP Morgan, scaled businesses from age 14, and led enterprise sales from Seed to Series D. We're not just automating outbound, we're redefining what sales execution looks like for software companies selling into traditional industries.

throxy is the ""AI SDR"" purpose-built for the sectors software forgot.",https://throxy.com/,https://www.ycombinator.com/companies/throxy,"London, England, United Kingdom",55,B2B,B2B -> Sales,"B2B, Sales","Artificial Intelligence, B2B, Sales, Automation","United Kingdom, Europe",Early,False,True,False,,https://bookface-images.s3.amazonaws.com/small_logos/5384c6c535d7bcbaf2c4cee7af212ec06f70e79d.png,1745521572
30482,Lucis,lucis,Spring 2025,Active,Function Health for Europe ,"Think Function Health for Europe. We combine medical expertise and AI to transform regular blood testing into actionable insights to help people live healthier, longer.
",https://www.lucis.life,https://www.ycombinator.com/companies/lucis,"Paris, Île-de-France, France",17,Healthcare,Healthcare -> Consumer Health and Wellness,"Healthcare, Consumer Health and Wellness","Telehealth, Digital Health, Health & Wellness, AI","France, Europe, Remote, Partly Remote",Growth,False,True,False,"Zero Health, Lucis, Lucis (ex-Zero Health)",https://bookface-images.s3.amazonaws.com/small_logos/c7c86075dc463745a297d1580339e2396abc55ba.png,1745363793
30480,Flott HQ,flott-hq,Spring 2025,Active,AI-native operating system for vehicle fleet management,"Flott helps transport and logistics companies run leaner, smarter, and more profitable operations. Flott unifies everything transport and logistics teams need in a single, AI-powered control center—bringing planning, live tracking (gps, fuel, etc), invoicing, and payments into one place and delivering true end-to-end visibility. Flott’s AI agents act as an extension of fleet managers — automating repetitive tasks and optimizing workflows.This lets companies focus on what truly matters: growing the business.",https://www.flotthq.com,https://www.ycombinator.com/companies/flott-hq,"Paris, Île-de-France, France",2,B2B,B2B,B2B,"Logistics, Transportation, Operations, AI Assistant","France, Europe",Early,False,False,False,,https://bookface-images.s3.amazonaws.com/small_logos/cb20e1f29c5b7138851e75459877c74ca0beccf7.png,1746507069
30479,Crimson,crimson,Spring 2025,Active,The AI Associate for Litigation Lawyers,"Crimson is the case intelligence platform for complex litigation. We help litigators build a complete picture of each case – every argument, entity and event understood in context – and support them with analysis, drafting and case management across the lifecycle of the dispute.",https://crimson.law,https://www.ycombinator.com/companies/crimson,"London, England, United Kingdom",6,B2B,B2B -> Legal,"B2B, Legal","SaaS, Legal, AI","United Kingdom, Europe",Early,False,False,False,,https://bookface-images.s3.amazonaws.com/small_logos/d21989f713e50ef7cfbe220d4cfc1a1fbcff900f.png,1746120512
30477,Casco,casco,Spring 2025,Active,"Autonomous security testing for web apps, APIs, cloud, and AI systems","Casco performs autonomous security testing for your web apps, APIs, infrastructure, and AI systems. Human supervision optionally available. Use Casco for year-round security and get a penetration test report for your SOC2 and ISO27001 compliance certifications. 

Trusted by 100+ companies from enterprises to fast-moving startups, such as Gusto, CrewAI, Novig, and Accrual.

Hack yourself at: https://casco.com

---

We already secure software deployed in 60% of Fortune 500 companies and are default alive. [1]

[1] http://www.paulgraham.com/aord.html",https://casco.com,https://www.ycombinator.com/companies/casco,,10,B2B,B2B -> Security,"B2B, Security",,Unspecified,Early,False,True,False,Transmittr,https://bookface-images.s3.amazonaws.com/small_logos/aad91c0390b62c24c8473857d3ed3043cad61263.png,1747691019
30476,Nomi,nomi,Spring 2025,Active,Realtime Sales Copilot,"Nomi.so provides on-the-spot phrase suggestions, intelligently crafted from your transcribed sales calls and a custom playbook that adapts and grows with you, from founder-led sales to revops mastery. 

PS: We also increase closing rates by 12% on average and free up your sales team's mental energy. ",https://www.nomi.so,https://www.ycombinator.com/companies/nomi,"Paris, Île-de-France, France; Remote",5,B2B,B2B -> Sales,"B2B, Sales","Sales, Sales Enablement, AI","France, Europe, Remote, Fully Remote",Early,False,False,False,,https://bookface-images.s3.amazonaws.com/small_logos/fd11dae7a652bf143efed034d199e59b84ab4b90.png,1747841477
30475,Morphik,morphik,Spring 2025,Active,AI workers for Skilled Nursing and Senior Living Operations,"Morphik helps Skilled Nursing and Senior Living organizations increase their NOI by automating repetitive manual tasks like AP, billing and collections, nurse admin work. ",https://morphik.ai,https://www.ycombinator.com/companies/morphik,"San Francisco, CA, USA",2,B2B,B2B -> Operations,"B2B, Operations","B2B, Healthcare, AI","United States of America, America / Canada",Early,False,False,False,DataBridge,https://bookface-images.s3.amazonaws.com/small_logos/1a260c523f9c222814023a16c76c6a2b22616cd5.png,1745265466
30474,RunRL,runrl,Spring 2025,Active,Reinforcement learning as a service,"RunRL improves LLMs and AI agents with reinforcement learning. Do you have a model that needs to get better at a certain task? Are you tired of messing around with prompts? Do you spend a lot of money on observability, and wish that all this data could let your model self-improve? Well, head on over to RunRL.com, and see what we have to offer! If you give us a model, a prompt, and a reward, we’ll make your model’s reward go up.",https://runrl.com,https://www.ycombinator.com/companies/runrl,"San Francisco, CA, USA",2,B2B,B2B -> Infrastructure,"B2B, Infrastructure",,"United States of America, America / Canada",Early,False,False,False,,https://bookface-images.s3.amazonaws.com/small_logos/97a1186ade1980432028fbe0af8cf6b4d804a4cb.png,1743582739
30472,Ticket Wallet,ticket-wallet,Spring 2025,Active,AI-optimized ticket resale,"Ticket Wallet is an AI-powered resale platform for season ticket holders and brokers.
We automate pricing, listing, and distribution across all major marketplaces.

Today, most tickets are still sold manually: spreadsheets, guessing prices, and listing on one site at a time. The biggest brokers outsource pricing to teams in the Philippines… 

We built Ticket Wallet because we lived this. Truman has been flipping tickets for the last 5 years. Ryan built pricing software after seeing the mess first-hand. We’ve turned that pain into a product.

Since launch, we’ve onboarded $3M+ in ticket inventory, signed up 100+ paying sellers, and started working with pro teams. We charge 10% per ticket sold. This is our wedge into the $26B resale market.

Other platforms cost you money. We make you more of it.",https://www.ticketwallet.com,https://www.ycombinator.com/companies/ticket-wallet,"New York City, NY, USA",20,B2B,B2B,B2B,,"United States of America, America / Canada",Early,False,False,False,,https://bookface-images.s3.amazonaws.com/small_logos/be0803fb251795884ec20acb31fdcd0062d64afb.png,1747795833
30471,Kaizen,kaizen,Spring 2025,Active,Automate anything on the web.,"Kaizen uses browser agents to automate operational work across legacy web portals. We’re tackling the $300B business process outsourcing market by replacing the manual portal work that powers industries like healthcare, logistics, and financial services.",https://kaizenautomation.com,https://www.ycombinator.com/companies/kaizen,"San Francisco, CA, USA",6,B2B,B2B,B2B,,"United States of America, America / Canada",Early,False,False,False,,https://bookface-images.s3.amazonaws.com/small_logos/ffc8188b9194b518de8d9010fba82b955eedab6f.png,1747626364
30469,HABIT,habit,Spring 2025,Active,Conversational robots for physical businesses.,"Every month, our robots greet tens of thousands of Americans with a smile. They answer questions, upsell customers, and can be trained just like a human employee.",https://habitrobotics.com,https://www.ycombinator.com/companies/habit,"Los Angeles, CA, USA",,B2B,B2B -> Retail,"B2B, Retail","Robotics, Consumer, B2B, Retail, AI","United States of America, America / Canada",Early,False,False,False,,https://bookface-images.s3.amazonaws.com/small_logos/346513b86ce82dc04f53e62543ed7ec57a508425.png,1747768090
30468,Clidey,clidey,Spring 2025,Active,Turn scattered data into one platform for decision-making,"WhoDB is an open-source platform for modeling organizations and running decisions on top of their data.

It lets teams define their core entities (customers, accounts, assets, workflows), the relationships between them, and the rules and objectives that govern how decisions should be made. WhoDB continuously ingests operational data and keeps this model up to date in real time.

Instead of building dashboards, writing ad-hoc queries, or maintaining scattered business logic, teams express decisions declaratively—what should happen, under what conditions, and with what constraints. WhoDB evaluates those decisions automatically as data changes and produces actions, recommendations, or state updates.

Everything is transparent and inspectable: data models, decision logic, and outcomes are fully auditable and can be extended in code.",https://clidey.com,https://www.ycombinator.com/companies/clidey,"San Francisco, CA, USA; Remote",5,B2B,B2B,B2B,"Developer Tools, SaaS, B2B, AI","United States of America, America / Canada, Remote, Fully Remote",Early,False,False,False,Clidey WhoDB,https://bookface-images.s3.amazonaws.com/small_logos/eaee1ea603a9cd9e2411a3a9821c8820cdfb0f90.png,1747802459
30467,Opusense AI,opusense-ai,Spring 2025,Active,AI for Field Inspection Reports,"Opusense AI automates field report writing for construction field inspectors. Instead of typing up notes at the end of the day, inspectors can now walk a site, speak observations aloud, snap photos, and let our AI assistant generate a detailed, organized report on-site and in real time.

Combined, the founding team has over 15 years in the construction industry. Writing up these field reports used to take up at least 20% of the week. With Opusense, we cut that time by 5x. Our team combines deep construction experience with technical expertise, Roya has a PhD in civil engineering, and Michael has worked at multiple construction tech startups.

Why hasn’t this been done before? Construction is slow to adopt new tech, and reporting is messy, photos, voice notes, and field notes all live in silos. Turning that into a clear, structured report requires real insight into how inspectors work and what clients need. Only now, with advances in AI, can we process unstructured data adequately to generate high-quality reports in real time.

The opportunity is massive. Every inspection firm and contractor is struggling with documentation. Manual reports slow them down, create inconsistencies, and delay handoffs. We believe AI can do this better, and Opusense is proving it.",https://www.opusense.com/,https://www.ycombinator.com/companies/opusense-ai,"Toronto, ON, Canada",2,Real Estate and Construction,Real Estate and Construction -> Construction,"Real Estate and Construction, Construction",,"Canada, America / Canada",Early,False,False,False,"Opusense AI, Opusense",https://bookface-images.s3.amazonaws.com/small_logos/d1118b422f2be63b5d6c5b12b721a468712deb7d.png,1746456872
30466,Labric,labric,Spring 2025,Active,The data layer for scientific research,"Labric is building the data layer that makes AI work for science. We capture messy lab data from instruments and tools, clean it, and connect it—so researchers can actually use AI to accelerate discovery.",https://labric.co,https://www.ycombinator.com/companies/labric,"San Francisco, CA, USA",2,B2B,B2B -> Analytics,"B2B, Analytics",,"United States of America, America / Canada",Early,False,False,False,,https://bookface-images.s3.amazonaws.com/small_logos/2d2328f04b2a69a293a3f3a79d7e648159242574.png,1747086610
30465,Photonium,photonium,Spring 2025,Active,AI-Powered Optical Consulting & Software,"Photonium is building software to automate optical system design. We supercharge optics experts with intelligent tooling to reduce costs and deliver faster. We handle the full design stack — from optimization, verification, sourcing, to prototyping — for AR/VR, quantum, biotech, metrology/chip fab, LiDAR, and more. ",https://www.photoniumoptics.com/,https://www.ycombinator.com/companies/photonium,"New York City, NY, USA",5,B2B,"B2B -> Engineering, Product and Design","B2B, Engineering, Product and Design","Hard Tech, Hardware, Machine Learning, B2B, Manufacturing","United States of America, America / Canada",Early,False,True,False,PhotonIQ,https://bookface-images.s3.amazonaws.com/small_logos/1f9f89a3e11065395408b656b79f12f0fd9868a1.png,1748388578
30464,Sixtyfour,sixtyfour,Spring 2025,Active,Intelligence Infrastructure on People and Entities,"Sixtyfour deploys AI agents that investigate people and companies across the open and dark web, official records, proprietary databases, and unstructured sources. We resolve identities, map entity relationships, and surface risk signals for teams where data quality is essential.",https://www.sixtyfour.ai/,https://www.ycombinator.com/companies/sixtyfour,"San Francisco, CA, USA",12,B2B,B2B -> Infrastructure,"B2B, Infrastructure","B2B, Enterprise Software, Infrastructure, AI","United States of America, America / Canada",Early,False,True,False,"Sixtyfour, Sixtyfour AI",https://bookface-images.s3.amazonaws.com/small_logos/7a94c5b6ca35db4a8ecda083bd02671f8be5393f.png,1747432267
30463,Tegore,tegore,Spring 2025,Active,Your new AI-powered math tutor.,"Tegore follows K-12 school curriculum to design courses like Algebra I & Algebra II. In addition to working with high schools in the Bay Area to design the best in-classroom experiences, Tegore is developing the corresponding consumer product, a Duolingo for Math.

Each lesson in Tegore follows a lesson plan (e.g. Polynomial Long Division), and the content is delivered with voice / interactive visuals, and checks students' understanding by using dialectic teaching.",https://tegore.ai/,https://www.ycombinator.com/companies/tegore,"San Francisco, CA, USA",1,Education,Education,Education,"Artificial Intelligence, Education, Consumer","United States of America, America / Canada",Early,False,False,False,Odapt,https://bookface-images.s3.amazonaws.com/small_logos/d196de4608bb9b987f4f42bb705af43c038b6069.png,1747781122
30462,Freesolo,freesolo,Spring 2025,Active,Product Native Models,Freesolo works with companies to encode user-trajectory knowledge into specialized models that outperform the state of the art at much lower latency and cost.,https://freesolo.co,https://www.ycombinator.com/companies/freesolo,"San Francisco, CA, USA",4,B2B,"B2B -> Engineering, Product and Design","B2B, Engineering, Product and Design","Reinforcement Learning, B2B, AI","United States of America, America / Canada",Early,False,False,False,"Linkd, Clado, Freesolo, Clado",https://bookface-images.s3.amazonaws.com/small_logos/45d118ce06f810c00f7b1f3105cf4f7906bd0d55.png,1742722403
30461,Combinely,combinely,Spring 2025,Active,AI coworker for Accountants,"Built by an ex-Deloitte/Google team, Combinely’s AI-coworker works like a junior on your team. It handles workflows end-to-end across your systems - for tax, audit, and accounting.",https://combinely.ai,https://www.ycombinator.com/companies/combinely,"London, England, United Kingdom",5,B2B,B2B -> Finance and Accounting,"B2B, Finance and Accounting",,"United Kingdom, Europe",Early,False,False,False,,https://bookface-images.s3.amazonaws.com/small_logos/d60074c98f74b46443d4cb4aaad793b532b48401.png,1746104417
30460,VoiceOS,voiceos,Spring 2025,Active,Say it and it's done. Voice is the new OS,"VoiceOS turns voice into a seamless, universal interface to 10x productivity — a true voice operating system for the next era of computing.

It works across any app, letting users speak naturally to dictate, edit, and write text instantly. Whether writing an email, revising a document, or grasping complex information, VoiceOS transforms voice into the most powerful productivity tool, bridging the gap between thought and expression.",https://voiceos.com,https://www.ycombinator.com/companies/voiceos,"San Francisco, CA, USA",2,Consumer,Consumer,Consumer,,"United States of America, America / Canada",Early,False,True,False,"NuPhone, Wako AI",https://bookface-images.s3.amazonaws.com/small_logos/1b1aed7099a4bf552ddb400d14fc642d3157809c.png,1748319646
30459,Chiron,chiron,Spring 2025,Active,Grammarly for Math ✏️,"Chiron is an iPad app that understands math as it’s written - like Grammarly for algebra. We’re both Oxford math grads, have tutored for a decade, and we’re creating the future of learning which will be entirely 1-on-1.",https://projectchiron.org,https://www.ycombinator.com/companies/chiron,"London, England, United Kingdom",2,Education,Education,Education,"AI-Enhanced Learning, Developer Tools, Education, Edtech","United Kingdom, Europe",Early,False,False,False,,https://bookface-images.s3.amazonaws.com/small_logos/413bccd180b2d3b183e43292dcbda31f7c7beaf3.png,1748069202
30458,Jeevy Fabrication,jeevy-fabrication,Spring 2025,Active,AI Driven EPC - Weld Fabrication Contractor,"Jeevy Fabrication is an AI-powered contractor that connects complex weld jobs to the best-fit shops—fast. We deliver top-tier QA and total transparency, all at better traditional outsourced pricing.

Our software reduces bid and scheduling time for our in-network shops by over 80%. It converts manufacturing drawings into an accurate bill of materials and a resource-loaded, high-fidelity schedule—eliminating costly errors and rework. Using this our in-network fabricators can bid on more jobs and deliver more reliable results than their competitors. 

We also offer our clients a streamlined purchasing and project tracking experience. Clients submit purchase requests, track schedules, access key documents, and receive real-time photo updates—all in one place. We provide traceability for easy material review and maintenance of domestic content standards as required. Faster decisions, fewer delays, complete visibility. ",https://www.jeevyfabrication.com/,https://www.ycombinator.com/companies/jeevy-fabrication,"Cleburne, TX, USA",3,B2B,"B2B -> Engineering, Product and Design","B2B, Engineering, Product and Design",,"United States of America, America / Canada",Growth,False,True,False,"Jeevy Data, Jeevy Automation",https://bookface-images.s3.amazonaws.com/small_logos/eac311ec272dd9a9d05d85595f54625e24114fe0.png,1746772622
30457,Trapeze,trapeze,Spring 2025,Active,AI-native Zocdoc,"Trapeze empowers doctors to answer patient calls 24/7 with our voice agents clones of their best call center reps and receptionists. In the past 3 months, we’ve onboarded 140+ doctors nationwide serving 1,000,000+ patients.

We're building the AI-native Zocdoc to create the standard for how patients and providers find each other.

Follow along on the BTS of our journey: https://www.tiktok.com/t/ZTjQyxEQx/",https://www.trapezehealth.com,https://www.ycombinator.com/companies/trapeze,"New York City, NY, USA",2,Healthcare,Healthcare -> Healthcare IT,"Healthcare, Healthcare IT",,"United States of America, America / Canada",Early,False,False,False,,https://bookface-images.s3.amazonaws.com/small_logos/899619e92df1f3c424bc3715e6b996ecc554d4a1.png,1748462955
30456,Tinfoil,tinfoil,Spring 2025,Active,Encrypted AI with verifiable privacy,"Tinfoil makes it easy to make your AI workloads secure and provably private. You get the privacy of on-prem deployments, while running on the cloud. It's like end-to-end encrypted messaging but for your AI applications. 

We’ve built a full-stack platform on top of the latest NVIDIA GPUs offering confidential computing capabilities, meaning that you don’t have to trade off performance for privacy. We integrate a suite of recent advances in secure hardware technologies, in particular NVIDIA’s confidential compute mode available on Hopper and Blackwell. When combined with Tinfoil’s software stack, companies can prove their security claims like ""we can't see and don’t log your queries.” Tinfoil guarantees that all data always stays private and cannot be accessed by anyone other than the end user -- not even by Tinfoil or the cloud provider it’s processed on. Everything can be made end-to-end encrypted and private with Tinfoil. 

The founding team combines deep academic and industry experience in security and Internet protocols. Tanya was previously a systems engineer at Cloudflare, where she built Internet security protocols used by billions, and contributed to the Workers AI platform. Jules and Sacha hold PhDs from MIT, where they worked on secure hardware, cryptography, and privacy technologies. Jules has also worked at NVIDIA on their confidential computing team. Tinfoil was born from our personal frustration with the false choice between access to powerful AI and the massive data privacy implications of deeply integrated AI.

AI is a universal tool that becomes part of our personal lives and business workflows. In the process, it needs access to all personal, private, and proprietary data. Right now, the only solutions are data processing agreements (i.e., ""pinky promises""), band-aids like PII redaction that don't work in practice, or AI locally/on-prem, which doesn't scale. Tinfoil promises to unlock significantly deeper AI adoption and integrations by making it easy to obtain true privacy, just as TLS on the Internet enabled e-commerce to flourish by securing credit cards on the network.

Today we offer several self-serve products: 

- A consumer-facing chatbot that keeps your chats end-to-end encrypted and provides zero-access inference with powerful open-source models like Kimi, Gemma, and GLM. You can try it out for free: https://chat.tinfoil.sh

- A developer-friendly API that allows you to build AI applications where all user data is kept private and we as the inference provider cannot see any of the prompts. Our SDKs make sure that all relevant security measures are checked for you before even sending a single byte of data. Learn more:https://docs.tinfoil.sh 

- An advanced confidential computing platform we call Tinfoil Containers that allows you to secure any Docker application. We make it easy to deploy your own logic and applications inside secure enclaves and prove to the world what code is running inside. This enables attested workloads and publicly verifiable privacy policies for sensitive applications. Learn more: https://tinfoil.sh/containers ",https://tinfoil.sh,https://www.ycombinator.com/companies/tinfoil,"San Francisco, CA, USA",5,B2B,B2B -> Security,"B2B, Security","Artificial Intelligence, Developer Tools, Security, Privacy, Cloud Computing","United States of America, America / Canada",Early,False,False,False,,https://bookface-images.s3.amazonaws.com/small_logos/1fb98a08722d6b4a90ad914611f5c3579c0f3558.png,1744845895
30455,Paper Instruments,paper-instruments,Spring 2025,Active,Open-source frontier models for knowledge work,Paper Instruments post-trains LLMs to accelerate knowledge work.,https://www.paperinstruments.com/,https://www.ycombinator.com/companies/paper-instruments,"San Francisco, CA, USA",3,B2B,B2B,B2B,"AIOps, Generative AI, AI","United States of America, America / Canada",Early,False,False,False,The LLM Data Company,https://bookface-images.s3.amazonaws.com/small_logos/b0612dcacbdc26af352611e30ccd5d9b8e4dfc31.png,1747787326
30454,Refresh,refresh,Spring 2025,Active,Training gyms for computer use and software engineering work,Building RL environments for coding and computer use. ,https://www.refresh.dev,https://www.ycombinator.com/companies/refresh,"San Francisco, CA, USA",8,B2B,"B2B -> Engineering, Product and Design","B2B, Engineering, Product and Design",,"United States of America, America / Canada",Early,False,False,False,"JupyPilot, Operative, Operative.sh, operative.sh, Operative",https://bookface-images.s3.amazonaws.com/small_logos/ccf0b2ab481c2f80ab1cae885c909b33ef41f986.png,1745867856
30453,Parsewise,parsewise,Spring 2025,Active,"Multi-document processing for your risk teams, AI agents, pipelines","Parsewise provides multi-document processing and analysis that you can embed in your own product.

Operations teams use our platform for oversight and control over their fleet of AI agents, and our MCP to make Claude work at scale with traceability.
Tech teams use our API to replace complex processing pipelines resolving values across documents.

We help customers assess complex risk at scale: manage casualty, specialty, KYC, and financial risks, so teams can act faster and defend their decisions with confidence.",https://parsewise.ai,https://www.ycombinator.com/companies/parsewise,"London, England, United Kingdom",6,B2B,B2B,B2B,"Documents, Artificial Intelligence, Finance, API, Insurance","United Kingdom, Europe, Remote, Partly Remote",Early,False,True,False,,https://bookface-images.s3.amazonaws.com/small_logos/7f1c0c72a7f623d3b80ce3fbde35d6d196e31e5c.png,1745096268
30452,Better Auth,better-auth,Spring 2025,Active,The authentication framework for TypeScript,"Better Auth is a comprehensive authentication framework for TypeScript that lets you implement everything from simple auth flows to enterprise-grade systems directly on your own database, embedded in your backend. It’s loved by developers all over the world and endorsed by leading voices in the ecosystem.

On top of the framework, Better Auth also provides an infrastructure layer to help you scale with user management and analytics, bot and fraud detection, transactional email and SMS, global session storage and more.",https://better-auth.com/,https://www.ycombinator.com/companies/better-auth,"San Francisco, CA, USA",4,B2B,B2B -> Security,"B2B, Security","Developer Tools, Security, Open Source","United States of America, America / Canada, Remote, Partly Remote",Early,False,False,False,,https://bookface-images.s3.amazonaws.com/small_logos/1f768f164c4dd92121e70abbd42713af3118834a.png,1744888506
30451,Bluejay,bluejay,Spring 2025,Active,"Test, monitor, and improve your voice and chat AI agents","Bluejay’s mission is to engineer trust into every AI interaction, becoming the trust layer between businesses and their customers.",https://getbluejay.ai/,https://www.ycombinator.com/companies/bluejay,"San Francisco, CA, USA",10,B2B,B2B,B2B,AI,"United States of America, America / Canada",Early,False,True,False,,https://bookface-images.s3.amazonaws.com/small_logos/1da0f5ca2648eccf749e97a890ad3887f0dc7eb7.png,1746833867
30450,Kestral,kestral,Spring 2025,Active,We automate your entire product development lifecycle.,"Kestral makes it clear what your customers want most, prioritizes those tasks for highest leverage, and closes the loop with those customers.

We (Brian and Bernard) have been close friends since university, and most recently worked together at Asana, leading AI and Authorization efforts. There we realized AI can completely disrupt the $50B Work Management Market, but it required a fresh start.

What work we even choose to manage in the first place is critical, and the most important insights from customers are silo-ed in sales/CS while R&D gives their best shot at roadmaps meant to deliver impact. Significant requests sit in a backlog, duplicate asks flood the system, months wasted on ""strategic investments"". We want to bridge this gap.

This message is resonating with heads of sales, heads of product, CEOs, as well as individuals, all trying to make sure the most important things get done, with less wasted effort and more revenue/retention.

Kestral works by automatically take in customer data like sales call transcripts & feature request messages and a team of agents:
1. analyze them for actionable takeaways, deal blockers, and nice to haves
2. consolidate them and manage all the asks with citations
3. prioritize them by impact and frequency to cut through the noise so you can see the biggest opportunities clearly
4. connect them to your existing strategic roadmap so when the work gets done, we can automatically follow back up with your customers and win them over

This is just step one of our mission to revolutionize how work gets done -- starting with what we choose to work on, and hope you follow us along for the ride!",https://kestral.ai,https://www.ycombinator.com/companies/kestral,"San Francisco, CA, USA",3,B2B,B2B,B2B,"Artificial Intelligence, Productivity, Team Collaboration","United States of America, America / Canada",Early,False,False,False,,https://bookface-images.s3.amazonaws.com/small_logos/434f06dd5cbc21fd8688f57eddd151366b355c44.png,1746827982
30449,Attune,attune,Spring 2025,Active,"Faster builds, zero effort.","Attune makes blazingly fast build tools that require zero migration effort.

As AI enables developers to write code faster than ever, slow builds are increasingly becoming the bottleneck in development velocity. Developers regularly lose hours of productivity every day waiting for their builds. Imagine being able to write code in 1 minute, but needing to wait 30 minutes to compile, deploy, and test it.

Existing solutions either require painful migrations to new tools (e.g. Bazel) or rely on just using bigger servers to run your builds. Instead, we do native, first-class integrations into compilers and build systems.

With Attune, you don't need to integrate a new tool. Just make a one-line change from `cargo build` to `hurry cargo build` for 20x faster builds.

Eliza (ex-Google) and Xin worked together for 3 years at FOSSA, where Eliza was Head of Engineering and Xin was Head of Product. Eliza brings a decade of programming languages and build systems expertise, while Xin brings a decade of experience building developer tools products, most recently as VP of Product at Teleport (S15). Having experienced the pain of slow builds firsthand across hundreds of production codebases, we're building the solution we've always wanted.",https://attunehq.com,https://www.ycombinator.com/companies/attune,"San Francisco, CA, USA",3,B2B,"B2B -> Engineering, Product and Design","B2B, Engineering, Product and Design","Developer Tools, Infrastructure","United States of America, America / Canada",Early,False,True,False,,https://bookface-images.s3.amazonaws.com/small_logos/8df0ce49cc11e96b09c8980da86ed900b39fe9dc.png,1747089464
30448,PgDog,pgdog,Spring 2025,Active,Scaling engine for PostgreSQL,"PgDog is an application for sharding PostgreSQL. It understands SQL and can distribute queries automatically between databases. It's built for managed databases, like AWS RDS, and doesn't require any changes to application code or schema.

In addition to sharding, PgDog is a load balancer and pooler, so it can act as a replacement for PgBouncer, RDS Proxy, and other Postgres scaling products. It brings the simplicity and performance of HTTP load balancing to the database.

Built from the experience of sharding Postgres at Instacart during peak growth in 2020, PgDog is the answer to the old question: does Postgres scale? It does now.",https://pgdog.dev,https://www.ycombinator.com/companies/pgdog,"San Francisco, CA, USA; Remote",3,B2B,B2B -> Infrastructure,"B2B, Infrastructure",Databases,"United States of America, America / Canada, Remote, Fully Remote",Early,False,True,False,,https://bookface-images.s3.amazonaws.com/small_logos/e611bab66e36c7b14163abfaf0665e260a2ac3e2.png,1745009582
30446,Kirana AI,kirana-ai,Spring 2025,Active,AI manager for physical stores,"Kirana AI is building the first full-stack AI store manager.

With 100 years of family experience owning and operating grocery stores, we are starting there to prove our impact.

Our first product utilizes an on-premise GPU that monitors the store 24/7, scans for theft, looks for workplace health and safety issues, and optimizes customer service. 

With future POS/ordering data integrations, our manager will automate many of the day-to-day tasks of running a store, such as ordering, pricing, assortment, and delegating.",https://www.kirana-ai.com,https://www.ycombinator.com/companies/kirana-ai,"New York City, NY, USA",2,B2B,B2B -> Retail,"B2B, Retail","Grocery, Computer Vision, Retail, AI","United States of America, America / Canada",Early,False,False,False,Kirana,https://bookface-images.s3.amazonaws.com/small_logos/6bc9cf5c0f4cd5c6141c30f400757b42039051c6.png,1747354989
30445,Mbodi AI,mbodi-ai,Spring 2025,Active,Industrial Robots that Learn and Operate Like Humans,"Teach robots new skills through natural language and run reliably in production in minutes.

Mbodi combines generative AI and agent orchestration, turning everyday language and quick demos into precise, reliable robot actions for industrial automation.",https://www.mbodi.ai/,https://www.ycombinator.com/companies/mbodi-ai,"New York City, NY, USA",6,Industrials,Industrials -> Manufacturing and Robotics,"Industrials, Manufacturing and Robotics","Robotics, Automation, AI","United States of America, America / Canada",Early,False,True,False,mbodi AI,https://bookface-images.s3.amazonaws.com/small_logos/ff64e6d141801dbac20dba751384bbd49f916a4a.png,1747670628
30443,Units,units,Spring 2025,Active,Units builds full-stack AI education infrastructure.,"Units lets ambitious students graduate high school in 4 months instead of 4 years with real accredited diploma credits, plus a portfolio of real-world work, not just a transcript. 

We're rebuilding school for a post-AGI world.",https://units.school,https://www.ycombinator.com/companies/units,"San Francisco, CA, USA",1,Education,Education,Education,"Education, Consumer, AI","United States of America, America / Canada",Early,False,False,False,"GradeAssist, VibeGrade, TypeOS",https://bookface-images.s3.amazonaws.com/small_logos/6cf4b48f0d6277a46b6938b7cc1d145878182dc6.png,1745137302
30442,Hanji,hanji,Spring 2025,Active,Turn your hardest documents into reliable data,"We turn scanned, faxed, and handwritten documents into structured data with a pipeline tuned to your workflow",https://hanji.dev/,https://www.ycombinator.com/companies/hanji,"San Francisco, CA, USA",4,B2B,B2B -> Infrastructure,"B2B, Infrastructure","Documents, Artificial Intelligence, Developer Tools","United States of America, America / Canada",Early,False,False,False,YouLearn,https://bookface-images.s3.amazonaws.com/small_logos/9438999e1f2681be7ed1a32e6e245f0d3885b798.png,1745603860
30441,stratify,stratify,Spring 2025,Active,AI agents that help you understand your customers' needs,"Stratify is the AI-powered user researcher that discovers the why behind every decision, click, and preference.
Our platform uses agentic workflows that instantly recruit participants, conduct user interviews, analyze responses, and provide actionable insights.",https://www.trystratify.com,https://www.ycombinator.com/companies/stratify,"San Francisco, CA, USA",2,B2B,B2B,B2B,"B2B, Design, Consumer Products, AI, Conversational AI","United States of America, America / Canada",Early,False,False,False,"Swarm AI, Stratify AI",https://bookface-images.s3.amazonaws.com/small_logos/a1a50cfaa4d20f355d56916b604b0530b1c260eb.png,1747936990
30440,Sim,sim,Spring 2025,Active,The AI Workspace for Building and Managing AI Agents.,"Sim enables fast-growing technical teams to build and deploy AI agent workflows. 

100,000+ developers are already using Sim, integrating with 1000+ apps and LLMs to streamline workflows with AI agents.",https://sim.ai,https://www.ycombinator.com/companies/sim,"San Francisco, CA, USA",8,B2B,B2B,B2B,AI,"United States of America, America / Canada",Early,False,True,False,Sim Studio,https://bookface-images.s3.amazonaws.com/small_logos/4376dcee0d9f629b17716a4c480cf0b33c46b8c6.png,1746478234
30439,Clarm,clarm,Spring 2025,Active,"Build governed AI agents on your own data, without code","Clarm Atlas 10xes productivity for non-technical operators in high-trust, regulated teams - banks, healthcare, insurance, publicly listed companies - by letting them build their own, fully governed AI agents. Teams build agents on their own approved data: every answer cites its source, all primitives are deterministic and highly governable, every action is logged for audit, and you bring your own AI model.",https://www.clarm.com,https://www.ycombinator.com/companies/clarm,"ZH, Switzerland",2,B2B,B2B -> Productivity,"B2B, Productivity","Artificial Intelligence, Sales, Marketing, Customer Support, AI","Switzerland, Europe",Early,False,False,False,"Dialin - Dialogue Insights, dialin, dialin ai, Dialin AI",https://bookface-images.s3.amazonaws.com/small_logos/a20bfc6fd0067cd630d43fa83552c610e2a0c0d2.png,1747978633
30438,Beluga,beluga,Spring 2025,Active,Creator marketing that scales like paid ads,"Using our 6+ years of creator marketing experience to help companies run their creator campaigns at scale. Fully managed solution to drive real, attributable results to their marketing efforts.",https://www.trybeluga.ai/,https://www.ycombinator.com/companies/beluga,"San Francisco, CA, USA",3,B2B,B2B -> Marketing,"B2B, Marketing","Marketing, Advertising, Creator Economy, AI","United States of America, America / Canada, Remote, Partly Remote",Early,False,False,False,Beluga Labs,https://bookface-images.s3.amazonaws.com/small_logos/11644b045eb253141d3efc6875010730a886df27.png,1748129784
30437,Kaelio,kaelio,Spring 2025,Active,The open-source context layer for data agents,"Kaelio is the company behind ktx, the open-source context layer that makes data agents reliable. 

Data agents today fail because they lack structured context and determinism. Metrics are defined in five places, governed in none. Teams spend months on semantic layer projects that never finish.

ktx fixes that. Connect your warehouse, BI tools, and docs. ktx builds the context layer automatically. Your team governs it. Any agent can query it. One context layer across your entire data stack.",https://kaelio.com/,https://www.ycombinator.com/companies/kaelio,,8,B2B,B2B,B2B,"Open Source, AI",Unspecified,Early,False,False,False,,https://bookface-images.s3.amazonaws.com/small_logos/c4c744ee428be44ba894f8b477449386dca44045.png,1747200146
30435,Alpha Research,alpha-research,Spring 2025,Active,"Open source, agentic knowledge bases for all of humanity's knowledge.","Alpha Research builds open source agentic knowledge bases. Our mission is to help knowledge workers work 100x faster. We launched and open sourced our first platform, Alpha Book on a mirror of the Project Gutenberg dataset (75,000 books).

Knowledge work is bottlenecked in two key ways: finding evidence and testing hypotheses. We make both 100x faster. We extend keyword search and RAG with general coding agents, which use filesystem tools like ripgrep and reason iteratively to find broad evidence. Coding agents also write ad-hoc scripts to label datasets and test hypotheses.

Our timeline is simple: repeat Alpha Book across every public dataset of humanity's knowledge. Next we'll launch Alpha Econ with US Census, BLS, NBER, etc datasets. Alpha Justice with US Supreme Court Cases, and so on. We support museums, research libraries, historical societies, and archives. We also do custom integration work for enterprise.",https://alpharesearch.nyc/,https://www.ycombinator.com/companies/alpha-research,"New York City, NY, USA",1,B2B,"B2B -> Engineering, Product and Design","B2B, Engineering, Product and Design",Market Research,"United States of America, America / Canada",Early,False,False,False,"Zenobia Pay, Dolphin",https://bookface-images.s3.amazonaws.com/small_logos/9da4ac9dd6be01478b419bbfd282d5e379179bc8.png,1747591533
30434,Zeon Systems,zeon-systems,Spring 2025,Active,AI-powered robotics for scientific lab automation.,"We’re building AI-powered systems that automate manual work in scientific labs using robotics.

Scientists simply type their experiment in plain English. Zeon translates it into code and runs it on robotic arms (no coding required).

By controlling robots with natural language, we’re enabling automation for every lab, every scientist, and every experiment.

Zeon is lab-aware. It detects equipment, adapts to protocols, and moves autonomously between instruments to execute full workflows.

We’re already working with labs at Stanford and UCSF to accelerate discovery - from running overnight nanoparticle fluorescence measurements to safely disposing of hundreds of bacterial samples. 

Zeon reclaims time for what matters most: the science.",https://www.zeonsystems.ai/,https://www.ycombinator.com/companies/zeon-systems,"San Francisco, CA, USA",5,Industrials,Industrials -> Manufacturing and Robotics,"Industrials, Manufacturing and Robotics","Artificial Intelligence, Robotic Process Automation, Robotics, Automation","United States of America, America / Canada",Early,False,False,False,Zeon Technologies,https://bookface-images.s3.amazonaws.com/small_logos/95786f7359527c0b6051a250e5f3cb00d43b578b.png,1745428848
30433,The Robot Learning Company,the-robot-learning-company,Spring 2025,Active,Tools for the next era of physical automation.,,https://www.robot-learning.co/,https://www.ycombinator.com/companies/the-robot-learning-company,"BY, Germany",1,Industrials,Industrials -> Manufacturing and Robotics,"Industrials, Manufacturing and Robotics","Machine Learning, Robotics","Germany, Europe",Early,False,False,False,The Robot Learning Company (TRLC),https://bookface-images.s3.amazonaws.com/small_logos/fe9d24b61e68d5f71ffc72977fe38d21eece7328.png,1747554289
30432,HelixDB,helixdb,Spring 2025,Active,The fastest & most scalable graph-vector database on the market,"As AI agents replace traditional software, they need a way to store, recall, and reason over contextual data. HelixDB gives them all of that in one system. We’re building the knowledge infrastructure every AI agent will depend on.",https://helix-db.com,https://www.ycombinator.com/companies/helixdb,"London, England, United Kingdom",6,B2B,"B2B -> Engineering, Product and Design","B2B, Engineering, Product and Design","Developer Tools, Open Source, Infrastructure, AI, Databases","United Kingdom, Europe, Remote, Partly Remote",Early,False,False,False,,https://bookface-images.s3.amazonaws.com/small_logos/64b0b8869e482d2c399a6856e5127933c31381bd.png,1747978820
30431,Feyn,feyn,Spring 2025,Active,Custom models trained on your data,"Feyn is an end-to-end service for building custom models from your data. Our models learn how your product actually works, handle the rare cases that are costly to get wrong, and grow sharper the longer they run.

Our engineers start by reviewing your current setup and agreeing on what quality means for your workflow. Then we train a model on your data. Once it ships, new cases feed back into training so the model keeps improving. 

The result is a model that runs faster, improves with use, and is yours to own.",https://www.usefeyn.com,https://www.ycombinator.com/companies/feyn,"San Francisco, CA, USA",3,B2B,"B2B -> Engineering, Product and Design","B2B, Engineering, Product and Design","Artificial Intelligence, Developer Tools, AI, ML","United States of America, America / Canada",Early,False,False,False,Chonkie,https://bookface-images.s3.amazonaws.com/small_logos/7711f83eeb988737aadd19d8943c753d2e4085f4.png,1741421145
30430,Almond,almond-2,Spring 2025,Active,A dual-arm robot built for physical AI.,We build robots for physical AI. Meet Axol - A dual-arm robot designed for real-world tasks using AI.,https://almond.bot/,https://www.ycombinator.com/companies/almond-2,"San Francisco, CA, USA",6,Industrials,Industrials -> Manufacturing and Robotics,"Industrials, Manufacturing and Robotics","Hardware, Robotics, Manufacturing, Automation, AI","United States of America, America / Canada",Early,False,True,False,,https://bookface-images.s3.amazonaws.com/small_logos/37312e12dc6f12e2470a531052ec0e30ee697a75.png,1745432874
30429,Claim Health,claim-health,Spring 2025,Active,AI Revenue Platform for Post-Acute Care,"Post-acute care loses billions to broken revenue infrastructure. Claim Health prevents it. We catch denials before they happen, automate the work drowning ops teams, and connect every step from referral to cash so agencies can scale without adding headcount.

Kevin and JJ bring nearly a decade of experience building and scaling healthtech companies across different segments. 

Post-acute care is a $400B market with over $20B in annual revenue leakage due to broken revenue infrastructure. Claim Health is fixing that.",https://www.claimhealth.com,https://www.ycombinator.com/companies/claim-health,"New York City, NY, USA",6,Healthcare,Healthcare,Healthcare,Healthcare,"United States of America, America / Canada",Early,False,True,False,,https://bookface-images.s3.amazonaws.com/small_logos/91d6877a4ddf9bac285a33f8bf79872c9ff8c29e.png,1745902014
30428,Capacitive,capacitive,Spring 2025,Active,The data gateway for agents.,"We supercharge agents from Cursor to AgentKit with product and team-level context. Connect us once to where your internal data lives, then create secure data gateways with granular cross-platform permissions, comprehensive monitoring, and robust security filtering.",https://capacitive.ai/,https://www.ycombinator.com/companies/capacitive,"San Francisco, CA, USA",2,B2B,"B2B -> Engineering, Product and Design","B2B, Engineering, Product and Design","Developer Tools, SaaS, Enterprise Software","United States of America, America / Canada",Early,False,False,False,,https://bookface-images.s3.amazonaws.com/small_logos/40c96e80ab5fc53e3ad2af87fa471c14586b633f.png,1746399469
30427,Acolite,acolite,Spring 2025,Active,AI Native Commercial Insurance Broker,"Acolite is an AI-powered insurance brokerage purpose-built for the construction industry. We combine modern technology with dedicated, licensed brokers to help contractors get the right coverage faster and at better rates than traditional brokerages can offer.",https://acolite.ai,https://www.ycombinator.com/companies/acolite,"New York City, NY, USA",3,Fintech,Fintech -> Insurance,"Fintech, Insurance","Artificial Intelligence, Insurance, Operations","United States of America, America / Canada",Early,False,False,False,"Blueplan, Anvil",https://bookface-images.s3.amazonaws.com/small_logos/bee88ddf2837ce69f6bc53bc24d264569098af38.png,1747166393
30426,Ralo,ralo,Spring 2025,Active,AI-Native Mortgage Broker,"Ralo is the first AI-native mortgage broker. We use AI to remove layers of overhead and pass the savings back to borrowers. Our customers get rates more than half a point below the national average, save tens of thousands of dollars over the life of their loan. ",https://www.ralo.com/,https://www.ycombinator.com/companies/ralo,"New York City, NY, USA",2,Fintech,Fintech -> Consumer Finance,"Fintech, Consumer Finance","Fintech, Consumer Finance, AI","United States of America, America / Canada",Early,False,True,False,Approval AI,https://bookface-images.s3.amazonaws.com/small_logos/fd1079ebae09b6f3c1cfa789bc4e9fa9c80c8537.png,1744861920
30425,Auctor,auctor,Spring 2025,Active,The agentic operating system for modern system integrators.,"Auctor brings alignment and intelligence to software implementation, enabling every project to deliver its intended value with clarity and precision.",https://getauctor.com,https://www.ycombinator.com/companies/auctor,"New York City, NY, USA",30,B2B,B2B,B2B,"Generative AI, SaaS, Productivity","United States of America, America / Canada",Early,False,True,False,Auctor AI,https://bookface-images.s3.amazonaws.com/small_logos/e14ac50e2fa0724e7b0c94e9bc2c4cdac5732e9e.png,1744707028
30423,neoncoral,neoncoral,Spring 2025,Active,,,http://neoncoral.inc,https://www.ycombinator.com/companies/neoncoral,"San Francisco, CA, USA",1,Consumer,Consumer,Consumer,"Artificial Intelligence, Consumer, Social Media, Social","United States of America, America / Canada",Early,False,False,False,Not incorporated,https://bookface-images.s3.amazonaws.com/small_logos/36f438e6b8799c126e63ad2bfeefaf55ae7bf179.png,1748371593
30421,Synthio Labs,synthio-labs,Spring 2025,Active,Agentic AI platform for Pharma GTM teams,"The intelligence layer behind modern life sciences engagement, enabling compliant, continuous conversations across HCPs, patients, and field teams",https://synthiolabs.com/,https://www.ycombinator.com/companies/synthio-labs,"San Francisco, CA, USA",29,Healthcare,Healthcare,Healthcare,"Artificial Intelligence, Biotech, Healthcare, Enterprise","United States of America, America / Canada",Early,False,True,False,SynthioLabs,https://bookface-images.s3.amazonaws.com/small_logos/9098a7fb6ce97083cb31b3aea4f58a15ab42e106.png,1744430433
30420,Cua,cua,Spring 2025,Active,Give every agent a cloud desktop,"Give every agent a cloud desktop. Built for Claude Code, Codex, OpenClaw, and any computer-use agents.",https://cua.ai,https://www.ycombinator.com/companies/cua,"San Francisco, CA, USA",3,B2B,"B2B -> Engineering, Product and Design","B2B, Engineering, Product and Design",Open Source,"United States of America, America / Canada",Early,False,True,False,"Cua, c/ua",https://bookface-images.s3.amazonaws.com/small_logos/388c63ca4d8b705c5dcaf89934394977693456e0.png,1744392234
30419,Minerva,minerva,Spring 2025,Active,AI native accounting firm,"We’re building an AI-native accounting firm where accountants collaborate with intelligent agents to deliver superior financial advisory services. Together, they close the books in a fraction of the time traditional firms require.",https://joinminerva.ai,https://www.ycombinator.com/companies/minerva,"San Francisco, CA, USA",5,B2B,B2B -> Finance and Accounting,"B2B, Finance and Accounting",,"United States of America, America / Canada, Remote, Partly Remote",Early,False,True,False,,https://bookface-images.s3.amazonaws.com/small_logos/a72893a8ced2fe36f593edecbdfff8190562fd6c.png,1746913900
30417,GroundControl,groundcontrol,Spring 2025,Active,Vertical AI for highly-regulated manufacturing,"GroundControl builds mission-critical software for manufacturers in highly-regulated industries (aerospace, defense, medical)

Our core product automates lengthy, complex, and regulated quality documentation in aerospace manufacturing.

As an example, the Boeing 777 is made up of over 3 million parts sourced from manufacturers around the world. These manufacturers must complete quality documentation for every part on this aircraft (machined parts, printed circuit boards, wire harnesses, assemblies, and more).

GroundControl helps manufacturers complete this required documentation accurately, in minutes instead of days.",https://rungroundcontrol.com/,https://www.ycombinator.com/companies/groundcontrol,"San Francisco, CA, USA",8,Industrials,Industrials -> Aviation and Space,"Industrials, Aviation and Space","SaaS, Manufacturing, Aerospace","United States of America, America / Canada, Remote, Partly Remote",Early,False,False,False,,https://bookface-images.s3.amazonaws.com/small_logos/aa0a54f0fef4c64097aee43f99b1b40bf7bda56a.png,1744173288
30415,Avallon AI,avallon-ai,Spring 2025,Active,AI agents for insurance claims operations,Avallon automates insurance claims operations with AI agents that handle routine calls and documents processing. ,https://www.avallon.ai/,https://www.ycombinator.com/companies/avallon-ai,"New York City, NY, USA",7,Fintech,Fintech -> Insurance,"Fintech, Insurance",,"United States of America, America / Canada",Early,False,True,False,,https://bookface-images.s3.amazonaws.com/small_logos/ac85a0bca77fe890f3dc1aadd1f0f8a554481659.png,1744318663
30412,Bloom,bloom-4,Spring 2025,Active,Build and share mobile apps in seconds,"Bloom lets you vibe code cross-platform apps and test them on your phone natively in seconds. Unlike other vibe code tools, Bloom deploys a backend for you, so you can build functional MVPs and personal apps, not just toys.

https://youtu.be/oeJCk_nwDZg",https://bloom.diy/,https://www.ycombinator.com/companies/bloom-4,,2,B2B,"B2B -> Engineering, Product and Design","B2B, Engineering, Product and Design",,"Remote, Partly Remote",Early,False,True,False,,https://bookface-images.s3.amazonaws.com/small_logos/3577a0e8b2ab3aba26616432bba656fef491a245.png,1748292751
30411,cubic,cubic,Spring 2025,Active,AI-powered code review platform,"Code review is a major bottleneck for software teams, and the rise of AI-generated code is making the problem worse. Reviewing large volumes of code slows devs down, and increases the chances of bugs slipping through.

That's why we're building cubic: an intelligent code review platform that helps devs merge PRs 28% faster.

How? 
- When you open a PR, cubic automatically reviews it. It learns from your codebase's patterns, points out bugs, suggesting fixes, and frees you from low-level review tasks.
- You then jump into the cubic platform, which is designed to optimize how humans review code. For example, file changes are organized in a logical order instead of alphabetical, and cubic generates diagrams of architecture changes.",https://cubic.dev/,https://www.ycombinator.com/companies/cubic,"London, England, United Kingdom",6,B2B,"B2B -> Engineering, Product and Design","B2B, Engineering, Product and Design",Developer Tools,"United Kingdom, Europe",Early,False,True,False,mrge,https://bookface-images.s3.amazonaws.com/small_logos/8d4b717bddf685ac3a5f54298f79381c741a52c3.png,1743248262
30407,Golf,golf,Spring 2025,Active,Agentic AI Security and Governance,"Golf gives enterprises visibility into shadow AI and control over AI agents and MCP. See what's connected, enforce policies, and generate audit trails - all from one place.",https://golf.dev/,https://www.ycombinator.com/companies/golf,"San Francisco, CA, USA",1,B2B,B2B -> Security,"B2B, Security","Artificial Intelligence, Developer Tools, Security, Infrastructure","United States of America, America / Canada",Early,False,False,False,"authed, Authed, authed, Authed",https://bookface-images.s3.amazonaws.com/small_logos/cb627188af8a389c044d02fc9024aae3ea05cdd3.png,1745255607
30406,BitBoard,bitboard,Spring 2025,Active,Let your agent build dashboards and reporting.,"Data analysis with AI agents is great until you realize you want to set up a recurring report or collaborate with your team. We built an agent-first workbook so you don’t have to roll your own dashboards or fumble around in a rigid BI tool.

Connect your agent of choice to BitBoard and it can generate connected charts, SQL, code, and commentary in a notebook-style UI you can share with your team.",https://bitboard.work,https://www.ycombinator.com/companies/bitboard,"San Francisco, CA, USA",2,B2B,B2B -> Analytics,"B2B, Analytics","B2B, Analytics, Data Visualization, AI","United States of America, America / Canada",Early,False,False,False,Realm,https://bookface-images.s3.amazonaws.com/small_logos/74d921a27f5f4254a29834c03d8bfeb6cd8b878c.png,1746992332
30405,nao Labs,nao-labs,Spring 2025,Active,Open Source Analytics Agent,"nao is an open source framework to build and deploy analytics agent.
Create the context of your analytics agent with nao-core cli: data, metadata, modeling, rules, etc. Deploy a UI for anyone to chat with your agent and run analytics on your data.",https://getnao.io/,https://www.ycombinator.com/companies/nao-labs,"Paris, Île-de-France, France",2,B2B,B2B -> Analytics,"B2B, Analytics","Analytics, Open Source, AI","France, Europe",Early,False,True,False,,https://bookface-images.s3.amazonaws.com/small_logos/9572a4af92fd7a09438369c8555334bcd54574f8.png,1744958361
30404,Vybe,vybe,Spring 2025,Active,Secure internal apps. Built by AI in seconds. Powered by your data.,"We're 2 repeat YC founders. We founded Plato (W16, sold to Coda) and Wolfia (S22). Quang lead Product/GTM for Coda Solutions and Fabien is ex-SWE at Meta and lead Engineering at Wealthfront before.

We’re building Vybe: ""Lovable for internal apps"". We come with pre-built building blocks: Integrations (Gmail, Gcal, Github, Jira, etc.), SSO and AI tools (Websearch, Summarization etc.) so anyone in a company can build and launch internal AI-powered apps.

Vibe coding is dramatically lowering the barrier for non-technical users to create full web apps. Lovable, Replit, Bolt, Google, Canva, Figma all launched their vibe-coding platforms. People love them. They're great for prototyping, but it's difficult to roll out inside a company for internal use cases for those reasons: 

1. Data: If you want to connect your existing data (e.g. Salesforce, Gmail, Jira), you'd need to rebuild the API auth, pagination, etc. 

2. SSO: If you build 20 apps, you'll have 20 different logins

3. Security: AI-built apps have massive risk of exposing data, especially if built by non developers

So companies are stuck in the old world: clunky spreadsheets, rigid SaaS solutions or complex no-code tools.

Time to build! ",https://www.vybe.build,https://www.ycombinator.com/companies/vybe,"San Francisco, CA, USA",8,B2B,"B2B -> Engineering, Product and Design","B2B, Engineering, Product and Design",,"United States of America, America / Canada",Early,False,False,False,Nestor AI,https://bookface-images.s3.amazonaws.com/small_logos/5449afa368ba0f8d1d55813d6659160e8a037aa3.png,1745390836
30403,Aravolta,aravolta,Spring 2025,Active,"Software to monitor, control, and optimize data centers.","Aravolta provides a single pane of glass software for data centers to increase uptime, reduce costs, and improve performance.

A single utility node onboards every asset within an hour and detects hardware failures, hotspots, and other issues.

It also generates reports on important metrics like Power Usage Effectiveness (PUE), energy metering, resource utilization, and much more. ",https://www.aravolta.com/,https://www.ycombinator.com/companies/aravolta,"San Francisco, CA, USA",4,B2B,B2B -> Infrastructure,"B2B, Infrastructure","Enterprise Software, Cloud Computing, Monitoring","United States of America, America / Canada",Early,False,True,False,CentralAxis,https://bookface-images.s3.amazonaws.com/small_logos/fef90b2fedf3b6bcd07d770648c6074b9717d2a0.png,1746569409
30402,Kashikoi,kashikoi,Spring 2025,Active,Simulation Engine for Benchmarking AI Products,Kashikoi is a simulation engine to benchmark AI agents. We generate CPU friendly world models that autonomously interview agents and generate deep behavioral assessments. We built a similar technology at Moveworks which was used to ship 250+ enterprise agents to customers daily.,https://www.getkashikoi.com,https://www.ycombinator.com/companies/kashikoi,"San Francisco, CA, USA",2,B2B,B2B,B2B,"Developer Tools, Generative AI, Machine Learning, AI","United States of America, America / Canada",Early,False,False,False,EigenAI,https://bookface-images.s3.amazonaws.com/small_logos/bcf95c28a8d2140be9982bdbaf6aa05199441da7.png,1748454120
30400,Plexe,plexe,Spring 2025,Active,Open-source agents to build predictive ML models from a prompt,"Plexe builds predictive ML models from a problem description. It connects to data sources, conducts experiments, evaluates and deploys the models to an API endpoint.",https://plexe.ai,https://www.ycombinator.com/companies/plexe,"London, England, United Kingdom",2,B2B,"B2B -> Engineering, Product and Design","B2B, Engineering, Product and Design","Machine Learning, Data Science, AI","United Kingdom, Europe",Early,False,True,False,,https://bookface-images.s3.amazonaws.com/small_logos/4911874a37ff01bfa27bb33e5f83f49e6970068e.png,1745031118
30399,Frekil,frekil,Spring 2025,Active,RWE Generation in minutes,"Today, it takes months to understand how drugs perform in the real world, delaying safety insights and leaving patients exposed to unknown risks and benefits for far too long. Frekil turns that months-long process into minutes, with full auditability and scientific rigor.

Frekil accelerates real world evidence (RWE) generation for life sciences companies on their own clinical data from months to minutes. It connects to fragmented clinical data (EHR, Claims, etc.) and lets teams run end-to-end studies from study design, cohort extraction to SAP, statistical analysis, and final reports.",https://www.frekil.com,https://www.ycombinator.com/companies/frekil,"San Francisco, CA, USA",2,Healthcare,Healthcare,Healthcare,"Health Tech, B2B, Biotech, Healthcare, AI","United States of America, America / Canada",Early,False,False,False,Notate,https://bookface-images.s3.amazonaws.com/small_logos/1e885d9503dffbb01e24f5bd3a78965979764099.png,1744440110
30384,Chestnut,chestnut,Spring 2025,Active,The first AI mortgage lender,"Chestnut is the first AI mortgage lender. We automate 99% of human work with AI agents, saving customers 0.5%+ in interest. This is Spencer's second mortgage startup; the first processes 2% of US mortgages annually. So far, Chestnut is licensed in Texas and Colorado where we power purchases, refinances, cash-outs, and more.",https://chestnutmortgage.com/,https://www.ycombinator.com/companies/chestnut,"San Francisco, CA, USA",2,Fintech,Fintech -> Credit and Lending,"Fintech, Credit and Lending","Fintech, Real Estate, Consumer, AI","United States of America, America / Canada",Early,False,True,False,Detta,https://bookface-images.s3.amazonaws.com/small_logos/4dd28657c6905e0ff5663b74202f4b3352633204.png,1747766524
30367,QFEX,qfex,Spring 2025,Active,24/7 Global Stock Exchange,"QFEX is the 24/7 exchange for traditional financial markets.

We let you trade US equities, commodities and FX pairs with (or without) leverages of up to 100x. On QFEX, UX comes first: brokerless market access, seamless integration with traditional payment rails, and ultra-efficient Perpetual Futures offered over all asset classes. Trading has never been simpler, cheaper or fairer than with QFEX.

Founded by Quants and Engineers from Citadel & Tower Research who saw an opportunity to make markets how they always should have been, QFEX will eventually replace the entire $100 billion exchange and clearing industry.",https://qfex.com,https://www.ycombinator.com/companies/qfex,"London, England, United Kingdom",14,Fintech,Fintech -> Banking and Exchange,"Fintech, Banking and Exchange","Fintech, Marketplace, Trading","United Kingdom, Europe",Early,False,True,False,"PSEx, PFEx, Entimox, QFEX, QFEx",https://bookface-images.s3.amazonaws.com/small_logos/ff2e678a3e0cc7ec945071e67d067023b3357bf4.png,1747069734
30366,Blaxel,blaxel,Spring 2025,Active,The perpetual sandbox platform,"Blaxel is the perpetual sandbox platform for AI agents that need to run code fast.

Unlike traditional sandboxes that expire or suffer from cold starts, our sandboxes automatically scale to zero after 1s of inactivity and resume in under 25ms with full memory state preserved — allowing you to keep millions of secure sandboxes on standby indefinitely.

We also co-locate your agent logic alongside these sandboxes to eliminate network overhead, delivering near-instant latency for end users.",https://blaxel.ai,https://www.ycombinator.com/companies/blaxel,"San Francisco, CA, USA",8,B2B,B2B,B2B,"Artificial Intelligence, Developer Tools, Cloud Computing, Infrastructure","United States of America, America / Canada",Early,False,True,False,Beamlit,https://bookface-images.s3.amazonaws.com/small_logos/60e390e449209c3c990c56045efeb692cf4ce77a.png,1745276338
30336,Atlog,atlog,Spring 2025,Active,Outbound voice and text AI without a prompt,Atlog creates voice agents with built-in compliance purpose built for Outbound. Companies use Atlog to automate their calls and texts without worrying about getting sued.,https://atlog.ai,https://www.ycombinator.com/companies/atlog,"New York City, NY, USA",2,B2B,B2B -> Operations,"B2B, Operations",,"United States of America, America / Canada",Early,False,True,False,,https://bookface-images.s3.amazonaws.com/small_logos/3405b06390efd124a27be23179a4e549fc3f10d0.png,1748272733
30329,Waffle,waffle,Spring 2025,Active,Discover & Build AI Chatbots,"Explore custom AI chatbots for fun, work, and life. Start chatting with ready-made bots, or build your own with no code.",https://www.waffle.ai,https://www.ycombinator.com/companies/waffle,"London, England, United Kingdom",2,Consumer,Consumer,Consumer,"Consumer, AI","United Kingdom, Europe",Early,False,False,False,"Opine, Waffle, Opine",https://bookface-images.s3.amazonaws.com/small_logos/2861a984e502a76a5886684436e1887e14b08c0f.png,1740162817
30191,Partcl,partcl,Spring 2025,Active,Design a chip in minutes,"Partcl modernizes chip design automation with physics-informed models powered by GPU acceleration. 
Our tools run up to 700× faster than legacy solutions, cutting weeks off development and unlocking AI-driven optimization.",https://partcl.com/,https://www.ycombinator.com/companies/partcl,"San Francisco, CA, USA",,B2B,"B2B -> Engineering, Product and Design","B2B, Engineering, Product and Design",,"United States of America, America / Canada",Early,False,True,False,AionCAD,https://bookface-images.s3.amazonaws.com/small_logos/3854a114899cbd01548be14b47a9169f22c776a0.png,1743057715
30173,Aviro,aviro,Spring 2025,Active,Environments for Long Horizon Tool Use,"Aviro is a research partner with four frontier AI labs, F500 companies, and some of the top RL data vendors building post-training datasets. We focus on tasks involving thousands of tool steps for coding, computer use, and knowledge work.",https://www.aviro.ai/,https://www.ycombinator.com/companies/aviro,"San Francisco, CA, USA",2,B2B,B2B,B2B,Reinforcement Learning,"United States of America, America / Canada",Early,False,False,False,Tropir,https://bookface-images.s3.amazonaws.com/small_logos/3625aa6dc8b9ca3fedb43ca1043c7246c8185306.png,1746601065
29666,Willow,willow,Spring 2025,Active,The voice interface replacing your keyboard,"Willow is an AI dictation app that lets you type with your voice. Built to 4x the productivity of anyone spending too much time on email, docs, and AI prompting workflows.

We’re Mac-only for now. You can try it free at WillowVoice.com",https://willowvoice.com/,https://www.ycombinator.com/companies/willow,"San Francisco, CA, USA",7,Consumer,Consumer,Consumer,"Artificial Intelligence, Consumer, Productivity, AI","United States of America, America / Canada",Early,False,True,False,"Willow, Willow Voice",https://bookface-images.s3.amazonaws.com/small_logos/4d1a38295742d380ffb6bd899dae457066824da5.png,1724580560
29662,Atum Works,atum-works,Spring 2025,Active,Gigascale Nanomanufacturing,,https://atum.works/,https://www.ycombinator.com/companies/atum-works,"San Francisco, CA, USA",3,Industrials,Industrials -> Manufacturing and Robotics,"Industrials, Manufacturing and Robotics","Hard Tech, 3D Printing, Semiconductors","United States of America, America / Canada",Early,False,False,False,"phorg, ATUM WORKS, ATUM Works",https://bookface-images.s3.amazonaws.com/small_logos/919432869b9d7a01cb7d24ccff7380278318f625.png,1745346268
29656,Leeroo,leeroo,Spring 2025,Active,Organizational Superintelligence,"An AI that continuously learns your organization’s knowledge and expert playbooks, uses experimentation, and with human approval ships data & AI programs and their operational UIs on your existing stack.",https://www.leeroo.com/,https://www.ycombinator.com/companies/leeroo,"London, England, United Kingdom",3,B2B,B2B,B2B,,"United Kingdom, Europe",Early,False,True,False,,https://bookface-images.s3.amazonaws.com/small_logos/5e24001397e161383bce325dfd9f3d37a2156f8a.png,1732293207
30558,BitPatrol,bitpatrol,Spring 2025,Acquired,AI-powered code security,Leverage cutting-edge AI to detect exposed credentials in real time and protect your organization from high-impact data breaches.,https://www.bitpatrol.io/,https://www.ycombinator.com/companies/bitpatrol,"New York City, NY, USA",1,B2B,B2B -> Security,"B2B, Security","DevSecOps, Machine Learning, Cybersecurity","United States of America, America / Canada",Early,False,False,False,,https://bookface-images.s3.amazonaws.com/small_logos/a49803acbbc34d447ce47d0129bde3f02dd6b0ec.png,1747422859
30536,Propolis,propolis,Spring 2025,Acquired,Hands off QA via intelligent browser agents. ,Propolis simulates real users via swarms of autonomous browser agents that test for you.,https://propolis.tech/,https://www.ycombinator.com/companies/propolis,"New York City, NY, USA",2,B2B,B2B,B2B,,"United States of America, America / Canada",Early,False,False,False,,https://bookface-images.s3.amazonaws.com/small_logos/de349c84edec8a91fa36f8307a0a2b1fa56b010f.png,1747249563
30422,Galen AI,galen-ai,Spring 2025,Acquired,"Personal AI healthcare agent, powered by clinical and wearable data.","Galen is an AI-powered personal healthcare companion. We enable patients to securely connect their medical records from over 800 healthcare institutions across more than 12,000 locations in the United States, United Kingdom, and Canada. We also connect with over 20 popular wearable devices including Apple Watch, Fitbit, and Dexcom, bringing all your medical records and health data into one unified space. 

We founded Galen because for over four years, Viraj struggled to navigate several conditions related to chronic low back pain. He often found himself waiting weeks for responses from his care team, received little guidance or education about new diagnoses, and was overwhelmed trying to manage overlapping conditions and medications.

His experiences are not unique. Our healthcare system is overloaded and fragmented, and often, patients are left to navigate their care on their own. Everyday there are nearly 1 billion health-related Google searches, but the responses to such queries are generic and impersonalized, because the searches lack any insight into a users personal health background.

By leveraging your own data and state-of-the art LLM memory capabilities, Galen delivers personalized insights, proactive health recommendations, and 24/7 on-demand medical support — empowering patients to be an active part of their health team. We are a consumer app in beta testing and will be available on the App Store soon!",https://www.galenai.com/,https://www.ycombinator.com/companies/galen-ai,"San Francisco, CA, USA",2,Healthcare,Healthcare -> Consumer Health and Wellness,"Healthcare, Consumer Health and Wellness",,"United States of America, America / Canada",Early,False,False,False,"Stitch, galueshealth.com, Galeus Health",https://bookface-images.s3.amazonaws.com/small_logos/9b24d3137bf7c62299e8f3d9d810e612a82db0b1.png,1747120968
30447,Caucus,caucus,Spring 2025,Inactive,AI CRM for Government,"Caucus is the last piece of software the American government will ever need. We're building an AI CRM for government. Caucus empowers government workers to streamline their daily tasks, eliminate fragmentation, and work at the speed of thought, enabling public servants to focus on high impact work and service.",https://www.usecaucus.com/,https://www.ycombinator.com/companies/caucus,,3,Government,Government,Government,,Unspecified,Early,False,False,False,,https://bookface-images.s3.amazonaws.com/small_logos/7d85ee8e46a07cfba77132afdefaa1146a8d986e.png,1745963507
30444,Percival,percival,Spring 2025,Inactive,Accelerating data analysis for research,Building an AI copilot for researchers to analyze and transform real-world data.,https://percy.tech,https://www.ycombinator.com/companies/percival,"San Francisco, CA, USA; Remote",3,B2B,B2B,B2B,"Artificial Intelligence, Developer Tools, Data Science","United States of America, America / Canada, Remote, Fully Remote",Early,False,False,False,Percival Technologies,https://bookface-images.s3.amazonaws.com/small_logos/cdf1ebc7dc7ea895611a77f39a7009d41c1f8342.png,1745969288
30418,Kanava AI,kanava-ai,Spring 2025,Inactive,Your First AI Sales Hire for Wholesale Distributors,"Distributors face a shrinking workforce and rising call volume.

Kanava AI builds voice-based agents that act like junior sales reps — starting with routine inbound calls, stock and price checks, field note logging, and CRM updates using live ERP data.

As the system learns from top reps and real workflows, it levels up: managing full sales calls, surfacing upsells, coaching teams, and reactivating dormant accounts.

We help distributors scale sales output without adding headcount — by automating the work reps shouldn’t be doing in the first place.",https://kanava.ai/,https://www.ycombinator.com/companies/kanava-ai,"San Francisco, CA, USA",2,B2B,B2B -> Supply Chain and Logistics,"B2B, Supply Chain and Logistics","Sales, Supply Chain, AI, AI Assistant, Industrial","United States of America, America / Canada",Early,False,False,False,,https://bookface-images.s3.amazonaws.com/small_logos/8e470a808656775379182b4abad93b0d9dcb9e5b.png,1747765211
