id,name,slug,batch,status,one_liner,long_description,website,ycdc_company_url,all_locations,team_size,industry,subindustry,industries,tags,regions,stage,top_company,isHiring,nonprofit,former_names,small_logo_thumb_url,launched_at
944,Go1,go1,Summer 2015,Active,A learning platform that enables you to train your staff or customers.,"In today’s environment, employees need training to ensure business compliance, skill development and to support an engaged workforce. Go1 brings together content from the world’s top training providers and makes it easy to access in whichever platform your organization uses. This makes it easier to deliver, manage and engage with training. Go1 also works with existing LMS, HRIS, and business systems to make learning simpler and more effective.",https://go1.com,https://www.ycombinator.com/companies/go1,"Brisbane, QLD, Australia; San Francisco, CA, USA",650,B2B,B2B -> Human Resources,"B2B, Human Resources",eLearning,"Australia, United States of America, Oceania, America / Canada, Remote, Partly Remote",Growth,True,True,False,GO1,https://bookface-images.s3.amazonaws.com/small_logos/e1004ce910aafa76388e32ce5e89e431e2a22211.png,1430202917
870,OpenInvest,openinvest,Summer 2015,Acquired,Values based personalization at scale for asset and wealth management,"OpenInvest is the first technology-backed, socially responsible investment asset management platform that aligns your investments with your values. OpenInvest’s proprietary technology seamlessly creates low-cost investment portfolios tailored to your values, while tracking market indices. A mission-driven company, OpenInvest was one of the first VC-backed Public Benefit Corporations.",http://www.openinvest.com,https://www.ycombinator.com/companies/openinvest,"San Francisco, CA, USA",110,Fintech,Fintech,Fintech,"Fintech, Investing","United States of America, America / Canada, Remote, Partly Remote",Growth,True,False,False,Open Invest,https://bookface-images.s3.amazonaws.com/small_logos/3abd55a846c0a5b7e349727420a779d13c382e27.png,1429997718
934,Scentbird,scentbird,Summer 2015,Active,Scentbird is a luxury fragrance subscription service.,"Scentbird inspires fragrance lovers to go beyond the ordinary and sample scents that evoke passion, confidence, and the unknown. 

Our mission is to revolutionize the way individuals perfume by bringing the ultimate fragrance playground right to their fingertips. By way of a monthly subscription service (starting at $14.95 a month), members can choose from over 500+ designer colognes and perfumes each month!

See what we're all about at: www.Scentbird.com // @Scentbird
*WE'RE HIRING!: https://www.scentbird.com/careers",https://www.scentbird.com,https://www.ycombinator.com/companies/scentbird,"New York City, NY, USA; New York, NY, USA; Remote",165,Consumer,Consumer -> Apparel and Cosmetics,"Consumer, Apparel and Cosmetics",,"United States of America, America / Canada, Remote, Fully Remote",Growth,True,False,False,,https://bookface-images.s3.amazonaws.com/small_logos/ed2169123442c921e8a4af29191c3b42cd5e18f3.png,1430156130
967,Human Interest,human-interest,Summer 2015,Active,The 401(k) for small and medium-sized businesses.,"Human Interest is on a mission to ensure that people in all lines of work have access to retirement benefits. 

Nearly half of all working Americans are not saving enough for their future. Too often it’s because they are employed by a company that doesn’t offer a retirement plan. Human Interest is changing that by making it affordable and accessible for small and medium-sized businesses to offer employees a path to financial independence through retirement savings.

We’re a high-growth tech company changing the retirement industry. We’ve raised $500M and are backed by leading investors. Most recently, by funding from BlackRock as well as many other top investors: TPG (The Rise Fund) with SoftBank led our Series D, Glynn Capital, NewView Capital, USVP, Wing, Uncork, and others.",http://humaninterest.com,https://www.ycombinator.com/companies/human-interest,"San Francisco, CA, USA; Remote",765,B2B,B2B -> Human Resources,"B2B, Human Resources","Fintech, SaaS, Human Resources, HR Tech, Investing","United States of America, America / Canada, Remote, Fully Remote",Growth,False,True,False,"Captain401, Human Interest (Captain401)",https://bookface-images.s3.amazonaws.com/small_logos/b1d2338596e801f39e8a6c668164ac020956c28f.png,1433977518
966,Flirtey (SkyDrop),flirtey,Summer 2015,Active,Flirtey is the world’s first commercial drone delivery service and…,"Flirtey is the leading drone delivery service. We are reinventing the on-demand economy with our network of flying robots for last mile delivery. Our mission is to save lives and change lifestyles by making delivery instant.

Flirtey’s drone delivery service is faster, more efficient and the ultimate customer experience. We’re rapidly growing our team and achieving a record number of historic firsts in the drone delivery industry, advancing autonomy, safety systems and advanced delivery technology.

If you are interested in having your goods delivered via Flirtey, or joining the team that is transforming the delivery industry, visit www.flirtey.com 

Recent Company Milestones:
- October 2017 – Announced a partnership to launch the first automated external defibrillator (AED) drone delivery service in the U.S.
- January 2017 – Raised $16 million in Series A funding from top Silicon Valley investors.
- August 2016 – Launched the world’s first commercial pizza-by-drone delivery model in partnership with Domino’s.
- July 2016 – Conducted the first fully autonomous, FAA-approved drone delivery from a store to a home in partnership with 7-Eleven. 
- June 2016 – Completed the first fully autonomous, FAA-approved ship-to-shore drone delivery in collaboration with Johns Hopkins. 
- April 2016 – The Flirtey drone used to make the first FAA-approved delivery in the U.S. accepted into the Smithsonian’s National Air and Space Museum, alongside the Space Shuttle Discovery and the Wright Flyer. 
- March 2016 – Conducted the first fully autonomous, FAA-approved urban drone delivery in the U.S. 
- July 2015 – Completed the first FAA-approved drone delivery on U.S. soil in collaboration with NASA Langley Research Center.
- Summer 2015 – Graduated Y Combinator.
- 2013 – Founded the first drone delivery service in the world.",,https://www.ycombinator.com/companies/flirtey,"Blountville, TN, USA",11,Industrials,Industrials -> Drones,"Industrials, Drones","Drones, Delivery","United States of America, America / Canada",Growth,False,False,False,Flirtey,https://bookface-images.s3.amazonaws.com/small_logos/f7613d4b5db392ae5fc21774c6519b239f932651.png,1433812818
964,Eight Sleep,eight-sleep,Summer 2015,Active,The sleep fitness company.,"Eight Sleep is the world's first sleep fitness brand with a mission to fuel human potential through optimal sleep. Founded in New York City in 2014, Eight Sleep leverages thermoregulation, data, and technology to design products to restore individuals to their peak energy every morning. Eight Sleep was named one of Fast Company's “Most Innovative Companies of 2018 and 2022”, and recognized by TIME's Best Inventions of 2018 and 2019.",http://eightsleep.com,https://www.ycombinator.com/companies/eight-sleep,"New York City, NY, USA; New York, NY, USA; Remote",100,Consumer,Consumer -> Home and Personal,"Consumer, Home and Personal","Hardware, Health Tech","United States of America, America / Canada, Remote, Fully Remote",Growth,False,True,False,"Luna, Eight",https://bookface-images.s3.amazonaws.com/small_logos/b649c0ed7300661389c61da3478d9e510a6ef517.png,1433394320
963,Instawork,instawork,Summer 2015,Active,A flexible work app that connects businesses with hourly workers.,"Instawork is the on-demand staffing app for hourly workers and hospitality businesses. Our vision is to create economic opportunity for local businesses and professionals, globally. Workers need a better way to find great local jobs and businesses need a better way to find quality workers fast.",http://instawork.com,https://www.ycombinator.com/companies/instawork,"San Francisco, CA, USA",500,B2B,B2B -> Recruiting and Talent,"B2B, Recruiting and Talent",Marketplace,"United States of America, America / Canada, Remote, Partly Remote",Growth,False,True,False,,https://bookface-images.s3.amazonaws.com/small_logos/1712f8a08b08bb04e192934a1098d1b5144c875b.png,1433394320
962,Cofactor Genomics,cofactor-genomics,Summer 2015,Active,Cofactor closes the precision medicine gap with predictive diagnostics,"Cofactor uses RNA and Predictive Immune Modeling to build better biomarkers and improve patient outcomes.

Led by Jarret Glasscock and a group of expert human genome scientists,Cofactor has built a new category of diagnostic technology powered by unique and powerful RNA data models built on terabytes of data. 

The team recently had their technology validation peer-reviewed by the organizations that set standards for diagnostic technology (CAP, AMP) and is publishing in the Journal of Molecular Diagnostics. In addition, the team made news when Cancer Physicians who sit on the committee for patient treatment guidelines (NCCN) presented a clinical study using Cofactor’s technology showing superiority in predicting the patients who will respond to immunotherapy. This initial application is an acute problem recognized widely in the rapidly developing immunotherapy industry and represents north of a billion dollar TAM. 

After a number of recent key milestones, the team is taking the technology more broadly to 50% of cancers diagnosed in the US. 

Current investors include Menlo Ventures, DCVC, and Ascension Ventures (this last investor representing the funding arm for 13 National U.S. Healthcare Systems).",http://cofactorgenomics.com,https://www.ycombinator.com/companies/cofactor-genomics,"St. Louis, MO, USA",13,Healthcare,Healthcare -> Diagnostics,"Healthcare, Diagnostics","Medical Devices, Biotech, Diagnostics","United States of America, America / Canada, Remote, Partly Remote",Growth,False,False,False,,https://bookface-images.s3.amazonaws.com/small_logos/0138772cf18d9846bdac1578f7edd2288e7e4142.png,1433394319
960,Bitmovin,bitmovin,Summer 2015,Active,Powers OTT online video providers with video developer tools.,"Bitmovin has been a first mover in almost every significant development in online video, from building and deploying the world’s first (and fastest) commercial adaptive streaming (MPEG-DASH/HLS) HTML5 Player, to being the first to achieve 100x realtime encoding speeds in the cloud. Bitmovin provides HEVC as well as VP9 live streaming with 60FPS and 4K resolution, and built the first containerized video encoding solution with Docker and Kubernetes.

Bitmovin products are completely in-house developed, easy and fast to integrate and highly customizable. In combination with our great support, documentation and SLAs, this is a true enterprise offering.

To find out more about Bitmovin’s video infrastructure solutions, or about any individual products, contact sales@bitmovin.com, or visit our website: bitmovin.com",http://bitmovin.com,https://www.ycombinator.com/companies/bitmovin,"San Francisco, CA, USA",145,B2B,B2B -> Infrastructure,"B2B, Infrastructure","Developer Tools, Video","United States of America, America / Canada, Remote, Partly Remote",Growth,False,True,False,,https://bookface-images.s3.amazonaws.com/small_logos/d22ccb72e758575588245bb8f517bbe35f7421e7.png,1433394318
952,TetraScience,tetrascience,Summer 2015,Active,The only R&D data cloud for life sciences,"TetraScience provides the world’s first and only R&D Data Cloud, with a mission to transform life sciences R&D, accelerate discovery, and improve human life. Scientists at global pharma and biotech organizations rely on our innovative Tetra Data Platform for easy access to centralized, harmonized, and actionable scientific data to accelerate their digital lab transformation. With best-in-class SaaS performance, a team of industry innovators, and excellent product/market fit, Tetra is positioned to become an iconic life sciences software company.",https://www.tetrascience.com,https://www.ycombinator.com/companies/tetrascience,"Boston, MA, USA; Remote",100,Healthcare,Healthcare -> Healthcare IT,"Healthcare, Healthcare IT","SaaS, Data Engineering","United States of America, America / Canada, Remote, Fully Remote",Growth,False,False,False,,https://bookface-images.s3.amazonaws.com/small_logos/ddb32b2efdb22265a0c610b84a66c92b4e545b61.png,1430204716
949,The Ticket Fairy,the-ticket-fairy,Summer 2015,Active,Revenue generation for live events,"The Ticket Fairy is a next-generation event ticketing, marketing, management, intelligence and revenue acceleration platform, providing event promoters and venue managers the tools necessary to increase attendance levels, social media exposure and consumer engagement, and provide an enhanced experience to their patrons.

The Ticket Fairy is helping large and small events maximise their revenue potential in Australia, New Zealand, India, the United States, and the United Kingdom and Europe, with closed beta trials in East Africa, Singapore, Thailand and Malaysia.",https://www.ticketfairy.com/,https://www.ycombinator.com/companies/the-ticket-fairy,"Los Angeles, CA, USA; Remote",30,Consumer,"Consumer -> Travel, Leisure and Tourism","Consumer, Travel, Leisure and Tourism","Marketplace, SaaS, Entertainment","United States of America, America / Canada, Remote, Fully Remote",Early,False,False,False,,https://bookface-images.s3.amazonaws.com/small_logos/e53c336b6f7cfa45e97633c6ccf498e2fda8b386.png,1430202919
943,Font Awesome,font-awesome,Summer 2015,Active,Icons and social logos for your website.,"Add a line of code and get thousands of icons and social logos on your website instantly. Easy to set up, easy to use, and crazy powerful. Let us take care of the icons so you can get back to the important stuff.

Font Awesome. Go make something Awesome.",http://fontawesome.com,https://www.ycombinator.com/companies/font-awesome,"Bentonville, AR, USA; Joplin, MO, USA; Remote",17,B2B,"B2B -> Engineering, Product and Design","B2B, Engineering, Product and Design","Developer Tools, SaaS, Design Tools, Open Source","United States of America, America / Canada, Remote, Fully Remote",Growth,False,False,False,Fonticons,https://bookface-images.s3.amazonaws.com/small_logos/fa479320e3d153a191f13fca9e3c89b631a02350.png,1430202917
941,"80,000 Hours",80-000-hours,Summer 2015,Active,An online guide that tells talented graduates how to maximise the…,"We provide research and support to graduates who want to use their careers to make a big positive impact in the world. We have an online guide that tells you new ways to make an impact, and one-on-one advice & introductions to help people take action.",http://80000hours.org,https://www.ycombinator.com/companies/80-000-hours,"London, England, United Kingdom",13,Unspecified,Unspecified,Unspecified,Nonprofit,"United Kingdom, Europe, Remote, Partly Remote",Early,False,False,True,,https://bookface-images.s3.amazonaws.com/small_logos/9717ebf61e08e0417b1eac391fe28f656e1af4fc.png,1430202915
938,Xendit,xendit,Summer 2015,Active,Provides payment infrastructure for Southeast Asia,"Xendit provides payment solutions that simplify the payment process for businesses in Southeast Asia, including Indonesia, Philippines, Malaysia, Thailand and Vietnam from SMEs, e-commerce startups to giant corporations. 

Xendit provides a secure, easy-to-integrate payment system, and seamless payment experience supported by great customer service. With a diverse range of products, Xendit’s system can accept payments from virtual accounts, credit and debit cards, eWallets, retail outlets, and also online installments. 

With our aim to build Indonesia and the Philippines’s payment infrastructure, Xendit is on its way shaping the next generation of unicorns by empowering startups to grow exponentially through the products we offer. 

Xendit is licensed and regulated in multiple countries in Southeast Asia
",https://www.xendit.co/,https://www.ycombinator.com/companies/xendit,"Jakarta, Jakarta, Indonesia",700,Fintech,Fintech -> Payments,"Fintech, Payments","Fintech, Payments","Indonesia, Southeast Asia, Remote, Partly Remote",Growth,False,True,False,,https://bookface-images.s3.amazonaws.com/small_logos/82971ab934851a55cee1aa3b11b22839902e7f2e.png,1430156131
937,Shred Video,shred-video,Summer 2015,Active,Shred Video builds automated video & photo systems that allow…,"Shred Video, a new startup launching out of Y Combinator, allows users to take footage from their iPhone, GoPro or drone and simply match it with a song from the user’s iTunes library. That’s all. Shred Video does the rest of the work.

Taking into account the acceleration of the camera itself, Shred Video can pin-point the moments of action for surfers, snowboarders, skaters and other acceleration-based sports to highlight all of the coolest clips in your footage. And beyond that, Shred Video matches those epic moments with the beat-drop of the song.",https://shredvideo.com,https://www.ycombinator.com/companies/shred-video,"San Francisco, CA, USA",2,Consumer,Consumer -> Content,"Consumer, Content","Travel, Video","United States of America, America / Canada",Early,False,False,False,,https://bookface-images.s3.amazonaws.com/small_logos/3d612516760a137f36f04de94b593835d2a101f5.png,1430156131
936,Shape (ShapeScale),shape-shapescale,Summer 2015,Active,ShapeScale is a personal 3D scanner and fitness tracker that…,"Shape is a health tech startup based in San Francisco, California. We are backed by Y Combinator and the company is led by experienced hardware serial entrepreneurs. Shape has designed a product called ShapeScale. ShapeScale is transforming the way we measure our health goals by enabling you to visualize yourself in 3D and see where you have been losing fat and gaining muscle.",https://shapescale.com,https://www.ycombinator.com/companies/shape-shapescale,"San Francisco, CA, USA",7,Consumer,Consumer -> Consumer Electronics,"Consumer, Consumer Electronics","Hardware, Computer Vision, Consumer Health Services","United States of America, America / Canada, Remote, Partly Remote",Growth,False,True,False,ShapeScale,https://bookface-images.s3.amazonaws.com/small_logos/51a78fd63bb7c35e64c4b0654f44569b121ca09b.png,1430156131
932,RedCarpetUp,redcarpetup,Summer 2015,Active,Credit cards for Indians that banks cannot see,"RedCarpet issues credit cards to those that banks cannot see. Currently we are one of the largest issuers of credit lines to the new-to-credit customer in India.
In a population base of 800 million people with bank accounts, there are less than 40 million credit cards. 
By building a fullstack SDK for card issuance, underwriting as well as holding capital & collection ops, we are looking to build the Capital One of India.
",http://redcarpetup.com,https://www.ycombinator.com/companies/redcarpetup,"Gurugram, HR, India; Remote",100,Fintech,Fintech -> Consumer Finance,"Fintech, Consumer Finance","Fintech, India","India, South Asia, Remote, Fully Remote",Growth,False,False,False,,https://bookface-images.s3.amazonaws.com/small_logos/183f0ec3e40c4ede1e9890d348891e13b1af9608.png,1430156129
931,Plate IQ,plate-iq,Summer 2015,Active,Automated Accounts Payable,"Plate IQ makes accounts payable simple.

Automated accounts payable software replaces manual data entry by digitizing your invoices down to the line item, automatically assigning them your proper GL codes, syncing the information to your accounting software, and providing analytics around purchasing. Plate IQ also offers one-click bill pay, inventory, and cloud-based data storage that allows businesses to go paperless.",https://plateiq.com/,https://www.ycombinator.com/companies/plate-iq,"London, England, United Kingdom; Emeryville, CA, USA",200,Fintech,Fintech -> Payments,"Fintech, Payments","Fintech, Finance","United Kingdom, United States of America, Europe, America / Canada, Remote, Partly Remote",Growth,False,False,False,"PlateIQ, Ottimate",https://bookface-images.s3.amazonaws.com/small_logos/2ddaee10acb71c657308a3d62234972fbca8392d.png,1430156129
928,PickTrace,picktrace,Summer 2015,Active,Workforce Management for Large Farms,"PickTrace is a fast growing software company that provides workforce and harvest management solutions for large-scale farms. Founded by brothers Austin and Harrison Steed, PickTrace is building the farm management system of the future. 

PickTrace builds powerful software products that help agriculture companies thrive. Our workforce and harvest management software helps growers gain insight into their operations and improve their operational efficiency. Everything that we do is based on the conviction that we succeed when our customers build a more efficient, compliant, and profitable operation.",http://picktrace.com/company,https://www.ycombinator.com/companies/picktrace,"Los Angeles, CA, USA; Remote",65,Industrials,Industrials -> Agriculture,"Industrials, Agriculture",SaaS,"United States of America, America / Canada, Remote, Fully Remote",Growth,False,False,False,,https://bookface-images.s3.amazonaws.com/small_logos/d4124777f89a4a55489a667bdac411c040d2ef64.png,1430156128
925,Fountain,fountain,Summer 2015,Active,High volume hiring made simple,"Fountain’s all-in-one high volume hiring platform empowers the world’s leading enterprises to find the right people through smart, fast, and seamless recruiting. Candidates can apply anytime, anywhere in minutes, right from their phone. Automated and customizable processes streamline the candidate experience and save time for recruitment teams so they can scale with growing hiring needs. Advanced analytics provide end-to-end process visibility so managers can make swift, data-driven decisions. Throughout the candidate journey, the openly integrated platform enables companies to find, qualify and convert more applicants. Fountain’s global customers hire over 1.2 million workers annually in 78 countries.",http://fountain.com,https://www.ycombinator.com/companies/fountain,"Seoul, Seoul, South Korea; San Francisco, CA, USA; Remote",200,B2B,B2B -> Recruiting and Talent,"B2B, Recruiting and Talent","AIOps, Marketplace, SaaS, HR Tech","South Korea, United States of America, East Asia, America / Canada, Remote, Fully Remote",Growth,False,False,False,OnboardIQ,https://bookface-images.s3.amazonaws.com/small_logos/d2ac289c0156c41e04d1f111b1eeac68ebcc6117.png,1430156127
923,Microhealth,microhealth,Summer 2015,Active,Rare Disease-Focused Care Delivery and Evidence Generation Platform,"* Category leading RWE platform generating differentiated data through combination of a provider community and patient-reported outcomes; delivering personalized and comparative evidence at the point of care

* Singular network architecture and data capturing capabilities help identify patients with unmet needs in real-time; unlocking opportunities to improve health outcomes and additional revenue for pharma

* Microhealth has achieved product-market fit in the hemophilia and rare blood disorders space

Today, we are the world's leader in digital hematology:

- Our US hemophilia network covers 33%+ of patients on prophylaxis and 50%+ of hemophilia treatment centers
 
- Average active-user retention is 52 months
 
- Trusted by leading pharmaceutical sponsors: Novo Nordisk, Sanofi, Roche and Pfizer",http://microhealth.com,https://www.ycombinator.com/companies/microhealth,"Claymont, DE, USA; Remote",25,Healthcare,Healthcare -> Consumer Health and Wellness,"Healthcare, Consumer Health and Wellness","Digital Health, Healthcare, AI","United States of America, America / Canada, Remote, Fully Remote",Early,False,False,False,MicroHealth,https://bookface-images.s3.amazonaws.com/small_logos/b4dff38384073b0991b2872c72a4ab9ba8a34087.png,1430156126
922,Zeplin,zeplin,Summer 2015,Active,Deliver on the Promise of Design,"Zeplin is an organized workspace to publish finalized designs, where the entire team can collaborate to ship beautiful products together. We were founded in 2014 and today we are honored to support 5+ million users from thousands of product teams including Apple, Starbucks, Salesforce, Amazon, Microsoft, Audi and many more. We’re a Y Combinator startup, also backed by amazing investors like Elad Gil, Mike Maples, Kevin Hale. We’re a distributed crew with offices in San Francisco, Istanbul and London.

We're Hiring! Please apply directly on Zeplin's job site: https://zpl.io/jobs",https://zeplin.io,https://www.ycombinator.com/companies/zeplin,"San Francisco, CA, USA; London, England, United Kingdom; Istanbul, Istanbul, Turkey",140,B2B,"B2B -> Engineering, Product and Design","B2B, Engineering, Product and Design","Developer Tools, SaaS, Design Tools","United States of America, United Kingdom, Turkey, America / Canada, Europe, Middle East and North Africa, Remote, Partly Remote",Growth,False,False,False,,https://bookface-images.s3.amazonaws.com/small_logos/3058f679df3968424c2744203d637cac6ef08716.png,1430156126
921,Markhor,markhor,Summer 2015,Active,Markhor is a DTC company that works with craftsmen to make shoes and…,Markhor's leather footwear and accessories are handcrafted by some of the most skilled artisans in the subcontinent.,http://markhor.com,https://www.ycombinator.com/companies/markhor,"San Francisco, CA, USA; Remote",5,Consumer,Consumer -> Apparel and Cosmetics,"Consumer, Apparel and Cosmetics",Fashion,"United States of America, America / Canada, Remote, Fully Remote",Early,False,False,False,"Markhor, Atoms, Inc.",https://bookface-images.s3.amazonaws.com/small_logos/95d23b05ce6f4cfdc38ec869ddd7d8a8aadd4e39.png,1664995472
915,Circle Medical,circle-medical,Summer 2015,Active,Modern primary care via video and in-person,"Circle Medical is a venture-backed Y-Combinator healthcare startup on a mission to bring quality, delightful primary care to everyone on the planet. Built by top-tier physicians, engineers, and designers, our medical practice and underlying technology have pioneered how people find and receive care.

Our focus on building directly for our patients and providers to address serious care accessibility issues has enabled us to grow over 3X year-over-year. We’re now using our most recent round of funding from WELL Health, backed by Sir Li Ka-shing, to continue building out our hybrid in-clinic and telemedicine model across all fifty states.

As we enter the hypergrowth phase, we are looking for deeply motivated team players who are driven to solve some of the biggest challenges in healthcare so that people can live longer and healthier lives.

More about us can be found on our website!",https://circlemedical.com,https://www.ycombinator.com/companies/circle-medical,,235,Healthcare,Healthcare -> Consumer Health and Wellness,"Healthcare, Consumer Health and Wellness","Consumer Health Services, Primary Care","Remote, Partly Remote",Growth,False,True,False,,https://bookface-images.s3.amazonaws.com/small_logos/b41f594faeb80b2e4bc2e59901c4813b0dfb47ea.png,1430156123
914,GiveCampus,givecampus,Summer 2015,Active,The fundraising platform for schools.,"GiveCampus is the world's #1 fundraising platform for non-profit educational institutions. Trusted by millions of donors and more than 1,500 colleges, universities, and K-12 schools, our mission is to advance the quality, the affordability, and the accessibility of education. Since 2015, we have facilitated more than $7 billion in charitable giving.",http://go.givecampus.com,https://www.ycombinator.com/companies/givecampus,"Washington, DC, USA; Remote",130,Education,Education,Education,"Education, Fintech, SaaS, B2B","United States of America, America / Canada, Remote, Fully Remote",Early,False,True,False,,https://bookface-images.s3.amazonaws.com/small_logos/55a1d2299284203df1bfdb4eb60c9ad5ca6328d2.png,1430156123
913,Drip Capital,drip-capital,Summer 2015,Active,Digital trade finance and B2B commerce company,"Drip is a financial technology company building modern infrastructure to make trade finance and B2B commerce easy and accessible for small businesses worldwide. Its AI native, predictive underwriting, and processing engine streamlines credit assessment and automates end-to-end transaction workflows. To date, Drip has facilitated more than $8 billion in cross-border trade for 11,000 businesses across 60 countries.
Working to close the $1.8 trillion global trade finance gap, Drip enables small and midsize businesses to trade with confidence across borders. The company has built a strong partner ecosystem — including leading capital providers such as Barclays, TD Bank, and the IFC, as well as logistics firms, insurance brokers, and B2B invoicing platforms — to expand distribution and impact. Drip is backed by global investors including Accel, Sequoia, Wing VC, Sumitomo Mitsui Banking Corporation, GMO Payments, TD Bank, and Y Combinator.",http://dripcapital.com,https://www.ycombinator.com/companies/drip-capital,"MH, India",280,Fintech,Fintech,Fintech,Fintech,"India, South Asia, Remote, Partly Remote",Growth,False,True,False,,https://bookface-images.s3.amazonaws.com/small_logos/fd4c1794856699806ba4d2424920a88c78f1f201.png,1430156123
910,Chaldal,chaldal,Summer 2015,Active,,"Chaldal.com is an online shop based in Dhaka, Bangladesh. It is a service rooted on the idea that shopping for necessities should not be a burden. At Chaldal, we believe that time is valuable to our fellow Dhaka residents, and that they should not have to waste hours in traffic, brave the weather and wait in line just to buy some eggs – which is why we deliver everything you need right at your door-step and at no additional cost!

Chaldal is a work in progress, and we hope to get better over time. We are firm believers in using technology to improve Bangladesh, and we will continue to invest all our effort in pushing the boundaries of technology in this country.",http://chaldal.com,https://www.ycombinator.com/companies/chaldal,"Dhaka, Dhaka Division, Bangladesh",2886,Consumer,Consumer -> Food and Beverage,"Consumer, Food and Beverage",,"Bangladesh, South Asia",Growth,False,False,False,,https://bookface-images.s3.amazonaws.com/small_logos/8a7f7513296cd5afbbad6243fb872441af0160cf.png,1430156122
908,Bodyport,bodyport,Summer 2015,Active,Predicting and preventing heart disease.,"Bodyport’s cardiovascular sensing weight scale and predictive algorithms detect early changes in cardiac function to help prevent avoidable hospitalizations. Bodyport is initially targeting heart failure, a chronic condition affecting over 6M Americans and a leading cause of hospitalizations (1M/year) and healthcare spending ($35B/year).

Bodyport’s novel scale measures cardiac output, congestion, heart rate, and other leading indicators of cardiovascular health — all in the same step patients already take to weigh themselves. Companion algorithms and software empower care teams to quickly identify at-risk patients and remotely optimize their therapy to prevent deterioration.",http://bodyport.com,https://www.ycombinator.com/companies/bodyport,"San Francisco, CA, USA",19,Healthcare,Healthcare -> Consumer Health and Wellness,"Healthcare, Consumer Health and Wellness","Medical Devices, Healthcare, Telemedicine","United States of America, America / Canada, Remote, Partly Remote",Growth,False,False,False,,https://bookface-images.s3.amazonaws.com/small_logos/9af59cfe2253d45b23519fa9644441358b95d382.png,1430156121
902,Verge Genomics,verge-genomics,Summer 2015,Active,We use human data and AI to develop better drugs faster.,"Verge uses artificial intelligence and human data to develop better drugs faster. Verge has an end-to-end technology-driven drug discovery and development platform, featuring one of the field’s largest and most comprehensive proprietary patient genomics datasets from human tissue. Verge uses machine learning to mine this data and develops these insights into new drugs using it’s human-centric biology and chemistry platforms. ",http://vergegenomics.com,https://www.ycombinator.com/companies/verge-genomics,"San Francisco, CA, USA",50,Healthcare,Healthcare -> Drug Discovery and Delivery,"Healthcare, Drug Discovery and Delivery",,"United States of America, America / Canada, Remote, Partly Remote",Growth,False,True,False,,https://bookface-images.s3.amazonaws.com/small_logos/c4cfdad3584cced8a30fec859292e2380372a30d.png,1430156118
901,Thrive Agritech,thrive-agritech,Summer 2015,Active,We design and manufacture energy efficient LED lighting fixtures for…,"Thrive Agritech designs and manufactures advanced lighting fixtures for indoor agriculture. We have a patent pending LED lighting system that precisely targets various photosynthetic spectrums.

Many thousands of our LED lighting fixtures have been installed in some of the world's leading indoor farms. Our products are saving millions of watt-hours of energy every day in vertical farms, greenhouses and cannabis production facilities.

Agritech expands beyond lighting and so do we. Our R&D team is actively involved in creating advanced sensor and communications networks to work with both human and artificial intelligence to create the optimized farm of the future.",http://www.thriveagritech.com,https://www.ycombinator.com/companies/thrive-agritech,"Seattle, WA, USA; New York, NY, USA; Remote",8,Industrials,Industrials -> Agriculture,"Industrials, Agriculture","Vertical Farming, Agriculture, Sustainable Agriculture","United States of America, America / Canada, Remote, Fully Remote",Growth,False,False,False,Transcend Lighting,https://bookface-images.s3.amazonaws.com/small_logos/36ed02c8fd97dc887a62befb811f54de6a64ba08.png,1430156118
900,Tesorio,tesorio,Summer 2015,Active,Tesorio is the cash flow performance platform that helps finance…,"Tesorio is the world’s first and only cash flow performance platform. It empowers CFOs and finance teams to boost profits by using artificial intelligence to better manage, predict, and collect cash.",https://www.tesorio.com,https://www.ycombinator.com/companies/tesorio,"San Francisco, CA, USA; Burlingame, CA, USA; Remote",53,B2B,B2B -> Finance and Accounting,"B2B, Finance and Accounting","Fintech, SaaS, B2B","United States of America, America / Canada, Remote, Fully Remote",Growth,False,False,False,,https://bookface-images.s3.amazonaws.com/small_logos/ca7ba720859e309c7fb63d87f38791243c9e8a8f.png,1430156118
898,Reach,reach,Summer 2015,Active,"Long range, wireless energy distribution that scales","Reach Labs is building long-range wireless power networks that deliver scalable, resilient energy infrastructure.",https://reachpower.com,https://www.ycombinator.com/companies/reach,"San Francisco, CA, USA",45,Industrials,Industrials -> Energy,"Industrials, Energy","Climate, Energy","United States of America, America / Canada, Remote, Partly Remote",Growth,False,True,False,"Supply, Reach Labs",https://bookface-images.s3.amazonaws.com/small_logos/2996d2661354e506266f6122ea522379aa429590.png,1430156117
896,SunFarmer,sunfarmer,Summer 2015,Active,Reliable and affordable solar energy in developing countries.,"SunFarmer provides affordable solar energy for hospitals, schools, businesses, and farms in developing countries.

In many parts of the world, electricity is unavailable, unstable, or extremely expensive. Yet reliable electricity is critical for high quality healthcare, modern education, economic development, and improved agricultural productivity. 

Learn more at sunfarmer.org",http://sunfarmer.org,https://www.ycombinator.com/companies/sunfarmer,"Kathmandu, Central Development Region, Nepal",15,Industrials,Industrials -> Climate,"Industrials, Climate","Solar Power, Climate","Nepal, South Asia",Early,False,False,True,,https://bookface-images.s3.amazonaws.com/small_logos/eee49613f2a6fc2f2eda54599ee09dc7c3daee88.png,1430156116
889,Confident LIMS,confident-lims,Summer 2015,Active,Laboratory Information Management System (LIMS) serving…,"Confident LIMS is a leading Laboratory Information Management System (LIMS) serving high-throughput labs in regulated industries. Confident LIMS is a B2B Software-as-a-Service (SaaS) platform with strong network effects among our lab customers and their testing clients. We currently serve >60% of the legal cannabis industry in the United States and are expanding into mainstream agriculture, food & beverage, and environmental industries.

In early 2022, we pivoted away from seeking to be the leading online B2B wholesale marketplace in the legal cannabis industry to be the best LIMS in the world in the agriculture, food & beverage, environmental and industrial chemicals industries.",https://confidentlims.com,https://www.ycombinator.com/companies/confident-lims,"San Francisco, CA, USA; Palo Alto, CA, USA; Remote",17,B2B,B2B -> Operations,"B2B, Operations","SaaS, B2B, Cannabis, Compliance, Enterprise Software","United States of America, America / Canada, Remote, Fully Remote",Growth,False,False,False,Confident Cannabis,https://bookface-images.s3.amazonaws.com/small_logos/33dbffe2b04c05f3f81daf8f724a1ad65f7cd311.png,1429997725
888,Branch8,branch8,Summer 2015,Active,Branch8 helps sellers to list and manage products on e-commerce…,"Branch8 offers e-commerce sellers access to a single platform that lets them list their products across a wide swath of e-commerce sites. Updating and delisting items are similarly simple. Plus, the company also offers logistics and order management – the idea is that it can be a one-stop shop for e-commerce sellers, helping them to earn more money while saving them valuable time.

Branch8 is created by a team of sellers and engineers. They live and breathe e-commerce. In the past, They were a top seller selling across Lazada, Qoo10, Rakuten, Amazon and Ebay. Their team consists of individuals from Lazada, Rocket Internet, Facebook and Microsoft.",https://www.branch8.com,https://www.ycombinator.com/companies/branch8,"Kowloon, Hong Kong",15,B2B,B2B -> Retail,"B2B, Retail","Marketplace, E-commerce","Hong Kong, East Asia",Early,False,True,False,"Branch8, Cadobox",https://bookface-images.s3.amazonaws.com/small_logos/8406b479dfebaf22cad2cd5f8b799ff051fe87e1.png,1429997724
884,Heroic Labs,heroic-labs,Summer 2015,Active,"Social Infrastructure for Games; Makers of Nakama game server, Satori…","At Heroic Labs, we proudly present our comprehensive suite of products, meticulously designed to address the multifaceted demands of the contemporary gaming industry. Our cornerstone offerings—Nakama, Hiro, Satori, and Heroic Cloud—comprise the Heroic Game Stack, an integrated platform delivering unparalleled performance and flexibility.

Heroic Labs is a company by a team of engineers with backgrounds in distributed databases, big data analytics and high-volume mobile application APIs, and game development. We want to make it effortless for any game studio to build beautiful social and multiplayer games which work at massive scale.",http://heroiclabs.com,https://www.ycombinator.com/companies/heroic-labs,"London, England, United Kingdom",21,Consumer,Consumer -> Gaming,"Consumer, Gaming","Cloud Gaming, Developer Tools, Gaming","United Kingdom, Europe, Remote, Partly Remote",Growth,False,False,False,,https://bookface-images.s3.amazonaws.com/small_logos/95f6119b5411a68763474b99df16ec158221568b.png,1429997723
878,SnapMagic,snapmagic,Summer 2015,Active,AI-assisted electronics design,"Built by electrical engineers for electrical engineers, SnapMagic removes monotony so that engineers can do their best work. SnapMagic’s electronic component data is used by over 2 million engineers across the world’s largest organizations. Our new AI-assisted design tool is changing the way that every engineer designs electronics. Join at www.snapmagic.com.",https://www.snapmagic.com,https://www.ycombinator.com/companies/snapmagic,"San Francisco, CA, USA",23,B2B,"B2B -> Engineering, Product and Design","B2B, Engineering, Product and Design","Developer Tools, Hardware, Marketplace, AI","United States of America, America / Canada, Remote, Partly Remote",Early,False,True,False,SnapEDA,https://bookface-images.s3.amazonaws.com/small_logos/28d703d7d5920b0a08a9902602fdc87b96bb313b.png,1429997721
872,Assembly,assembly,Summer 2015,Active,Advanced manufacturing and distribution solutions (for China-based…,"Crowdfunding has fueled an increase in innovative product companies turning to Chinese factories for production.

Yet, Chinese factories seem undifferentiated because they all make the same, unverifiable claims of excellence. 

This results in competition centered on price. Factories are forced to under-bid contracts to win business, but often, they later surprise the customer with quality problems and delays.

This process is broken. We install cameras and remote monitoring software on the assembly line, and this ensures compliance with test protocol, improves quality, reduces liability, and helps fight warranty fraud.

We charge a nominal per-unit fee to the OEM and revenue share with the factory when they demonstrate compliance with quality standards (whether units pass or fail).

It encourages better behavior from factories and rewards those who perform with an audit trail of good performance that helps them win new foreign business.

On average, defect rate will fall 75% within 5 months of deploying Assembly at a factory.",https://asm.co/,https://www.ycombinator.com/companies/assembly,"Los Angeles, CA, USA",12,B2B,B2B -> Supply Chain and Logistics,"B2B, Supply Chain and Logistics","Logistics, Manufacturing, China","United States of America, America / Canada, Remote, Partly Remote",Early,False,False,False,GetScale,https://bookface-images.s3.amazonaws.com/small_logos/6ccab13d3e0d1ffa05b2e8a687246cac34ef55b8.png,1429997718
871,Gemnote,gemnote,Summer 2015,Active,"Gemnote is the easiest way to design, create and send custom products.","Gemnote creates custom merch, swag and gifts for the modern business. Our expert team helps you curate, source, warehouse, fulfill and ship your branded merchandise and company swag, so you don't have to lift a finger. Our clients love our full-service platform and they are some of the biggest companies in the world, including Airbnb, Google, Meta, Slack, Netflix and more.",http://gemnote.com,https://www.ycombinator.com/companies/gemnote,"San Francisco, CA, USA",40,B2B,B2B -> Office Management,"B2B, Office Management","E-commerce, Customization","United States of America, America / Canada, Remote, Partly Remote",Growth,False,True,False,,https://bookface-images.s3.amazonaws.com/small_logos/083acf84edb567678955a3853f652e2b1328fea3.png,1429997718
869,New Story,new-story,Summer 2015,Active,We pioneer solutions to end the global housing crisis by empowering…,"Since its inception, NS has raised over $80 million to build thousands of homes across Latin America and impact ~20,000 individuals. In 2021, NS launched a venture capital fund, Hometeam Ventures, focused on early-stage construction and housing innovations. NS graduated from Y Combinator and is a 4x recipient of Fast Company’s Most Innovative Company.",http://newstoryhomes.org,https://www.ycombinator.com/companies/new-story,"Atlanta, GA, USA",20,Real Estate and Construction,Real Estate and Construction,Real Estate and Construction,"Fintech, Nonprofit, Housing","United States of America, America / Canada, Remote, Partly Remote",Early,False,True,True,New Story Charity,https://bookface-images.s3.amazonaws.com/small_logos/280805d97b8f928525e064cfec1a11ad08073997.png,1429997717
866,Ironclad,ironclad,Summer 2015,Active,AI-powered contract management,"Ironclad helps companies make and manage their business contracts.  Customers like L'Oréal, Heineken, and Salesforce use our platform to move up to 80% faster, make better decisions through data, and effectively manage risk.  We are backed by investors like Accel, Sequoia, Bond, Franklin Templeton, SV Angel, and Y Combinator.  ",http://ironcladapp.com,https://www.ycombinator.com/companies/ironclad,"San Francisco, CA, USA",700,B2B,B2B -> Legal,"B2B, Legal","SaaS, LegalTech","United States of America, America / Canada, Remote, Partly Remote",Growth,False,True,False,,https://bookface-images.s3.amazonaws.com/small_logos/617ef74a3e62398db60a2179add2a7f75d8bbd18.png,1429997716
865,Leaders In Tech,leaders-in-tech,Summer 2015,Active,Become the leader your company needs.,"Leaders In Tech is a leadership accelerator designed for startups.  Over 350 alumni founders now run companies valued at over $75B that employ thousands of people.   

Here is what some YC alums had to say about Leaders In Tech:

Justin Kan (Twitch/YC):  ""It was a huge uplevel for me as a leader and a human being and I recommend it to all my founder friends.""

Daniel Kan (Cruise):  ""Best program I've ever done.  Highly recommend.""

Harj Taggar (YC):   ""This is the best thing a leader could do for their company""

Jack Altman (Lattice):   ""I came in a skeptic and left a convert.""

Claire McDonnell (True Link):  I’m a better leader and human being (and also parent) because of it.

Amir Nathoo (OutSchool):  I found LIT to be deeply transformative and hugely valuable for my company and life. Couldn’t recommend it more.

Jon Lerner (Cointracker):  LIT was the most impactful thing I’ve done for my growth as a person & leader. I highly recommend it to every YC founder.

Kanjun Qiu (Imbue):  LIT was life-changing for me and started my entire personal growth journey. I’m a much, much better founder (and much happier human) as a result.

Read more private YC testimonials in the comments here:  https://bookface.ycombinator.com/posts/80276

We offer a dedicated 6-month program for Seed founders and a 10-month program for Series A to Pre-IPO.   Send me a DM if you would like a nomination.",http://leadersintech.org,https://www.ycombinator.com/companies/leaders-in-tech,"San Francisco, CA, USA",1,Unspecified,Unspecified,Unspecified,Community,"United States of America, America / Canada",Early,False,False,True,"InnerSpace, InnerSpace / Leaders In Tech, Leaders In Tech (formerly InnerSpace)",/company/thumb/missing.png,1429997715
864,teaBOT,teabot,Summer 2015,Active,A robot that makes tea!,"teaBOT offers an amenity-as-a-services to offices and showrooms. Your staff and clients will love coming to your space and sharing their custom-made tea blend with colleagues and guests! 

Offices like Google, HubSpot, and McKinsey use teaBOT as a recruiting and retention tool to have their teams love coming into the office!

Details at www.teabot.com",http://teaBOT.com,https://www.ycombinator.com/companies/teabot,"Toronto, ON, Canada; Chicago, IL, USA",2,B2B,B2B -> Human Resources,"B2B, Human Resources","Food Service Robots & Machines, Hardware, Robotics","Canada, United States of America, America / Canada, Remote, Partly Remote",Early,False,False,False,,https://bookface-images.s3.amazonaws.com/small_logos/505488f8533d6ad0f763f2073cd9f12607094ea9.png,1429834815
862,Teleport,teleport,Summer 2015,Active,The Infrastructure Identity Company,"Teleport unifies identities — humans, machines, and AI — with strong identity implementation to speed up engineering, improve resiliency against identity-based attacks, and secure AI in production infrastructure.
",https://goteleport.com,https://www.ycombinator.com/companies/teleport,"San Francisco, CA, USA",255,B2B,B2B -> Infrastructure,"B2B, Infrastructure","Developer Tools, DevSecOps, Next-gen Network Security","United States of America, America / Canada, Remote, Partly Remote",Growth,False,False,False,"Gravitational, Teleport, Gravitational",https://bookface-images.s3.amazonaws.com/small_logos/72cf4e7288143407ad6987c00486e6e1ae0b3f17.png,1427508315
861,Lugg,lugg,Summer 2015,Active,"Move anything, anytime, anywhere","Lugg is building the best way for you to get anything moved. With the push of a button, you are connected to movers and a truck. They make it dead simple to get your new furniture home, your craigslist purchases delivered to you, and moving all of your stuff into your new apartment.

They are located in San Francisco and well-funded by some of the greatest investors in the world, like A-Capital, Sequoia Capital, SV Angel, and Y Combinator.

They are a small team with incredibly hard problems to solve. They are hiring and would love to hear from you! hello@Lugg.com

Download Lugg and let them be your friend with a truck! http://lugg.com",http://lugg.com,https://www.ycombinator.com/companies/lugg,"Salt Lake City, UT, USA; San Francisco, CA, USA; Remote",50,Consumer,Consumer -> Home and Personal,"Consumer, Home and Personal",Logistics,"United States of America, America / Canada, Remote, Fully Remote",Early,False,True,False,,https://bookface-images.s3.amazonaws.com/small_logos/175d327b10d198af9d6946ff8e8cd89695e9fabc.png,1423123527
971,Gigster,gigster,Summer 2015,Acquired,Build and manage distributed teams,"Gigster is democratizing access to software by enabling organizations harness the best teams regardless of where they are in the world.

Businesses with access to custom software have thousands of times more leverage than those without. We believe that by democratizing access as well as the ability to build great software we can increase the pace and efficiency of human advancement. 

Core to our approach is building the best place to work on the internet. We are building the largest network of exceptional engineers, designers, and product managers and making this network available to businesses. We are also using software and insights from thousands of projects to improve the odds of successful outcomes. 

Gigster is backed by Andreessen Horowitz, Redpoint, Marc Benioff, Adam D'Angelo, Michael Jordan and others.  Gigster has served well over 1000 customers including multiple F100 companies spanning a range of industries.",https://gigster.com/,https://www.ycombinator.com/companies/gigster,"San Francisco, CA, USA",51,B2B,"B2B -> Engineering, Product and Design","B2B, Engineering, Product and Design",,"United States of America, America / Canada",Growth,False,False,False,,https://bookface-images.s3.amazonaws.com/small_logos/90a19b69d83b8dcb66c12aababed617ce677be87.png,1436033118
969,Tenant Turner,tenant-turner,Summer 2015,Acquired,We help residential property managers eliminate vacancy.,"Tenant Turner helps property managers eliminate vacancy. We streamline your rental process from leads to lease by listing your rentals on all the major rental sites; pre-qualifying prospects via web, phone, and email; and schedule showings with a leasing agent, lockbox, or lock. ",http://tenantturner.com,https://www.ycombinator.com/companies/tenant-turner,"San Francisco, CA, USA; Richmond, VA, USA",15,Real Estate and Construction,Real Estate and Construction -> Housing and Real Estate,"Real Estate and Construction, Housing and Real Estate","SaaS, Smart Locks, Proptech","United States of America, America / Canada, Remote, Partly Remote",Early,False,False,False,,https://bookface-images.s3.amazonaws.com/small_logos/85676abad5fd22db0416185c9b0ba9b6864dade8.png,1433977519
959,PlateJoy,platejoy,Summer 2015,Acquired,PlateJoy is building the technology to power disease prevention and…,"PlateJoy uses 50 data points about how you eat and live to determine what you should be eating and provides customized meal plans and shopping lists to help you reach your goals. We provide a digital Diabetes Prevention Program, available for free to over 60M covered lives, paid for by insurers.",http://platejoy.com,https://www.ycombinator.com/companies/platejoy,"San Francisco, CA, USA",11,Consumer,Consumer -> Food and Beverage,"Consumer, Food and Beverage",Health Tech,"United States of America, America / Canada",Growth,False,False,False,,https://bookface-images.s3.amazonaws.com/small_logos/7c1c96eca021da99c9b0563521d46193e6ba5a91.png,1433371817
956,Nebia,nebia,Summer 2015,Acquired,"Nebia is a breakthrough shower system, based on a premium experience,…","(acquired by Brondell in 2022)
At Nebia we build innovative and impactful products that improve how people use water in their daily lives. Through thoughtful reinvention of everyday interactions, we empower people everywhere to collectively make a greater impact with their most basic daily rituals. 

We started with the shower. 

The Nebia shower embodies the highest standards of experience, design, engineering and water and energy use. With water savings up to 70% compared to traditional showers, Nebia was designed to make a meaningful impact without compromising on experience.

At the heart of our products is our unwavering dedication to developing groundbreaking sustainable solutions that stand the test of time. Every new iteration is made to solve a complex engineering challenge that has limited innovation for over a century. Our investment in R&D and product development is second only to our investment in the people who are making it possible.

After several years working behind the scenes, we are extremely proud of what we have recently achieved:
- $10m raised on Kickstarter
- Products in 100,000 homes
- 500+ million gallons of water saved (c. 2022)
- 27 million kWh (27 GWh) of energy (approx. energy to heat 2,700 U.S. homes in one year)",http://nebia.com,https://www.ycombinator.com/companies/nebia,"San Francisco, CA, USA",16,Consumer,Consumer -> Home and Personal,"Consumer, Home and Personal","Hardware, Sustainability, Climate, ClimateTech","United States of America, America / Canada",Growth,False,False,False,,https://bookface-images.s3.amazonaws.com/small_logos/d77a36ef4956c90a726be2bf0a2c37b7a3a1cff0.png,1431020118
954,Auro Robotics,auro-robotics,Summer 2015,Acquired,Autonomous shuttles for campus-like environments.,"We are building self-driving shuttles for transportation within campuses like universities, resorts, airports, and retirement communities. 

Website: www.auro.ai",http://www.auro.ai/,https://www.ycombinator.com/companies/auro-robotics,"San Francisco, CA, USA",,Industrials,Industrials -> Automotive,"Industrials, Automotive",Robotics,"United States of America, America / Canada",Early,False,False,False,,https://bookface-images.s3.amazonaws.com/small_logos/d70118ac9a3de23d75d76226146a49a284296918.png,1430244319
953,Mimir,mimir,Summer 2015,Acquired,"A platform for STEM courses featuring automated grading, plagiarism…","Mimir is venture backed startup in Indianapolis, Ind., focused on creating products to better computer science. We’re hiring rapidly to help satisfy the educational needs of instructors and students all over the world. Our primary product, the Mimir Classroom, is deployed in more than 70 universities allowing computer science instructors to teach their courses more effectively! 

We don’t need (or want) you to be perfect, but we expect you to work hard, move fast, and constantly iterate until we get it right. If you’re looking to be challenged every day, make a huge impact, and help define a large part of the future of computer science, then this job is for you.",https://mimirhq.com,https://www.ycombinator.com/companies/mimir,"Indianapolis, IN, USA",8,Education,Education,Education,Education,"United States of America, America / Canada",Early,False,False,False,,https://bookface-images.s3.amazonaws.com/small_logos/45439b8801fbe19cfcd13d3cf9f544652ce1d3ec.png,1430241616
948,Blitz Esports,blitz-esports,Summer 2015,Acquired,Blitz breaks down the complex world of esports and offers new…,"Blitz Esports is a tech and media startup focused on bridging the gap between esports fandom and personal gameplay. We're one of the premier media publications in esports, specializing in educational video content for League of Legends, CS:GO and Overwatch.

We've also developed the first fully automatic League of Legends coaching app, which uses computer vision and data-driven insights to proactively help gamers make better decisions at each step of their gameplay experience. A month into open beta, the Blitz app is now used in over a million games each week.",http://blitzesports.com,https://www.ycombinator.com/companies/blitz-esports,"San Francisco, CA, USA; Berkeley, CA, USA",11,Consumer,Consumer -> Content,"Consumer, Content","Media, eSports","United States of America, America / Canada",Early,False,False,False,Instant eSports,/company/thumb/missing.png,1430202918
946,HER,her,Summer 2015,Acquired,"HER helps lesbian, bisexual and queer people meet each other","HER is here to connect womxn and queer people.

Our dating app helps LGBTQ+ folks express their identity fully and unequivocally to meet someone for love, lust or anything in between. 
Our communities connect people to each other socially around interests and identity. Group chats around what's important to you as well as listings of LGBTQ+ evens taking place in your area. 

HER also hosts events in 12 cities across the world, helping queer womxn meet in person. Our parties are typically 300-600 people per event and we host 4 per month. 
",http://weareher.com,https://www.ycombinator.com/companies/her,"San Francisco, CA, USA; Remote",10,Consumer,Consumer -> Social,"Consumer, Social",Consumer,"United States of America, America / Canada, Remote, Fully Remote",Early,False,False,False,Her,https://bookface-images.s3.amazonaws.com/small_logos/1141fa64c1ce94b09edc968450963241d19a4b50.png,1430202918
939,Xfers,xfers,Summer 2015,Acquired,Xfers makes it possible for people to make and receive payments via…,"Xfers is a Singaporean-based payment processing gateway offering credit card processing and Internet banking transfers. As a graduate of Y Combinator’s Summer 2015 Class, Xfers aims to unify banking networks across Southeast Asia. Featured on Techcrunch and coined as the Paypal of Southeast Asia by Channel News Asia, we simplify and redefine the process of collecting and receiving payments in Southeast Asia.  

In 2016, Xfers announced its first round of seed funding. Its investor portfolio includes venture capital firms such as Quest Ventures, 500 Startups, Golden Gate Ventures and angel investors such as Eduardo Saverin.",http://xfers.com,https://www.ycombinator.com/companies/xfers,"Singapore, Singapore",51,Fintech,Fintech -> Payments,"Fintech, Payments",Fintech,"Singapore, Southeast Asia",Early,False,False,False,,https://bookface-images.s3.amazonaws.com/small_logos/2fea55ddf6b75371887dc67daba49c0771b81583.png,1430156132
930,Interviewed,interviewed,Summer 2015,Acquired,Job simulations and assessments.  See candidates in action doing the…,"Indeed, the world’s number one job site has acquired Interviewed - http://press.indeed.com/press/indeed-acquires-leading-hr-technology-company-interviewed/",http://interviewed.com,https://www.ycombinator.com/companies/interviewed,"Austin, TX, USA",,B2B,B2B -> Recruiting and Talent,"B2B, Recruiting and Talent","Recruiting, HR Tech","United States of America, America / Canada",Early,False,False,False,,https://bookface-images.s3.amazonaws.com/small_logos/34109dc6ab458d2caa1cccf55b6ec7163db8c41d.png,1430156129
927,Paribus,paribus,Summer 2015,Acquired,,,https://ramp.com/,https://www.ycombinator.com/companies/paribus,"New York City, NY, USA; Remote",,Fintech,Fintech,Fintech,"FinOps, Fintech, Payments, Productivity","United States of America, America / Canada, Remote, Fully Remote",Early,False,False,False,"Paribus, Ramp",https://bookface-images.s3.amazonaws.com/small_logos/d5d9ef305fdb2a6449bfa11545604de1f338a4ff.png,1430156128
926,Oolu,oolu,Summer 2015,Acquired,Oolu is one of the fastest growing off-grid solar firms in West Africa,"Oolu was founded by Nilmi Senaratna and Dan Rosa in 2015. 

The company's mission is to provide off-grid households in rural regions in Africa with high quality products at an affordable price. In Wolof, a national language of Senegal, Oolu means ‘trust.’",http://oolusolar.com,https://www.ycombinator.com/companies/oolu,"Dakar, Dakar Region, Senegal",230,Industrials,Industrials -> Energy,"Industrials, Energy","Solar Power, Climate","Senegal, Africa, Remote, Partly Remote",Growth,False,False,False,,https://bookface-images.s3.amazonaws.com/small_logos/3751af1542889901d13184741ecfc6fe958d8930.png,1430156127
916,zPREDICTA,zpredicta,Summer 2015,Acquired,Patient-derived 3D tissue reconstruction models for preclinical…,"zPREDICTA is developing organ-specific, physiologically-relevant 3D cell culture models providing a 1-to-1 reconstruction of human tissues. This is the only available 3D culture approach that comprehensively accounts for the major components of the cellular and extracellular tissue microenvironment preserving the critical interactions between a tumor and its surroundings. Clinical study data demonstrate the high correlation between drug efficacy measured in our platform and the clinical response. The ability of the zPREDICTA platform to reliably predict clinical outcomes offers superior compound attrition management, empowering researchers to exclude ineffective compounds while selecting agents with a high probability of success in the clinic.

Our approach is compatible with any drug class, multiple tissue/cell types and a wide variety of readouts.  Our customers are using these models for efficacy screening of anticancer compounds, including immuno-oncology agents, evaluation of mechanisms of drug resistance, the rescue of failed drug candidates, assessment of off-target toxicity, and a multitude other applications.",http://zpredicta.com,https://www.ycombinator.com/companies/zpredicta,"San Francisco, CA, USA; San Jose, CA, USA",2,Healthcare,Healthcare -> Drug Discovery and Delivery,"Healthcare, Drug Discovery and Delivery",,"United States of America, America / Canada",Early,False,False,False,Ixchel Scientific,https://bookface-images.s3.amazonaws.com/small_logos/02c9913df4688a7af8c4ac4519928e3912a7a8d4.png,1430156124
912,Sphere Secure Workspace,sphere-secure-workspace,Summer 2015,Acquired,,"Sphere Secure Workspace

For a product demonstration, or for any other enquiries please contact at info@sphere.works",http://sphere.works,https://www.ycombinator.com/companies/sphere-secure-workspace,"London, England, United Kingdom",2,B2B,B2B -> Security,"B2B, Security",,"United Kingdom, Europe",Early,False,False,False,,/company/thumb/missing.png,1430156122
911,Cloudstitch,cloudstitch,Summer 2015,Acquired,Power your website with Google Spreadsheets.Acquired by Instabase…,"Cloudstitch is an early-stage, venture-backed, Y Combinator start-up serving the developer community based on research started at MIT. Their web developer platform connects webs/mobile apps with ordinary spreadsheets, replacing custom databases and the infrastructure surrounding it. The data flows both ways: updating your spreadsheet automatically changes the website, and interacting with the website changes your spreadsheet. They’re used in production by thousands of web developers on both the Google and Microsoft Office platforms.

Their mission is to democratize the web, making web development simpler. faster, and more intuitive.",http://cloudstitch.com,https://www.ycombinator.com/companies/cloudstitch,"San Francisco, CA, USA",4,B2B,B2B -> Productivity,"B2B, Productivity","Developer Tools, SaaS","United States of America, America / Canada",Early,False,False,False,,https://bookface-images.s3.amazonaws.com/small_logos/90f9b61c66a2eee15ffee0a7f42a798fb12f7525.png,1430156122
909,Appcanary,appcanary,Summer 2015,Acquired,Appcanary tracks the dependencies you use in your apps and servers…,"Never run vulnerable software again.
We monitor your servers, and notify you when you need to update. 

Try us for free: https://appcanary.com",http://appcanary.com,https://www.ycombinator.com/companies/appcanary,"Toronto, ON, Canada",2,B2B,B2B -> Security,"B2B, Security","Security, Monitoring","Canada, America / Canada",Early,False,False,False,,https://bookface-images.s3.amazonaws.com/small_logos/812e3473cee76ddf3c226c05edc2883848c5fb14.png,1430156121
907,Bluecrew,bluecrew,Summer 2015,Acquired,Bluecrew is a web based staffing agency.,"BlueCrew is an on-demand, data-driven staffing platform for blue collar jobs in Los Angeles, San Francisco Bay Area, Sacramento, and Reno. Bluecrew is a seed-stage, YC backed company creating software to automate outdated, and inefficient traditional temp agencies. We are the best platform to quickly fill positions with high-quality workers.

Bluecrew is an ideal staffing partner for companies looking for temporary, seasonal, or temp to hire workers for jobs including event staff, warehouse staff, drivers, forklift operators, data entry personnel, movers, and customer service reps. By innovating on screening, matching, dispatching, and time tracking technology, BlueCrew eliminates the major pain points of other alternatives.",http://bluecrewjobs.com,https://www.ycombinator.com/companies/bluecrew,"Chicago, IL, USA",100,B2B,B2B -> Recruiting and Talent,"B2B, Recruiting and Talent",Recruiting,"United States of America, America / Canada, Remote, Partly Remote",Early,False,False,False,BlueCrew,https://bookface-images.s3.amazonaws.com/small_logos/6fd831042784faacd5778896293973dbf1f4b6db.png,1430156121
905,Willing,willing,Summer 2015,Acquired,The best way to make your legal will.,Willing makes it easy for people to make wills without a lawyer. Answer simple questions and we'll instantly create all the legal documents you need to name guardians for your children and transfer your assets. We were acquired by MetLife and our technology now powers the world's largest legal insurance company.,https://www.willing.com/,https://www.ycombinator.com/companies/willing,"Miami, FL, USA",10,Consumer,Consumer -> Home and Personal,"Consumer, Home and Personal","Documents, Consumer, B2B, LegalTech, Insurance","United States of America, America / Canada, Remote, Partly Remote",Growth,False,False,False,,https://bookface-images.s3.amazonaws.com/small_logos/d1f750ae2fae8260d1b7bcac563c133322c158fc.png,1430156120
894,Foxpass,foxpass,Summer 2015,Acquired,Making enterprise security practices available for all companies.,"Foxpass increases your organization's server and network security by ensuring employee accounts have access only to what they need.

Our cloud-hosted LDAP and RADIUS systems help you bring best-practices to your infrastructure. And they're backed by your existing Google Apps accounts.",https://www.foxpass.com,https://www.ycombinator.com/companies/foxpass,"San Francisco, CA, USA",10,B2B,B2B -> Security,"B2B, Security",DevSecOps,"United States of America, America / Canada, Remote, Partly Remote",Early,False,False,False,,https://bookface-images.s3.amazonaws.com/small_logos/3c5bf5efdae9a1f09f6bf09d6ac33cf2461c3698.png,1429998616
893,Eden,eden,Summer 2015,Acquired,Workplace software for people-centric companies. ,"Eden provides workplace software for modern companies. Our suite includes tools such as Desk Booking, Room Scheduling, Visitor Management, and more.",https://www.edenworkplace.com,https://www.ycombinator.com/companies/eden,"San Francisco, CA, USA",45,B2B,B2B -> Human Resources,"B2B, Human Resources","SaaS, Human Resources, B2B, Collaboration, HR Tech","United States of America, America / Canada, Remote, Partly Remote",Growth,False,False,False,"Eden, Eden Workplace",https://bookface-images.s3.amazonaws.com/small_logos/6f59a6cd72ad7a541111cd58bd8a38bbd6fb95f4.png,1429997727
891,Cymmetria,cymmetria,Summer 2015,Acquired,Shifting the asymmetry of cyber security.,"Cymmetria is a cybersecurity company at the forefront of deception technology, and offers the only commercially available deception technology that has caught 5 nation-state APTs.

Cymmetria’s deception products, MazeRunner and ActiveSOC, give organizations the ability to hunt attackers, detect lateral movement inside the perimeter, automate incident response, and mitigate attacks. The company also offers deception as a service, enabling organizations to customize deception technologies for their business environment. 

Founded in 2014 by security expert Gadi Evron, Cymmetria is changing the asymmetry of cybersecurity, giving defenders the upper hand.

For more information, visit www.cymmetria.com.",http://cymmetria.com,https://www.ycombinator.com/companies/cymmetria,"Tel Aviv-Yafo, Tel Aviv District, Israel",11,B2B,B2B -> Security,"B2B, Security",Cybersecurity,"Israel, Middle East and North Africa",Growth,False,False,False,,/company/thumb/missing.png,1429997726
890,Convox,convox,Summer 2015,Acquired,"Open-source tools for deploying, managing, and monitoring cloud…",Convox provides an unparalleled development and deployment platform for apps. Deploy in your own account on the cloud provider of your choice.,http://convox.com,https://www.ycombinator.com/companies/convox,"Atlanta, GA, USA; Remote",3,B2B,B2B -> Infrastructure,"B2B, Infrastructure",Kubernetes,"United States of America, America / Canada, Remote, Fully Remote",Early,False,False,False,,/company/thumb/missing.png,1429997725
879,SourceDNA,sourcedna,Summer 2015,Acquired,Bringing transparency to the app stores and helping developers build…,"Track code in iOS and Android apps with our software similarity web service. Discover code quality, origin, and intent with our in-depth scan. Our patent-pending analysis engine can match up code and find variants, cross-platform.

See our public report on SDK marketshare at http://sourcedna.com/stats",http://sourcedna.com,https://www.ycombinator.com/companies/sourcedna,"San Francisco, CA, USA; Oakland, CA, USA",6,B2B,"B2B -> Engineering, Product and Design","B2B, Engineering, Product and Design",Analytics,"United States of America, America / Canada",Early,False,False,False,,/company/thumb/missing.png,1429997721
877,Second Measure,second-measure,Summer 2015,Acquired,Unlock the power of transaction data.,"Second Measure is a Silicon Valley technology company and leading provider of data analytics that deliver valuable insights into company performance and consumer behavior.  Investors use these tools for screening/sourcing, thesis validation/diligence, and intra-quarter KPI prediction. Consumer brands use these tools for competitive benchmarking and to make key decisions on product strategy, partnerships, and growth marketing.

Second Measure is based in San Mateo, CA with an additional office in New York. We’re proudly backed by Bessemer Venture Partners, Goldman Sachs, Citi Ventures, Y Combinator, and other top investors.

We'd love to hear from you if you're passionate about data, working with a bright team, and want to be a part of a growing startup.
",http://secondmeasure.com,https://www.ycombinator.com/companies/second-measure,"San Francisco, CA, USA; San Mateo, CA, USA",62,B2B,B2B -> Analytics,"B2B, Analytics",Fintech,"United States of America, America / Canada, Remote, Partly Remote",Growth,False,False,False,,https://bookface-images.s3.amazonaws.com/small_logos/b0e1ab4f20c9665aacb49bbea815135e794fb13b.png,1429997720
873,PartnerStack,partnerstack,Summer 2015,Acquired,PartnerStack is a full stack solution for partnerships.,"PartnerStack is a full stack solution for partnerships. The platform supports partner marketing, referral, and reseller activity, and solves for partner application management, engagement, attribution, education, payouts, compliance, and additional partner channel needs.

Companies using PartnerStack have their program listed in PartnerStack's marketplace, exposing their program to a growing network of +450,000 partners. These companies see a +30% revenue increase in their partner channels due to partners acquired through PartnerStack's network. The network allows partners to sell multiple SaaS applications from a single platform - a necessity for integrated SaaS solutions investing in channel.

The most trusted and fastest growing SaaS companies in the world are turning to PartnerStack to support their channel growth, including Intuit, Asana, Freshworks, Zendesk, Aircall, Intercom, and more.",https://partnerstack.com,https://www.ycombinator.com/companies/partnerstack,"Toronto, ON, Canada",200,B2B,B2B -> Marketing,"B2B, Marketing","Marketplace, SaaS, B2B","Canada, America / Canada, Remote, Partly Remote",Growth,False,False,False,GrowSumo,https://bookface-images.s3.amazonaws.com/small_logos/e130ed8d270dae9cb2eace1ef6128c1722eb6610.png,1429997719
868,L.,l,Summer 2015,Acquired,L. makes award-winning personal care products with organic materials.,"For every L. product sold, one is made accessible to another woman or girl who needs it. L. has been named ""Best for the World"" by B Corp, a ""future-forward company"" by Fast Company and ""a model of sustainable innovation"" by Forbes. After making more than 250 million products accessible in over 20 countries around the world L. was acquired by P&G in 2019 where it retained its status as a Public Benefit Corp. L. continues to be dedicated to its solidarity model and is scaling to reach billions of people around the world.",http://thisisL.com,https://www.ycombinator.com/companies/l,"San Francisco, CA, USA",,Consumer,Consumer -> Home and Personal,"Consumer, Home and Personal","Beauty, Health & Wellness","United States of America, America / Canada",Early,False,False,False,,https://bookface-images.s3.amazonaws.com/small_logos/c512759ec38127d539c00b4fc71341088f5484a2.png,1429997717
867,Jopwell,jopwell,Summer 2015,Acquired,"Career advancement for Black, Latinx & Native American professionals.","Jopwell’s mission is to make a substantial, measurable impact on increasing Black, Latinx, and Native American representation in the workforce. Jopwell strives to build inclusive workplaces where our members can bring their authentic selves to work. We do this by assisting companies with their recruitment, marketing, and retention efforts for communities of color. ",http://jopwell.com,https://www.ycombinator.com/companies/jopwell,"New York City, NY, USA; New York, NY, USA",50,B2B,B2B -> Recruiting and Talent,"B2B, Recruiting and Talent","SaaS, Recruiting","United States of America, America / Canada, Remote, Partly Remote",Growth,False,False,False,,https://bookface-images.s3.amazonaws.com/small_logos/3dd0767f5aa369853ca43c4cfdc902eda25965f9.png,1429997717
860,Triplebyte,triplebyte,Summer 2015,Acquired,Intelligent technical hiring.,"Triplebyte is LinkedIn for software engineers. We help great engineers find work at the fastest growing companies in the world, with the least amount of time and effort. We work with a wide range of companies, including Apple, Facebook, Stripe and Dropbox and a lot more of mid-sized and smaller companies.",https://triplebyte.com,https://www.ycombinator.com/companies/triplebyte,"San Francisco, CA, USA",70,B2B,B2B -> Recruiting and Talent,"B2B, Recruiting and Talent",SaaS,"United States of America, America / Canada, Remote, Partly Remote",Growth,False,False,False,,https://bookface-images.s3.amazonaws.com/small_logos/b2db5bb9d86da1264497210fa121a02814b31acb.png,1422400273
970,VOIQ,voiq,Summer 2015,Inactive,Conversational AI VoiceBots for Business,We provide businesses the opportunity to leverage AI conversational VoiceBots for Sales & Marketing.,http://voiq.com,https://www.ycombinator.com/companies/voiq,"San Francisco, CA, USA; Redwood City, CA, USA",8,B2B,B2B -> Sales,"B2B, Sales",SaaS,"United States of America, America / Canada, Remote, Partly Remote",Early,False,False,False,,https://bookface-images.s3.amazonaws.com/small_logos/812115043f551d4d5369796cd3279f6d690c0a1e.png,1433977520
968,Halolife,halolife,Summer 2015,Inactive,Halolife is an online platform to find and plan a burial or cremation…,"Founded in May 2015 and based in San Francisco, California, Halolife is an online platform that provides step-by-step guidance to plan and find a burial or cremation service that meets your needs, budget, and location. Halolife is the only trusted online end-of-life marketplace that offers complete transparency of business reviews and prices of funeral and cremation providers.

Whether you are a family that needs immediate assistance or planning for the future, our team of caring experts will help you every step of the way. We eliminate the need to shop around by matching you with the right funeral provider. Currently, Halolife is operating in the state California with plans to expand to throughout the United States in the near future.",http://halolife.com,https://www.ycombinator.com/companies/halolife,"San Francisco, CA, USA",2,Consumer,Consumer -> Home and Personal,"Consumer, Home and Personal",,"United States of America, America / Canada",Early,False,False,False,,/company/thumb/missing.png,1433977519
965,Vive,vive,Summer 2015,Inactive,,"Vive is the modern beauty concierge for the modern woman. Vive gets you a convenient, top salon appointment in just two taps. Gone are the days of searching, Yelping and calling for an appointment. Vive members can enjoy unlimited blowouts to use at salons in the Vive network. 

www.vive.co",http://,https://www.ycombinator.com/companies/vive,"New York City, NY, USA; New York, NY, USA",11,Consumer,Consumer -> Apparel and Cosmetics,"Consumer, Apparel and Cosmetics",,"United States of America, America / Canada",Early,False,False,False,,/company/thumb/missing.png,1433792117
958,StyleBee,stylebee,Summer 2015,Inactive,marketplace for beauty services delivered at the convenience of…,"STYLEBEE is a beauty services provider, offering affordable and premier hair and make-up services to our clients anywhere, at any time. Our clients range from the working mom to the busy professional to the social weekender to the celebrity – common to them all is that they believe looking and feeling their best makes them be their best. Our highly vetted, seasoned beauty professionals provide each and every woman with a customized, glamorous experience - every day is an event.

STYLEBEE empowers every woman/man to experience beauty/men's grooming on their own terms. We help women everywhere, at any time, look and feel beautiful – because when you feel amazing, you make amazing things happen.",http://stylebee.com,https://www.ycombinator.com/companies/stylebee,"San Francisco, CA, USA",11,Consumer,Consumer -> Home and Personal,"Consumer, Home and Personal","Marketplace, Beauty","United States of America, America / Canada",Early,False,False,False,,https://bookface-images.s3.amazonaws.com/small_logos/252ab20016d79c8371759cd8bead1d0167001a7f.png,1433266517
955,Klarismo,klarismo,Summer 2015,Inactive,Klarismo turns your body into an interactive experience. We built a…,"Fully-automated Quantitative MR Image Analysis.

Our software converts a user’s full body magnetic resonance scan (MRI) into a 3D virtual model of their body in the cloud. The model is annotated with explanatory information so they can easily explore and learn about different parts of their body.

Klarismo is the only provider of MR analytics that can offer truly scalable analysis for large data collections. Cloud-based processing allows 1000s of acquisitions to be analyzed simultaneously. Machine learning techniques utilize Klarismo’s proprietary collection of labelled MRI data and eliminate the need for manual processing to produce precise volumetric measurements.

Klarismo specializes in the detailed analysis of body composition, including volumetric measurements of different muscle and fat tissues, from whole-body acquisitions.",http://klarismo.com,https://www.ycombinator.com/companies/klarismo,"San Francisco, CA, USA",10,Healthcare,Healthcare -> Diagnostics,"Healthcare, Diagnostics","Health Tech, Medical Devices","United States of America, America / Canada",Early,False,False,False,,https://bookface-images.s3.amazonaws.com/small_logos/9b735035a5d3492fb1057eb5b35bd5b80ee018df.png,1430435618
951,Wheelys Café,wheelys-cafe,Summer 2015,Inactive,"Worlds smallest and friendliest café franchise. ""The Bike-Powered…","Wheelys is a chain of organic bicycle cafés that enables young people to start their own cafés. Since starting last year, Wheelys has sold over 800 cafés in 75 countries, which means it’s growing faster than any fast food chain. Ever. 

Wheelys vision is to make it easier for passionate people without money to open their own cafés, shops, and restaurants. 

Wheelys was hosted at Y Combinator (the accelerator behind Airbnb, Dropbox, and Reddit) and has been funded by, among others, Othman Laraki (Color Genomics), Paul Buchheit (creator of Gmail), Jared Friedman (founder of Scribd), and Justin Waldron (co-founder of Zynga).

“We will break the hegemony of the industrial fast food chains, and pave the way for an organic revolution. Helping us to do this is young hungry eco entrepreneurs from all over the world.”
Maria De La Croix, co-founder of Wheelys",http://wheelyscafe.com,https://www.ycombinator.com/companies/wheelys-cafe,"Stockholm, Stockholm County, Sweden",11,Consumer,Consumer -> Food and Beverage,"Consumer, Food and Beverage",Food & Beverage,"Sweden, Europe",Early,False,False,False,,https://bookface-images.s3.amazonaws.com/small_logos/3cb0d423265c382dac1bf3886ace3373fa1cdf08.png,1430202919
950,Fetch,fetch,Summer 2015,Inactive,Marketplace for self-service truck rental.,"Fetch is a marketplace where you can rent a nearby truck instantly using just your phone. Instead of waiting in line at a traditional rental company, you can instantly book a truck in your neighborhood and unlock it with your smart phone - all at a lower price and without the hassle.
",https://fetchtruck.com,https://www.ycombinator.com/companies/fetch,"Atlanta, GA, USA",24,Consumer,Consumer -> Transportation Services,"Consumer, Transportation Services","Marketplace, Logistics, Transportation","United States of America, America / Canada, Remote, Partly Remote",Early,False,False,False,Breakout Room,https://bookface-images.s3.amazonaws.com/small_logos/1ba6d52ba6bf394b65e09f7ba66a0562b9bbcae4.png,1430202919
947,Maderight,maderight,Summer 2015,Inactive,"Global Manufacturing, Simplified","Global manufacturing, simplified.

Maderight is your one-stop shop for fashion sourcing, manufacturing, and logistics. We manage your entire supply chain so that you can focus on building your brand and selling your products rather than worrying about manufacturing delays and mistakes. Our consortium of factories have been curated to guarantee ethical practices, quality assurances, and timely delivery. 

Y Combinator S15 & StartX S15",http://maderight.com,https://www.ycombinator.com/companies/maderight,"San Francisco, CA, USA; San Mateo, CA, USA",51,B2B,B2B -> Supply Chain and Logistics,"B2B, Supply Chain and Logistics",Manufacturing,"United States of America, America / Canada",Early,False,False,False,,/company/thumb/missing.png,1430202918
945,Saida,saida,Summer 2015,Inactive,"A bank account that lets you easily separate, spend and track money","We're making a bank account that lets you easily separate, spend and track money. Just like houses have different rooms for different uses, our account lets you have dedicated pockets of money within your account for different uses. ",http://getsaida.com,https://www.ycombinator.com/companies/saida,"Nairobi, Nairobi County, Kenya; Remote",4,Fintech,Fintech -> Credit and Lending,"Fintech, Credit and Lending",Fintech,"Kenya, Africa, Remote, Fully Remote",Early,False,False,False,Greenshoe,https://bookface-images.s3.amazonaws.com/small_logos/7575b6c7cdd1dda68d08da1ffc6bb04df8e33cb7.png,1430202917
940,Traversal Networks,traversal-networks,Summer 2015,Inactive,"Enterprise Threat Detection: Tuning, Triage, and Analysis by Experts.","Traversal Networks develops a new form of Network Intrusion Detection System designed to catch unknown threats. The Lateral Threat Detector appliances are easily installed on your corporate network. These analyst-assisted sensors learn traffic patterns on each of your network segments and detect lateral exploitation, backdoors, bots, malware, and network reconnaissance.

The Traversal Networks operate on four different platforms: learn, reputation, machine learning and search.

Traversal Networks has developed heuristics using a corpus of live network data combined with expertise in botnet detection to help filter traffic. Additionally, Traversal Networks uses IP and DNS reputation across all its deployed devices to detect new threats.

The Lateral Threat Detector appliances utilize reinforcement learning to continually enhance filtering performance on each network segment, and submit prefix-preserving anonymized data to our cloud making it available to be quickly searched in real time.

The Traversal Cloud Analysis platform was designed to enable its security analysts to quickly pivot on anomalous traffic seen across its network and classify it as malicious or benign.",http://traversalnetworks.com,https://www.ycombinator.com/companies/traversal-networks,"San Francisco, CA, USA; Mountain View, CA, USA",1,B2B,B2B -> Security,"B2B, Security",Cybersecurity,"United States of America, America / Canada",Early,False,False,False,,/company/thumb/missing.png,1430156132
935,Seva Coffee,seva-coffee,Summer 2015,Inactive,"We're changing the world of coffee, one personalized cup at a time.","Seva Coffee is a consumer electronics company based out of Calle Laguna del Marquesado Nª 19, Nave 16 Edificio Adriana 1ª Planta, Polígono Industrial La Resina (Villaverde), Madrid, Community of Madrid, Spain.",http://sevacoffee.com,https://www.ycombinator.com/companies/seva-coffee,"San Francisco, CA, USA",2,Consumer,Consumer -> Home and Personal,"Consumer, Home and Personal","E-Commerce, Personalization","United States of America, America / Canada",Early,False,False,False,,/company/thumb/missing.png,1430156130
933,Reduced Energy Microsystems,reduced-energy-microsystems,Summer 2015,Inactive,Building the lowest-power silicon for embedded deep learning and…,"Reduced Energy Microsystems is building the most power-efficient silicon for embedded computer vision to bring visual intelligence to a whole new range of devices. By combining  proprietary asynchronous resilient technology with a custom neural network architecture, REM chips will handle state-of-the-art inference and traditional vision workloads in a tiny power envelope. REM makes  augmented reality, body-worn cameras, and autonomous robots smarter than ever before.",http://remicro.com,https://www.ycombinator.com/companies/reduced-energy-microsystems,"San Francisco, CA, USA",2,Industrials,Industrials -> Manufacturing and Robotics,"Industrials, Manufacturing and Robotics","Artificial Intelligence, Hardware, Computer Vision, Energy","United States of America, America / Canada",Early,False,False,False,,/company/thumb/missing.png,1430156130
929,Prayas Analytics,prayas-analytics,Summer 2015,Inactive,A/B testing for brick-and-mortar stores.,"Prayas Anaytics helped retailers A/B test their stores, the way eCommerce companies A/B test their websites. We did this by continuously collecting data on customer movement using existing security cameras already in a retailer's stores. 

We were a Y Combinator backed company (S15) and worked with several retailers including Barneys, Payomatic, and multiple Fortune 200 retailers.",http://prayasanalytics.com,https://www.ycombinator.com/companies/prayas-analytics,"New York City, NY, USA; New York, NY, USA",2,B2B,B2B -> Retail,"B2B, Retail","SaaS, Computer Vision, Retail Tech","United States of America, America / Canada",Early,False,False,False,"Prayas Analytics MetricBoy, SimpleMoney",https://bookface-images.s3.amazonaws.com/small_logos/5239f1a49fa06d125e98d56bb9e5a5fd04d9f05a.png,1430156128
924,Ohm,ohm,Summer 2015,Inactive,Never jump start your car again.,"Ohm is smart enough to keep you from accidentally draining your battery if you forget to turn your lights off. It will automatically turn itself off when it gets critically low, and then switch itself back on when you go to start your car. No more getting strande",http://getohm.com,https://www.ycombinator.com/companies/ohm,"San Francisco, CA, USA; San Jose, CA, USA",,Industrials,Industrials -> Climate,"Industrials, Climate",,"United States of America, America / Canada",Early,False,False,False,,/company/thumb/missing.png,1430156127
920,Locent,locent,Summer 2015,Inactive,Locent is an automated messaging platform for companies,,http://locent.com,https://www.ycombinator.com/companies/locent,"San Francisco, CA, USA; Santa Monica, CA, USA",11,B2B,B2B -> Marketing,"B2B, Marketing",Messaging,"United States of America, America / Canada",Early,False,False,False,,/company/thumb/missing.png,1430156125
918,Leada,leada,Summer 2015,Inactive,Online enterprise training in data science and analytics.…,"Leada offers a data training program that companies utilize to on-board their employees in the company's data.

The data training program enables professionals to understand how to answer the common business questions they face in their role using their BI tool, SQL, R, or Python.",http://www.teamleada.com,https://www.ycombinator.com/companies/leada,"Los Angeles, CA, USA; Berkeley, CA, USA",1,Education,Education,Education,"eLearning, Data Science","United States of America, America / Canada",Early,False,False,False,,/company/thumb/missing.png,1430156124
917,jEugene,jeugene,Summer 2015,Inactive,jEugene highlights undefined terms and unused definitions in legal…,"jEugene jumpstarts definitions checks. In seconds, it highlights undefined terms and unused definitions right in the text of documents, so that lawyers can focus on harder problems. Not so long ago, a corporate associate experienced firsthand the stress of definitions checking. Catching all undefined terms and unused definitions is hard, especially when time is short and terms complex.",https://www.jeugene.com,https://www.ycombinator.com/companies/jeugene,"New York City, NY, USA; New York, NY, USA",2,B2B,B2B -> Legal,"B2B, Legal",LegalTech,"United States of America, America / Canada",Early,False,False,False,,/company/thumb/missing.png,1430156124
906,Bistrobot,bistrobot,Summer 2015,Inactive,We make robots that make sandwiches.,"Bistrobot makes robots that make sandwiches. No more long lines and no more wrong orders, just good food fast. And the coolest part is you get to watch a robot make you lunch.",http://bistrobot.com,https://www.ycombinator.com/companies/bistrobot,"San Francisco, CA, USA",2,B2B,B2B -> Retail,"B2B, Retail",Food Service Robots & Machines,"United States of America, America / Canada",Early,False,False,False,,/company/thumb/missing.png,1430156120
904,Apollo Health,apollo-health,Summer 2015,Inactive,,,http://apollo.com,https://www.ycombinator.com/companies/apollo-health,,,Consumer,"Consumer -> Travel, Leisure and Tourism","Consumer, Travel, Leisure and Tourism",,Unspecified,Early,False,False,False,Openspace,/company/thumb/missing.png,1430156120
903,Afrostream,afrostream,Summer 2015,Inactive,AFROSTREAM is Netflix for African-American and African  content…,"Afrostream brings you the best black shows, films, web series and more, streaming online anytime, anywhere. The site boasts an international library of 1,000+ hours of premium content, subtitled or dubbed according to the local market. Afrostream has licensing deals in place with Warner Brothers, Sony, Viacom, Lionsgate, and Sky Vision among others. 

The company has signed distribution deals with TF1, Orange and Bouygues telecom and debuted in the summer of 2016 on set-top boxes in over 12 million households in Europe. Afrostream was previously incubated by Silicon Valley’s prestigious Y Combinator and has secured investments from Orange, Cross Culture Ventures, and ACE & Company. Afrostream is accessible on Smart TVs, on the web, iPad, iPhone, and Android devices in 28 countries in Europe and Africa.

Afrostream targets the 15M people of African descent in Europe and 936M Africans in sub-Saharan Africa.",http://afrostream.tv,https://www.ycombinator.com/companies/afrostream,"Paris, Île-de-France, France",11,Consumer,Consumer -> Content,"Consumer, Content",Video,"France, Europe, Remote, Partly Remote",Early,False,False,False,,https://bookface-images.s3.amazonaws.com/small_logos/23bac7bdf8fa6ab458a9ef96ac2eb95deda6eb0a.png,1430156119
897,Stitch Health,stitch-health,Summer 2015,Inactive,Care Coordination Platform for Healthcare,Care coordination and collaboration tools for healthcare teams,https://stitch.health/,https://www.ycombinator.com/companies/stitch-health,"San Francisco, CA, USA",2,Healthcare,Healthcare -> Healthcare IT,"Healthcare, Healthcare IT","SaaS, Consumer Health Services","United States of America, America / Canada",Growth,False,False,False,Stitch,https://bookface-images.s3.amazonaws.com/small_logos/a127f7da546d737f54fe26c9a61b7150dc274721.png,1430156117
892,Shotput,shotput,Summer 2015,Inactive,Shotput (S15) develops AI and robotics to completely automate…,"Carefully engineered software to get products to your customers across the world faster and on time. We're trusted to simplify e-commerce and logistics by building the necessary tools for companies to improve their operations. These include determining key shipping routes, understanding customer demand, or reducing shipping and material costs.

We built Shotput so that people can use new technologies to manage work across companies which will allow them to precisely calculate costs & time. We'll enter a world where people no longer have to work on boring tasks of calling each other to find statuses or putting things into a box all day. Instead we can be free to think strategically about what we're building, who's the customer, and how to best serve their needs.",http://theshotput.com,https://www.ycombinator.com/companies/shotput,"San Francisco, CA, USA; Oakland, CA, USA; Remote",2,B2B,B2B -> Supply Chain and Logistics,"B2B, Supply Chain and Logistics","Robotics, Logistics, E-commerce","United States of America, America / Canada, Remote, Fully Remote",Early,False,False,False,,/company/thumb/missing.png,1429997726
887,CareLedger,careledger,Summer 2015,Inactive,CareLedger helps companies save money on healthcare expenses by…,"CareLedger helps employers find the best priced quality healthcare for their employees in their area. By providing pricing data on local providers and motivating employees to save, CareLedger helps employers get healthcare spend under control and reduced by more than 10%. They provide insight into who is a high-performing, high-value provider, and then motivate employees to spend less.",http://careledger.com,https://www.ycombinator.com/companies/careledger,"San Francisco, CA, USA",,Healthcare,Healthcare -> Healthcare Services,"Healthcare, Healthcare Services","Health Tech, Insurance","United States of America, America / Canada",Early,False,False,False,,/company/thumb/missing.png,1429997724
886,Call9,call9,Summer 2015,Inactive,,"Call9 delivers true Emergency Medicine and Palliative Care at patients'​ bedsides. Currently in Skilled Nursing Facilities, Call9 decreases the time patients wait to see an EM Physician from an average of 64 minutes to moments in emergency situations.

In tandem with 24/7 onsite Clinical Care Specialists*, offsite Emergency Medicine Physicians see, diagnose and treat patients at the bedside via the Call9 proprietary platform. Our focus goes beyond the medicine to assure premium patient-centered care by including patients, caregivers, and families in communications from the start.

Today, our proprietary technology-enabled services reduce cost and increase quality-of-care within elder-care facilities. Tomorrow, we redefine emergency medicine.

*Clinical Care Specialists(TM) are elite emergency responders. Excellent bedside manner and rigorous continuing emergency training make Call9, PC's CCSs a unique specialty.",http://callnine.com,https://www.ycombinator.com/companies/call9,"New York City, NY, USA; Brooklyn, NY, USA",51,Healthcare,Healthcare -> Healthcare Services,"Healthcare, Healthcare Services",,"United States of America, America / Canada",Growth,False,False,False,,https://bookface-images.s3.amazonaws.com/small_logos/a024dbe971a3a0b08fead92d39d49aa958d94e07.png,1429997724
885,Airmada,airmada,Summer 2015,Inactive,Autonomous ground stations for drones,"Airmada Inc. was founded out of MIT by Dan Danay. The mission of the company is to revolutionize commercial drone services by enabling efficient and reliable drone use for commercial and industrial purposes.
Airmada designs and builds automated ground stations for drones. Our stations protect the drone, replace its batteries and launch missions.
Airmada deploys these ground stations on mission sites to capture data, routinely and on-demand, operating drones autonomously and remotely.",http://www.airmada.com,https://www.ycombinator.com/companies/airmada,"Boston, MA, USA",2,Industrials,Industrials -> Drones,"Industrials, Drones","Drones, Logistics","United States of America, America / Canada",Early,False,False,False,,/company/thumb/missing.png,1429997723
882,Hickory,hickory,Summer 2015,Inactive,Hickory turns your employees into experts.,"We're a fast-growing Y-Combinator (S15) backed startup, based in New York.

Hickory is the only training tool focused on retention, turning Sales and Customer Service staff into brand experts. The app predicts when a rep will forget what they’ve learned, and schedules review exercises tailored to their strengths and weaknesses to prevent that from happening.",http://hickorytraining.com,https://www.ycombinator.com/companies/hickory,"New York City, NY, USA; New York, NY, USA",11,B2B,B2B -> Human Resources,"B2B, Human Resources",Education,"United States of America, America / Canada",Early,False,False,False,,/company/thumb/missing.png,1429997722
881,Vernox,vernox,Summer 2015,Inactive,Production planning software for construction teams.  Like Asana or…,"vernox is a streamlined production planning system for construction projects

Project teams use vernox to coordinate all aspects of their work on small to large-scale construction projects. Teams using vernox are able to easily communicate work plans, identify look ahead tasks, track and remove constraints and seamlessly update work plans from week to week based on actual task completion.",http://www.vernox.io,https://www.ycombinator.com/companies/vernox,"San Francisco, CA, USA; Berkeley, CA, USA",2,Real Estate and Construction,Real Estate and Construction -> Construction,"Real Estate and Construction, Construction",Construction,"United States of America, America / Canada",Early,False,False,False,,/company/thumb/missing.png,1429997722
876,Scope AR,scope-ar,Summer 2015,Inactive,Scope AR is the leading provider of User Guided Augmented Reality…,"Scope AR is the pioneer of enterprise-class augmented reality (AR) solutions, delivering AR tools for getting workers the knowledge they need, when and where they need it. 

Scope AR is revolutionizing the way enterprises work and collaborate with intuitive augmented reality tools that deliver the real-time knowledge sharing needed to conduct complex remote tasks, employee training, product and equipment assembly, maintenance and repair, field and customer support, and more.

Remote AR
Remote AR is an augmented reality telepresence tool; the expert has access to the field technician’s view through their hardware device (tablet, glasses, or smart phone) and can add or manipulate augmented content to aid the technician in completing the process efficiently and safely.  

WorkLink
A product that we can license to our clients, which will allow you to build, deploy, and manage your own augmented reality solutions. WorkLink also provides unprecedented levels of access to information generated by work processes, both active (measurements, photos etc) and passive (date,time and geolocation etc)",http://scopear.com,https://www.ycombinator.com/companies/scope-ar,"San Francisco, CA, USA",50,Consumer,Consumer -> Virtual and Augmented Reality,"Consumer, Virtual and Augmented Reality","SaaS, Augmented Reality","United States of America, America / Canada, Remote, Partly Remote",Growth,False,False,False,,https://bookface-images.s3.amazonaws.com/small_logos/dd2618fd17df77d59e89a4d1e0fb7a94d311b090.png,1429997720
875,ROSS Intelligence,ross-intelligence,Summer 2015,Inactive,ROSS is an AI-powered legal research platform that can read and…,"Founded by two computer scientists and an attorney, our mission is to develop technologies that increase access to legal services around the world. We are going after the $8B legal research market with our AI-powered legal research platform that allows lawyers to research in 80% less time and find cases they would have otherwise missed. Today, we are helping lawyers and law firms, including some of the world's largest, offer better and more affordable service to clients.

Website: www.rossintelligence.com
Twitter: @rossintel",http://rossintelligence.com,https://www.ycombinator.com/companies/ross-intelligence,"San Francisco, CA, USA",30,B2B,B2B -> Legal,"B2B, Legal","Artificial Intelligence, LegalTech","United States of America, America / Canada",Growth,False,False,False,,https://bookface-images.s3.amazonaws.com/small_logos/e3214e5b63f02d78b040b5d2b3b07eb77155020f.png,1429997719
874,Roomblocker,roomblocker,Summer 2015,Inactive,Hotel booking for groups and events.,,http://roomblocker.com,https://www.ycombinator.com/companies/roomblocker,"San Francisco, CA, USA",2,Consumer,"Consumer -> Travel, Leisure and Tourism","Consumer, Travel, Leisure and Tourism","Marketplace, B2B, Travel","United States of America, America / Canada",Early,False,False,False,,https://bookface-images.s3.amazonaws.com/small_logos/8d9445fe5d3cae262025d42b82fd1f3439b5bad6.png,1429997719
863,Serica,serica,Summer 2015,Inactive,Financial payment and loan services for the Medical Cannabis and…,"For the first time in history, Serica enables asset rights to be traded & stored on the Bitcoin blockchain by anyone, anywhere.

Serica is a commodities trading platform which connects investors to bitcoin-linked asset rights such as gold, silver, platinum & palladium assets tradeable on multiple digital money & precious metal exchanges.

Customers, anywhere in the world, can purchase commodities from Serica's dealer partners. Serica's decentralized custodian service publicly manage assets under custody, allowing safe & low-cost storage of valuable hard assets. Customers leverage DigitalTangible centralized & decentralized trading partner platforms to trade their asset-receipts for bitcoin or other digital money. Precious metal bullion may also be rapidly liquidated for cash or bitcoins.",http://sericapay.com,https://www.ycombinator.com/companies/serica,"San Francisco, CA, USA",2,Fintech,Fintech -> Banking and Exchange,"Fintech, Banking and Exchange","Blockchain, Fintech, Cannabis, Healthcare","United States of America, America / Canada",Early,False,False,False,,/company/thumb/missing.png,1429830319
