id,name,slug,batch,status,one_liner,long_description,website,ycdc_company_url,all_locations,team_size,industry,subindustry,industries,tags,regions,stage,top_company,isHiring,nonprofit,former_names,small_logo_thumb_url,launched_at
22111,Pardes Biosciences,pardes-bio,Summer 2020,Public,We break viruses,We make oral drugs to treat and prevent viral infections - like COVID-19.  ,http://www.pardesbio.com,https://www.ycombinator.com/companies/pardes-bio,"San Francisco, CA, USA; Remote",2,Healthcare,Healthcare -> Drug Discovery and Delivery,"Healthcare, Drug Discovery and Delivery","Biotech, Therapeutics","United States of America, America / Canada, Remote, Fully Remote",Early,True,False,False,Pardes Biosciences,https://bookface-images.s3.amazonaws.com/small_logos/7a90b132bd3ef57761690e68c3355e7471e2abf7.png,1630014282
22334,Gilgamesh Pharmaceuticals,gilgamesh-pharmaceuticals,Summer 2020,Active,"Gilgamesh Pharmaceuticals, a Clinical stage biotechnology company…","Gilgamesh is a pioneering, clinical stage mental health science-focused biotechnology company. We have a disciplined focus on developing innovative new chemical entities (NCEs) leveraging a unique combination of medicinal chemistry, intellectual property strategy, neuroscience & neurobiology, and drug development expertise. We are an experienced team, with proven success in biotech exits and inventions.	",https://www.gilgameshpharmaceutical.com,https://www.ycombinator.com/companies/gilgamesh-pharmaceuticals,"New York City, NY, USA; New York, NY, USA; Remote",15,Healthcare,Healthcare -> Drug Discovery and Delivery,"Healthcare, Drug Discovery and Delivery","Therapeutics, Psychedelics, Mental Health","United States of America, America / Canada, Remote, Fully Remote",Early,False,False,False,,https://bookface-images.s3.amazonaws.com/small_logos/22862a35e633350fc6345c3ab3f594a54629f1b2.png,1599762607
22327,Matter,matter,Summer 2020,Active,Building the future of reading,"Matter is a powerful, modern reading app that lets you save media from anywhere, pulls in your newsletters, lets you listen to your articles in a natural voice, and much more.",https://getmatter.app,https://www.ycombinator.com/companies/matter,"San Francisco, CA, USA; Remote",7,Consumer,Consumer -> Content,"Consumer, Content",,"United States of America, America / Canada, Remote, Fully Remote",Early,False,True,False,,https://bookface-images.s3.amazonaws.com/small_logos/e554b6fc17fb886da618e3af6eb487fde561739a.png,1596661086
22321,Verifiable,verifiable,Summer 2020,Active,API for healthcare compliance ,,https://verifiable.com/,https://www.ycombinator.com/companies/verifiable,"San Francisco, CA, USA; Remote",12,Healthcare,Healthcare -> Healthcare IT,"Healthcare, Healthcare IT","Compliance, Healthcare, API","United States of America, America / Canada, Remote, Fully Remote",Early,False,False,False,,https://bookface-images.s3.amazonaws.com/small_logos/191ff5d94573bd6b561f073320c85dd2f1b9d928.png,1599762607
22319,SiPhox Health,siphox-health,Summer 2020,Active,At-Home health monitoring with silicon photonic chips,We are developing a new paradigm for consumer health tech wearables by replacing a 100lb optical instrument with an area of silicon smaller than a postage stamp.,https://www.siphoxhealth.com,https://www.ycombinator.com/companies/siphox-health,"Boston, MA, USA",63,Healthcare,Healthcare -> Consumer Health and Wellness,"Healthcare, Consumer Health and Wellness","Hard Tech, Biometrics, Nanosensors, Health Tech, Health & Wellness","United States of America, America / Canada",Early,False,True,False,"SiPhox Inc., SiPhox",https://bookface-images.s3.amazonaws.com/small_logos/1f28b560503f712b4a2ddebceba1e2c0d68d36c2.png,1599762606
22306,Rarebird,rarebird,Summer 2020,Active,Elevating mental health to be a part of your daily coffee ritual.,"We are making coffee for caffeine sensitive people. We do this by producing the world's first caffeine replacement, paraxanthine. It's better than caffeine at waking you up and causes fewer side effects, like anxiety and jitteriness.",http://www.rarebird.coffee,https://www.ycombinator.com/companies/rarebird,"San Francisco, CA, USA; San Leandro, CA, USA",5,Healthcare,Healthcare -> Industrial Bio,"Healthcare, Industrial Bio",,"United States of America, America / Canada",Early,False,False,False,Revel Technologies,https://bookface-images.s3.amazonaws.com/small_logos/3ba444676690700e042ac3941f2c97b754bf950b.png,1598130130
22305,Future Fields,future-fields,Summer 2020,Active,We make unmakeable proteins with radical advanced biomanufacturing. ,"Future Fields has developed the world's first multicellular advanced biomanufacturing platform for the production of the most challenging recombinant proteins. We help companies in biotech, life sciences, and pharma by manufacturing their proteins. ",https://www.futurefields.io/about,https://www.ycombinator.com/companies/future-fields,"Edmonton, AB, Canada",34,Healthcare,Healthcare -> Industrial Bio,"Healthcare, Industrial Bio","Biotech, Manufacturing, Climate","Canada, America / Canada",Early,False,False,False,,https://bookface-images.s3.amazonaws.com/small_logos/27598374d1722327901a24bfb15f9fd42bed8beb.png,1596382991
22303,Todos Comemos,todos-comemos,Summer 2020,Active,Taking from 1 to 100 the premade food industry in LATAM,"With the mission of improving people's lives in LATAM by enabling pre-made food access to millions of people, TodosComemos is pushing forward the actual barriers of the industry in LATAM by: 

1. Developing pre-made and ready-to-eat healthy food above-edge technologies for the region, 

2. Enabling established products and brands of prepared food to go from 1 to 1000, offering them a competitive distribution one-stop solution to reach millions of new customers in a multichannel strategy

3. Building the first pre-made food subscription service including both pre-made and ready-to-eat meals for all needs.",https://todoscomemos.com,https://www.ycombinator.com/companies/todos-comemos,"Bogotá, Bogota, Colombia",62,Consumer,Consumer -> Food and Beverage,"Consumer, Food and Beverage","B2B, Logistics, E-commerce, Food Tech","Colombia, Latin America, Remote, Partly Remote",Early,False,False,False,,https://bookface-images.s3.amazonaws.com/small_logos/4a4fff30f35e3a762faef5e5536665740b762d78.png,1596216382
22294,Clau,clau,Summer 2020,Active,The real estate superapp for Mexico,"We are the real estate super app for Mexico combining a marketplace with over 20,000 properties, a crm for brokers, financial services including a mortgage brokerage, renovations and the leading data layer for residential real estate in the country.",https://clau.com,https://www.ycombinator.com/companies/clau,"Mexico City, CDMX, Mexico",90,Real Estate and Construction,Real Estate and Construction -> Housing and Real Estate,"Real Estate and Construction, Housing and Real Estate","Fintech, Machine Learning, Marketplace, Proptech","Mexico, Latin America, Remote, Partly Remote",Early,False,False,False,Flat,https://bookface-images.s3.amazonaws.com/small_logos/27f510d61e3fb71a7cb032342d796e9d330fa8a5.png,1595778564
22278,Hubla,chatpay,Summer 2020,Active,All-in-one platform for creators to sell courses and subscriptions,"Hubla is the Shopify for creators, enabling anyone to build, manage, and grow their online business. We provide powerful tools to create courses, communities, sell products, manage memberships, and deliver content—all in one platform. For example, a fitness coach can charge her audience for a unique digital weight-loss program, turning passion into profit.

Creators need simple, flexible tools to succeed. Hubla’s fully customizable platform lets them own their strategy, stand out from competitors, and create unique experiences. This approach works—our top creator earns over $8M annually.

Hubla is leading the creator economy revolution, empowering individuals to transform their expertise into sustainable, scalable businesses.",https://hub.la,https://www.ycombinator.com/companies/chatpay,"São Paulo, SP, Brazil",86,B2B,B2B -> Sales,"B2B, Sales","Fintech, SaaS, Payments","Brazil, Latin America, Remote, Partly Remote",Growth,False,False,False,ChatPay,https://bookface-images.s3.amazonaws.com/small_logos/f2774c90b6477ab8f737e3b9ae637d15847ea8de.png,1594760413
22277,Heron Data,heron-data,Summer 2020,Active,We automate document-heavy workflows in financial services and beyond,"At Heron, we use the latest advances in AI and LLMs to automate document-heavy workflows. Our software handles emails, analyzes attachments, and takes actions like updating CRMs or requesting more info. We serve businesses from small companies to FDIC-insured banks in sectors like Small Business Finance and Commercial Insurance.",https://www.herondata.io,https://www.ycombinator.com/companies/heron-data,"New York City, NY, USA",60,B2B,B2B,B2B,"Fintech, SaaS, B2B, AI","United States of America, America / Canada",Early,False,True,False,"Open Credit, OpenCredit, Open Credit",https://bookface-images.s3.amazonaws.com/small_logos/a7b4c6ec0a994c7922188d2be45646b8d241734b.png,1597867558
22273,Fieldguide,fieldguide,Summer 2020,Active,Vertical AI for Audit & Advisory Firms,"‍Fieldguide is a vertical AI platform for modern assurance and advisory firms that digitizes the end-to-end engagement workflow on a single platform. Built by former Big Four practitioners and experienced technology leaders, Fieldguide is trusted by top CPA firms to improve margins, win new business, and build stronger client relationships. We’re based in San Francisco, CA, but built as a remote-first company that enables you to do your best work from anywhere. We're backed by top investors including Goldman Sachs, Bessemer Venture Partners, 8VC, Y Combinator, Floodgate, Elad Gil, Justin Kan, Qasar Younis, Eric Ries, and more.",http://fieldguide.com,https://www.ycombinator.com/companies/fieldguide,"San Francisco, CA, USA",200,B2B,B2B -> Productivity,"B2B, Productivity","Artificial Intelligence, B2B, Workflow Automation, Productivity","United States of America, America / Canada, Remote, Partly Remote",Growth,False,True,False,,https://bookface-images.s3.amazonaws.com/small_logos/03ab0a46259f7ce1ac30cf1d9aff41e90bcaad5e.png,1598200142
22272,Finch,finch,Summer 2020,Active,Finch is the Employment Data Platform,"Finch is the API to access employment data systems. We allow admins to connect their company in a compliant and secure manner to trusted applications. Finch integrates across data providers enabling developers to access a previously closed system and are at the source of truth for employee data and money flow. Our API powers use cases across insurance, benefits, tax, finance, and HR applications.",https://tryfinch.com,https://www.ycombinator.com/companies/finch,"San Francisco, CA, USA",73,B2B,"B2B -> Engineering, Product and Design","B2B, Engineering, Product and Design","Fintech, HR Tech, API","United States of America, America / Canada, Remote, Partly Remote",Growth,False,True,False,Profound,https://bookface-images.s3.amazonaws.com/small_logos/204c5a234c0f203a89d58c1407d93894d494118d.png,1598153864
22267,Parrot Software 🦜,parrot-software,Summer 2020,Active,The operating system for restaurants in LatAm.,"Parrot is the operating system for restaurants in LatAm. We convert operational chaos into control by bringing together our Payment terminal, Delivery Apps, and Invoicing into a unified POS system. All of it backed by a fully featured Restaurant Management System on the cloud.",https://parrotsoftware.io/,https://www.ycombinator.com/companies/parrot-software,"Monterrey, N.L., Mexico",40,B2B,B2B -> Retail,"B2B, Retail","Fintech, SaaS, B2B","Mexico, Latin America, Remote, Partly Remote",Growth,False,False,False,Parrot Software,https://bookface-images.s3.amazonaws.com/small_logos/29f5231e61be9a4d070ec964b3a00684b46232d6.png,1599762607
22266,Zuddl,zuddl,Summer 2020,Active,Zuddl is a modular platform for events and webinars that helps event…,"Zuddl is a modular platform for events and webinars that helps event marketers plan and execute events that drive growth. Event teams from global organizations like Microsoft, Google, ServiceNow, Zylo, Postman, TransPerfect and the United Nations trust Zuddl. Our modular approach to event management lets B2B marketers and conferences organizers decide which components they need to build the perfect event and scale their event program. Zuddl is an outcome-oriented platform with a focus on flexibility, and is more partner, less vendor.

FUNDING

Zuddl being a part Y-Combinator 2020 batch has raised $13.35 million in Series A funding led by Alpha Wave Incubation and Qualcomm Ventures with participation from our existing investors GrowX ventures and Waveform Ventures.


",http://www.zuddl.com,https://www.ycombinator.com/companies/zuddl,"San Francisco, CA, USA; TS, India; Remote",120,B2B,B2B,B2B,"SaaS, B2B","United States of America, India, America / Canada, South Asia, Remote, Fully Remote",Growth,False,True,False,Joyn,https://bookface-images.s3.amazonaws.com/small_logos/39914914665584b0e13b0afdeecde0ad6a4b0de1.png,1598095349
22257,Inspectify,inspectify,Summer 2020,Active,"Home Inspections, Simplified","We founded Inspectify with the goal to make a platform that helps inspectors, real estate professionals and home buyers alike. We see a tremendous opportunity to apply the latest technology to make inspectors more proficient and effective and make home inspections more engaging and value add to home buyers. We are just getting started, but are excited to provide much needed disruption in the space!",http://www.inspectify.com,https://www.ycombinator.com/companies/inspectify,"Seattle, WA, USA",75,Real Estate and Construction,Real Estate and Construction -> Housing and Real Estate,"Real Estate and Construction, Housing and Real Estate","Marketplace, Real Estate, Proptech","United States of America, America / Canada, Remote, Partly Remote",Growth,False,True,False,Inspectify (formerly Home Inspections App),https://bookface-images.s3.amazonaws.com/small_logos/ae6cf708b106cf68bb0d7581f467e1e21110d963.png,1595601426
22248,Mozart Data,mozart-data,Summer 2020,Active,The easiest way to set up a modern data stack,"Mozart Data provides an out-of-the-box modern data stack that empowers anyone to easily consolidate, organize, and prepare their data for analysis. Spin up a data stack that’s built on a best-in-class data warehouse and ETL tool in hours, without any engineering. You can finally spend more time on generating insights and less time wrangling your data.",http://www.mozartdata.com,https://www.ycombinator.com/companies/mozart-data,"San Francisco, CA, USA",24,B2B,B2B -> Infrastructure,"B2B, Infrastructure","SaaS, B2B, Data Engineering","United States of America, America / Canada, Remote, Partly Remote",Early,False,False,False,MarioData,https://bookface-images.s3.amazonaws.com/small_logos/26b12777ded0ad248c87b09da978d09a244dcff3.png,1598228399
22247,Rally,rally,Summer 2020,Active,Rally is Zoom for social events,"Rally is what Zoom breakouts should have been. Users can hop between groups easily, while seeing and hearing the other groups around them, as if they were in a shared space.   
Rally is perfect for happy hours, networking, and other social gatherings. We are being used by institutions like Amazon, Harvard and a multitude of startups across North America. 
",https://rally.video,https://www.ycombinator.com/companies/rally,"Toronto, ON, Canada; Remote",3,Consumer,Consumer -> Social,"Consumer, Social","Collaboration, Video, Social","Canada, America / Canada, Remote, Fully Remote",Early,False,True,False,,https://bookface-images.s3.amazonaws.com/small_logos/89e5e6679598ff7832c0db2c4089f74206b902c8.png,1596149665
22218,Glimpse,glimpse-2,Summer 2020,Active,Glimpse is the system of action for CPG retail operations,"Glimpse is the leading AI platform for CPG brands - automating key back office workflows like deductions management, revenue recovery, & cash application to increase operating leverage and put millions of dollars back into a brand's pocket. 

Our agents automatically retrieve deduction data, validate charges, automate cash application, and dispute invalid claims to recover lost revenue—often starting with a lookback of the past year of deductions. For a $1B CPG, one agent reviewed 17,000 deductions in under 24 hours (work that would take an FTE ~2 years), identifying $10M+ in revenue and driving meaningful margin expansion. Pricing is simple and incentive-aligned, structured to create clear P&L impact from day one.

",https://tryglimpse.com/,https://www.ycombinator.com/companies/glimpse-2,"New York City, NY, USA",27,B2B,B2B -> Retail,"B2B, Retail","Artificial Intelligence, E-commerce, Food & Beverage, Retail","United States of America, America / Canada",Growth,False,True,False,,https://bookface-images.s3.amazonaws.com/small_logos/9c1bb0fb7eb4819828b6a0f5d554f6602a5299cf.png,1595628044
22217,Mobius Materials,mobius-materials,Summer 2020,Active,The spot market for semiconductors,"Mobius is the safe spot market for electronic components like microcontrollers and capacitors. We help electronics manufacturers buy and sell chips quickly, safely & at market prices. ",https://www.mobiusmaterials.com,https://www.ycombinator.com/companies/mobius-materials,"San Francisco, CA, USA",6,Industrials,Industrials -> Manufacturing and Robotics,"Industrials, Manufacturing and Robotics","Hardware, Manufacturing, Supply Chain, Semiconductors","United States of America, America / Canada, Remote, Partly Remote",Early,False,False,False,Mobius,https://bookface-images.s3.amazonaws.com/small_logos/f5f5b865f74e9a6fdbf9dc7d71885ecdea75b962.png,1732044079
22207,inSoma Bio,insoma-bio,Summer 2020,Active,Helping Plastic Surgeons Rebuild Fat,,https://www.insomabio.com/,https://www.ycombinator.com/companies/insoma-bio,"Durham, NC, USA",4,Healthcare,Healthcare -> Medical Devices,"Healthcare, Medical Devices","Synthetic Biology, Medical Devices","United States of America, America / Canada",Early,False,False,False,,https://bookface-images.s3.amazonaws.com/small_logos/de0455624bad1e94310441869f841535ce28c99b.png,1599762607
22206,Vena Vitals,vena-vitals,Summer 2020,Active,A small sticker that monitors blood pressure continuously,"Vena Vitals makes a small sticker that monitors blood pressure continuously. We've shown that it works in the operating room and is as accurate as the best tools doctors have today, at a fraction of the cost. We're a team of health tech scientists with multiple past startups and exits, and we've built products that have scaled to over 2M users.",http://venavitals.com,https://www.ycombinator.com/companies/vena-vitals,"Irvine, CA, USA",9,Healthcare,Healthcare -> Medical Devices,"Healthcare, Medical Devices","Hard Tech, Nanosensors, Health Tech, Medical Devices, Digital Health","United States of America, America / Canada, Remote, Partly Remote",Early,False,True,False,,https://bookface-images.s3.amazonaws.com/small_logos/d5e63e35879195913f15231bf23b59e4850803e2.png,1597939819
22196,"MedPiper Technologies, Inc",medpiper-technologies-inc,Summer 2020,Active,Instant cash payouts for delayed flights,"OrbitCover (by MedPiper Technologies, YC S20) is parametric travel insurance infrastructure. We power flight delay coverage that auto-settles payouts in under 5 minutes; with zero claims filing.",https://www.medpiper.com,https://www.ycombinator.com/companies/medpiper-technologies-inc,"Bengaluru, KA, India; Remote",55,Fintech,Fintech -> Insurance,"Fintech, Insurance","Fintech, Travel, Insurance, Consumer Finance","India, South Asia, Remote, Fully Remote",Early,False,False,False,MedPiper Technologies,https://bookface-images.s3.amazonaws.com/small_logos/f7d30e3e30894c40033c853cefa3efa02ec9f54b.png,1597677447
22174,Lendtable,lendtable,Summer 2020,Active,We give employees cash advances for their 401k match and ESPP,"1 in 4 Americans do not get their full 401(k) match. That means 25 million workers are leaving $24 billion on the table in free employer contributions. The primary reason these workers cannot get their match is because they do not have enough to both cover living expenses and invest. 

Lendtable helps workers get thousands in additional income by giving them a cash advance to cover their living expenses so they can finally begin earning their employer match. Once their money has vested we take some of the match money earned in order to cover our expenses. 

Workers now have thousands of dollars more without putting any money down, and we make money helping them do so -- we win if they win.",http://lendtable.com,https://www.ycombinator.com/companies/lendtable,"San Francisco, CA, USA",20,Fintech,Fintech -> Credit and Lending,"Fintech, Credit and Lending",Fintech,"United States of America, America / Canada",Growth,False,False,False,,https://bookface-images.s3.amazonaws.com/small_logos/8031cfe03db3dc6248ec6d87e84fe7cd9c685577.png,1596041310
22152,Afriex,afriex,Summer 2020,Active,"Instant, low-fee remittances","Afriex makes it easy for immigrants to send money home.  We offer instant, low-fee remittances to over 25 countries around the world.",https://www.afriexapp.com,https://www.ycombinator.com/companies/afriex,"San Francisco, CA, USA",55,Fintech,Fintech -> Payments,"Fintech, Payments","Payments, Remittances","United States of America, America / Canada, Remote, Partly Remote",Growth,False,True,False,,https://bookface-images.s3.amazonaws.com/small_logos/8db23c586149f6e05d32286d54acbfed108a0c15.png,1596395977
22148,Spenmo,spenmo,Summer 2020,Active,"A spend management software that provides businesses visibility,…","Founded in June 2019 and based in Singapore, Spenmo is building the only software you need as a business to manage payables. From bill payment, corporate card, local and international transfer, to employee’s expense claim, Spenmo helps companies streamline their AP processes with our technology. 

Before Spenmo, AP staff were drowned in manual work and struggled to reconcile all their spending on time. Not anymore. Thousands of businesses are now using Spenmo to payout their AP, track and categorize spend, and close their books on auto-pilot in 90% less time. On average, finance teams who use Spenmo save over 50 hours and $10,000 every month.",https://summitglobal.com/,https://www.ycombinator.com/companies/spenmo,"Singapore, Singapore",200,Fintech,Fintech -> Banking and Exchange,"Fintech, Banking and Exchange","Fintech, SaaS","Singapore, Southeast Asia, Remote, Partly Remote",Growth,False,True,False,,https://bookface-images.s3.amazonaws.com/small_logos/573684f2ec0dab289ea0dd5bacd0ea7b65204a36.png,1597213066
22131,Draftwise,draftwise,Summer 2020,Active,Contract and negotiation AI built for lawyers,"Draftwise is redefining contract work for lawyers with AI that streamlines drafting, review, and negotiation. Draftwise empowers lawyers with  intelligent, data-driven tools that use a firm’s own knowledge base—drawing from past deals, preferred language, and internal guidance to improve the entire contract workflow—from first draft to signed deal.",https://www.draftwise.com/,https://www.ycombinator.com/companies/draftwise,"New York City, NY, USA",50,B2B,B2B -> Legal,"B2B, Legal","Generative AI, SaaS, B2B, LegalTech","United States of America, America / Canada, Remote, Partly Remote",Growth,False,True,False,DraftWise,https://bookface-images.s3.amazonaws.com/small_logos/45fd3c83a50a1e06006ac31f6da21274baf8970a.png,1597352177
22126,Mito,mito,Summer 2020,Active,Cursor for data analysis,"Mito is Cursor for data science. We’re building an AI enabled IDE to 10x the productivity of data people. Data analysts use Mito to automate reports without relying on internal engineering resources. 

Mito is used by thousands of business analysts, data scientists, and automation engineers at some of the world's largest banks, private equity shops, and consulting firms. 

Open source is key to our enterprise sales strategy. Mito is open source and built on top of Jupyter. That means getting started with Mito is as simple as running `pip install` and doesn't require enterprises to manager new infrastructure. 

Check us out at: https://www.trymito.io/",http://trymito.io,https://www.ycombinator.com/companies/mito,"New York City, NY, USA; Remote",3,B2B,B2B -> Analytics,"B2B, Analytics","Developer Tools, Analytics, Open Source, Data Science, AI","United States of America, America / Canada, Remote, Fully Remote",Early,False,False,False,"Saga, Mtio",https://bookface-images.s3.amazonaws.com/small_logos/f1806ed31ccae256cd4739f203e4b05a30a49eea.png,1660746128
22124,Taktile,taktile,Summer 2020,Active,"Transform your decision-making with reliable AI agents in weeks, not…","Taktile empowers financial institutions to quickly unlock AI-driven efficiencies across the customer lifecycle, reducing manual work while optimizing decisions and enabling seamless end-user experiences.

Built for highly regulated environments, our agentic decision platform combines the speed of AI automation with the oversight of human judgement—so you can safely approve customers, catch more fraud, and stay compliant.

We power AI transformation from offices in NYC, London, Berlin, and Iasi, and have raised $80M in capital from top investors including Index Ventures, Tiger Global, Balderton Capital and Y Combinator.

Join over 200 leading financial institutions who rely on Taktile to enable faster, more intelligent decisions from onboarding to credit, AML, compliance, and fraud.",http://www.taktile.com,https://www.ycombinator.com/companies/taktile,"Berlin, Berlin, Germany",150,B2B,B2B,B2B,"Artificial Intelligence, Fintech, Machine Learning, Enterprise Software","Germany, Europe, Remote, Partly Remote",Early,False,True,False,"Taktile, Inc.",https://bookface-images.s3.amazonaws.com/small_logos/fda6209e5ce1deac3dd962c779d7c375cd750a5a.png,1638102391
22108,Ready,ready,Summer 2020,Active,Collaborative platform for optimizing regulated utilities such as…,"Ready builds software tools that help utility stakeholders collaborate, so that more families get better utility services at lower cost. Ready Digital Infrastructure empowers utilities to deliver next-generation digital services. 

",https://ready.net,https://www.ycombinator.com/companies/ready,"San Francisco, CA, USA; Remote",60,B2B,B2B,B2B,"Fintech, SaaS, B2B, Telecommunications","United States of America, America / Canada, Remote, Fully Remote",Early,False,True,False,,https://bookface-images.s3.amazonaws.com/small_logos/1ac7d4d42d82d2423bb634e41e990a6d65348212.png,1597926325
22092,SockSoho,socksoho,Summer 2020,Active,Building world's largest men fashion brand powered by technology,SockSoho is India's largest DTC sock brand. We are on a mission to build the next Uniqlo and socks is just our starting point. ,https://socksoho.com,https://www.ycombinator.com/companies/socksoho,"San Francisco, CA, USA",22,Consumer,Consumer -> Apparel and Cosmetics,"Consumer, Apparel and Cosmetics","Consumer, E-commerce","United States of America, America / Canada, Remote, Partly Remote",Early,False,False,False,,https://bookface-images.s3.amazonaws.com/small_logos/714c3d3cc363a42ed17f9612d23845d046e291fb.png,1598136601
22091,Supabase,supabase,Summer 2020,Active,Build in a weekend. Scale to millions.,"Supabase is the easiest way to get started with Postgres. 

Each project within Supabase is an isolated Postgres cluster, allowing customers to scale independently, while still providing the features that you need to build: instant database setup, auth, row level security, realtime data streams, auto-generating APIs, and a simple to use web interface.

We are 100% remote.

",https://supabase.com,https://www.ycombinator.com/companies/supabase,"San Francisco, CA, USA; Remote",120,B2B,B2B -> Infrastructure,"B2B, Infrastructure","Developer Tools, Open Source, Big Data, Data Engineering, Databases","United States of America, America / Canada, Remote, Fully Remote",Growth,False,False,False,,https://bookface-images.s3.amazonaws.com/small_logos/9e8c106f46123a6f28b7a7da41f0ee695da48786.png,1596180346
22088,CarbonChain,carbonchain,Summer 2020,Active,We help companies automate the accounting of their carbon emissions,"We’re building a SaaS tool that enables companies in highly polluting industries to track their supply chain carbon emissions so they can mitigate risks from incoming carbon taxes and government penalties.
",https://carbonchain.com,https://www.ycombinator.com/companies/carbonchain,"London, England, United Kingdom",16,Industrials,Industrials -> Climate,"Industrials, Climate",Climate,"United Kingdom, Europe, Remote, Partly Remote",Growth,False,True,False,,https://bookface-images.s3.amazonaws.com/small_logos/52536338a6d0a789cc50acfeae8ffa905d216a46.png,1597181392
22084,Arketa,arketa,Summer 2020,Active,Everything for your fitness or wellness business.,"All in one platform for online and in-person classes, video on-demand, courses and website hosting.",https://arketa.com,https://www.ycombinator.com/companies/arketa,"New York City, NY, USA; Remote",55,B2B,B2B -> Operations,"B2B, Operations","SaaS, Fitness, Health & Wellness","United States of America, America / Canada, Remote, Fully Remote",Growth,False,True,False,"Sutra, arketa",https://bookface-images.s3.amazonaws.com/small_logos/094fed16cd3ee4ccf1b1e4019332a813d1993a7f.png,1598389212
22083,HENRY,henry,Summer 2020,Active,We train AI engineers and connect them with companies.,"AI Engineers, ML+ Data Scientists, AI Product Engineers. We also help companies accelerate AI Adoption. ",https://www.soyhenry.com/hiring-en,https://www.ycombinator.com/companies/henry,"Buenos Aires, CABA, Argentina; Remote",100,B2B,B2B -> Recruiting and Talent,"B2B, Recruiting and Talent","AI-Enhanced Learning, B2B, Recruiting, Latin America, Talent Acquisition","Argentina, Latin America, Remote, Fully Remote",Growth,False,False,False,Henry,https://bookface-images.s3.amazonaws.com/small_logos/7825141b4745e6ccd2728e2a4c775ac61d481ccd.png,1598113247
22082,Laylo,laylo,Summer 2020,Active,The CRM powering iconic musicians and events,"Laylo powers drops for the world’s biggest musicians and events. The platform combines landing pages, messaging, link tracking, and more to drive sales and streams around the most important moments in entertainment.",https://laylo.com,https://www.ycombinator.com/companies/laylo,"Los Angeles, CA, USA; Remote",24,B2B,B2B -> Marketing,"B2B, Marketing","SaaS, Messaging, Enterprise, CRM, Creator Economy","United States of America, America / Canada, Remote, Fully Remote",Early,False,True,False,,https://bookface-images.s3.amazonaws.com/small_logos/bb78f80434f450bb2cb261fa10cb242ca6510307.png,1614630606
22080,Orange Health Labs,orange-health-labs,Summer 2020,Active,India's Fastest Diagnostics Service,"Orange Health Labs is India’s leading on-demand diagnostics lab for urban consumers, offering 30-minute at-home sample collection and 6 hour reports across the top cities of India 

Launched in January 2021, Orange Health Labs is amongst the most loved healthcare brands in India and is backed by some of the world’s leading investors like Accel, General Catalyst, Y Combinator, Bertelsmann India, Amazon, and others. ",http://www.orangehealth.in,https://www.ycombinator.com/companies/orange-health-labs,"Bengaluru, KA, India",1100,Healthcare,Healthcare -> Diagnostics,"Healthcare, Diagnostics","Consumer Health Services, Health Tech, Healthcare, Diagnostics","India, South Asia",Early,False,False,False,Orange Health,https://bookface-images.s3.amazonaws.com/small_logos/3e07e4f8af878b1c646ca1ca04c557bb4e10c4a8.png,1599762607
22079,Formal,formal,Summer 2020,Active,Take control of your data in real-time.,,https://joinformal.com,https://www.ycombinator.com/companies/formal,"San Francisco, CA, USA; New York, NY, USA; Remote",10,B2B,B2B,B2B,Cybersecurity,"United States of America, America / Canada, Remote, Fully Remote",Growth,False,False,False,"Shipl, MetaBank, Maytana",https://bookface-images.s3.amazonaws.com/small_logos/66941efea1bbb96c0037b8eb01cd10d72092895c.png,1598356040
22078,Awtomic,awtomic,Summer 2020,Active,Dollar Shave Club as a platform. ,"Awtomic powers DTC brands with an easy-to-use subscription management and discovery platform. Starting with a Shopify app, we'll give merchants the subscription product power of premium subscription brands like Dollar Shave Club and Ipsy. As we grow our support for more eCommerce platforms and merchants, we'll help customers discover new brands through cross-sells and make it easier for them to manage their subscriptions in one place. ",https://www.awtomic.com,https://www.ycombinator.com/companies/awtomic,"Seattle, WA, USA; Remote",11,B2B,B2B -> Retail,"B2B, Retail",,"United States of America, America / Canada, Remote, Fully Remote",Early,False,False,False,"Critical Mass, Valette, Bundle, Awtomatic",https://bookface-images.s3.amazonaws.com/small_logos/2bae4bd6ee8dcd16e267e73f25b688391d0e7848.png,1615136435
22077,Akiflow,akiflow,Summer 2020,Active,All your tasks and calendars into an AI-powered productivity app,"Akiflow is an AI-powered productivity app, integrating tasks + calendars and an AI executive assistant",https://akiflow.com,https://www.ycombinator.com/companies/akiflow,"CT, Spain; Remote",18,B2B,B2B -> Productivity,"B2B, Productivity",Productivity,"Spain, Europe, Remote, Fully Remote",Early,False,False,False,Akido,https://bookface-images.s3.amazonaws.com/small_logos/711701aab43e1cf32d5d6f30ef959de45cbc80c1.png,1597668620
22076,Dataland,dataland,Summer 2020,Active,AI agents for customer support.,"Dataland is the applied AI lab for complex operations and customer support. In 8 months, we've grown to multi-million dollar ARR as just two founders and are highly profitable. We’re partnering with some of the fastest growing startups and public companies in the world.",https://dataland.io,https://www.ycombinator.com/companies/dataland,"New York City, NY, USA",4,B2B,B2B -> Operations,"B2B, Operations","B2B, Data Engineering, Data Visualization, AI","United States of America, America / Canada",Early,False,True,False,"Realism Labs, Sidekick, Realism Labs, Sidekick",https://bookface-images.s3.amazonaws.com/small_logos/9c1084ef28edc951f15115194ba8b7bc7c1889eb.png,1594828571
22075,PANADATA,panadata,Summer 2020,Active,We run background checks on businesses using data from public records…,"We run background checks on businesses using data from public records in Panama.

Trusted locally by largest banks, law firms, banking regulators, ports, foreign embassies, law enforcement. Our main use cases are due diligence, commercial intelligence and compliance. ",https://www.panadata.net,https://www.ycombinator.com/companies/panadata,"Panama City, Panama, Panama; Remote",4,Government,Government,Government,LegalTech,"Panama, Latin America, Remote, Fully Remote",Early,False,False,False,Crowbar Inc,https://bookface-images.s3.amazonaws.com/small_logos/b522b43cc5edbf12cf1805d45134091b71d770e8.png,1597811091
22062,Minimum,minimum,Summer 2020,Active,Helping corporates achieve Net Zero through tech solutions. ,"Minimum lets you calculate, report on, and reduce the carbon emissions of your business, whether you're a corporate or an investment fund.",https://minimum.com,https://www.ycombinator.com/companies/minimum,"London, England, United Kingdom",,Industrials,Industrials -> Climate,"Industrials, Climate","Fintech, Climate","United Kingdom, Europe, Remote, Partly Remote",Early,False,True,False,,https://bookface-images.s3.amazonaws.com/small_logos/b78dcbf965687690921cec75149b2af9b5bd15be.png,1599762607
22054,Farel,farel,Summer 2020,Active,Next-gen airline OS,"‭ Farel replaces outdated, fragmented airline‬‭ systems with a single, fully‬
‭ integrated platform—covering availability, pricing, reservations, revenue management,‬
‭ consumer-facing apps, departure control. ",https://farel.io,https://www.ycombinator.com/companies/farel,"Raleigh, NC, USA",9,B2B,B2B -> Operations,"B2B, Operations","SaaS, B2B","United States of America, America / Canada, Remote, Partly Remote",Early,False,False,False,,https://bookface-images.s3.amazonaws.com/small_logos/16337ec8a0f138205cdce1ce175d05a922980057.png,1597943297
22053,Hotplate,hotplate,Summer 2020,Active,Online ordering platform for independent chefs and bakers.,"Hotplate is changing how people sell food across the US by giving Chefs and Bakers the tools necessary to solo launch and manage a food business online. There are talented people around the world capable of making amazing food, but either due to a lack of awareness, financial constraints, or the daunting overhead costs associated with traditional brick-and-mortar businesses, many never venture into this space independently. 

Hotplate is fueling a new model of food sales, allowing anyone to create a storefront, announce a sale, and coordinate local pickups with hundreds, or even thousands of customers—all within a 10-minute setup. 

Our aim is to make the food industry more available to everyone with the desire to enter it, consequently making food more accessible and diverse across the United States.",http://www.hotplate.com/,https://www.ycombinator.com/companies/hotplate,"San Francisco, CA, USA",9,Consumer,Consumer -> Food and Beverage,"Consumer, Food and Beverage",,"United States of America, America / Canada",Early,False,True,False,"Hotplate.com, Inc., Hotplate.com",https://bookface-images.s3.amazonaws.com/small_logos/68b16bb4324ca311db21ed0bf4613eb6cfa7e90e.png,1599762607
22048,Scrimba,scrimba,Summer 2020,Active,We turn people into hireable devs for 1% of the price of code…,"Scrimba is a coding course platform with over 120K monthly active students. It's based on a new video format that makes the screencasts fully interactive for students, and easier to create for teachers. Our vision is to create a coding school that has the quality of Stanford but the price of a gym membership.",https://scrimba.com,https://www.ycombinator.com/companies/scrimba,"Oslo, Oslo, Norway",6,Education,Education,Education,"Education, eLearning","Norway, Europe, Remote, Partly Remote",Early,False,False,False,,https://bookface-images.s3.amazonaws.com/small_logos/b4d293bb82fbcecd4ed3961acb48f34bb29f5003.png,1598088466
22047,TyltGO,tyltgo,Summer 2020,Active,TyltGO powers retailers with same-day delivery.,TyltGO provides brick & mortar retailers and e-commerce brands with same-day delivery under their own brand name. ,https://www.tyltgo.com/,https://www.ycombinator.com/companies/tyltgo,"Toronto, ON, Canada; Kitchener, ON, Canada; Remote",15,B2B,B2B -> Supply Chain and Logistics,"B2B, Supply Chain and Logistics","SaaS, B2B, Delivery","Canada, America / Canada, Remote, Fully Remote",Early,False,False,False,Tyltgo,https://bookface-images.s3.amazonaws.com/small_logos/98904e01474bc9ab78f2791e442a5ff851498135.png,1595546944
22046,Flint,flint,Summer 2020,Active,Securing Nurses for Your Future,We help hospitals 🏥 hire nurses 🧑🏻‍⚕️ from all around the world 🌏 and with technology make the complexity of immigration and licensing simple.,https://withflint.com,https://www.ycombinator.com/companies/flint,"Vancouver, BC, Canada; Remote",50,Healthcare,Healthcare,Healthcare,Healthcare,"Canada, America / Canada, Remote, Fully Remote",Early,False,True,False,"Gomae Food Technologies Inc., Oco Meals",https://bookface-images.s3.amazonaws.com/small_logos/ec09886f1e729ed627107d556f31dbdedb9a2986.png,1597851640
22045,Nephrogen,nephrogen,Summer 2020,Active,Curative genetic medicines for kidney diseases,"Nephrogen is a Stanford biotech spin-out developing curative genetic medicines for kidney and pancreatic diseases. Kidney disease alone affects 1 in 7 Americans, and neither indication has any approved gene-based therapies. 

Nephrogen's underlying platform combines AI and high-throughput screening to engineer safer, more efficient, and less expensive gene delivery vehicles for reaching the kidney and pancreas, and has attracted non-dilutive funding from seven major pharmaceutical companies including Merck KGaA, Novartis, and Bristol Myers Squibb.",http://www.nephrogenbiotech.com,https://www.ycombinator.com/companies/nephrogen,"New York City, NY, USA",5,Healthcare,Healthcare -> Therapeutics,"Healthcare, Therapeutics","Gene Therapy, CRISPR, Biotech","United States of America, America / Canada",Early,False,False,False,,https://bookface-images.s3.amazonaws.com/small_logos/ce4f8b04c9fefa06f0088d04f45b91af1e3fe8aa.png,1660881251
22044,Liyfe,liyfe,Summer 2020,Active,Digital Nurse to Automate Symptom Assessment and Risk…,"Liyfe remote symptom management platform utilizes Artificial Intelligence (AI) to automate oncology nurse triage pathways and high-risk patient detection. It helps you standardize procedures, streamline existing clinical protocols, reduced ER visits and hospitalizations.",,https://www.ycombinator.com/companies/liyfe,"New York City, NY, USA; New Haven, CT, USA; Remote",2,Healthcare,Healthcare,Healthcare,"SaaS, Digital Health","United States of America, America / Canada, Remote, Fully Remote",Early,False,False,False,,https://bookface-images.s3.amazonaws.com/small_logos/77bd0bcda1ec82be3903a0e749713dba6f55a076.png,1597507967
22043,Kingdom,kingdom,Summer 2020,Active,Clinically-validated ingredients from natural microbes,"Kingdom creates clinically-validated Superculture® ingredients from natural microbes to improve the health of pets and people.  We’re the world’s first AI-native ingredients company, delivering industry-leading efficacy in a fraction of the traditional development time.",https://kingdomsuperculture.com,https://www.ycombinator.com/companies/kingdom,"New York City, NY, USA",21,Healthcare,Healthcare -> Industrial Bio,"Healthcare, Industrial Bio","Health & Wellness, Food Tech","United States of America, America / Canada",Growth,False,True,False,"Imvela, Kingdom Supercultures",https://bookface-images.s3.amazonaws.com/small_logos/912429b7bbe5e13329e823be58238cb49a0da00f.png,1596153559
22037,Tella,tella,Summer 2020,Active,The all-in-one screen recorder.,"Send your team quick video messages, post eye-catching product demos to social, publish long-form content to YouTube and more. All with one app and one subscription.",https://tella.com,https://www.ycombinator.com/companies/tella,"Amsterdam, NH, Netherlands; Remote",6,B2B,B2B -> Productivity,"B2B, Productivity","SaaS, B2B, Video","Netherlands, Europe, Remote, Fully Remote",Early,False,False,False,,https://bookface-images.s3.amazonaws.com/small_logos/a50066f6c17f94be44746c6c53060ebd41629453.png,1597612202
22026,Mozper,mozper,Summer 2020,Active,A debit card and app designed for kids and parents in Latin America,"Mozper is bringing the weekly allowance into the digital era in Latin America. About 70% of the population in the region has never received formal financial education, and do not have the right tools to teach their children. In Brazil and Mexico alone, parents give more than $10B each year in pocket money to kids. Currently, parents must choose between giving their kids cash or handing over their own credit/debit cards. Mozper is a debit card and app where parents can give their kids an allowance, set spending rules (so they can't blow it all on video games), assign chores and even create and track savings goals. Mozper is currently available in Mexico.",https://www.mozper.com/,https://www.ycombinator.com/companies/mozper,"Mexico City, CDMX, Mexico; Remote",6,Fintech,Fintech -> Banking and Exchange,"Fintech, Banking and Exchange","Education, Fintech","Mexico, Latin America, Remote, Fully Remote",Early,False,False,False,"Mozper, mozper",https://bookface-images.s3.amazonaws.com/small_logos/216a6e07dede9ac5b1fc2ad27dd31d615b856d99.png,1596636271
22022,Memberstack,memberstack,Summer 2020,Active,Build a custom SaaS or membership site with Webflow or Wordpress,"3,000 companies have generate over 130 million dollars in recurring revenue. 

Companies like American Airlines, Slack, Entreprenuer.com, Webflow, and reddit use Memberstack to serve millions of members every single day.

No code if you need it, tons of APIs if you need those, and 100% design control so that you can build any frontend. ",https://www.memberstack.com,https://www.ycombinator.com/companies/memberstack,"Williamsburg, VA, USA; Remote",8,Fintech,Fintech -> Payments,"Fintech, Payments","Developer Tools, Fintech, SaaS","United States of America, America / Canada, Remote, Fully Remote",Early,False,False,False,Memberstack Inc.,https://bookface-images.s3.amazonaws.com/small_logos/3f928c1bbbe5bb0fb2a114872be6bf1ee17a9f0d.png,1598995864
22021,Mailwarm,mailwarm,Summer 2020,Active,Prevents your emails from landing in spam.,"Mailwarm is the email deliverability company. We help senders get into the inbox and stay there, through products, tools, and services built for both humans and AI agents.

✦ Mailwarm.com: The original email warmup tool. Build sender reputation automatically through real, positive inbox interactions across a large network of mailboxes, with built-in monitoring and deliverability insights.

✦ ThemailX.com: Instant deliverability diagnostics for AI agents and humans. Check all protocols SPF, DKIM, DMARC, Inbox placement and more via MCP, API, or web. Get specific fixes and actions, not just scores.

✦ Mailadept.com: Email deliverability on autopilot. A subscription-based, AI-native service where agents and deliverability experts collaborate to audit your setup, fix issues, and monitor inbox placement continuously.

Build reputation with Mailwarm, diagnose problems with themailX, fix and maintain with mailadept.
Doing email marketing or cold outreach? Book a call through mailadept.com, we'll show you which one fits.",https://www.mailwarm.com,https://www.ycombinator.com/companies/mailwarm,"Dubai, Dubai, United Arab Emirates",10,B2B,B2B -> Sales,"B2B, Sales","SaaS, B2B, Marketing, Email","United Arab Emirates, Middle East and North Africa, Remote, Partly Remote",Early,False,False,False,,https://bookface-images.s3.amazonaws.com/small_logos/28e9d8c1afc2f855ecd63f4a8547074fb4563efd.png,1599762606
22004,Notabene,notabene,Summer 2020,Active,The Notabene platform is the trust layer for global money movement.,"Notabene helps businesses perform crypto transactions in a regulatory compliant way. Think of us as the SWIFT network for Crypto.

New global regulations for crypto transactions are here and will be enforced over the next year. Businesses now have to follow strict rules similar to banks, or shut down. 

We provide a SaaS platform that allows businesses to perform due-diligence on their counter-parties and manage the risk of incoming and outgoing transactions.",https://notabene.id,https://www.ycombinator.com/companies/notabene,"New York City, NY, USA",47,B2B,B2B -> Security,"B2B, Security","Fintech, Crypto / Web3, Regtech","United States of America, America / Canada, Remote, Partly Remote",Growth,False,True,False,,https://bookface-images.s3.amazonaws.com/small_logos/2b0f2c4947976db4329789cc22f30a10206acb57.png,1597768786
22003,Decentro,decentro,Summer 2020,Active,API Platform for Banking Integrations (Plaid for India and APAC),"Almost every company that has to integrate with the legacy financial institutions, faces several challenges when it comes to the product cycle. Not only are the APIs and documentations less available, but they are also old school and ridden with errors and loopholes. 

On top of that, the lack of a single point of contact from the underlying institutions, makes the already long integration cycle of 5 months feel like a temple run between different departments. And since those services break and update over time, you can imagine the nightmare in terms of coordination between the tech teams. 

We are a full-stack platform where you can come, select your desired modules, play in the sandbox, and launch your product with the APIs and SDKs within a couple of weeks! Not only that, but we also take care of all upcoming fixes, iterations, and updates without breaking any flow.

It's that easy, as it should be. Welcome to the future.",https://decentro.tech,https://www.ycombinator.com/companies/decentro,"Bengaluru, KA, India; Delhi, DL, India; Singapore, Singapore",60,B2B,"B2B -> Engineering, Product and Design","B2B, Engineering, Product and Design","Banking as a Service, Fintech, API","India, Singapore, South Asia, Southeast Asia, Remote, Partly Remote",Early,False,False,False,,https://bookface-images.s3.amazonaws.com/small_logos/26546d4be80e83088bea9fc9e77f6aa3cd234174.png,1595174841
22002,BIK,bik,Summer 2020,Active,Agentic AI CRM for ecommerce,"A place where you can spin off commerce agents or build your automation across the funnel of acquisition, retention & support. 

The single place where you can handle everything you need for your ecommerce / retail business when it comes to marketing & support.",https://bik.ai/,https://www.ycombinator.com/companies/bik,"San Francisco, CA, USA; Remote",55,B2B,B2B -> Retail,"B2B, Retail","SaaS, B2B, E-commerce, AI, AI Assistant","United States of America, America / Canada, Remote, Fully Remote",Growth,False,True,False,Bikayi,https://bookface-images.s3.amazonaws.com/small_logos/1ebdc405c3ca51343a4618334a44bd440fb598ca.png,1599762606
21998,WareIQ,wareiq,Summer 2020,Active,Amazon-prime like logistics for eCommerce companies in India,"We are building an on-demand Fulfillment network and all software tools in a central platform which is required for an Etailer to manage their eCommerce Fulfillment operations.

Etailers connect all their stores to our platform and send us their inventory. Whenever an order is placed on any of the channels, our Decision Engine allocates order to the nearest Warehouse holding the inventory, and right courier partner to pick & deliver to the end customer.",https://www.wareiq.com/,https://www.ycombinator.com/companies/wareiq,"Bengaluru, KA, India",50,B2B,B2B -> Supply Chain and Logistics,"B2B, Supply Chain and Logistics","Warehouse Management Tech, B2B, Supply Chain","India, South Asia, Remote, Partly Remote",Early,False,False,False,,https://bookface-images.s3.amazonaws.com/small_logos/cd493d3173a7c398db40f624d4168ca0dc51665c.png,1598367138
21992,Nabla Bio,nabla-bio,Summer 2020,Active,We use AI to design antibodies for intractable diseases,"Our mission is to enable pharmaceutical and biotech companies to bring more antibody therapies to patients. Using AI and massively parallel experimentation, we design antibodies that precisely bind the disease target at the right location, while minimizing manufacturability and toxicity risks. We are a well-funded, revenue-generating, bilingual company of wet- and dry-lab scientists, and are founded by AI and protein design experts from Harvard University.",https://www.nabla.bio,https://www.ycombinator.com/companies/nabla-bio,"Boston, MA, USA",8,Healthcare,Healthcare -> Drug Discovery and Delivery,"Healthcare, Drug Discovery and Delivery",AI-powered Drug Discovery,"United States of America, America / Canada, Remote, Partly Remote",Growth,False,False,False,"Nabla Bio, Inc.",https://bookface-images.s3.amazonaws.com/small_logos/55ab768ede08ceeb6e36143084cba599849464d0.png,1630091714
21988,Balance,balance,Summer 2020,Active,"The first digital payment experience company, built for B2B.  ","Balance is the easiest way for B2B marketplaces, merchants, and service providers to process payments online. We raised our last funding round from Lightspeed, Stripe, and Max Levchin to build 'Stripe for B2B'. Balance offers the first business checkout, enabling business customers to pay How they want (check, card, bank) and When they want (net terms, payment plans, invoice payments). this is achieved while the seller receives the funds instantly and easily like card payment.",https://www.getbalance.com,https://www.ycombinator.com/companies/balance,"San Francisco, CA, USA",70,Fintech,Fintech -> Payments,"Fintech, Payments","Payments, B2B","United States of America, America / Canada, Remote, Partly Remote",Growth,False,False,False,,https://bookface-images.s3.amazonaws.com/small_logos/0f140790f5129a38a1edf2e297434c283bb0ca7c.png,1605004517
21986,Vitable Health,vitable-health,Summer 2020,Active,"Affordable care via ICHRA and primary care with visits, meds, labs…","If you're a YC company: Book Here! https://calendly.com/danielle-wimberly-vitablehealth/30min

We are a team of engineers, clinicians, and operators rethinking healthcare for startups and and SMB's. We make it simple for startups to offer ICHRA with built in direct primary care, including free virtual visits, over 1,000 prescriptions, and 40+ lab tests. Contributions are made with tax-free dollars, and we handle everything from onboarding to ongoing care so founders can stay focused on building.

We are backed by world class investors like First Round Capital, Cherryrock, Y Combinator, and SoftBank, along with incredible founders and operators including Michael Seibel (YC, Twitch), Immad Akhund (Mercury), Allison Pickens (Gainsight), Jack Altman (Lattice), Dan Folkman (GoPuff), and others.",https://vitablehealth.com,https://www.ycombinator.com/companies/vitable-health,"Philadelphia, PA, USA; Remote",60,Healthcare,Healthcare -> Healthcare Services,"Healthcare, Healthcare Services","Digital Health, Healthcare, Health Insurance, Health & Wellness","United States of America, America / Canada, Remote, Fully Remote",Growth,False,True,False,,https://bookface-images.s3.amazonaws.com/small_logos/6a49208a47123d840f5ecfa9005f670137f18e98.png,1596149463
21979,Statiq.,statiq,Summer 2020,Active,India's Largest EV charging network,"Statiq connects electric vehicle owners to EV chargers. EV owners can discover chargers near them, pre-book a slot and pay for the usage conveniently. Property owners can buy, share their chargers, manage them and earn by becoming charger hosts with Statiq. Our EV chargers can be found at shopping malls, workplaces, restaurants , hotels, residential spaces. ",https://statiq.in/,https://www.ycombinator.com/companies/statiq,"Gurugram, HR, India; Bengaluru, KA, India",200,Industrials,Industrials -> Energy,"Industrials, Energy","Marketplace, Climate, Electric Vehicles","India, South Asia, Remote, Partly Remote",Growth,False,False,False,"Statiq ( by Shatify Services Private Limited ), Statiq ( by Sharify Services Private Limited ), Statiq ( Sharify Services Private Limited )",https://bookface-images.s3.amazonaws.com/small_logos/826b10a93d1a290ef6eea0a5ea3d3e6fcc24af06.png,1596603047
21969,Nextera Robotics | DIDGE.ai,nextera-robotics-didgeai,Summer 2020,Active,AI-native Robotics,AI-native Robotics and Industrial Automation.,https://nexterarobotics.com,https://www.ycombinator.com/companies/nextera-robotics-didgeai,"Boston, MA, USA",20,Industrials,Industrials -> Manufacturing and Robotics,"Industrials, Manufacturing and Robotics","Autonomous Delivery, Deep Learning, Robotics, Construction, AI","United States of America, America / Canada",Early,False,False,False,"RCML, NeXtera Robotics, NextEra Robotics, Nextera Robotics",https://bookface-images.s3.amazonaws.com/small_logos/98038d3f6de4865c9f869822e2af32391f49256e.png,1599762606
21963,Justo,justo,Summer 2020,Active,Helps restaurants take online orders directly from customers,"At Justo, which means “fair” in Spanish, we aim to give restaurant owners access to technology that will help them increase their sales, at a more fair price. We provide restaurants their own online store, we teach them about advertising and marketing, and we automate the process for them. We also offer last-mile delivery service.

We are in Chile, Peru. Colombia, Mexico, Ecuador and Costa Rica

Our goal is to create a service that is profitable for restaurants, for Gigsters and for us.

",https://www.getjusto.com,https://www.ycombinator.com/companies/justo,"Providencia, Santiago Metropolitan Region, Chile",190,B2B,B2B -> Supply Chain and Logistics,"B2B, Supply Chain and Logistics","SaaS, Delivery, E-commerce","Chile, Latin America, Remote, Partly Remote",Growth,False,False,False,,https://bookface-images.s3.amazonaws.com/small_logos/5847edcb7774329ca5b4a674668fa1ea30b5529a.png,1594418075
21962,Hellometer,hellometer,Summer 2020,Active,Making fast food faster,"Hellometer helps fast food owners' grow same store sales using security cameras to improve customer wait times.

Speed of service is fast food's core value proposition (it’s literally in the name) and owners currently don't have a reliable way to measure it. We show them when and where they have slowdowns and for every 7s they improve service times, owners see 1% increase in revenue. ",https://hellometer.io/,https://www.ycombinator.com/companies/hellometer,"Los Angeles, CA, USA",2,B2B,B2B -> Retail,"B2B, Retail","SaaS, Computer Vision, B2B","United States of America, America / Canada, Remote, Partly Remote",Early,False,True,False,,https://bookface-images.s3.amazonaws.com/small_logos/a6ce1063846053edd4d35f8feec4badb3dc82dd8.png,1598120897
21959,Stacker,stacker,Summer 2020,Active,Turns spreadsheets into internal apps and customer portals,"We let you create applications for your team, your partners or your customers, powered by the data you're already using.

Connect in your spreadsheets, Airtable or database and we'll automatically create an app for you.",https://stackerhq.com,https://www.ycombinator.com/companies/stacker,"London, England, United Kingdom; Remote",4,B2B,B2B -> Productivity,"B2B, Productivity","SaaS, B2B, No-code","United Kingdom, Europe, Remote, Fully Remote",Growth,False,False,False,,https://bookface-images.s3.amazonaws.com/small_logos/4e37b25c0bb47800e59cbc839ab08b51d99ad699.png,1598100007
21958,Tappity,tappity,Summer 2020,Active,World's largest library of interactive lessons for kids,Tappity is building the world’s largest library of interactive lessons for kids—starting with science! Find every science topic kids love in one place taught by the world's most entertaining instructors.,https://www.tappityapp.com,https://www.ycombinator.com/companies/tappity,"San Francisco, CA, USA; Palo Alto, CA, USA",4,Consumer,Consumer -> Content,"Consumer, Content","Education, Entertainment, Kids","United States of America, America / Canada, Remote, Partly Remote",Early,False,False,False,,https://bookface-images.s3.amazonaws.com/small_logos/56087118f249a4a475eec5e09732808f2abcf86d.png,1599762606
21950,Yotta,yotta,Summer 2020,Active,Save money and win prizes up to $10m through weekly number draws.,"Users save money, get over 2x the national average in interest and weekly chances to win additional prizes up to $10 million through weekly random number drawings. ",https://www.withyotta.com,https://www.ycombinator.com/companies/yotta,"New York City, NY, USA; New York, NY, USA",8,Fintech,Fintech -> Consumer Finance,"Fintech, Consumer Finance",Neobank,"United States of America, America / Canada, Remote, Partly Remote",Growth,False,False,False,"Yotta Saving, Yotta Savings",https://bookface-images.s3.amazonaws.com/small_logos/7f0e63b701c1b644240ae4f4412abf09d9554a71.png,1594398532
21949,Mesh,mesh,Summer 2020,Active,Performance management platform that fits the way you work,"Mesh is a performance management platform that makes it easy for employees to accomplish goals and get timely feedback, especially in remote teams. It looks like Facebook, and instead of filling boring HR forms, employees like & comment on each other’s progress.",https://mesh.ai/,https://www.ycombinator.com/companies/mesh,"San Francisco, CA, USA; San Jose, CA, USA; Remote",50,B2B,B2B -> Human Resources,"B2B, Human Resources","SaaS, B2B","United States of America, America / Canada, Remote, Fully Remote",Early,False,False,False,,https://bookface-images.s3.amazonaws.com/small_logos/cf76de4e9247f1df01330ed971ece0949a9f6c87.png,1597929662
21947,Daybreak Health,daybreak-health,Summer 2020,Active,The first digital mental health system for youth,"Daybreak offers comprehensive and clinically-validated online mental health services designed for youth, like teletherapy, psychiatry and digital education.  We partner with schools and pediatric groups to make access to services easy, and strive to deliver zero cost to the end consumer through insurance and government funding.",https://www.daybreakhealth.com/,https://www.ycombinator.com/companies/daybreak-health,"San Francisco, CA, USA; Remote",20,Healthcare,Healthcare -> Consumer Health and Wellness,"Healthcare, Consumer Health and Wellness","Mental Health Tech, Consumer Health Services, Digital Health","United States of America, America / Canada, Remote, Fully Remote",Growth,False,False,False,Elemental Health,https://bookface-images.s3.amazonaws.com/small_logos/d0aafc5dda797f3b2ce65772848fd0a930dfb79d.png,1596154822
21930,Osmind,osmind,Summer 2020,Active,Platform for breakthrough mental health research and treatment,"Osmind is the premier platform for clinicians and researchers advancing new life-saving mental health treatments. Today, mental health disorders are one of the leading causes of death worldwide, especially among young adults, and are tied to shortening lifespans. While there have been developments in new psychiatric medications since the first FDA approval in 1954, today there is a growing movement among clinicians, patients, and researchers who are recognizing the need to accelerate new science.

The Osmind treatment platform is the first and only solution that solves specific challenges faced by neuropsychiatric clinics, spanning general psychiatry and interventional psychiatry (transcranial magnetic stimulation, ketamine, SPRAVATO®, psychedelic medicine, electroconvulsive therapy). The core electronic health record (EHR) technology is precisely developed for interventional treatment workflows and designed to support a strong therapeutic alliance, including journaling tools and assistance with health plan reimbursement, which is a significant access hurdle for millions of patients.

Research from our platform is already helping to set new standards for mental health interventions. For example, in the largest published real-world analysis of ketamine infusion therapy for depression, we teamed up with Stanford University School of Medicine to share findings in the Journal of Affective Disorders (March 2022). We have multiple ongoing research studies leveraging our proprietary real-world data, including an even larger ketamine analysis leveraging machine learning to predict treatment outcomes.

Osmind is a San Francisco–based public benefit corporation led by scientists, technologists, and psychiatrists. We are backed by top investors including DFJ Growth, General Catalyst, Future Ventures, Tiger Global, and Y Combinator.",https://osmind.org/,https://www.ycombinator.com/companies/osmind,"San Francisco, CA, USA",55,Healthcare,Healthcare -> Healthcare IT,"Healthcare, Healthcare IT","Mental Health Tech, SaaS, Health Tech","United States of America, America / Canada, Remote, Partly Remote",Early,False,False,False,,https://bookface-images.s3.amazonaws.com/small_logos/b4f3d459b478dce62a166d067de40d57ce74e9b0.png,1598142007
21916,MarketForce,marketforce,Summer 2020,Active,The SuperApp for neighbourhood merchants in Africa. ,"MarketForce empowers neighbourhood merchants in Africa to source, order and pay for inventory digitally and conveniently, access a banking wallet with credit facilities, collect digital payments and earn extra income by offering agency baking services and reselling digital financial services such as airtime, electricity tokens and bill payments in their communities. 

Incorporated in 2019, MarketForce is a fast-growing company running an asset-light business model and is currently operational in 5 markets in Sub-Saharan Africa, with over 200,000 merchants and 180 consumer brands trading on the platform.",https://marketforce.io,https://www.ycombinator.com/companies/marketforce,"Nairobi, Nairobi County, Kenya",400,B2B,B2B -> Retail,"B2B, Retail","Fintech, Marketplace, B2B","Kenya, Africa, Remote, Partly Remote",Early,False,False,False,"MarketForce360, MarketForce 360",https://bookface-images.s3.amazonaws.com/small_logos/47474d142b3a5ac7409ff5112dba8ad5d041cf6d.png,1596040819
21915,Atomic,atomic,Summer 2020,Active,API that lets companies embed investment accounts into their services,With our API any company that holds consumer deposits (e.g. savings apps) can easily embed professionally managed investment accounts into their services.,https://www.atomicvest.com/,https://www.ycombinator.com/companies/atomic,"San Francisco, CA, USA; Remote",25,B2B,B2B -> Retail,"B2B, Retail","Artificial Intelligence, Fintech","United States of America, America / Canada, Remote, Fully Remote",Early,False,True,False,Flux,https://bookface-images.s3.amazonaws.com/small_logos/1bc20422fbdc3ca0c042b7c1e1ec6ecdab198bf2.png,1597788333
21914,Bits,bits,Summer 2020,Active,Bits is a credit card designed to help people build credit,,https://www.getbits.app,https://www.ycombinator.com/companies/bits,"London, England, United Kingdom",15,Fintech,Fintech -> Consumer Finance,"Fintech, Consumer Finance",Fintech,"United Kingdom, Europe, Remote, Partly Remote",Growth,False,False,False,,https://bookface-images.s3.amazonaws.com/small_logos/a9bf92f9b0437d70db620043c549128e728377e7.png,1595278564
21909,Seal,seal-2,Summer 2020,Active,All-in-one workspace for companies making regulated products,,https://seal.run,https://www.ycombinator.com/companies/seal-2,"London, England, United Kingdom",22,B2B,B2B -> Operations,"B2B, Operations",Documents,"United Kingdom, Europe, Remote, Partly Remote",Early,False,True,False,Opvia,https://bookface-images.s3.amazonaws.com/small_logos/8bb08436aeee92ef8478b4bedf63a49a577a9260.png,1598261386
21903,doola,doola,Summer 2020,Active,Business-in-a-Box™ for LLCs,"doola is a “Business-in-a-Box” for creators. We take care of everything creators need to form an LLC, set up their bank account, accept payments, and manage ongoing compliance and tax filings. We realized how difficult it was to set up the full stack of software and accounts you need to get a business off the ground. This is the same problem faced by online businesses, who begin their business as a side hustle, and just want to focus on growing their business, not annoying administrative work. That’s why we built doola: to take care of it all. Today, people on every continent have launched companies with doola. (HQ: New York)",https://www.doola.com/,https://www.ycombinator.com/companies/doola,"New York City, NY, USA; New York, NY, USA",43,B2B,B2B -> Productivity,"B2B, Productivity","Fintech, SaaS","United States of America, America / Canada, Remote, Partly Remote",Early,False,True,False,"Standups, StartPack, doola (formerly StartPack)",https://bookface-images.s3.amazonaws.com/small_logos/ef8a47a4ac0a3c3a1af8da2743a4bee6aa5bb8fb.png,1614820150
21902,Blissway,blissway,Summer 2020,Active,The tolling industry’s prime tech infrastructure,,https://www.blissway.com/,https://www.ycombinator.com/companies/blissway,"Denver, CO, USA",22,Government,Government,Government,"Hardware, Machine Learning, SaaS, IoT, Transportation","United States of America, America / Canada, Remote, Partly Remote",Early,False,True,False,"Blissway, BLISSWAY",https://bookface-images.s3.amazonaws.com/small_logos/41fb64af0fedc089c69c9af82b6619dfece6ffd3.png,1597711066
21898,Cradle,cradle,Summer 2020,Active,B2B payments network in India,Cradle is a B2B payments network in India that lets small businesses collect online payments from other businesses for free.,https://www.cradlefinance.com,https://www.ycombinator.com/companies/cradle,"Bengaluru, KA, India",2,B2B,B2B -> Retail,"B2B, Retail",Fintech,"India, South Asia",Early,False,False,False,PostDated,https://bookface-images.s3.amazonaws.com/small_logos/e6b0060a03ac1e3bb4ad8eaf0536ff8caacd95d4.png,1599762606
21897,Arist,arist,Summer 2020,Active,Deliver effective learning at scale ,"Arist is the only message-based learning platform. 

We help over 10% Fortune 500 companies and governments rapidly teach and train employees, entirely via messaging tools like SMS, Slack, WhatsApp and Microsoft Teams.",https://www.arist.co,https://www.ycombinator.com/companies/arist,"New York City, NY, USA; Remote",23,B2B,B2B,B2B,"Education, eLearning","United States of America, America / Canada, Remote, Fully Remote",Early,False,False,False,,https://bookface-images.s3.amazonaws.com/small_logos/f43a2bc736726658aa01f7d31a95c21a6c0acefd.png,1598251213
21885,Swif.ai,swif-ai,Summer 2020,Active,Manage every device. Govern every AI agent.,"Swif.ai is the Unified Agent & Endpoint Management (UAEM)

Manage every device. Govern every AI agent.

One control plane for device management, AI-agent governance, continuous enforcement, and autonomous remediation.",https://www.swif.ai,https://www.ycombinator.com/companies/swif-ai,"San Francisco, CA, USA",20,B2B,B2B -> Security,"B2B, Security","SaaS, B2B, Compliance, Security, Enterprise","United States of America, America / Canada, Remote, Partly Remote",Early,False,True,False,"BlaBla EdTech, BlaBla Live, Swifteam, Inc., Swifteam, Swif",https://bookface-images.s3.amazonaws.com/small_logos/3f00f6931229f64701cd737b9839f92f72e20005.png,1597360094
21883,Speedscale,speedscale,Summer 2020,Active,Accelerate development by simulating production conditions with real…,"Speedscale helps engineers validate their code with real, sanitized traffic. We simulate realistic production conditions in Kubernetes so you no longer need to manually script or use large and complex environments. Catch performance defects before they reach production and reduce weeks-long test cycles down to a few days.",https://speedscale.com,https://www.ycombinator.com/companies/speedscale,"Atlanta, GA, USA",8,B2B,B2B -> Infrastructure,"B2B, Infrastructure","Developer Tools, DevSecOps, Kubernetes","United States of America, America / Canada, Remote, Partly Remote",Early,False,False,False,,https://bookface-images.s3.amazonaws.com/small_logos/40d5aa656f3eeb2e41246071bedc530116c5eea8.png,1599762607
21882,CoreCare,corecare,Summer 2020,Active,Helping healthcare providers reduce administrative costs using AI,"CoreCare is the leading AI-powered workflow platform helping Post-Acute and Long-Term Care (PALTC) providers achieve operational excellence. Trusted by 1,000+ locations nationwide, CoreCare increases admissions, optimizes reimbursement rates, improves collection metrics, and reduces administrative burdens—all on one intuitive platform.

At the heart of CoreCare is Collaborative Revenue Management, which unites essential data and teams on a shared platform. Our approach empowers employees—regardless of skill or tenure—to perform like experts from day one, collaborate with their peers on critical work, and give management unmatched visibility into performance across the organization.

CoreCare replaces error-prone spreadsheets and fragmented portals with streamlined workflows that drive measurable results. Trusted by leading providers, CoreCare redefines how teams work and sets a new standard for AI in long-term care.",https://corecare.ai,https://www.ycombinator.com/companies/corecare,"New York City, NY, USA",11,Healthcare,Healthcare -> Healthcare IT,"Healthcare, Healthcare IT","B2B, Workflow Automation, Enterprise Software, Healthcare IT, AI","United States of America, America / Canada, Remote, Partly Remote",Early,False,False,False,,https://bookface-images.s3.amazonaws.com/small_logos/672d1183e4066fae6c6f5104b7e94e1357a68a17.png,1599762607
21881,Kernal Biologics,kernal-biologics,Summer 2020,Active,Kernal is creating mRNA 2.0 therapies that work in specific cells,"Kernal Bio is a biotech company pioneering mRNA 2.0 immunotherapies. We leverage selective mRNA-LNP technology to treat cancer and autoimmune diseases with precision, ensuring targeted cell delivery and minimal off-target effects. Our KR-402 program achieves over 90% delivery efficiency with T-cell-targeted LNPs, enabling direct CAR-T programming within the body and resulting in B-cell depletion within a week.
 
Kernal Bio is led by a team with experience from MIT, Harvard, Merck, and BMS, boasting three FDA-approved therapies and over 120 patents. Based in Cambridge, MA, we are backed by Hummingbird Ventures, Amgen Ventures, HBM, and even NASA.

With roots at MIT, Harvard and Biopharma, Kernal’s management team has deep expertise in mRNA therapeutics space. CEO Yusuf Erkul, M.D., M.B.A. is a successful drug hunter whose research at Merck enabled an FDA-approved drug for ovarian cancer. President Burak Yilmaz, M.S., previously founded Sentegen, a thriving synthetic biology company which commercializes synthetic DNA, RNA, and diagnostic kits for genetic and infectious diseases. Sr. VP of R&D Manfred Kraus is a leader in immuno-oncology, who was most recently Scientific Sr. Director at Bristol-Myers Squibb (BMS). ",https://www.kernalbio.com/,https://www.ycombinator.com/companies/kernal-biologics,"Boston, MA, USA",20,Healthcare,Healthcare -> Therapeutics,"Healthcare, Therapeutics","Artificial Intelligence, Biotech, Genomics","United States of America, America / Canada",Early,False,False,False,,https://bookface-images.s3.amazonaws.com/small_logos/1534fd5c3c1e4705596c793a4a59a28da388bacf.png,1599762607
21864,Farmako Healthcare,farmako-healthcare,Summer 2020,Active,India's fastest medicine delivery in just 30 minutes,"We are India's fastest medicine delivery service. We deliver medicines in just 30 minutes. We have built highly optimized pharmacy stores and a set of internal tools designed to process prescriptions quickly.

We also provide easy-to-integrate APIs and SDK for anyone to start a virtual pharmacy without needing a license, pharmacy, or delivery fleet. Any doctor, teleconsultation app, or EMR provider can start delivering medicines to their patients on WhatsApp or App using our service in the background. We have more than 80 B2B partners, including India's top teleconsultation apps, EMR providers, hospitals, elderly care apps, and insurance providers.

We operate 24/7 in Gurgaon, New Delhi, and Moradabad and deliver over 15,000 orders monthly. So far, we have processed more than 250K orders and done thousands of life-saving deliveries.

We started in 2020 with the vision to build a centralized health record system for India. We had an AI-powered EMR app for doctors and a SaaS for diagnostic labs to add patients' medical records to Farmako Health ID. We have more than 3M health records added on Farmako. In 2022, the Indian government launched ABHA Health ID and we became one of the first official partners with them. In 2023, we launched quick medicine delivery and decided to move forward with ABHA Health ID for medical records.

Now, we are building a safe health assistant inside our medicine delivery app, which will be connected to your Health ID and all your past medical records. Our goal is to make it a super-safe and accurate health assistant for the world, which can eliminate your doctor in the long run for all primary care issues.",https://farmako.ai,https://www.ycombinator.com/companies/farmako-healthcare,"Gurugram, HR, India",40,Healthcare,Healthcare -> Healthcare IT,"Healthcare, Healthcare IT","Health Tech, Delivery, Digital Health, Healthcare","India, South Asia",Early,False,False,False,,https://bookface-images.s3.amazonaws.com/small_logos/7b367d28549e4be7a52f8235ec629bfb6869fc48.png,1596767283
21863,BukuWarung,bukuwarung,Summer 2020,Active,"Accounting, Payments & Credit app for 60M micro-businesses in…","BukuWarung is SEA's fastest growing startup and we are building digital infrastructure for 60 million MSMEs in Indonesia. BukuWarung's vision is to empower 60 million MSMEs in Indonesia to become financially aware and enable them to manage and grow their business using our technology platform, starting with bookkeeping, online storefront and payments.

BukuWarung has raised $80M from top tier VCs globally: Peter Thiel's Valar Ventures, Goodwater Capital, Y-Combinator, Rocketship.vc, AC Ventures, Quona Capital, East Ventures, Golden Gate Ventures, SoftBank Partners, DST Global Partners, and strategic angel investors from Stripe, PayPal, Plaid, Grab, Gojek, Facebook, AirBnB, Fast, Mastercard. ",http://bukuwarung.com/app,https://www.ycombinator.com/companies/bukuwarung,"Jakarta, Jakarta, Indonesia",250,Fintech,Fintech -> Payments,"Fintech, Payments","Fintech, SaaS","Indonesia, Southeast Asia, Remote, Partly Remote",Early,False,False,False,,https://bookface-images.s3.amazonaws.com/small_logos/ea907a1b87549241f7b6d528f2704f3c3341d802.png,1593714558
21860,Synapticure,synapticure,Summer 2020,Active,We deliver personalized medicine for neurodegenerative  patients,"Personalized virtual clinical care is finally here for neurodegenerative diseases like Alzheimer's and related Dementias (Cognitive), Parkinson's and Huntington's (Movement), and ALS (Motor neuron).

We provide a novel approach to care in these diseases, centering a patient and caregiver around a coordinator who quarterbacks patients through our full Multi-Disciplinary Care Resources to local aid, PT/OT and home health support. When you leave our clinic, it's not with a handful of paper referrals, but with our coordinators helping you book and find the best physicians, DME, trials, and even cheapest prescriptions. We are devoted to helping patients, from guidance on care and insurance to providing the full spectrum of investigational and clinical testing to improve outcomes. 

Synapticure was built by leading patient and caregiver advocates alongside leading  clinicians, biotech executives and telemedicine executives to bring the neurodegenerative disease care and treatment experience into the 21st century, and is backed by the leading Venture funds and investors in the remote health and life sciences space.",http://www.synapticure.com,https://www.ycombinator.com/companies/synapticure,"Chicago, IL, USA; Remote",115,Healthcare,Healthcare -> Healthcare Services,"Healthcare, Healthcare Services","Health Tech, Telehealth, Digital Health, Healthcare, Mental Health","United States of America, America / Canada, Remote, Fully Remote",Early,False,False,False,"SynaptiCure Inc., SynaptiCure",https://bookface-images.s3.amazonaws.com/small_logos/723a180116227882e144a10e0844486b6a17d2af.png,1643743580
21857,Hypotenuse AI,hypotenuse-ai,Summer 2020,Active,AI-native Operating System for Enterprise Ecommerce Companies,"Hypotenuse AI is an AI-native platform for managing, creating and optimizing your ecommerce product data and content. Fortune 500 ecommerce brands use us to enrich their product data, edit images, and create high-quality product copy at scale to make their teams 10x faster.",https://hypotenuse.ai/,https://www.ycombinator.com/companies/hypotenuse-ai,"San Francisco, CA, USA",15,B2B,B2B,B2B,"Generative AI, Machine Learning, E-commerce, AI","United States of America, America / Canada, Remote, Partly Remote",Early,False,True,False,Hypotenuse,https://bookface-images.s3.amazonaws.com/small_logos/2e709f345af0105b77cf1718bbd11559604606b2.png,1597658049
21847,PowerUs,powerus,Summer 2020,Active,LinkedIn for skilled blue-collar workers ,"PowerUs helps skilled blue-collar workers like electricians and mechanics to find better full-time jobs. With only 10 minutes of effort, our users get job offers that pay them up to 50% more than they are making today. ",https://www.powerus.de,https://www.ycombinator.com/companies/powerus,"Berlin, Berlin, Germany",80,Consumer,Consumer -> Job and Career Services,"Consumer, Job and Career Services","B2B, Recruiting","Germany, Europe, Remote, Partly Remote",Growth,False,False,False,Electry,https://bookface-images.s3.amazonaws.com/small_logos/27b246badf81fb12c6770a17d0102a711796dc8f.png,1597784803
21831,Pave,pave-2,Summer 2020,Active,"Plan, communicate, and benchmark your compensation in real-time.","Pave allows you to make smarter comp decisions and eliminate spreadsheets, powered by real-time integrations with your HRIS, ATS, and Cap Table. ",https://pave.com,https://www.ycombinator.com/companies/pave-2,"San Francisco, CA, USA",170,B2B,B2B -> Recruiting and Talent,"B2B, Recruiting and Talent","Fintech, HR Tech","United States of America, America / Canada, Remote, Partly Remote",Growth,False,True,False,Trove,https://bookface-images.s3.amazonaws.com/small_logos/fdcc45ccdba96fa8fd67be9d0190f3048b60c333.png,1606991265
21829,Novel,jumpstart,Summer 2020,Active,Novel is your international business bank account,"With Novel, international founders can get a U.S. business bank account, multi-currency wallets, global transfers in 140+ currencies, and more all in a single place. 
",https://www.trynovel.com/,https://www.ycombinator.com/companies/jumpstart,"Minneapolis, MN, USA; New York, NY, USA; Austin, TX, USA; Remote",15,Fintech,Fintech -> Banking and Exchange,"Fintech, Banking and Exchange","Fintech, SaaS","United States of America, America / Canada, Remote, Fully Remote",Early,False,False,False,Jumpstart Filings Inc.,https://bookface-images.s3.amazonaws.com/small_logos/c851bd7c26fafce073db6865bf85bf27c6de76f7.png,1599510791
21828,Explorex,explorex,Summer 2020,Active,Ecosystem Platform for Restaurants in India,"Explorex — The Memory Layer for Physical Commerce

~90% of Indian retail happens in person, yet offline venues have no memory of their customers. Restaurants run on disconnected tools, and every visit ends with zero data captured. Explorex fixes this by owning both sides of the dining transaction.

At the center is Elite, our consumer app that is redefining how people dine out. Diners see live table availability, browse dynamic menus, order, and self-checkout instantly — no waiting, no interruptions. Behind it sits our infrastructure stack: Bridge OS (the full-stack restaurant operating system), Clyro (WhatsApp-native CRM), and ReserveX — all feeding a single behavioral data layer.

That data layer is what makes Explorex fundamentally different. Delivery platforms only see orders. We capture real-world, in-venue behavior — what people order, how long they stay, how groups behave, how menus perform, how experiences shape spending. Because we operate the restaurant OS and the consumer touchpoint, this data is irreplicable.

We're now building Elara, an AI dining concierge that turns this data into real-time decision-making — factoring intent, context, availability, and historical behavior. This moves us beyond discovery into becoming the intelligence layer for offline commerce.

Today, Explorex powers 250+ partner restaurants and 3M+ diners across Bangalore and Hyderabad, processing 8M+ transactions annually (18M+ lifetime), and operates at breakeven.

Explorex is not a SaaS tool — it is the infrastructure layer for offline dining, with AI and consumer experience at its core. Think Shopify for restaurants, on its way to becoming the UPI of restaurant operations.",https://explorex.co,https://www.ycombinator.com/companies/explorex,"Bengaluru, KA, India",25,Consumer,Consumer,Consumer,"Marketplace, Consumer","India, South Asia, Remote, Partly Remote",Early,False,True,False,"Eatable, Explorex (Formerly Eatable)",https://bookface-images.s3.amazonaws.com/small_logos/b038a5e905f1f6cf97ad14baa85b93658ffe2791.png,1597688833
21817,Volopay,volopay,Summer 2020,Active,Brex for South East Asia - Corporate cards & automated payments.,"Volopay is a modern spend management platform that saves companies time and money by giving visibility & control to every aspect of business spending. With Volopay, finance and accounting teams can control expense requests and approvals, make bill payments (domestic/cross-border), manage company cards, and reconcile all accounting on one platform.

Volopay completely eliminates the need for expense reports and reimbursements while giving everyone in the company a card to use. We worked in an offshore dev centre in the past and it took 2 months to get our reimbursements and 4 weeks to make any purchase as there was just one corporate card for the entire company and clunky bill payments solutions offered by the banks. 

Among our customers are Reddoorz (OYO of South East Asia), Dathena (biggest data security co in Singapore) and Beam (APAC’s leading micro-mobility player). ",https://www.volopay.com/,https://www.ycombinator.com/companies/volopay,"Bengaluru, KA, India; Singapore, Singapore; Remote",11,Fintech,Fintech -> Payments,"Fintech, Payments","Fintech, SaaS, B2B","India, Singapore, South Asia, Southeast Asia, Remote, Fully Remote",Early,False,False,False,,https://bookface-images.s3.amazonaws.com/small_logos/a2969762f324adcf3509c5854bebc199ecc587cb.png,1596167541
21816,VenoStent,venostent,Summer 2020,Active,Absorbable wrap for blood vessels,"There are 10 million dialysis and bypass surgeries per year, but half of them fail. VenoStent saves lives with a wrap that goes around blood vessels during surgery so they don't fail.",https://www.venostent.com,https://www.ycombinator.com/companies/venostent,"Houston, TX, USA",17,Healthcare,Healthcare -> Medical Devices,"Healthcare, Medical Devices","Medical Devices, 3D Printing","United States of America, America / Canada",Growth,False,False,False,,https://bookface-images.s3.amazonaws.com/small_logos/85c511b5b08466c9718931c1aafcb26b7bd9181b.png,1593442656
21812,Safepay,safepay,Summer 2020,Active,Digital payments for businesses in Pakistan,Safepay provides a single integrated payments solution that interoperates with local and international payment options. Our current focus is to serve businesses and individuals in Pakistan and neighboring economies.,https://getsafepay.pk/,https://www.ycombinator.com/companies/safepay,"San Francisco, CA, USA; Remote",4,Fintech,Fintech -> Payments,"Fintech, Payments","Developer Tools, Fintech","United States of America, America / Canada, Remote, Fully Remote",Early,False,True,False,,https://bookface-images.s3.amazonaws.com/small_logos/269b53629324d449da5b34f295bfa9befb9eed72.png,1597600667
21800,Seam,seam,Summer 2020,Active,API for IoT Devices,"Seam lets developers connect and control 3rd-party connected devices like door locks, thermostats, and more.
",https://seam.co,https://www.ycombinator.com/companies/seam,"San Francisco, CA, USA",25,B2B,"B2B -> Engineering, Product and Design","B2B, Engineering, Product and Design","Developer Tools, IoT, API","United States of America, America / Canada, Remote, Partly Remote",Growth,False,True,False,Weaver,https://bookface-images.s3.amazonaws.com/small_logos/dbd6b903d554c68c4aa51a62e4ba89b6e7fdd13c.png,1599762607
21799,Conta Simples,conta-simples,Summer 2020,Active,All-in-one financial platform for latam Startups and SMBs.,"Conta Simples is an all-in-one financial platform that combines checking account, expense management software and corporate cards, for Latam companies.",https://contasimples.com/,https://www.ycombinator.com/companies/conta-simples,"São Paulo, SP, Brazil",130,Fintech,Fintech -> Banking and Exchange,"Fintech, Banking and Exchange","Fintech, Latin America, SMB","Brazil, Latin America",Growth,False,True,False,,https://bookface-images.s3.amazonaws.com/small_logos/6085af4dbeb495b010f5155af46a7b2ce349d998.png,1596029492
21795,QuestDB,questdb,Summer 2020,Active,High-performance time series database,"QuestDB is a high-performance open source database for the most demanding workloads. Native support for Parquet, Iceberg and SQL keeps your data portable, AI-ready, without vendor lock-in.

QuestDB is designed from the ground up to operate as close to the hardware as possible - eliminating ingestion bottlenecks and lowering overall hardware requirements.

QuestDB powers mission-critical infrastructure for companies in Capital Markets, Crypto, Space Exploration, Energy and Robotics/Physical AI.",https://questdb.com/,https://www.ycombinator.com/companies/questdb,"London, England, United Kingdom",30,B2B,B2B -> Infrastructure,"B2B, Infrastructure","Developer Tools, Analytics, Open Source, Time Series","United Kingdom, Europe, Remote, Partly Remote",Early,False,False,False,QuestDB Limited,https://bookface-images.s3.amazonaws.com/small_logos/3aef5c655cdc851ccad387554c204466a87669e7.png,1593714682
21792,RingMD,ringmd,Summer 2020,Active,We work with governments to implement telemedicine programs.  ,We partner with healthcare groups and governments to implement enterprise telemedicine as a service.  ,https://www.ring.md,https://www.ycombinator.com/companies/ringmd,"Charleston, SC, USA",32,Government,Government,Government,"Telehealth, Telemedicine","United States of America, America / Canada, Remote, Partly Remote",Growth,False,False,False,,https://bookface-images.s3.amazonaws.com/small_logos/ac5b54658f5442de91f1200c526663ccf9721ace.png,1599762607
21791,AtoB,atob,Summer 2020,Active,Modernizing global transportation payments.,"The trucking and logistics industry provides the backbone of the economy, but the payments infrastructure on which it runs is broken; the existing suite of payment tools is outdated, difficult to use, prone to fraud, and saddled with hidden fee structures. 

AtoB is building Stripe for Transportation — modernizing the payments infrastructure for trucking and logistics, where capital movement occurs quickly and transparently. Our flagship product is the AtoB Fuel Card, a zero-fee fuel card accepted anywhere built for fleets of all shapes and sizes.",https://atob.com/,https://www.ycombinator.com/companies/atob,"San Francisco, CA, USA",75,Fintech,Fintech,Fintech,"Fintech, SaaS, Payments, Supply Chain, Transportation","United States of America, America / Canada, Remote, Partly Remote",Growth,False,True,False,,https://bookface-images.s3.amazonaws.com/small_logos/12375b2a52ee867d95939da19768e87ca0b830e2.png,1602605067
21790,Dripos,dripos,Summer 2020,Active,The only piece of software a coffee shop needs to operate.,"Dripos is the only piece of software a coffee shop needs to run their business. We offer point of sale, employee scheduling, mobile ordering, and more to the 100,000 cafes in the United States.",https://dripos.com,https://www.ycombinator.com/companies/dripos,"New York City, NY, USA",35,Fintech,Fintech -> Payments,"Fintech, Payments","Fintech, SaaS","United States of America, America / Canada, Remote, Partly Remote",Early,False,False,False,Drip,https://bookface-images.s3.amazonaws.com/small_logos/f0fd578735825717b2afbf0834e1df6184ba35be.png,1596049185
21788,"Zitara Technologies, Inc.",zitara-technologies-inc,Summer 2020,Active,Predictive battery management software for electrified fleets,"Batteries have a big role to play in tackling the climate crisis, and it’s essential to make sure that they’re safe and reliable to operate.

At Zitara, we build cutting-edge software solutions that empower companies to deeply understand their batteries, both in design and deployment. It’s all part of our work to enable a renewable energy revolution, powered by safer batteries, at a lower cost, with less waste.",https://zitara.com,https://www.ycombinator.com/companies/zitara-technologies-inc,"San Francisco, CA, USA",33,Industrials,Industrials -> Energy,"Industrials, Energy","Climate, Electric Vehicles","United States of America, America / Canada, Remote, Partly Remote",Growth,False,False,False,,https://bookface-images.s3.amazonaws.com/small_logos/8705f34089ca7162f6ec3c2a67b6c69a4de6adad.png,1645222968
21784,Blue Onion,blue-onion,Summer 2020,Active,Financial data layer for AI-powered finance and accounting,"Blue Onion is the data backbone for tomorrow’s AI-powered finance teams — a subledger platform that transforms messy, scattered transactions into clean, reconciled, and automation-ready data. ",https://www.blueonion.ai/,https://www.ycombinator.com/companies/blue-onion,"New York City, NY, USA",27,B2B,B2B -> Finance and Accounting,"B2B, Finance and Accounting","Artificial Intelligence, Machine Learning, Finance","United States of America, America / Canada, Remote, Partly Remote",Growth,False,True,False,"Finance Weaver, Blue Onion Labs",https://bookface-images.s3.amazonaws.com/small_logos/ade6715edaa57cf94e8649919bf33b3022c27458.png,1597935729
21782,Lightdash,hubble,Summer 2020,Active,The open source Looker alternative ,Lightdash is an open-source Looker alternative. It's built on top of dbt and lets users centralise all their team's business logic in one place. ,http://lightdash.com/,https://www.ycombinator.com/companies/hubble,"London, England, United Kingdom; Remote",23,B2B,B2B -> Analytics,"B2B, Analytics","Developer Tools, B2B, Analytics, Open Source, Data Visualization","United Kingdom, Europe, Remote, Fully Remote",Growth,False,True,False,Hubble,https://bookface-images.s3.amazonaws.com/small_logos/a88272bf08bd6e30982b7eb442db6a1219b3b388.png,1599762606
21781,Datafold,datafold,Summer 2020,Active,Automating manual and repetitive data engineering tasks with AI,"Datafold automates manual work in data engineering. 

We leverage agentic AI to automate both day-to-day tasks, such as testing and code reviews, and massive one-off projects, such as data platform code migrations. Companies from Perplexity to Disney use Datafold to unlock more value from their data by freeing up their data teams from manual work, accelerating developer velocity, and ensuring data quality.",https://datafold.com,https://www.ycombinator.com/companies/datafold,"New York City, NY, USA; Remote",30,B2B,B2B -> Analytics,"B2B, Analytics","SaaS, Analytics, Data Engineering, AI","United States of America, America / Canada, Remote, Fully Remote",Growth,False,True,False,"Datafold, datafold",https://bookface-images.s3.amazonaws.com/small_logos/196898f11a9311436ed24d99e2972511f8433f5d.png,1599762606
21777,Depict,depict,Summer 2020,Active,GPT Search & Merchandising for fashion e-commerce,,https://depict.ai/,https://www.ycombinator.com/companies/depict,"Stockholm, Stockholm County, Sweden",32,B2B,B2B -> Marketing,"B2B, Marketing","Personalization, E-commerce, Fashion","Sweden, Europe, Remote, Partly Remote",Growth,False,False,False,Depict.ai,https://bookface-images.s3.amazonaws.com/small_logos/ab7c0b045e631107c80e1bfa7e008c9c211f8bb9.png,1596540030
21772,inFeedo AI,infeedo-ai,Summer 2020,Active,"AI to engage employees, predict attrition and automate HR/IT support","In 2016, we set out on a mission to make 100 million employees heard and valued. Today we’re Asia’s leading employee experience platform that helps engage employees, predict attrition & answer FAQs with conversational AI that people love ❤️ 

From India’s Shark Tank to Tiger Global. We’re backed by Y Combinator, Bling Capital and founders of Gainsight, Freshworks, Zeta, Lenskart, innov8. As a Chief Listening Officer, our A.I. bot Amber helps people-first leaders find hidden gaps in their culture, managers and wellbeing in real time. Spanning across 60 countries, our customers include MNCs like Samsung, Xiaomi, Lenovo, conglomerates like TATA, Godrej, Bharti.

Come join our mission to help build cultures where people love to come to work. For career opportunities, please visit our careers page: jobs.infeedo.com",https://infeedo.ai,https://www.ycombinator.com/companies/infeedo-ai,"Dubai, Dubai, United Arab Emirates; New York, NY, USA",150,B2B,B2B -> Human Resources,"B2B, Human Resources","Generative AI, SaaS, HR Tech, Enterprise Software, AI","United Arab Emirates, United States of America, Middle East and North Africa, America / Canada, Remote, Partly Remote",Early,False,False,False,"Amber by inFeedo, inFeedo",https://bookface-images.s3.amazonaws.com/small_logos/a61152e963f966df00f207d33dfa20c234c99cfe.png,1597236788
21770,SuperTokens,supertokens,Summer 2020,Active,Open source alternative to Auth0 / AWS Cognito / Firebase Auth,"SuperTokens is building open source authentication (as an alternative to Auth0, Firebase and AWS Cognito). Add secure, hassle free authentication to your app in 1 day. We enable startups to launch quicker and focus on their core product offering

1. We're easier to implement as we take a modular approach - making it possible to pick only the features you need for your use case. This means you need not worry about complications associated with other features (eg: SSO and OAuth if you don’t need it) and this in turn makes it easier to implement and manage SuperTokens.
2. Developer's can own and manage their user's data. 
3. SuperTokens can be run on your premise for free and also has a generous hosted tier for those who dont want to manage it themselves.

SuperTokens is being used by hundreds of developers across the globe.",https://supertokens.com,https://www.ycombinator.com/companies/supertokens,"San Francisco, CA, USA",10,B2B,B2B -> Security,"B2B, Security","Developer Tools, SaaS, B2B, Open Source","United States of America, America / Canada, Remote, Partly Remote",Early,False,True,False,,https://bookface-images.s3.amazonaws.com/small_logos/4353b29adbf3c289fd3165964d86888720519f1b.png,1599762607
21769,Roboflow,roboflow,Summer 2020,Active,🖼️ Give your software the sense of sight.,"Roboflow enables developers to make the world programmable.

Use our tools to build better datasets (collect image, video / annotate), models (foundation and fine tuned small models), and deployments (self hosted, edge, APIs, SDKs) for computer vision. Over 250k developers, including those from over half the Fortune 100, build with our open source and hosted tools.

Build with us: https://app.roboflow.com
Hack with us: https://roboflow.slab.com/public/posts/roboflow-hackathons-external-u478m1iz
Work with us: roboflow.com/careers
",https://roboflow.com,https://www.ycombinator.com/companies/roboflow,"San Francisco, CA, USA",100,B2B,"B2B -> Engineering, Product and Design","B2B, Engineering, Product and Design","Developer Tools, Machine Learning, Computer Vision, Enterprise, AI","United States of America, America / Canada, Remote, Partly Remote",Growth,False,True,False,,https://bookface-images.s3.amazonaws.com/small_logos/ba0036069bd338a4c6188cb137722d8f584d0016.png,1598130074
21768,Jeeves,jeeves,Summer 2020,Active,International banking infrastructure for global startups.,"Jeeves is an all-in-one corporate spend and expense management platform for businesses in global markets including North America, Latin America, Europe, and the UK. Cash, corporate cards, and cross-border payments all run on the Jeeves proprietary infrastructure which allows companies to spin up their finance function within minutes. Jeeves can handle multiple currencies for payback. 

More than 3,000 companies across the world trust Jeeves with their financial payments tack. Jeeves has raised $380 million from Andreessen Horowitz, CRV, GIC, Tencent, Silicon Valley Bank, Stanford University, and Y Combinator to fuel its international expansion. 

Our product platform covers the following:

1. Jeeves Pay: Do you need to send capital calls between US & LATAM? Need cross-border payments that arrive as soon as the same day? Transfer money internationally to over 150 countries at competitive FX rates with Jeeves Pay. Payments arrive as quickly as the same day between North America, South America, and Europe. Credit line options available depending on region.

2. Jeeves Cards: Equip your team with globally-accepted physical cards for in-person purchases. Ship cards overseas for free or create virtual cards in seconds for secure, online purchases. Prepaid & credit options available depending on region.

3. Expense Management: Collect receipts through the mobile app, review expenses in real time, and streamline global reporting capabilities - all at no additional cost.

Benefits of the Jeeves Payments and Spend Management global platform include:

-- Free built-in expense management tools


-- No personal guarantees or contracts


-- Unlimited cards and users for free


-- No monthly fees or software fees


-- Competitive cross-border payment pricing


-- Spend and pay in your preferred currencies


-- Business accepted in Brazil, Canada, Colombia, Mexico, the EU, the UK, and the US.

Built for global companies. Loved by finance teams, including a large YC contingent. 
Join us today!",http://www.tryjeeves.com,https://www.ycombinator.com/companies/jeeves,"Miami, FL, USA; New York, NY, USA; Remote",150,Fintech,Fintech,Fintech,"Fintech, Payments","United States of America, America / Canada, Remote, Fully Remote",Growth,False,False,False,,https://bookface-images.s3.amazonaws.com/small_logos/faca4c2138bb38fb870736801c5d004313420eb2.png,1603813157
21766,Luminai,luminai,Summer 2020,Active,Luminai helps automate repetitive manual work away from your mission…,"Luminai helps automate repetitive manual work away from your mission critical business processes. We're serving customers across insurance, healthcare, financial services, and more. Visit our website and see our customer case studies below:

https://luminai.com

Grateful to be backed by General Catalyst, Craft Ventures, Y Combinator, Moxxie Ventures, Caffeinated Capital, Unshackled Ventures, Scribble Ventures, Shrug Capital, Underscore VC, Weekend Fund, Liquid 2 Ventures, Nikhil Basu Trivedi, Yuri Sagalov, Chris Golda, Basement Fund, the founders and CEOs of Dropbox, Flexport, Notion, Deel, Front, Ramp, Coda, Rappi, Twitch, Lever, Algolia, Thredup, Pagerduty, Sendbird, the COO's of Stitchfix/Rippling, and the former heads of product of Twitter, Instagram, and Uber. We’ve raised $20 million till date. 

We’re hiring across all roles!",https://www.luminai.com,https://www.ycombinator.com/companies/luminai,"San Francisco, CA, USA",31,B2B,"B2B -> Engineering, Product and Design","B2B, Engineering, Product and Design","SaaS, B2B, Enterprise","United States of America, America / Canada, Remote, Partly Remote",Growth,False,True,False,"DigitalBrain, Digital Brain, DigitalBrain, Luminai (formerly DigitalBrain)",https://bookface-images.s3.amazonaws.com/small_logos/5cf2a6787e214eab9a646841d7032f5365ef6f8e.png,1599762607
21727,Increase,increase,Summer 2020,Active,API-first banking for ambitious technology companies.,,https://increase.com/,https://www.ycombinator.com/companies/increase,"Bend, OR, USA",15,Fintech,Fintech -> Banking and Exchange,"Fintech, Banking and Exchange",Fintech,"United States of America, America / Canada",Growth,False,False,False,"Ratchet, bnk.dev",https://bookface-images.s3.amazonaws.com/small_logos/d403cfce97e130a6633ec6be329d8e61bf9e9230.png,1658856872
21720,Zip,zip,Summer 2020,Active,The future of B2B spend,,https://ziphq.com/,https://www.ycombinator.com/companies/zip,"San Francisco, CA, USA",500,B2B,B2B -> Operations,"B2B, Operations","B2B, Procurement","United States of America, America / Canada, Remote, Partly Remote",Growth,False,True,False,Evergreen,https://bookface-images.s3.amazonaws.com/small_logos/1927688a0e9eda1caab52b030e0c7e5dd379fa2d.png,1599762606
19890,Ukama,ukama,Summer 2020,Active,Empowering anyone to build  cellular network,,http://www.ukama.com,https://www.ycombinator.com/companies/ukama,"San Francisco, CA, USA; Pleasanton, CA, USA; Remote",7,B2B,B2B,B2B,"Hard Tech, Hardware, SaaS, Open Source","United States of America, America / Canada, Remote, Fully Remote",Early,False,False,False,"Kakapo Networks Inc., Kakapo Networks",https://bookface-images.s3.amazonaws.com/small_logos/4d4a1645de8b3407d68bda9c14927f61ee1b17fc.png,1599762606
13481,Thndr,thndr,Summer 2020,Active,Investment platform for MENA individuals,"Thndr is a platform that allows MENA individuals to invest in Stocks, Gold and Fixed Income",http://www.thndr.app,https://www.ycombinator.com/companies/thndr,"Cairo, Cairo Governorate, Egypt",235,Fintech,Fintech,Fintech,Fintech,"Egypt, Middle East and North Africa, Remote, Partly Remote",Early,False,False,False,"Axis Markets, Thndr, thndr",https://bookface-images.s3.amazonaws.com/small_logos/52a25a4c87f2c91f669390bbc9674ffd9078abd7.png,1598346387
13413,adyn,adyn,Summer 2020,Active,The first test designed to prevent birth control side effects,,https://adyn.com,https://www.ycombinator.com/companies/adyn,"Seattle, WA, USA; Remote",7,Healthcare,Healthcare -> Consumer Health and Wellness,"Healthcare, Consumer Health and Wellness","Fertility Tech, Machine Learning, Consumer Health Services","United States of America, America / Canada, Remote, Fully Remote",Early,False,True,False,"ADYN, Adyn",https://bookface-images.s3.amazonaws.com/small_logos/01db92cbf9e971ce4967a2173b419590716a0fb8.png,1599762606
13338,twoplus fertility,hannah-life-technologies,Summer 2020,Active,An effective home-use fertility treatment for natural conception,"We are making a new fertility treatment that infertile couples can order with a click of a
button to help them conceive at home. Our technology increases the likelihood of pregnancy by guiding significantly higher number of sperms towards the ovum using a proprietary combination of surface features and microenvironment optimization.

The fertility treatments available today, such as in-vitro fertilization (IVF) and intra-uterine
insemination (IUI), are psychologically and financially draining and come with considerable treatment-associated risks. Furthermore, over 25 million women of reproductive age in the US
have limited nearby access to fertility treatment.",http://twoplusfertility.com,https://www.ycombinator.com/companies/hannah-life-technologies,"Singapore, Singapore",18,Healthcare,Healthcare -> Consumer Health and Wellness,"Healthcare, Consumer Health and Wellness","Fertility Tech, Medical Devices, Telemedicine","Singapore, Southeast Asia",Early,False,False,False,Hannah Life Technologies,https://bookface-images.s3.amazonaws.com/small_logos/766a16d49e6e5875f93d06424e0d5a962067f994.png,1599762607
13330,Recurrency,recurrency,Summer 2020,Active,Automated ERP for distributors.,"Recurrency is reversing enterprise resource planning (ERP) stagnation by building the industry-standard ERP automation platform: blazingly fast and complete with powerful automation tools like intelligent sales recommendations, dynamic pricing, and demand forecasting. Despite distribution being a multi-trillion dollar industry, the legacy ERP systems that exist to help businesses manage their purchasing, inventory, sales, order processing, and accounting are decades behind. 

For the most part, ERP systems are painfully slow, difficult to use, and soul-crushingly manual. Using Recurrency can boost a distributor’s revenue and profit margins, while reducing waste and saving time. Most importantly, Recurrency is fully integrated with the customer’s legacy system, so deploying Recurrency in production can be done in as little as one day.",http://www.recurrency.com,https://www.ycombinator.com/companies/recurrency,"San Francisco, CA, USA; Los Angeles, CA, USA",50,B2B,B2B -> Sales,"B2B, Sales","SaaS, AI","United States of America, America / Canada, Remote, Partly Remote",Growth,False,True,False,"Recurrency AI, Recurrency, Recurrency AI",https://bookface-images.s3.amazonaws.com/small_logos/5fe4ce1410d8f06bc2d1f59d61a7c96d9c9fccdd.png,1594752889
13307,Photoroom,photoroom,Summer 2020,Active,Power commerce photography with generative AI,"Photoroom provides photo editing software powerful enough to create outstanding images yet simple enough to be used without any training. We leverage deep learning to translate pixels into objects, drastically simplifying non-creative tasks such as removing backgrounds from images.

Our mission: enable entrepreneurs and small businesses to compose images that stand out.",https://photoroom.com/,https://www.ycombinator.com/companies/photoroom,"Paris, Île-de-France, France",100,Consumer,Consumer -> Content,"Consumer, Content","Generative AI, Computer Vision, Design Tools, API, AI","France, Europe, Remote, Partly Remote",Growth,False,False,False,"Artizans, PhotoRoom",https://bookface-images.s3.amazonaws.com/small_logos/e5f5e5ed0c922fb566fac15578940996a8f6a930.png,1596474431
13235,Response,response,Summer 2020,Active,Organizing the world's inventory.,Shop millions of products across your top vendors – all in one place. Trusted by warehouses in 25+ states.,https://www.tryresponse.com/,https://www.ycombinator.com/companies/response,"San Francisco, CA, USA",8,B2B,B2B -> Supply Chain and Logistics,"B2B, Supply Chain and Logistics","Marketplace, B2B, Supply Chain","United States of America, America / Canada, Remote, Partly Remote",Early,False,False,False,,https://bookface-images.s3.amazonaws.com/small_logos/70722089a9cfbd2571c6ecc973da437d12dfc6e1.png,1597601607
13230,Salesform,salesform,Summer 2020,Active,"Qualify, route, and convert more inbound leads","Salesform qualifies, routes, and converts inbound leads while 2-way syncing with your sales stack. Now, you can meet more target customers faster and leverage Salesform’s native enrichment to enhance routing rules and auto-replies for demo requests etc. ",https://salesform.com,https://www.ycombinator.com/companies/salesform,"New York City, NY, USA; New York, NY, USA",6,B2B,B2B -> Sales,"B2B, Sales","B2B, Sales","United States of America, America / Canada, Remote, Partly Remote",Early,False,False,False,Epihub,https://bookface-images.s3.amazonaws.com/small_logos/bf9c6f8f709c1786b678a07616d48a5c0487ecab.png,1597887326
13150,Basedash,basedash,Summer 2020,Active,The AI-native business intelligence platform,"Basedash is the AI-native Business Intelligence platform. Create dashboards and instantly understand your customers using natural language. Connect 500+ data sources, ask a question, and let Basedash visualize the answer.",https://www.basedash.com,https://www.ycombinator.com/companies/basedash,"Toronto, ON, Canada; Remote",6,B2B,B2B -> Analytics,"B2B, Analytics","SaaS, B2B, Data Science, Data Visualization, AI","Canada, America / Canada, Remote, Fully Remote",Early,False,False,False,BaseDash,https://bookface-images.s3.amazonaws.com/small_logos/d3e2e24bac68a97c9a4989e727ff30c5e0ac0295.png,1596147758
13091,Porter,porter,Summer 2020,Active,Easiest way to deploy on AWS/GCP/Azure,"Porter is the easiest way to deploy and scale your applications on AWS, Azure, and GCP. Connect your own cloud account, and Porter will provision and manage the underlying infrastructure for you - simply point at your repository and Porter will handle the rest, from building your application to autoscaling it.

Under the hood, Porter manages the same kind of infrastructure that growth-stage companies use and allows you to scale without DevOps overhead.",https://porter.run,https://www.ycombinator.com/companies/porter,"New York City, NY, USA",18,B2B,B2B -> Infrastructure,"B2B, Infrastructure","Developer Tools, SaaS, B2B, Cloud Computing","United States of America, America / Canada",Early,False,True,False,Bloom,https://bookface-images.s3.amazonaws.com/small_logos/a4ed1610bf1bf1bff5ffcd350ef85f5c381ad63f.png,1599762607
22353,Brevy,brevy,Summer 2020,Acquired,Empower your customer service team through AI & automation.,"Brevy is an AI chatbot that uses large language models to resolve eCommerce support tickets with human level accuracy at a fraction of the price.
",https://brevy.com/,https://www.ycombinator.com/companies/brevy,Remote,8,B2B,B2B -> Marketing,"B2B, Marketing","SaaS, B2B","Remote, Fully Remote",Early,False,False,False,RampUp,https://bookface-images.s3.amazonaws.com/small_logos/23c349758be3fb8d23035696b4dc152ab038c841.png,1614907423
22269,Hellosaurus,hellosaurus,Summer 2020,Acquired,Interactive video platform for kids,"[Hellosaurus](http://www.hellosaurus.com) is an interactive video platform for kids filled with stories they can actually play instead of just watch. Top kids media creators and popular YouTube stars are already making content for our platform and transforming screen time into an active and fun experience. 

Hellosaurus is developing software tools for creators of high-quality kids programming to make truly participatory shows and a single distribution platform to share these creations with families everywhere. Experts in early childhood education have long stressed the importance of play for healthy cognitive and social development, and Hellosaurus supports this by empowering content creators to build enriching, interactive shows that engage kids as active participants rather than passive viewers.",https://hellosaur.us/join,https://www.ycombinator.com/companies/hellosaurus,"San Francisco, CA, USA; New York, NY, USA",25,Consumer,Consumer -> Content,"Consumer, Content","Education, Entertainment, Kids","United States of America, America / Canada, Remote, Partly Remote",Early,False,False,False,,https://bookface-images.s3.amazonaws.com/small_logos/d9139c677015d17196b0f57be0932d26561700f3.png,1597514356
22260,Clover,clover,Summer 2020,Acquired,"The all-in-one notebook for creatives to brainstorm, write, and plan…","We built a new style of text editor from the ground up to better support creative thinking. Clover lets you explode traditional, linear documents into an infinite ""surface"" for a more intuitive, visual way of note-taking, brainstorming, mind-mapping, and managing tasks.",https://cloverapp.co,https://www.ycombinator.com/companies/clover,"NY, USA; Remote",2,B2B,B2B -> Productivity,"B2B, Productivity","Productivity, Note-taking","United States of America, America / Canada, Remote, Fully Remote",Early,False,False,False,,https://bookface-images.s3.amazonaws.com/small_logos/df8070c3f0a528ccd3b3c7ff8093d5d11676a292.png,1598281344
22252,Reflect,reflect,Summer 2020,Acquired,No-code test automation for web apps,"Reflect is a no-code tool for automated website testing. Instead of building and maintaining complex Selenium tests, companies use Reflect to run automated end-to-end tests without writing code.",https://reflect.run,https://www.ycombinator.com/companies/reflect,"Villanova, PA, USA",6,B2B,"B2B -> Engineering, Product and Design","B2B, Engineering, Product and Design","Developer Tools, SaaS, B2B, No-code","United States of America, America / Canada, Remote, Partly Remote",Early,False,False,False,,https://bookface-images.s3.amazonaws.com/small_logos/f7bfe137c38c2daa6007634c68b4c0aeb91e2862.png,1595437275
22250,Riogrande,riogrande,Summer 2020,Acquired,We buy and grow D2C brands in LatAm,,https://www.riogrande.co/,https://www.ycombinator.com/companies/riogrande,"Mexico City, CDMX, Mexico",,Consumer,Consumer -> Food and Beverage,"Consumer, Food and Beverage",E-commerce,"Mexico, Latin America, Remote, Partly Remote",Early,False,False,False,Waldi,https://bookface-images.s3.amazonaws.com/small_logos/748d5644e520b9a8bbb78c0e5afcd1db33872049.png,1617144042
22241,"Warmly,",warmly,Summer 2020,Acquired,[Acquired by HubSpot in 2026] Autonomous sales platform to auto-email…,"Acquired by HubSpot in 2026.

Step 1: We find you warm leads: contacts + companies that are showing interest on your website (via 6sense/Clearbit) and researching you around the web (via Bombora) but haven't converted yet.

Step 2: We then auto follow up via chat, email or LinkedIn. Depends what workflows you want to set up - we can AI chat with them on your website, auto AI email them via your sequence provider of choice, and/or auto AI linkedin sequence them. Your humans can verify everything before being sent too. 

Outcome: 10x more outbound than a human SDR, 3x reply rates since they're warm and more booked meetings (results shown in ROI dashboard). 

P.S. if you want to use humans: you can send 1-click warm intro requests via your network or live chat/video call them too.

This is the power of an autonomous sales orchestration platform and we have 100+ paying customers who can back it up.",https://www.warmly.ai/,https://www.ycombinator.com/companies/warmly,"San Francisco, CA, USA; Remote",60,B2B,B2B -> Sales,"B2B, Sales","B2B, Productivity, Sales, Sales Enablement, AI","United States of America, America / Canada, Remote, Fully Remote",Growth,False,False,False,Warmly,https://bookface-images.s3.amazonaws.com/small_logos/480be3f11921bc9ec24d0fe4b1f09548d6b9ec5c.png,1594773565
22238,Nestybox,nestybox,Summer 2020,Acquired,Enables Linux containers to act as super fast & efficient VMs,"Nestybox creates software that enables Linux containers to act like virtual machines. This increases the use cases for containers and gives enterprises a less expensive and more flexible alternative to virtual machines in many scenarios. 

Our first product is a ""container runtime"", the software that creates the containers. It's called ""Sysbox"" and integrates with the popular Docker and Kubernetes engines, enabling these tools to deploy containers that act like virtual machines. 

This technology provides software engineers with an alternative to VMs, one that easier to use, much more efficiency, and easily migrated across clouds.

Hacker News Launch: https://news.ycombinator.com/item?id=24084758",https://www.nestybox.com,https://www.ycombinator.com/companies/nestybox,"San Francisco, CA, USA; San Jose, CA, USA",2,B2B,B2B -> Infrastructure,"B2B, Infrastructure","Developer Tools, DevSecOps","United States of America, America / Canada",Early,False,False,False,"Nestybox, Inc.",https://bookface-images.s3.amazonaws.com/small_logos/96395197cf5391bfe46b1a049e281b2e13986adc.png,1597025712
22228,Fancy,fancy,Summer 2020,Acquired,Essentials delivered in 30 minutes.,"Fancy (acq. Gopuff) is an on-demand grocery delivery company based in the UK. We deliver snacks, drinks and more in under 30 minutes.",https://www.fancyapp.live/,https://www.ycombinator.com/companies/fancy,"London, England, United Kingdom; United Kingdom",50,Consumer,Consumer -> Food and Beverage,"Consumer, Food and Beverage","Grocery, Delivery","United Kingdom, Europe",Early,False,False,False,,https://bookface-images.s3.amazonaws.com/small_logos/1603dfc6151aa74044b5bd0ec3103c762b8aacc8.png,1598174176
22141,SafeBase,safebase,Summer 2020,Acquired,Trust Center platform that scales customer security reviews,"Trust Center Platform

SafeBase Trust Center enables Security teams to proactively share and automate access to security, compliance, and privacy information/ complete security questionnaires.
",https://www.safebase.io,https://www.ycombinator.com/companies/safebase,"San Francisco, CA, USA; Remote",60,B2B,B2B -> Security,"B2B, Security","SaaS, Productivity, Cybersecurity","United States of America, America / Canada, Remote, Fully Remote",Growth,False,False,False,,https://bookface-images.s3.amazonaws.com/small_logos/11ecc83b03cfcf5e3849e1ca5f104ded4d413551.png,1595995902
22101,Together Video Chat,together-video-chat,Summer 2020,Acquired,Interactive video chat made for kids and families,"Together transforms the way kids and grown ups participate in a video call by providing educational activities, books and interactive games that can be played while video chatting. ",https://www.togethervideoapp.com/,https://www.ycombinator.com/companies/together-video-chat,"Barcelona, CT, Spain; CT, Spain; Remote",1,Consumer,Consumer -> Home and Personal,"Consumer, Home and Personal","Education, Entertainment, Gaming","Spain, Europe, Remote, Fully Remote",Early,False,False,False,Together - Family Video Chat,https://bookface-images.s3.amazonaws.com/small_logos/f94f6e0f2b46629dae205288f667220f26e37edb.png,1596204849
22063,Cohere,cohere,Summer 2020,Acquired,Support automation that's actually intelligent,"Cohere resolves 40-70% of support requests using AI, over all channels, within just a few days.",https://cohere.io,https://www.ycombinator.com/companies/cohere,"New York City, NY, USA; New York, NY, USA",7,B2B,B2B -> Operations,"B2B, Operations","Artificial Intelligence, Automation","United States of America, America / Canada",Early,False,False,False,"Manted, Caldera",https://bookface-images.s3.amazonaws.com/small_logos/32c0c4a9037b18f0766620c8e9958d684b7e11ac.png,1599762606
22055,Drapr,drapr,Summer 2020,Acquired,Try on clothing online,"Drapr lets shoppers try on clothing, online. Apparel brands use Drapr to make more money online. ",https://drapr.com,https://www.ycombinator.com/companies/drapr,"San Francisco, CA, USA; Berkeley, CA, USA",7,Consumer,Consumer -> Home and Personal,"Consumer, Home and Personal","SaaS, E-commerce, Retail Tech","United States of America, America / Canada, Remote, Partly Remote",Early,False,False,False,,https://bookface-images.s3.amazonaws.com/small_logos/95e53cdae8e9da9ed50d96445eabb8bd2cde68a6.png,1597608715
22050,Skio,skio,Summer 2020,Acquired,Subscriptions for Shopify,"Skio ($105M cash exit, $32M ARR, $8M raised) is subscription management software for brands on Shopify.",https://skio.com,https://www.ycombinator.com/companies/skio,"New York City, NY, USA; Remote",70,B2B,B2B -> Marketing,"B2B, Marketing","Fintech, B2B, E-commerce, Subscriptions, Food Tech","United States of America, America / Canada, Remote, Fully Remote",Early,False,False,False,"Jika, Skio, skio, Skio, skio",https://bookface-images.s3.amazonaws.com/small_logos/c87a6ed342316be397663cebac7a3099c11d1320.png,1594268849
22042,Sameplan,sameplan,Summer 2020,Acquired,Customer-facing plans for sales teams and their prospects.,"Sameplan is a customer-facing collaboration tool that enables sales teams to align with prospects, increase efficiency, and close more business. Enterprise deals can be very complex, rather than managing these high-value relationships over email, Sameplan acts as the central hub for the deal. ",https://www.sameplan.com/,https://www.ycombinator.com/companies/sameplan,"San Francisco, CA, USA",3,B2B,B2B -> Sales,"B2B, Sales",SaaS,"United States of America, America / Canada, Remote, Partly Remote",Early,False,False,False,,https://bookface-images.s3.amazonaws.com/small_logos/835ede22a76999732d753c65e22ba2a4efc76ed9.png,1599762606
22008,Aquarium Learning,aquarium-learning,Summer 2020,Acquired,We help ML teams improve their models by improving their datasets,"ML models are only as good as the datasets they're trained on, and that means that most improvement to model performance comes from improvement to the quality and diversity of their datasets.

Our tooling makes it easy for ML teams to find anomalies + failure patterns in their datasets and fix these problems by editing / adding the right data. So the next time you retrain your model, it just gets better.",https://www.aquariumlearning.com/,https://www.ycombinator.com/companies/aquarium-learning,"San Francisco, CA, USA; Remote",12,B2B,B2B -> Infrastructure,"B2B, Infrastructure","Deep Learning, Developer Tools, Generative AI, Machine Learning, AI","United States of America, America / Canada, Remote, Fully Remote",Early,False,False,False,Aquarium,https://bookface-images.s3.amazonaws.com/small_logos/a1aee7c2b8c6ada91b60405fb42ae026b6093676.png,1597122957
21997,Clew,clew,Summer 2020,Acquired,Unified file system for the cloud. ,Clew lets employees see and organize files across their work apps from one place. ,https://clew.ai/,https://www.ycombinator.com/companies/clew,"Toronto, ON, Canada",2,B2B,B2B -> Infrastructure,"B2B, Infrastructure","SaaS, B2B","Canada, America / Canada, Remote, Partly Remote",Early,False,False,False,,https://bookface-images.s3.amazonaws.com/small_logos/69535410a6347993aca0be153285a41597ac154d.png,1599762606
21996,Plerk,plerk,Summer 2020,Acquired,"Acquired by Minu.mx - Fintech solutions for employees, starting with…","We help companies to give local and remote employees flexible benefits and perks, no matter geography.
A virtual card with benefits to pay for flexible perks for local and remote teams worldwide. Companies define budget, choose the programs of perks as general or granular as they decide, deploy money and give employees the power to decide the merchant. Company has total control, just one bill. Employees choose what they really need and want.",https://www.plerk.io,https://www.ycombinator.com/companies/plerk,"Guadalajara, Jal., Mexico; Remote",28,B2B,B2B -> Operations,"B2B, Operations","Fintech, SaaS, B2B","Mexico, Latin America, Remote, Fully Remote",Early,False,False,False,isibit,https://bookface-images.s3.amazonaws.com/small_logos/35a9be04900715d4438b247464cf89a9e6b3e6a3.png,1596562699
21957,KeyDB,keydb,Summer 2020,Acquired,The only database you'll ever need,KeyDB is a fast key value database that combines in memory caching and FLASH persistence in a single package.,https://keydb.dev,https://www.ycombinator.com/companies/keydb,"Toronto, ON, Canada",2,B2B,B2B -> Infrastructure,"B2B, Infrastructure","Open Source, Databases","Canada, America / Canada",Early,False,False,False,"EQ Alpha Technology, KeyDB Inc.",https://bookface-images.s3.amazonaws.com/small_logos/b0ddabf66cf6f4f3a36b5e768350a5f89ef3693a.png,1598122411
21932,Biocogniv,biocogniv,Summer 2020,Acquired,,,http://biocogniv.com,https://www.ycombinator.com/companies/biocogniv,"Burlington, VT, USA",6,Healthcare,Healthcare,Healthcare,,"United States of America, America / Canada",Early,False,False,False,Biocogniv Inc,https://bookface-images.s3.amazonaws.com/small_logos/18d2e779890a07b407854bacbe37a0c240235f3c.png,1598198158
21917,Vectrix,vectrix,Summer 2020,Acquired,Scan your SaaS apps and instantly identify security issues,"As organizations around the world continue to rapidly adopt SaaS applications as the way they run their businesses, many are left without a way to manage the security of those same applications.

Corporate IT and security teams are left asking questions like:
- How will I know if someone shares a sensitive Google Doc publicly?
- What if one of our employees doesn't have two-factor authentication enabled in Zoom?
- Will I know when a new user is added to Slack?
- What happens if our Salesforce minimum password setting isn't strong enough?

With Vectrix's easy-to-use SaaS security scanning, organizations everywhere can quickly identify security issues and risks like these across their entire suite of SaaS apps, including Google Workspace, Microsoft 365, Slack, Zoom, GitHub, and more.

When new issues arise, IT and security teams can be alerted in real-time so that further action can be taken right away.

Founded by former security professionals from Autodesk, Vimeo, and PlanGrid, Vectrix is committed to providing teams of all sizes an efficient and reliable way to stay secure in the public cloud.

Get started at https://www.vectrix.io",https://www.vectrix.io,https://www.ycombinator.com/companies/vectrix,"San Francisco, CA, USA",7,B2B,B2B -> Security,"B2B, Security","SaaS, Security","United States of America, America / Canada, Remote, Partly Remote",Early,False,False,False,,https://bookface-images.s3.amazonaws.com/small_logos/9315542ed06d8a722e5739c5365aceb689b1d937.png,1597513135
21906,webapp.io,webapp-io,Summer 2020,Acquired,Build webapps faster with 10x better CI/CD + preview envs,"Webapp.io's custom hypervisor makes webapp CI/CD, E2E testing, and preview environments as simple as writing a Dockerfile.

If your team is building a webapp + using github/gitlab/bitbucket, please reach out!",https://webapp.io,https://www.ycombinator.com/companies/webapp-io,"Toronto, ON, Canada; Remote",4,B2B,"B2B -> Engineering, Product and Design","B2B, Engineering, Product and Design","Developer Tools, SaaS, B2B","Canada, America / Canada, Remote, Fully Remote",Early,False,False,False,"Layer, LayerCI",https://bookface-images.s3.amazonaws.com/small_logos/31c19d6a46df0610402b7fe27d52dc80c7cf4893.png,1597858027
21901,Workbase,workbase,Summer 2020,Acquired,Data & workflow platform for B2B account teams,"We help B2B companies reduce churn and grow customer spending. 
Our product gives account managers access to data dashboards and priority checklists needed to proactively save customers and upsell them to more profitable products.

Most companies have all the data they need to figure this out, but it’s often locked away in 20 different systems. There is no central place for an account manager to easily prioritize which customers to focus on and what actions to take to help them. Workbase is the solution, by one-click integrating the data sources and customizing the interface and actions for each company.

When working on similar internal tools at companies like Segment, we saw first-hand that proactively managing the customer journey could increase net retained revenue by as much as 20 percent.
",,https://www.ycombinator.com/companies/workbase,"San Francisco, CA, USA",,B2B,B2B -> Productivity,"B2B, Productivity","SaaS, B2B","United States of America, America / Canada, Remote, Partly Remote",Early,False,False,False,Workspace,https://bookface-images.s3.amazonaws.com/small_logos/aadf3f728532985268b19a51e91e0c6db1ade9f1.png,1599762607
21900,Omni,omni,Summer 2020,Acquired,"Fast, up-to-date answers for Sales & Support","Omni is an intelligent chrome extension to help teams manage their internal knowledge and keep it 100% up to date. It fits in the natural workflow, integrates with current knowledge sources, and provides bite-sized answers when needed.",https://addomni.com,https://www.ycombinator.com/companies/omni,"San Francisco, CA, USA",5,B2B,B2B -> Productivity,"B2B, Productivity","Artificial Intelligence, B2B","United States of America, America / Canada, Remote, Partly Remote",Early,False,False,False,,https://bookface-images.s3.amazonaws.com/small_logos/b196e25cdd0a8eaf48110a4526d5ec31bfcc430a.png,1598140424
21894,Humanloop,humanloop,Summer 2020,Acquired,Humanloop is the LLM evals platform for enterprises. ,"Humanloop is the LLM evals platform for enterprises. Teams at Gusto, Vanta and Duolingo use Humanloop to ship reliable AI products. We enable you to adopt best practices for prompt management, evaluation and observability.",https://humanloop.com,https://www.ycombinator.com/companies/humanloop,"San Francisco, CA, USA",14,B2B,"B2B -> Engineering, Product and Design","B2B, Engineering, Product and Design","Generative AI, Machine Learning, SaaS, AI","United States of America, America / Canada",Early,False,False,False,humanlupe,https://bookface-images.s3.amazonaws.com/small_logos/36780ef46af5eeec8e865ac191d6d27af56ff936.png,1598299135
21862,Dialect,dialect,Summer 2020,Acquired,Making internet experiences distributable and actionable everywhere,"Dialect is on a mission to organize the internet’s experiences and make them distributable and actionable everywhere. We’re doing this with blockchain links, or blinks, a new technology that lets businesses unbundle their product experiences from their apps and sites, allowing users to take instant, no-redirect actions wherever they are.

This technology is unique to blockchain today, but as the world moves onchain, it will redefine how we interact with the internet—everywhere.",https://dialect.to,https://www.ycombinator.com/companies/dialect,"New York City, NY, USA",8,B2B,B2B,B2B,"Crypto / Web3, B2B","United States of America, America / Canada, Remote, Partly Remote",Early,False,False,False,"Enombic, Inc., Enombic",https://bookface-images.s3.amazonaws.com/small_logos/a2b901dbb91e775e6c41d297e3ec4cd19a3b0ec2.png,1614625190
21856,Charityvest,charityvest,Summer 2020,Acquired,"A premier charitable giving account, for everyone.","Charityvest is the modern donor-advised fund, for individuals and corporations.
- Make tax-smart contributions of cash, stock, crypto, equity and more to your DAF.
- Invest your charitable balance for tax-free growth with low-cost ETFs.
- Send grants to 1.4 million charities with a few clicks.
- Receive one tax receipt for all of your giving.",https://www.charityvest.org,https://www.ycombinator.com/companies/charityvest,"Atlanta, GA, USA",9,Fintech,Fintech -> Payments,"Fintech, Payments","Fintech, SaaS, Nonprofit","United States of America, America / Canada, Remote, Partly Remote",Early,False,False,False,Vennfi (Charityvest),https://bookface-images.s3.amazonaws.com/small_logos/08ded5f812bd52606327b4c6965f9646a77ce233.png,1596474808
21852,Known Medicine,known-medicine,Summer 2020,Acquired,Combining 3D cell culture & AI to translate drugs to clinical success,"Known Medicine combines patient-specific 3D cell culture & AI to translate drugs to clinical success. We receive patient tumors, break them down, make thousands of micro-tumors, and then treat each with different drugs to determine which they will respond best to. 
",http://knownmed.com,https://www.ycombinator.com/companies/known-medicine,"Salt Lake City, UT, USA",17,Healthcare,Healthcare,Healthcare,"AI-powered Drug Discovery, Oncology","United States of America, America / Canada, Remote, Partly Remote",Early,False,False,False,,https://bookface-images.s3.amazonaws.com/small_logos/64559b981b2b0426448690c07d39ec63246c6492.png,1597169259
21839,Current Foods,current-foods,Summer 2020,Acquired,Impossible foods of seafood. ,Creating the next generation of seafood with plants and biotechnology. No compromises on taste and health while winning on price and consistency. First products are raw tuna and smoked salmon.,http://currentfoods.com,https://www.ycombinator.com/companies/current-foods,"San Francisco, CA, USA",18,Healthcare,Healthcare -> Industrial Bio,"Healthcare, Industrial Bio",Climate,"United States of America, America / Canada, Remote, Partly Remote",Early,False,False,False,Kuleana,https://bookface-images.s3.amazonaws.com/small_logos/fdcb6798307fecf9cc245f83ea55699ac4a98c39.png,1596480978
21827,Strive School,strive-school,Summer 2020,Acquired,Training the next generation of software engineers in Europe 🇪🇺,"In exchange for a part of their future salary, select students can become professional-grade software engineers through a six-month online program. While the majority of universities in Europe are free to attend, STEM courses are often outdated and theoretical; Strive School works with those pursuing STEM fields to help them become job-ready software engineers.",https://strive.school,https://www.ycombinator.com/companies/strive-school,"Berlin, Berlin, Germany; Remote",5,Education,Education,Education,"Education, Fintech","Germany, Europe, Remote, Fully Remote",Early,False,False,False,"Get DayOne, Inc.",https://bookface-images.s3.amazonaws.com/small_logos/28b22a54c96662989843912cfceff789a6bae093.png,1594302276
21811,Hypermile,hypermile,Summer 2020,Acquired,Driver co-pilot to make trucking more efficient,"Hypermile is on a mission to improve trucking efficiency, sustainability and safety by developing an AI driver assistance system 🚛 🌎🌱.

Today, fuel is the main cost component for logistics operators, accounting for >1/3 of all operating costs. Driving behavior is a key factor affecting overall fuel consumption and can increase fuel use by up to 35%. However, current solutions are not cost effective, so logistics operators are constantly looking for new solutions. 

In addition, logistics operators are under huge sustainability pressure, as Heavy Goods Vehicles (HGVs) are responsible for 16% of the UK's transport emissions but only 5% of the miles travelled. While electric vehicle sales for passenger vehicles are on the rise, the same can't be said for long-haul HGVs due to high initial cost and limited range, making it impractical for logistic purposes. 

With this problem in mind, we aim to leverage the latest AI techniques to improve the fuel efficiency of diesel trucks today, and increase the range of zero-emission trucks of the future. 

Our product Hypermile Co-Pilot is a retrofittable AI cruise control for commercial vehicles focused on controlling the speed of the truck efficiently. We have trained the AI algorithms to learn the best techniques for saving fuel: anticipating how traffic flow will change, optimising speed based on the road gradient and maximizing vehicle coasting. As a result, we can reduce diesel consumption by 11% and extend the range of battery-electric vehicles by 15%. The long term vision is to incrementally build higher levels of autonomy with the next milestone being a Level-3 autonomous trucking solution. 

The company was founded in May 2020 and raised a $1.5M pre-seed round in May 2021 from Y Combinator, Greg Brockman (CTO of OpenAI), Luc Vincent (former Executive VP of Autonomous Driving at Lyft Level 5) and others. We’ve received a number of R&D grants from Innovate UK, Department for Transport and Horizons 2020. We’re currently a team of 10 across Commercial, Product and Engineering (including 4. sub-teams cloud software, machine learning, automotive software and electronics).
",https://hypermile.ai,https://www.ycombinator.com/companies/hypermile,"London, England, United Kingdom",11,B2B,"B2B -> Engineering, Product and Design","B2B, Engineering, Product and Design","Autonomous Trucking, Computer Vision, Logistics, Climate","United Kingdom, Europe, Remote, Partly Remote",Early,False,False,False,Creation Labs,https://bookface-images.s3.amazonaws.com/small_logos/b25c7b5a70e0fab68abb8837d04d772f89ba6623.png,1615568678
21793,Finmark,finmark,Summer 2020,Acquired,Financial planning software for startups,"Finmark is financial planning software for startups.  We make it simple for companies to manage their runway, hiring, and cash. ",https://finmark.com,https://www.ycombinator.com/companies/finmark,"Raleigh, NC, USA; Remote",14,B2B,B2B -> Finance and Accounting,"B2B, Finance and Accounting","Fintech, SaaS, B2B","United States of America, America / Canada, Remote, Fully Remote",Early,False,False,False,bulion,https://bookface-images.s3.amazonaws.com/small_logos/71ea8566db212df8f6c23e62b0d21ec93eedd66d.png,1598383841
21789,Gather,gather,Summer 2020,Acquired,Project management software for People Operations,"Gather is software that helps high-growth teams build and execute their onboarding, offboarding, and other People Operations programs. Gather replaces manual coordination with smart, automated communication powered by a deep integration with Slack.",https://www.teamgather.co/,https://www.ycombinator.com/companies/gather,"New York City, NY, USA; New York, NY, USA",6,B2B,B2B -> Human Resources,"B2B, Human Resources","SaaS, B2B, HR Tech","United States of America, America / Canada, Remote, Partly Remote",Early,False,False,False,,https://bookface-images.s3.amazonaws.com/small_logos/5b50416a3c9266b978c7bb1e375a92eeb2782b8f.png,1598107680
21787,Momence,momence,Summer 2020,Acquired,Scheduling and payments for experiences,,https://momence.com,https://www.ycombinator.com/companies/momence,"San Francisco, CA, USA; Remote",75,Consumer,"Consumer -> Travel, Leisure and Tourism","Consumer, Travel, Leisure and Tourism","Payments, Scheduling","United States of America, America / Canada, Remote, Fully Remote",Early,False,False,False,"Lux Pay, Ribbon",https://bookface-images.s3.amazonaws.com/small_logos/623d422c208251014d22e6ded0ec5b0b2b28ac94.png,1596473632
21771,Bandit ML,bandit-ml,Summer 2020,Acquired,Bandit ML builds machine learning tools for e-commerce companies.,,https://www.banditml.com/,https://www.ycombinator.com/companies/bandit-ml,"San Francisco, CA, USA; Remote",4,B2B,B2B,B2B,"Machine Learning, SaaS, E-commerce","United States of America, America / Canada, Remote, Fully Remote",Early,False,False,False,"Bandit ML, Iron Plans",https://bookface-images.s3.amazonaws.com/small_logos/efb807f0ae51b0f29f5d99ad5a5fa1d542f7a714.png,1599762607
21767,Command AI,command-ai,Summer 2020,Acquired,AI-powered user assistance platform,"At Command AI, we believe in a world where the internet “just works” for every visitor, customer, and user. As the internet has become more powerful and crowded, it has become harder for everyone to use. And the solutions we’ve come up with to date — like irritating chatbots and pestering popups — end up being ignored or even annoying users more than they help.

We sell tools to software builders and buyers to help them make their software better for users.

We call this as our User Assistance Platform, and it comes in 2 pieces:
- AI Agent — an AI chat agent that can answer users questions, perform actions for them, and even co-browse with them to teach your interface.

- Nudge Platform — AI-assisted nudges, hints, and messages to guide users in personalized ways that don’t annoy them. We do this by optimally delivering nudges based on in-product behavior not just static rules as well as measuring measuring and the extent to which users “rage close” nudges to avoid pestering them. A replacement for legacy Digital Adoption Platforms

User assistance translates into concrete outcomes like improved engagement, feature adoption, conversion, and retention, all while decreasing low-value support tickets.

We’re used by teams like HubSpot, HashiCorp, Yotpo, Thryvv, and Freshworks.",https://command.ai,https://www.ycombinator.com/companies/command-ai,"San Francisco, CA, USA",35,B2B,"B2B -> Engineering, Product and Design","B2B, Engineering, Product and Design","SaaS, B2B, Chatbot","United States of America, America / Canada, Remote, Partly Remote",Growth,False,False,False,"Foobar, Command Bar, CommandBar",https://bookface-images.s3.amazonaws.com/small_logos/2bca198859e87cd196f78931db97af3133a90eee.png,1628528117
21737,LSK Technologies,lsk-technologies,Summer 2020,Acquired,A diagnostic lab in a box,,https://www.lifesci-key.com/,https://www.ycombinator.com/companies/lsk-technologies,"Toronto, ON, Canada",2,Healthcare,Healthcare -> Diagnostics,"Healthcare, Diagnostics","Health Tech, Diagnostics","Canada, America / Canada, Remote, Partly Remote",Early,False,False,False,LSK Technologies Inc.,https://bookface-images.s3.amazonaws.com/small_logos/ca1d558dc356d3f2e123fbc02692cf8bafa1a131.png,1599762607
19932,Jitsu,jitsu,Summer 2020,Acquired,Open-Source CDP (acquired by Helium Ventures),"Jitsu is the fastest, most durable way to collect event data from every source - web, app, email, chatbot, CRM - into your data warehouse. 100% open-source. Purpose built, secure and ready in minutes.",https://jitsu.com,https://www.ycombinator.com/companies/jitsu,"New York City, NY, USA; Remote",4,B2B,B2B -> Analytics,"B2B, Analytics","SaaS, B2B, Open Source, Data Engineering","United States of America, America / Canada, Remote, Fully Remote",Early,False,False,False,kSense,https://bookface-images.s3.amazonaws.com/small_logos/d2a6bc92874bce104c70f6971a040465116e2321.png,1597695723
19925,Jemi,jemi,Summer 2020,Acquired,Jemi helps people build beautiful websites and stores.,Our mission is to help creators and entrepreneurs grow online. We do this by helping them build a beautiful website and online store with no coding or design background.,https://jemi.so,https://www.ycombinator.com/companies/jemi,"San Francisco, CA, USA; Remote",3,Consumer,Consumer -> Social,"Consumer, Social","SaaS, Entertainment, Community","United States of America, America / Canada, Remote, Fully Remote",Early,False,False,False,,https://bookface-images.s3.amazonaws.com/small_logos/ef211a61b5945e55caf8a30df985cbb8f1919052.png,1597370270
19888,Altro,altro,Summer 2020,Acquired,Build Credit With Your Subscriptions,"Altro (altro.io) is a platform that enables members to build credit no matter who they are, where they are from, or their history of credit access/score. We serve the 68M people in the US (mainly Women and POC) who are denied credit due to historical bias and the lack of access that current banks provide to credit building and tools. (It wasn't until The Equal Credit Opportunity Act in the 1970's that Women and ""Minorities"" could even get fair access to credit)!


Altro has created a mobile that allows anyone to have access to credit, using their subscriptions as a means to start building their credit score. Altro lends to members a $75 Line of Credit to pay for their subscriptions, such as Netflix, Hulu, HelloFresh, etc. This card is built to solely work on the subscriptions that the member is already paying for, allowing them to securely use their $75 credit to build their credit using things they are already paying for.

Doing this empowers folx who were denied credit a way to start building their score and financial power. Altro will service millions of people in not only building their credit, but also gaining access to the tools (such as personal loans, emergency funds, car/house loans and more) that they could not access prior.",https://altro.io,https://www.ycombinator.com/companies/altro,"Los Angeles, CA, USA; Remote",29,Fintech,Fintech -> Consumer Finance,"Fintech, Consumer Finance","Education, Fintech","United States of America, America / Canada, Remote, Fully Remote",Growth,False,False,False,"Hatch Credit, Perch (Formerly Hatch Credit), Perch, Perch Credit, Perch, Altro",https://bookface-images.s3.amazonaws.com/small_logos/58847e130c30f297f7cee19998c6a99931a8c35d.png,1599762606
13163,Fig,fig,Summer 2020,Acquired,"Fig adds visual apps, shortcuts, and autocomplete to your terminal.","Fig is re-imagining the terminal. We make it more accessible to beginners and more productive for advanced engineers

Our first product is autocomplete, but we plan to expand into a full App Store ecosystem for the Terminal. We can do a bunch of cool stuff, check out our website.

And if you're interested, we are hiring 😀",http://fig.io,https://www.ycombinator.com/companies/fig,"San Francisco, CA, USA",5,B2B,"B2B -> Engineering, Product and Design","B2B, Engineering, Product and Design","Developer Tools, DevSecOps, Open Source","United States of America, America / Canada",Early,False,False,False,"Quid, FanX, Hercules",https://bookface-images.s3.amazonaws.com/small_logos/c3cdca216abc1d1dd5118f6422d7ea91ba9a1b90.png,1597986049
13090,Ladder,ladder,Summer 2020,Acquired,Labor Marketplace for Construction,Ladder is a recruiting platform for the construction trades. ,http://meetladder.com,https://www.ycombinator.com/companies/ladder,"Atlanta, GA, USA; Remote",1,Real Estate and Construction,Real Estate and Construction -> Construction,"Real Estate and Construction, Construction","Marketplace, Construction","United States of America, America / Canada, Remote, Fully Remote",Early,False,False,False,,https://bookface-images.s3.amazonaws.com/small_logos/6f98686d68c0881aeebeba08fe6f42dcd7903206.png,1598130241
22323,CapWay,capway,Summer 2020,Inactive,Inclusive financial technology service provider.,"CapWay is a financial technology company that creates financial access and opportunity for all via our ecosystem, including digital banking tools, savings tools, financial content, and inclusion consumer fintech products. 

The company fills financial gaps and provides solutions for the growing cashless economy and those who are looking to move away from the traditional financial system, including those who have been misunderstood, overlooked, and underserved.

CapWay has a B2C and B2B2C customer acquisition strategy. 

",http://www.CapWay.com,https://www.ycombinator.com/companies/capway,"Atlanta, GA, USA",9,Fintech,Fintech -> Consumer Finance,"Fintech, Consumer Finance","Fintech, SaaS, Consumer, Enterprise, Neobank","United States of America, America / Canada, Remote, Partly Remote",Early,False,False,False,,https://bookface-images.s3.amazonaws.com/small_logos/fe5d298e2ab3c3b13bfaecba6f31364e80a8170e.png,1597882928
22322,Payflow,payflow-2,Summer 2020,Inactive,"AI FP&A Agent for insights, reports, planning and forecasting.","Building Luca: an AI FP&A analyst providing executives with AI-powered financial insights, analytics, detailed reporting, planning and forecasting. Luca enables companies to save tens of thousands of dollars and 400+ hours per year, while getting critical business value from week one.
Level-3 autonomy for FP&A. Learn more: https://payflow.ai",https://www.payflow.ai,https://www.ycombinator.com/companies/payflow-2,"New York City, NY, USA",7,B2B,B2B -> Finance and Accounting,"B2B, Finance and Accounting","Fintech, SaaS, B2B","United States of America, America / Canada, Remote, Partly Remote",Early,False,False,False,Toolbox,https://bookface-images.s3.amazonaws.com/small_logos/a26715d50dea86a98186746ad74932cda51155ed.png,1595401779
22307,Atmos,atmos,Summer 2020,Inactive,"The entire homebuilding process, all online",,https://www.buildatmos.com/,https://www.ycombinator.com/companies/atmos,"San Francisco, CA, USA",30,Real Estate and Construction,Real Estate and Construction -> Housing and Real Estate,"Real Estate and Construction, Housing and Real Estate","Housing, Proptech","United States of America, America / Canada, Remote, Partly Remote",Early,False,False,False,,https://bookface-images.s3.amazonaws.com/small_logos/56c7ef5e92980547f109adff516d7c08cf47b59f.png,1593480673
22301,Quell,quell,Summer 2020,Inactive,Get fit fighting your way through a fantasy world.,"Quell is an immersive fitness game where players get fit fighting their way through a fantasy world. Our low-cost wearable uses smart resistance bands to guide you through an exciting, effective combat workout at home. We’re Peloton meets gaming at 1/10th of the price
",https://playquell.com,https://www.ycombinator.com/companies/quell,"London, England, United Kingdom",40,Consumer,Consumer -> Consumer Electronics,"Consumer, Consumer Electronics","Hardware, Machine Learning, Sports Tech, Fitness, Gaming","United Kingdom, Europe, Remote, Partly Remote",Early,False,False,False,,https://bookface-images.s3.amazonaws.com/small_logos/133bcd99ce642360941054c47cfd64820d35818f.png,1597757414
22268,Parade,parade,Summer 2020,Inactive,Launch your company without hiring a designer,"Through a series of simple questions, Parade’s machine learning-based software helps startup founders articulate the vision for their company, translate it into a design aesthetic, and launch it online in under 10 minutes. Parade makes it easy to create a website, marketing emails, social media posts, and more, all without a graphic designer.",https://www.getparade.com,https://www.ycombinator.com/companies/parade,"Seattle, WA, USA; Remote",5,B2B,B2B -> Productivity,"B2B, Productivity","SaaS, B2B, Design Tools","United States of America, America / Canada, Remote, Fully Remote",Early,False,False,False,"Docubeast, Scribe",https://bookface-images.s3.amazonaws.com/small_logos/c20767e601239383770aa4854491ac895324e519.png,1598117203
22256,Sonar,sonar,Summer 2020,Inactive,Minecraft meets Discord,,https://sonar.app,https://www.ycombinator.com/companies/sonar,"San Francisco, CA, USA",4,Consumer,Consumer -> Social,"Consumer, Social","Crypto / Web3, Gaming, Social","United States of America, America / Canada, Remote, Partly Remote",Early,False,False,False,,https://bookface-images.s3.amazonaws.com/small_logos/fdd8edad75c96a21a6266ba7aa2e889bdc981e4e.png,1615712387
22251,Nextstore,nextstore,Summer 2020,Inactive,Mobile optimized storefronts for Shopify,"Nextstore has been built over e-merchants desire for greater performance, suited analytics, and sleek UX. With an opinionated approach and a low-code environment, Nextstore offers the first mobile-native website builder.

Our vision is to enable merchants to build outstanding online Experience with the control they need to be successful",https://nextstore.com,https://www.ycombinator.com/companies/nextstore,"Paris, Île-de-France, France",6,B2B,B2B -> Marketing,"B2B, Marketing","B2B, E-commerce","France, Europe, Remote, Partly Remote",Early,False,False,False,Once,https://bookface-images.s3.amazonaws.com/small_logos/2fd57f11fa5945a96f752b604f608d62f853247a.png,1597676468
22249,Artifact,artifact,Summer 2020,Inactive,Personal podcasts with the people in your life,"Artifact makes it easy to record stories with the most important people in your life. We set them up with a professional interviewer through our marketplace and we make it easy, from scheduling interviews to delivering a polished edit that wouldn’t sound out of place on NPR. We then host their stories in shareable, interactive listening experiences. ",https://www.heyartifact.com/,https://www.ycombinator.com/companies/artifact,"San Francisco, CA, USA; Remote",10,Consumer,Consumer -> Content,"Consumer, Content","Marketplace, Podcasts","United States of America, America / Canada, Remote, Fully Remote",Early,False,False,False,,https://bookface-images.s3.amazonaws.com/small_logos/c28168cbafd73c1a4f239f305cae557907f08e43.png,1599762607
22246,Byte,byte,Summer 2020,Inactive,On-demand food delivery from dark kitchens in Pakistan.,,https://web.thebyte.app/en/,https://www.ycombinator.com/companies/byte,"Lahore, Punjab, Pakistan",30,Consumer,Consumer -> Food and Beverage,"Consumer, Food and Beverage","Ghost Kitchens, Marketplace, Delivery","Pakistan, South Asia",Early,False,False,False,Byte Technology Systems Inc.,https://bookface-images.s3.amazonaws.com/small_logos/8bb6c668793cba0504c23a8ebece4ccf2e3738a2.png,1597866900
22205,MilkRun,milkrun,Summer 2020,Inactive,"Get Food From Farmers, Delivered.","Our team of farmers and chefs curate boxes of the finest quality local food for our customers each week. From seasonal produce, to humanely-handled pasture-raised meat, to organic eggs and dairy, there's something for every family. We deliver right to your door, as often as you want. Whether your family needs a delivery once a week or once a month, we're committed to helping you shop local. Delivery includes recipe suggestions, cooking videos, and more from our team of chefs. Whether you're looking for advice on how to roast a whole chicken or what that new-to-you vegetable is, we're here for you every step of the way.",https://www.localmilkrun.com/,https://www.ycombinator.com/companies/milkrun,"Portland, OR, USA; Remote",38,Consumer,Consumer -> Food and Beverage,"Consumer, Food and Beverage","E-Commerce, Supply Chain, Agriculture","United States of America, America / Canada, Remote, Fully Remote",Growth,False,False,False,,https://bookface-images.s3.amazonaws.com/small_logos/6b4c4735d8054448a11a68f4597e142e71bb4ca4.png,1599762607
22195,Lume,lume,Summer 2020,Inactive,,"Lume was a banking app for nurses with earned wage access, student loan refinancing, and travel nurse jobs. Acquired by Vivian Health (an NYSE: IAC company) in 2022.",https://www.uselume.com,https://www.ycombinator.com/companies/lume,"New York City, NY, USA",,Healthcare,Healthcare,Healthcare,Healthcare,"United States of America, America / Canada",Early,False,False,False,Lume Health,https://bookface-images.s3.amazonaws.com/small_logos/9a8e5cb4b22f095f64a29038540f9f3308d81d06.png,1598140282
22184,Here,here,Summer 2020,Inactive,"Where friends watch, play and hang together in digital rooms","Here is where friends feel close even if they're worlds away.  We do this by providing an infinite and interactive canvas where friends watch, play, decorate, draw and hang together, all powered by our own real-time video and voice technology.
",https://here.fm,https://www.ycombinator.com/companies/here,"New York City, NY, USA",9,Consumer,Consumer -> Social,"Consumer, Social","Consumer, Messaging, Social, Social Network","United States of America, America / Canada, Remote, Partly Remote",Growth,False,False,False,"Here, Dumps",https://bookface-images.s3.amazonaws.com/small_logos/4051bac362928f79cd906235f06326723eacc875.png,1598328674
22151,AI.Fashion,ai-fashion,Summer 2020,Inactive,AI.Fashion is the AI creative suite for the fashion industry.,"AI.Fashion is the AI creative suite for the fashion industry - modernizing the traditional design and go to market fashion processes with our advanced AI platform and design tools.

On the design side - our platform allows brands to create physically accurate digital versions of their unreleased clothing line before even beginning their productions processes, dramatically helping to reduce waste. 

And on the marketing side - we enable them to create photorealistic imagery of the clothing on a multitude of sizes, which creates a better experience for their customers because they have way more information about how the clothing will actually fit before they purchase.",https://www.ai.fashion,https://www.ycombinator.com/companies/ai-fashion,"Los Angeles, CA, USA",11,B2B,B2B -> Marketing,"B2B, Marketing","Artificial Intelligence, Generative AI, Design, Fashion","United States of America, America / Canada, Remote, Partly Remote",Early,False,False,False,Backlot,https://bookface-images.s3.amazonaws.com/small_logos/287995687a9786c7778f274e8e79316c0534ed44.png,1599762607
22106,Letter,letter,Summer 2020,Inactive,Beautifully designed banking for high net-worth individuals.,"Letter is a beautifully designed banking and financial platform made exclusively for high net-worth individuals. We make it easy to give customized debit cards to family members and staff, automatically donate to charity, and get access to exclusive investment and lending opportunities through our marketplace.",https://letter.co,https://www.ycombinator.com/companies/letter,"San Diego, CA, USA; Remote",9,Fintech,Fintech -> Banking and Exchange,"Fintech, Banking and Exchange",Fintech,"United States of America, America / Canada, Remote, Fully Remote",Early,False,False,False,,https://bookface-images.s3.amazonaws.com/small_logos/43e97eb53ccce1c702d9238294f6ec1015dc70c8.png,1599193121
22052,OneKey,onekey,Summer 2020,Inactive,Find the most profitable sites to build EV charging station,Find the most profitable sites to build EV charging station,https://getonekey.io,https://www.ycombinator.com/companies/onekey,"Paris, Île-de-France, France; Remote",3,Fintech,Fintech -> Consumer Finance,"Fintech, Consumer Finance","Energy Storage, Electric Vehicles","France, Europe, Remote, Fully Remote",Early,False,False,False,"OneKey, Tippi, Uni",https://bookface-images.s3.amazonaws.com/small_logos/38ec9456d534c0fe571c01ebbb17f72f08ce805c.png,1596474053
22049,Virtually,virtually,Summer 2020,Inactive,"The ""Shopify"" for Online Schools","The first ever ""Student Relationship Manager"" for online schools to bridge the gap between educators and students. Track attendance on Zoom, send reminders, and more. ",https://tryvirtually.com/,https://www.ycombinator.com/companies/virtually,"New York City, NY, USA; New York, NY, USA; Remote",5,B2B,B2B,B2B,"Education, SaaS, eLearning","United States of America, America / Canada, Remote, Fully Remote",Early,False,False,False,"Virtually, Peervine",https://bookface-images.s3.amazonaws.com/small_logos/f32e4d15041e7cc308d858ef8781f649458babbb.png,1594764442
22033,Memo,memo,Summer 2020,Inactive,Memo is modern communication that helps you get your focus back,"We all know the attention economy is damaging our ability to focus. Memo is for people that are mad as hell about their time being sold to the highest bidder.

Forget laborious old email and hyperactive Slack.  We built Memo as the feel-good alternative that will make you love communication again and get back time for what matters to you.

Memo's features make every message high value so you can communicate more effectively.",https://sendmemo.app,https://www.ycombinator.com/companies/memo,"Exeter, England, United Kingdom; Remote",2,B2B,"B2B -> Engineering, Product and Design","B2B, Engineering, Product and Design",SaaS,"United Kingdom, Europe, Remote, Fully Remote",Early,False,False,False,"DID, DID.app, Plum Mail",https://bookface-images.s3.amazonaws.com/small_logos/cf9fc52d8167336fb7036e55b0218f22b6ce2f86.png,1597740154
22032,Intelligent,intelligent,Summer 2020,Inactive,Demand Forecasting as a Service ,"We help businesses cut operational costs, while still exceeding customer expectations.
Most businesses are consistently under- or over-staffed, which either damages customer experience or leaves money on the table (by unnecessarily increasing staffing costs). Granular, high-accuracy demand forecasting solves this issue by allowing businesses to align resources to exactly meet demand. 
Our demand forecasting as a service, brings simplicity & precision to this often complex and error-prone process, and quickly provides business users the right answers to run their operations. ",https://www.intelligent.services/,https://www.ycombinator.com/companies/intelligent,"San Francisco, CA, USA; Los Altos, CA, USA; Remote",4,B2B,B2B -> Sales,"B2B, Sales","Machine Learning, SaaS, B2B","United States of America, America / Canada, Remote, Fully Remote",Early,False,False,False,,https://bookface-images.s3.amazonaws.com/small_logos/b6ed23c59f075554e641d7d208bcb56abf6880d1.png,1626231553
22007,Jam.gg (formerly Piepacker),jam-gg,Summer 2020,Inactive,"Jam.gg, play couch games online with friends","At the crossroads of online gaming and video chatting, jam.gg is a web platform to play awesome multiplayer games with your friends. Jam.gg focuses on hyper accessibility with a patented technology cutting the internet bandwidth requirement by 15 on average. Jam.gg features top retro, pc indie and board games.

The project branched out in two companies in 2023 with Jam on one side and Onibi (https://onibi.gg/) becoming its own company. YC being on both cap tables.",https://jam.gg/,https://www.ycombinator.com/companies/jam-gg,"San Francisco, CA, USA; Remote",,Consumer,Consumer -> Gaming,"Consumer, Gaming","Cloud Gaming, Gaming, Social","United States of America, America / Canada, Remote, Fully Remote",Early,False,False,False,Piepacker,https://bookface-images.s3.amazonaws.com/small_logos/dc264b0b6f839f5faf89e3ec342647c95c5e075c.png,1599762606
22001,Tydo,polyops,Summer 2020,Inactive,Turn your data into intelligence,Tydo’s Customer Intelligence Platform is a complete data warehouse built for AI powered customer insights. No engineer required.,https://www.tydo.com,https://www.ycombinator.com/companies/polyops,"Los Angeles, CA, USA",14,B2B,B2B -> Analytics,"B2B, Analytics","Fintech, SaaS, E-commerce","United States of America, America / Canada, Remote, Partly Remote",Growth,False,False,False,PolyOps,https://bookface-images.s3.amazonaws.com/small_logos/48848c19693fc99f897c757145ed09f04881b72f.png,1598737634
21999,In Stock,in-stock,Summer 2020,Inactive,"Find any product, in stock nearby",In Stock makes it easy to shop from local stores and get it delivered that day.  ,https://instock.org,https://www.ycombinator.com/companies/in-stock,"San Francisco, CA, USA; Santa Cruz, CA, USA",2,B2B,B2B -> Retail,"B2B, Retail",E-commerce,"United States of America, America / Canada, Remote, Partly Remote",Early,False,False,False,,https://bookface-images.s3.amazonaws.com/small_logos/0727e0fa285a7404b3127baa3c75e40869e73ed8.png,1599762606
21993,Hyper Online,hyper-online,Summer 2020,Inactive,Social avatar platform for VTubers,"Hyper is an early stage startup with a mission to build the largest avatar platform in the world. We're starting by targeting consumer use-cases, and our first one is VTubing: an emerging type of content where creators use computer-vision and motion capture to pilot 3D avatars as content creation tools.

Avatar content (also known as VTubing) has broken into the multi-billion-view-per-month category on places like Twitch and YouTube. This has given a new group of people the power to tell stories and present themselves on their own terms online while also protecting their IRL identities.  Our goal is to build the largest platform tools for this new movement. We're now  the #1 US VTubing app on iOS. 

We also recently announced our seed funding: we're backed by Amazon, Two Sigma Ventures, MakersFund, YCombinator, and other great investors.

App Store: https://hyper.online/download
TechCrunch: https://techcrunch.com/2023/06/12/hyper-raises-3-6m-from-amazon-and-more-for-its-iphone-based-vtuber-friendly-avatar-platform/",https://www.hyper.online/,https://www.ycombinator.com/companies/hyper-online,"San Francisco, CA, USA",7,Consumer,Consumer -> Social,"Consumer, Social","Artificial Intelligence, Augmented Reality, Entertainment, Social, Metaverse","United States of America, America / Canada, Remote, Partly Remote",Early,False,False,False,"Flock, Flocknet, Hyper Online, Hyper",https://bookface-images.s3.amazonaws.com/small_logos/e20b0ce954fd2bd524051b2698388294020140a0.png,1597275147
21985,Streamdal,streamdal,Summer 2020,Inactive,Data Quality & Playback Platform,"SaaS data platform for observing, repairing and replaying data in streaming systems.",https://streamdal.com,https://www.ycombinator.com/companies/streamdal,"Portland, OR, USA; Remote",9,B2B,B2B -> Infrastructure,"B2B, Infrastructure","Developer Tools, Data Engineering, DevOps","United States of America, America / Canada, Remote, Fully Remote",Early,False,False,False,Batch,https://bookface-images.s3.amazonaws.com/small_logos/905df51a88d30785af526f036fcac3fcad730bb2.png,1598191564
21984,Oico,oico,Summer 2020,Inactive,B2B marketplace for construction material in Brazil.,"Oico is the best way for large contractors in Brazil to buy construction material. We replace the time-consuming work of managing orders, deliveries and payments across dozens of suppliers, with a one-stop solution.",https://en.oico.com.br/,https://www.ycombinator.com/companies/oico,"São Paulo, SP, Brazil",35,B2B,B2B -> Operations,"B2B, Operations","Marketplace, Construction, B2B","Brazil, Latin America, Remote, Partly Remote",Early,False,False,False,,https://bookface-images.s3.amazonaws.com/small_logos/8225c25b6e5f608184bc27c325d86719271d8b6a.png,1596802345
21956,buildspace,buildspace,Summer 2020,Inactive,we're the place where people build cool shit.,"we’re the largest place where you give your idea a shot.

and, we mean any idea — a hip-hop album, short film, a novel, some indie software, a youtube channel — whatever.

no idea is too big or too small.

it all starts with nights & weekends.

it's six-weeks where you can start any idea from zero on your nights and weekends, and by the end you'll have your first fans, revenue, downloads, whatever.

in 2023:

- 12M+ ppl saw our content across Instagram and Twitter.
- more than 30,000 people joined nights & weekends to work on their own ideas.
- 1,000 people flew to meet us and others like them for 3-days.

and, we had 1,000 people come out to one of our physical, 3-day events.

to get a sense of what this all looks like in practice, see our video for season four [here](https://twitter.com/FarzaTV/status/1719091708775059754).

we even built a [physical campus](https://twitter.com/FarzaTV/status/1678561092308705281) for people who want to go full-time on their idea and need place to figure it out -- again, we don't care how big or small the idea is.

overall, it's been a journey.

so, now what?

in 2023, we built up massive distribution. it was all about creating really high-quality content + experiences. but, it was all very one-off.

in 2024, we're fully focused on taking all our learnings and building a world class product. a product that can help millions pursue their passions and build their ideas.

and, we're looking for talented engineers and designers to help us figure it out. ",https://buildspace.so/,https://www.ycombinator.com/companies/buildspace,"San Francisco, CA, USA",5,Education,Education,Education,Education,"United States of America, America / Canada, Remote, Partly Remote",Early,False,False,False,"ZipHomeschool, ZipSchool, _buildspace",https://bookface-images.s3.amazonaws.com/small_logos/cdac7458407c2472b87de3194ad1154d76a70387.png,1599762607
21899,ClearMix,clearmix,Summer 2020,Inactive,"On-Demand, Fully-Remote Marketing and Sales Video Production Platform",Our platform connects expert producers with guests to record marketing videos remotely from anywhere - videos are produced 4x faster and at 10x lower cost.,https://clearmix.com,https://www.ycombinator.com/companies/clearmix,"New York City, NY, USA; New York, NY, USA; Remote",7,B2B,B2B -> Marketing,"B2B, Marketing","Video, Marketing","United States of America, America / Canada, Remote, Fully Remote",Early,False,False,False,FeatherDocs,https://bookface-images.s3.amazonaws.com/small_logos/bba8c172b89a6a65f0c8df4fa166d8025cda09c3.png,1630099542
21896,TANGObuilder,tangobuilder,Summer 2020,Inactive,TANGObuilder automates structural engineers jobs. ,"Today the building design process is cumbersome and expensive. Architects submit their design to structural engineers for validation. Engineers need to design all structural elements such as walls, columns, and beams to ensure the structure will not collapse and complies with regulations.  The structural engineer needs four to six weeks to generate the initial solution. The engineer will submit his proposal to the architect and then engage in an extensive back and forth discussion until they agree on a satisfying solution. TANGObuilder generates the building structural design in real-time, cutting six weeks of the overall process, and reducing material usage by 30%.",https://www.tangobuilder.com,https://www.ycombinator.com/companies/tangobuilder,"San Francisco, CA, USA; Remote",9,Real Estate and Construction,Real Estate and Construction -> Construction,"Real Estate and Construction, Construction","SaaS, Construction, Housing","United States of America, America / Canada, Remote, Fully Remote",Early,False,False,False,"Jarvis Design, Tango Builder (formerly Jarvis Design), Tango Builder",https://bookface-images.s3.amazonaws.com/small_logos/90fa39364fe12db10124f53867cf0001a6382a3c.png,1593458330
21895,Foreword,foreword,Summer 2020,Inactive,"A marketplace for live, online workshops for professionals",,https://www.foreword.live/,https://www.ycombinator.com/companies/foreword,"San Francisco, CA, USA; Remote",2,Education,Education,Education,"Education, Marketplace","United States of America, America / Canada, Remote, Fully Remote",Early,False,False,False,"Foreword, Inc., Foreword, ilk, foreword",https://bookface-images.s3.amazonaws.com/small_logos/ee2a1412c586cb96ef9e0abb7d5ffbc2fba2b919.png,1598117025
21858,Monosi,monosi,Summer 2020,Inactive,Open Source Data Observability,Monosi is an extensible data observability platform that ensures teams achieve data reliability.,https://monosi.dev,https://www.ycombinator.com/companies/monosi,"San Francisco, CA, USA",2,B2B,"B2B -> Engineering, Product and Design","B2B, Engineering, Product and Design","Developer Tools, B2B, Open Source, Data Engineering","United States of America, America / Canada",Early,False,False,False,"Vocable, Kosmos, qz",https://bookface-images.s3.amazonaws.com/small_logos/a79a7e737458c49c901b1062ceb420254ed8ac77.png,1598983823
21855,Atomized,atomized,Summer 2020,Inactive,Enabling teams to deploy without needing a cloud expert,"Atomized helps developers launch applications in the cloud faster by deploying and managing the necessary infrastructure for you. Simply connect up your Github repo and your AWS account, and we'll handle the rest!

The best part is that all the infrastructure runs in your AWS account, and you have full ownership and visibility into it. No more black boxes that you can't troubleshoot and manage.

We want to empower engineers to build, deploy, secure, and monitor infrastructure faster than ever. Our long-term vision is to be the go-to platform to get started and to be able to manage all things cloud - no matter which cloud provider you choose.",https://atomizedhq.com,https://www.ycombinator.com/companies/atomized,"Charlotte, NC, USA; Remote",3,B2B,B2B -> Infrastructure,"B2B, Infrastructure","Developer Tools, B2B, DevOps","United States of America, America / Canada, Remote, Fully Remote",Early,False,False,False,Frontline,https://bookface-images.s3.amazonaws.com/small_logos/6774570940ac17f6152359e3af76945b824295d9.png,1597680967
21848,Duckly,gitduck,Summer 2020,Inactive,Video chat with real-time collaboration.,"Duckly enables teams to talk and collaborate in real-time.

Teams can use a simple URL that is easy to join and remember. You can share a website and allow your colleagues to click, type, and browse with you. You can share your code directly from your IDE or even share a terminal session that your team can interact with. All with high-quality audio and video chat.

We are building tools for real-time remote collaboration that makes it easy for teams to work as if they were side by side and share what they know.",https://duckly.com,https://www.ycombinator.com/companies/gitduck,"San Francisco, CA, USA; Remote",5,B2B,"B2B -> Engineering, Product and Design","B2B, Engineering, Product and Design","Developer Tools, B2B, Team Collaboration","United States of America, America / Canada, Remote, Fully Remote",Early,False,False,False,GitDuck,https://bookface-images.s3.amazonaws.com/small_logos/df55d8c5d1a71717f9f0318f549972b802f406c9.png,1599762606
21815,Jeevam Health,jeevam-health,Summer 2020,Inactive,Digital holistic care for complex chronic conditions ,"Jeevam Health (YC S20) is a healthcare app for holistic thyroid treatment.. Even after taking medication, 60% of women are having unresolved symptoms like fatigue, weight issues, and pregnancy challenges. 
Jeevam software assists doctors to diagnose the root cause of dysfunctions & recommend treatment protocol. The treatment revolves around nutrition, supplements, lifestyle changes, and medicine. ",https://www.jeevamhealth.com/,https://www.ycombinator.com/companies/jeevam-health,"Bengaluru, KA, India",25,Healthcare,Healthcare -> Consumer Health and Wellness,"Healthcare, Consumer Health and Wellness","Consumer Health Services, Telehealth, Digital Health, Healthcare","India, South Asia, Remote, Partly Remote",Early,False,False,False,"IoSite Inc, IoSite",https://bookface-images.s3.amazonaws.com/small_logos/a11681b8399f0e26f6957a87b153da16738b2f26.png,1614016812
21814,Queue,queue,Summer 2020,Inactive,All-in-one platform for agencies to launch and grow,"Queue is an all-in-one platform for agencies and productized services to launch and grow their business. We integrate with your website so your clients can purchase your services, access their client portal, submit tasks, review work, and everything else in between. ",https://usequeue.com,https://www.ycombinator.com/companies/queue,"Miami, FL, USA; Remote",5,B2B,"B2B -> Engineering, Product and Design","B2B, Engineering, Product and Design","SaaS, B2B","United States of America, America / Canada, Remote, Fully Remote",Early,False,False,False,,https://bookface-images.s3.amazonaws.com/small_logos/b8d56452bddf8ec1b6eed7fc00416e594a96a0cb.png,1598122233
21813,Nototo,nototo,Summer 2020,Inactive,A workspace with a spatial interface,"Nototo is a workspace that allows you to organize ALL of your information, on ONE map.",https://www.nototo.app,https://www.ycombinator.com/companies/nototo,"Vancouver, BC, Canada",3,B2B,B2B -> Productivity,"B2B, Productivity",Productivity,"Canada, America / Canada, Remote, Partly Remote",Early,False,False,False,"Nototo, Inc.",https://bookface-images.s3.amazonaws.com/small_logos/cb2b2ce44556b034d2b26d0a560a8093db91fcab.png,1599762607
21810,RTCanary,rtcanary,Summer 2020,Inactive,We are a monitoring and analytics plugin for all video chat platforms.,"WebRTC is the reason we’ve stayed connected and productive during the COVID era, powering most of the browser-based video communications platforms you use every day (Google Meet, Facebook Messenger, etc.). But when a call gets dropped or the audio cuts out, it’s hard for the video developers to understand why it happened. This is a major problem for new players in the video chat industry that lose customers because of call quality issues; customers should be able to use video platforms with the features they want without having to sacrifice call quality.",https://www.RTCanary.com,https://www.ycombinator.com/companies/rtcanary,"San Francisco, CA, USA; San Jose, CA, USA; Remote",,Consumer,Consumer -> Virtual and Augmented Reality,"Consumer, Virtual and Augmented Reality","SaaS, Analytics","United States of America, America / Canada, Remote, Fully Remote",Early,False,False,False,Postered,https://bookface-images.s3.amazonaws.com/small_logos/4ec97b498b05dee7edfc68e0372c6de558aa1e3c.png,1611981310
21805,Bento,bento,Summer 2020,Inactive,In product customer activation,"Bento empowers b2b SaaS companies to give customers great in-product onboarding, 10x faster than building it in house. From set-up, to trying out a new workflow, Bento's onboarding guides give users a home base to track progress, pull in a co-worker to help (looking at you, IT), and go back to the steps they've done before.",http://trybento.co/,https://www.ycombinator.com/companies/bento,"San Francisco, CA, USA",,B2B,B2B -> Productivity,"B2B, Productivity","SaaS, B2B","United States of America, America / Canada, Remote, Partly Remote",Early,False,False,False,"Bento App, Inc.",https://bookface-images.s3.amazonaws.com/small_logos/92cfae29909a74a6807ccb30edafa8dc8ffa27aa.png,1616254140
21802,Rume,rume,Summer 2020,Inactive,Video chat that doesn't feel like work,Video chat today is built for meetings but you wouldn't have your birthday party around a conference table. Rume re-creates the social dynamic of an in person event where you are easily able to have smaller conversations and fluidly move between groups when you see someone you know. ,https://rume.video,https://www.ycombinator.com/companies/rume,"San Francisco, CA, USA",3,Consumer,Consumer -> Social,"Consumer, Social","Consumer, Video, Social","United States of America, America / Canada",Early,False,False,False,Lume,https://bookface-images.s3.amazonaws.com/small_logos/ee953051618032a14eb576e8aae72ea5ebe99b62.png,1598590159
21794,Shuttle,shuttle,Summer 2020,Inactive,Build Backends. Fast.,"Our Mission 🎯

At Shuttle, we’re on a mission to revolutionise developer experience for building web apps. Everything we do is about crafting an exceptionally simple, satisfying and effective way to do cloud development. We are open source community-driven and loved by thousands of engineers. Our vision: the ultimate platform to supercharge developers’ productivity.

About Shuttle 🚀

Shuttle is the cloud infrastructure platform for developers building with Cursor and GitHub Copilot. We make it simple to ship reliable and scalable backends, so developers can focus on creating great products.

Over 20,000 developers use Shuttle to build and deploy Rust backends in minutes, and we’re now bringing the same zero-config experience to every developer. As AI tools like Cursor and GitHub Copilot accelerate coding, infrastructure is becoming the bottleneck - Shuttle removes it.",https://www.shuttle.dev,https://www.ycombinator.com/companies/shuttle,"London, England, United Kingdom",12,B2B,B2B -> Infrastructure,"B2B, Infrastructure","Artificial Intelligence, Developer Tools, SaaS, Open Source, DevOps","United Kingdom, Europe, Remote, Partly Remote",Early,False,False,False,"OpenQuery, Synth, shuttle",https://bookface-images.s3.amazonaws.com/small_logos/0c189cabb560e9c254a44aff2d8e3ff94ea9d36e.png,1599762607
21733,Metamanagement,metamanagement,Summer 2020,Inactive,We help SaaS companies deploy into their customer's environment.,,https://metamanagement.dev,https://www.ycombinator.com/companies/metamanagement,"San Francisco, CA, USA",1,B2B,B2B -> Infrastructure,"B2B, Infrastructure","Developer Tools, SaaS, B2B","United States of America, America / Canada",Early,False,False,False,,https://bookface-images.s3.amazonaws.com/small_logos/d1ce297e20c069b1d2fdd8318e4470b909ba1962.png,1603733756
13732,Reploy,reploy,Summer 2020,Inactive,"Instant, shareable staging environments","Reploy makes it dead simple to generate full-stack staging environments or “previews” of web apps on every pull request. This helps teams move faster by sharing changes instantly, with everyone!",https://getreploy.com/,https://www.ycombinator.com/companies/reploy,"San Francisco, CA, USA",4,B2B,B2B -> Infrastructure,"B2B, Infrastructure","Developer Tools, DevOps","United States of America, America / Canada",Early,False,False,False,,https://bookface-images.s3.amazonaws.com/small_logos/ebfba5d325484467474bc67a08191861271dfbb5.png,1597997477
13435,Overfit,overfit,Summer 2020,Inactive,Human coach for accountability + AI for personalized workouts,,https://overfit.com,https://www.ycombinator.com/companies/overfit,"San Francisco, CA, USA; Mountain View, CA, USA",4,Healthcare,Healthcare -> Consumer Health and Wellness,"Healthcare, Consumer Health and Wellness","Artificial Intelligence, Fitness","United States of America, America / Canada, Remote, Partly Remote",Early,False,False,False,"Assist AI, PepTales",https://bookface-images.s3.amazonaws.com/small_logos/05a7ead9b34458125d12f1e1ab33c9e5143ceca4.png,1629140970
13306,Trident Bioscience,trident-bioscience,Summer 2020,Inactive,Accelerating protein engineering.,"Trident Bioscience builds tools to expedite the discovery and optimization of useful proteins. Our technology first applies predictive models of protein structure and function to generate sets of potentially active protein sequences. We then apply our state-of-the-art sequence optimization algorithm to design gene libraries capable of testing these candidates extremely quickly and affordably. By combining these technologies, we're closing the design-build-test loop of protein optimization and cutting the total cycle time to help bring synthetic proteins to market faster than ever before.",https://trident.bio,https://www.ycombinator.com/companies/trident-bioscience,"San Francisco, CA, USA; Mountain View, CA, USA; Remote",1,Healthcare,Healthcare -> Drug Discovery and Delivery,"Healthcare, Drug Discovery and Delivery","Hard Tech, Machine Learning","United States of America, America / Canada, Remote, Fully Remote",Early,False,False,False,,https://bookface-images.s3.amazonaws.com/small_logos/40f8f694b19393c459f2134d2ca7da347ce9ce08.png,1599762607
13173,Racer,racer,Summer 2020,Inactive,15-minute food delivery,,http://racer.app,https://www.ycombinator.com/companies/racer,"New York City, NY, USA; New York, NY, USA",7,Consumer,Consumer -> Food and Beverage,"Consumer, Food and Beverage","Delivery, Food & Beverage","United States of America, America / Canada",Early,False,False,False,"Lyncsolar, Magic, Origami makes robots that make sushi, Origami, TBD, Racer, TBD",https://bookface-images.s3.amazonaws.com/small_logos/4363c854a3940fa0d1c373b45b6123eb380d1927.png,1606355690
13159,Openbase,openbase,Summer 2020,Inactive,Open-source library discovery,"Openbase was the leading platform for developers to discover and choose open-source libraries. It offered countless reviews, metrics, and insights enjoyed by millions of developers worldwide. Discontinued in 2023.",,https://www.ycombinator.com/companies/openbase,"San Francisco, CA, USA; Remote",,B2B,"B2B -> Engineering, Product and Design","B2B, Engineering, Product and Design","Developer Tools, DevSecOps, Open Source","United States of America, America / Canada, Remote, Fully Remote",Early,False,False,False,Devstore,https://bookface-images.s3.amazonaws.com/small_logos/dc87029e5a78d6cc28d8d10fc173581df6c2afa6.png,1594854533
13089,Unfaze AI,unfaze-ai,Summer 2020,Inactive,Create stunning product images and short-form promotional videos 10x…,,https://unfaze.ai/,https://www.ycombinator.com/companies/unfaze-ai,"San Francisco, CA, USA",7,B2B,B2B,B2B,,"United States of America, America / Canada, Remote, Partly Remote",Early,False,False,False,"BikePath, Awareness, BikePath, 2Cents, Mirage, Mirage (BikePath), Mirage, Mirage Studio, Latent Studio, Unfaze.ai",https://bookface-images.s3.amazonaws.com/small_logos/1a33828d64de96681db180b14fa6000e9e935b1b.png,1630010301
