id,name,slug,batch,status,one_liner,long_description,website,ycdc_company_url,all_locations,team_size,industry,subindustry,industries,tags,regions,stage,top_company,isHiring,nonprofit,former_names,small_logo_thumb_url,launched_at
1109,BillionToOne,billiontoone,Summer 2017,Public,The genetic testing platform detecting and measuring disease.,"BillionToOne has developed a DNA molecular counter that increases the cell-free DNA diagnostics resolution by over 1,000 fold, which unlocks transformative improvements in prenatal screening and liquid biopsy for cancers. Unity Screen, BillionToOne's commercially available non-invasive prenatal test (NIPT), is the only NIPT that can assess fetal risk for both recessive conditions and aneuploidies from maternal blood. UNITY Screen continues to grow exponentially and is on its path to becoming the next standard-of-care, with an increasing number of publications showing its accuracy and advantages over other screening methods. We have also recently used our molecular counting technology to develop liquid biopsy tests, which have the potential to completely transform oncology care.",https://www.billiontoone.com,https://www.ycombinator.com/companies/billiontoone,"San Francisco, CA, USA; Menlo Park, CA, USA",300,Healthcare,Healthcare -> Diagnostics,"Healthcare, Diagnostics","Diagnostics, Genomics","United States of America, America / Canada, Remote, Partly Remote",Growth,False,True,False,,https://bookface-images.s3.amazonaws.com/small_logos/7374f48e30f2dabadb3413903af69fcda589d67f.png,1453416611
1616,Flock Safety,flock-safety,Summer 2017,Active,The first public safety operating system that eliminates crime.,"Flock Safety provides the first public safety operating system that empowers private communities and law enforcement to work together to eliminate crime. We are committed to protecting human privacy and mitigating bias in policing with the development of best-in-class technology rooted in ethical design, which unites civilians and public servants in pursuit of a safer, more equitable society. 

Our Safety-as-a-Service approach includes affordable devices powered by LTE and solar that can be installed anywhere.  Our technology detects and captures objective details, decodes evidence in real-time and delivers investigative leads into the hands of those who matter. 

While safety is a serious business, we are a supportive team that is optimizing the remote experience to create strong and fun relationships even when we are physically apart. Our flock of hard-working employees thrive in a positive and inclusive environment, where a bias towards action is rewarded. Flock Safety is headquartered in Atlanta and operates nationwide. We have raised $150M in our Series E led by Tiger Global at a $3.5B valuation.",http://www.flocksafety.com,https://www.ycombinator.com/companies/flock-safety,"Atlanta, GA, USA",1000,B2B,"B2B -> Engineering, Product and Design","B2B, Engineering, Product and Design","Hardware, Machine Learning, SaaS","United States of America, America / Canada, Remote, Partly Remote",Growth,True,True,False,Flock,https://bookface-images.s3.amazonaws.com/small_logos/ee69b5c905088288ff0fc007921dde14514a40a1.png,1646149352
1688,Modern Fertility,modern-fertility,Summer 2017,Acquired,At-home fertility test for women who aren't ready for kids right now…,"We're a women’s health company making personalized reproductive health information more accessible, earlier in life. We make the same laboratory tests that were previously confined to fertility clinics more accessible for women at home. By arming women with powerful information about their reproductive health, Modern Fertility is closing the fertility information gap and enabling women to own the decisions impacting their bodies and futures. We've raised $22 million from Forerunner Ventures, Maveron, Union Square Ventures, First Round Capital, #Angels and Y Combinator.
",https://www.modernfertility.com,https://www.ycombinator.com/companies/modern-fertility,"San Francisco, CA, USA",25,Healthcare,Healthcare -> Consumer Health and Wellness,"Healthcare, Consumer Health and Wellness","Fertility Tech, Consumer Health Services, Women's Health","United States of America, America / Canada",Growth,True,False,False,,https://bookface-images.s3.amazonaws.com/small_logos/b80c9ee16644141e27cf06459324dccdc7fd94bf.png,1495670433
1713,Cashfree Payments,cashfree-payments,Summer 2017,Active,Next-gen digital payments provider for India.,"Cashfree is a next-generation payments company for Indian businesses. 

Cashfree helps 50,000+ businesses collect and send money with solutions such as an easy to integrate payment gateway that supports instant settlements & refunds; Payouts - an API banking platform for bulk disbursals; a split payment solution for marketplaces; a Bank Account Verification API; a dedicated UPI stack for businesses and Auto Collect - a virtual account solution to match inbound payments to customers. It counts Xiaomi, Nykaa, Zomato, Zoomcar, Cred, Swiggy, Shell, Zepto, Dunzo as well as donation platforms like Ketto and Milaap amongst its customers.

Cashfree is a licensed payment aggregator in India and works with all leading banks to build the core payments and banking infrastructure that powers Cashfree’s products. Cashfree is also integrated with major platforms like Shopify, Wix, Paypal, Amazon Pay, Ola Money and Google Pay.",https://www.cashfree.com/,https://www.ycombinator.com/companies/cashfree-payments,"Bengaluru, KA, India",200,Fintech,Fintech -> Payments,"Fintech, Payments","Payments, India","India, South Asia, Remote, Partly Remote",Growth,False,True,False,Cashfree,https://bookface-images.s3.amazonaws.com/small_logos/7eb68658869d911582ae784bc8ff049cb6b4a898.png,1496970201
1705,Candidately,candidately,Summer 2017,Active,The digital storefront for staffing and recruiting teams.,"Candidately is the AI workspace for recruitment agencies. We sit on top of Bullhorn and other major ATS platforms and give every recruiter on the team the speed and reach of the best biller in the building.

One platform, five products. Rediscovery uses semantic search to find candidates the ATS already has but Boolean search can't surface. Sourcing reaches 250+ million web profiles when the database falls short. Resume Builder turns a raw CV into a branded, client-ready document in seconds. Client Portal replaces email threads with a white-labeled space where hiring managers review, shortlist, and respond. Talent Marketplace puts a searchable candidate directory on agency websites so clients come to you.

Agencies have spent years building candidate databases worth millions. Candidately makes that investment actually pay off, from first search to final placement.",https://www.candidately.com/,https://www.ycombinator.com/companies/candidately,"New York City, NY, USA; Remote",9,B2B,B2B -> Recruiting and Talent,"B2B, Recruiting and Talent","SaaS, B2B, Recruiting, HR Tech","United States of America, America / Canada, Remote, Fully Remote",Early,False,False,False,"Gustav, Candidately, Gustav, Candidately, Candidate.ly",https://bookface-images.s3.amazonaws.com/small_logos/2eb845253b30b7d03651816b8bbbf27b80eaffa2.png,1592571268
1703,FollowUpThen,followupthen,Summer 2017,Active,FollowUpThen is an email-based personal assistant that sends you…,"FollowUpThen is a personal assistant that sends you exactly what you need at exactly the right moment to get something done. Its best feature is its simplicity. Email 1min@followupthen.com, 1hour@followupthen.com or {any-time}@followupthen.com and you'll get the email back at that time. But look further and you will find advanced syntax supporting the most nuanced and complex email productivity workflow. Adding a reminder to any email is a one-second operation thanks to your email client's address autocomplete.

Example use-cases include:
 * Following up with sales prospects
 * Maintaining relationships
 * Task delegation (put FollowUpThen in the bcc field)
 * Just-in-time reminders to get a task done (pay bills, etc)
 * Hitting inbox zero (forwarding emails to your future)

In today's workplace we are bombarded with realtime demands on our attention. FollowUpThen answers this trend by making work more asynchronous, allowing you to place information in the future,  giving you freedom and peace of mind in the present and allowing you actually get something done. Easy to learn. Hard to outgrow. ",https://www.followupthen.com/,https://www.ycombinator.com/companies/followupthen,"San Francisco, CA, USA",1,B2B,B2B -> Productivity,"B2B, Productivity","Productivity, Automation, AI","United States of America, America / Canada",Early,False,False,False,"FollowUpThen, Inc, Gopher",https://bookface-images.s3.amazonaws.com/small_logos/793024bcad049e570384ad1ef56b89ad94fe10db.png,1496779971
1702,Thematic,thematic,Summer 2017,Active,Customer intelligence for Enterprise CX teams. The grounded…,"Thematic is the customer intelligence layer for enterprise CX. Trustworthy and traceable reporting your teams can stake decisions on, and the grounded data foundation your AI agents need to scale safely. Customers see NPS gains of 5 to 35 points and have attributed $4.8M in revenue from a 6-month pilot. Forrester measured 543% three-year ROI. Trusted by DoorDash, Woolworths, BNY, and Mitsubishi.",http://www.getthematic.com,https://www.ycombinator.com/companies/thematic,"Auckland, Auckland, New Zealand; Remote",20,B2B,B2B -> Analytics,"B2B, Analytics","SaaS, B2B, AI","New Zealand, Oceania, Remote, Fully Remote",Early,False,False,False,,https://bookface-images.s3.amazonaws.com/small_logos/9fdfd6d76b44b6fa6fbb40a4e9c99072a13924b8.png,1496779967
1700,10 By 10,10-by-10,Summer 2017,Active,10by10 is a unique marketplace in the recruiting agency industry for…,10by10 is a marketplace to instantly match qualified candidates with companies by pooling candidates across recruitment agencies. Check out the testimonials on our website (www.10by10.io).,https://10by10.io,https://www.ycombinator.com/companies/10-by-10,"San Francisco, CA, USA; Remote",5,B2B,B2B -> Recruiting and Talent,"B2B, Recruiting and Talent","Artificial Intelligence, Marketplace, Recruiting","United States of America, America / Canada, Remote, Fully Remote",Early,False,False,False,,https://bookface-images.s3.amazonaws.com/small_logos/0f3baff26589296bfbecd152fe3a887fd60a04b0.png,1496779362
1696,Forever Labs,forever-labs,Summer 2017,Active,"We bank your stem cells to help you live healthier, longer.","Forever Labs collects and stores adult stem cells, and develops therapies based upon stem cell rejuvenation.",https://foreverlabs.com,https://www.ycombinator.com/companies/forever-labs,"Ann Arbor, MI, USA",12,Healthcare,Healthcare -> Therapeutics,"Healthcare, Therapeutics",Anti-Aging,"United States of America, America / Canada",Early,False,False,False,,https://bookface-images.s3.amazonaws.com/small_logos/2551f858875b49e48688473a8dad17ee8425d618.png,1495941669
1694,Gem,gem,Summer 2017,Active,Talent engagement platform,"Gem’s talent engagement platform helps recruiting teams use data and automation to improve hiring speed, quality, and diversity.

Gem unifies data and context from the tools recruiters use every day, including email, applicant tracking systems, LinkedIn, and other social networks, to create a source of truth for all talent relationships. Armed with insights about the entire recruiting process, automation to reach out to talent at scale, and true cross-functional collaboration tools, TA teams can proactively and strategically plan for what’s ahead.

Gem's customers are savvy recruiting teams from industry-leading companies — like Wayfair, Dropbox, Nasdaq, Cisco, and Doordash — who understand that hiring the best talent in the market is key to maintaining their competitive advantage.",https://www.gem.com/,https://www.ycombinator.com/companies/gem,"San Francisco, CA, USA",200,B2B,B2B -> Recruiting and Talent,"B2B, Recruiting and Talent","SaaS, B2B, Recruiting","United States of America, America / Canada, Remote, Partly Remote",Growth,False,True,False,ZenSourcer,https://bookface-images.s3.amazonaws.com/small_logos/6a37f8c6b6d3cddaee978aab62ebe0f6bacec7db.png,1495675236
1693,Just Appraised,just-appraised,Summer 2017,Active,Just Appraised makes software for local governments.,"Our goal is to empower local government employees with the tools, technology, and support they need so they can deliver exceptional service to their taxpayers and feel proud of the work they do for their communities. We contribute by building software to streamline local government tax assessors’ workflows using AI. Specifically, we streamline the change of ownership process for real estate and create more seamless ways for tax offices to communicate digitally with their taxpayers.  

For instance, when properties get bought and sold, local governments have to process reams of paper in order to update their systems and perform the analyses necessary to update the tax roll. Our software makes this process 10x faster and much more enjoyable for employees in the tax office to complete, and creates trust and goodwill in the minds of taxpayers. ",https://www.justappraised.com,https://www.ycombinator.com/companies/just-appraised,"San Francisco, CA, USA; Palo Alto, CA, USA; Remote",40,Government,Government,Government,"SaaS, GovTech","United States of America, America / Canada, Remote, Fully Remote",Growth,False,True,False,Appraised,/company/thumb/missing.png,1495674036
1692,Routable,routable,Summer 2017,Active,Simplifying payouts at scale,"Routable’s secure B2B payments platform helps finance teams automate and simplify the payables process from invoice receipt to settlement. With support for your existing workflows and the flexibility to scale transactions from 100 to 100,000+, the platform was purpose-built to handle mass payouts reducing time spent on tedious tasks.",https://routable.com,https://www.ycombinator.com/companies/routable,"San Francisco, CA, USA; Remote",160,B2B,B2B -> Finance and Accounting,"B2B, Finance and Accounting","Fintech, Payments","United States of America, America / Canada, Remote, Fully Remote",Growth,False,True,False,Warren,https://bookface-images.s3.amazonaws.com/small_logos/91b6076921a7439ff3b490dee3e269710a65a792.png,1495674035
1690,Goodcover,goodcover,Summer 2017,Active,"Digital Co-op Renters Insurance = half the price, better coverage.","Goodcover provides its Members with Good Renters Insurance for 50% less than legacy companies and an Annual Dividend of the money left over after claims obligations are met.

Goodcover is a Managing General Agent (MGA) that administers personal insurance on behalf of our Membership, a bit like how USAA does it.

Member's premiums are pooled and used to pay claims.  We take a fixed fee, and the remainder is returned in our Annual Member Dividend.

We work with multi-billion dollar capital partners to ensure regulations are followed, adequate claims capital is always available, and we have emergency capacity for catastrophes.

Technology allows us to eliminate waste, saving roughly 25% of the cost.  We are 100% digital, but not bots - we invest in tech that enables our experts to help Members.

As an Invitation Only Membership served by an MGA, **we can give Members Free Insurance** when they invite others, turning our ""Marketing Budget"" into savings for Members.  This eliminates Lizards and Sales Agents, saving the other 25%.
We do not use the standard industry models, instead using a multiperil model to more granularly price risk.  This means that for a few of you we are more expensive... but everyone else pays much less than they would otherwise pay.

Our granular, multiperil model allows us to offer a superior policy over the standard market including:
    - coverage for if your place is flooded by a neighbor
    - Replacement Cost Coverage (meaning new stuff for your old)
    - All Risk coverage for high value items you tell us about - including computers (almost no one does that amazingly)
    - added coverage for mold removal

Our MGA business model allows us to be capital efficient, ""renting"" capacity as we need it.

All this adds up to our government approved pricing being 40-60% cheaper on average than that of our competitors. ",http://www.goodcover.com,https://www.ycombinator.com/companies/goodcover,"San Francisco, CA, USA",1,Fintech,Fintech -> Insurance,"Fintech, Insurance","Fintech, Insurance","United States of America, America / Canada, Remote, Partly Remote",Growth,False,False,False,Collective,https://bookface-images.s3.amazonaws.com/small_logos/2ccf4ef1efc72341bb2abddc0f6f7843aa2cafa7.png,1576001359
1687,AssemblyAI,assemblyai,Summer 2017,Active,The best way to build Voice AI apps,Today’s top Voice AI companies rely on AssemblyAI’s speech-to-text and speech understanding models to launch groundbreaking products fast and to scale with ease.,https://www.assemblyai.com,https://www.ycombinator.com/companies/assemblyai,"New York City, NY, USA; Remote",65,B2B,B2B -> Infrastructure,"B2B, Infrastructure","Artificial Intelligence, Developer Tools, Speech Recognition, API, AI","United States of America, America / Canada, Remote, Fully Remote",Growth,False,True,False,,https://bookface-images.s3.amazonaws.com/small_logos/10887edbd9771d54d34bdf7780c6f3cda92e7366.png,1495670432
1684,Zendar,zendar,Summer 2017,Active,We make high definition radar allowing self-driving cars to see in…,Zendar develops high-definition radar for autonomous vehicles.,http://www.zendar.io,https://www.ycombinator.com/companies/zendar,"San Francisco, CA, USA; Berkeley, CA, USA",45,Industrials,Industrials -> Automotive,"Industrials, Automotive","Hardware, Radar, Automotive","United States of America, America / Canada",Growth,False,False,False,Aperture Synthesis Inc. ,https://bookface-images.s3.amazonaws.com/small_logos/8e99074d8ec6a536a46c9e9d49930a0170197bb1.png,1495669827
1682,Officely,officely,Summer 2017,Active,Office management software for hybrid workspaces,"Officely takes in every kind of workplace data — desk bookings, badge swipes, Wi-Fi logins — and turns it into one accurate record of how your offices are really used. Then everything your team needs runs on top, built around how your business actually works.",https://getofficely.com/,https://www.ycombinator.com/companies/officely,"London, England, United Kingdom; Remote",3,B2B,B2B -> Office Management,"B2B, Office Management","SaaS, B2B","United Kingdom, Europe, Remote, Fully Remote",Early,False,False,False,"HotelFlex, Officely, Officely (formerly HotelFlex), Officely, Tempa",https://bookface-images.s3.amazonaws.com/small_logos/82aabff5fa61346351a232a5d89a04da87334aff.png,1494603124
1680,May Mobility,may-mobility,Summer 2017,Active,Transforming cities and rural areas through AV transit and technology,"May Mobility is a leader in autonomous vehicle technology development and deployment. With more than 300,000 autonomous rides to date, May Mobility is committed to delivering safe, efficient and sustainable shuttle solutions designed to complement today’s public transportation options. The company’s ultimate goal is to realize a world where self-driving systems make transportation more accessible and reliable, the roads safer, and encourage better land use in order to foster more green, vibrant, and livable spaces.",http://maymobility.com,https://www.ycombinator.com/companies/may-mobility,"Ann Arbor, MI, USA",260,Industrials,Industrials -> Automotive,"Industrials, Automotive","Artificial Intelligence, Robotics","United States of America, America / Canada, Remote, Partly Remote",Growth,False,True,False,,https://bookface-images.s3.amazonaws.com/small_logos/82b246f4ed3cc8c8c2d7960c19d98452ed3ecf79.png,1493917928
1677,Muzz,muzz,Summer 2017,Active,Where Single Muslims meet,"Muslims don't date - they marry. Muzz is where single Muslims meet. We are the world's biggest Muslim dating app, boasting over 10 million members and over 500,000 weddings, Muzz is making a real difference in the huge yet untapped global Muslim demographic.

Shahzad Younas (London, UK) is the founder and CEO of Muzz. Formerly a Vice President in Equity Portfolio Trading at investment bank Morgan Stanley for 9 years, Shahzad quit his career to fully focus on building a high quality mobile app to help Muslims around the world to find their perfect marriage partner.

Backed with a total of $9M investment (Seed and Series A) from a range of Silicon Valley and global investors, headquartered in Aldgate, London, and boasting a fast growing 80 strong team, Muzz is transforming how Muslims meet and marry.

Muzz was the first Muslim centric startup ever to be backed by Y Combinator (Summer 2017) - the prestigious Silicon Valley based accelerator behind Airbnb/Dropbox/Stripe, and has been featured on the BBC, The Times, The Evening Standard, The Financial Times, The New York Times, CNN, MensHealth, and TechCrunch amongst many others.",https://muzz.com,https://www.ycombinator.com/companies/muzz,"London, England, United Kingdom",104,Consumer,Consumer -> Social,"Consumer, Social","Dating, Social Network","United Kingdom, Europe, Remote, Partly Remote",Growth,False,True,False,"muzmatch, Muzz (formerly muzmatch)",https://bookface-images.s3.amazonaws.com/small_logos/2355430c887d3e3a896ce6327460db5a6fe2f2a5.png,1493863327
1673,OneLocal,onelocal,Summer 2017,Active,OneLocal is a CRM for local businesses.,"OneLocal's cloud-based tools help you provide best-in-class experiences, connecting you with customers in a more meaningful way. Each tool is designed to work independently, but when connected together, they offer full-automation to drive revenue growth & save you time. There's no infrastructure or setup time required, simply login & watch OneLocal work for your business.",https://onelocal.com/,https://www.ycombinator.com/companies/onelocal,"Toronto, ON, Canada",90,B2B,B2B -> Retail,"B2B, Retail",CRM,"Canada, America / Canada",Growth,False,True,False,,https://bookface-images.s3.amazonaws.com/small_logos/f144160c4ffc7ca5630f9be867ceb45fdc18ac6b.png,1493861528
1671,Sourceress,sourceress,Summer 2017,Active,,"Sourceress is an AI recruiter that is reinventing how people find jobs. With tailor-made machine learning models, we rigorously define what a company is looking for in a role, identify great candidates, and engage candidates with highly personalized introductions. Our process creates a stream of interested candidates that hiring managers are excited about more than 85% of the time.",http://sourceress.com/,https://www.ycombinator.com/companies/sourceress,"San Francisco, CA, USA",35,B2B,"B2B -> Engineering, Product and Design","B2B, Engineering, Product and Design","Artificial Intelligence, Machine Learning, Data Engineering","United States of America, America / Canada, Remote, Partly Remote",Growth,False,False,False,"Sourceress, Generally Intelligent, Imbue (formerly Generally Intelligent, YC17), Imbue (formerly Generally Intelligent)",https://bookface-images.s3.amazonaws.com/small_logos/cd298ab7cc0e50b44f16100129fb3d4a93dcabc0.png,1493860914
1665,Oncobox,oncobox,Summer 2017,Active,Finding the right cancer drug for each patient. ,"Oncobox believes that many late-stage cancer patients are dying prematurely because doctors lack a data-driven tool to help them decide which drugs currently on the market would most effectively fight individual patients’ specific cancers. That’s where Oncobox comes in. Oncobox is low-cost personalized genetic profiling to help doctors decide which drug to use. In a recent study conducted by leading cancer researchers in Europe and Asia on 900 patients with various late-stage cancers, Oncobox increased the effectiveness of targeted therapies from 25% to 64%.

How does Oncobox work? Over 150 targeted cancer drugs are currently on the market. But deciding which of these drugs to give to late-stage cancer patients is not a simple task. Cancer doctors are in a race against the clock. They don’t always know which medication will be most effective for their patients. Because these drugs are expensive and typically have significant side effects, they can’t just try them all. Because of these barriers, targeted cancer therapies are effective only 25% of the time, and 70% of patients with late-stage cancers die due to the toxic side effects of ineffective drugs.

Oncobox Dx analyses tumor DNA, RNA, and molecular pathways using algorithms to distinguish which molecular targets are the most crucial for individual cases. Doctors receive a clinically actionable report that shows them which drugs are likely to be most effective on the patient.

We actively seek partners from pharma, hospitals/clinicians, payers, and genomic centers. Feel free to contact us at hello@oncobox.com. 

Our team and the scientific advisory board consisting of leading scientists and researchers from UCLA, Stanford, Johns Hopkins University, Boston University, Tufts University, and Rutgers University.",http://oncobox.com,https://www.ycombinator.com/companies/oncobox,"Walnut, CA, USA",11,Healthcare,Healthcare -> Diagnostics,"Healthcare, Diagnostics","Drug discovery, Oncology","United States of America, America / Canada",Early,False,False,False,"Oncobox, OncoBox",/company/thumb/missing.png,1493851252
1664,Tesseract,tesseract,Summer 2017,Active,Tesseract builds better thrusters for modern satellites,"Tesseract is a provider of cost effective propulsion components and systems for in-space applications spanning commercial Earth-orbiting satellites, robotic exploration missions, and human spaceflight.",http://tesseract.space,https://www.ycombinator.com/companies/tesseract,"Livermore, CA, USA",6,Industrials,Industrials -> Aviation and Space,"Industrials, Aviation and Space","Space Exploration, Satellites, Rocketry","United States of America, America / Canada, Remote, Partly Remote",Early,False,False,False,,https://bookface-images.s3.amazonaws.com/small_logos/92ed933914d1d81403a5b95e58b54da7ff852555.png,1493833326
1663,D-ID,d-id,Summer 2017,Active,Enable creators and developers to generate realistic AI personas,"D-ID enables creators and developers to generate realistic high-quality AI personas easily and ethically through the use of our platform and APIs, based on deep-learning and AI-powered technology - Enabling Creative Reality™.

D-ID is a Tel Aviv-based Creative Reality™ startup specializing in patented video reenactment technology using AI and deep learning. 
Established in 2017, D-ID created the first facial image de-identification solution to protect images and videos from facial recognition software. 
D-ID's products range from animating still photos to facilitating high-quality video productions and creating viral user experiences. ",http://www.d-id.com,https://www.ycombinator.com/companies/d-id,"Tel Aviv-Yafo, Tel Aviv District, Israel",27,B2B,B2B -> Security,"B2B, Security","Artificial Intelligence, Deep Learning, Generative AI, Entertainment","Israel, Middle East and North Africa, Remote, Partly Remote",Growth,False,True,False,De-ID,https://bookface-images.s3.amazonaws.com/small_logos/0bfa35a853487ffdadce50500de098ce5beb965d.png,1493789454
1662,Skyscrape,skyscrape,Summer 2017,Active,Skyscrape makes temperature-responsive insulation,"Skyscrape makes temperature responsive fabrics for a new type of clothing. These fabrics literally change shape in response to a change in temperature: the fabrics become thicker and insulate more as the temperature drops, and they become thinner and insulate less as the temperature rises again. This ""intelligent insulation"" has no wires or sensors, and the fabric's shape-changing behavior comes from a natural materials response. 

Skyscrape’s fabrics offer expanded thermal comfort across a wider temperature range than conventional clothing. Creating textiles that could change shape with changing temperatures required years of laboratory work by an interdisciplinary team of scientists, engineers, designers, and weavers, designing and refining machines and processes to make yarns and fabrics that could adapt to the environment.

Skyscrape's first market entry was with Ralph Lauren in the 2022 Team USA Winter Olympics Opening Ceremony.",http://skyscrape.us,https://www.ycombinator.com/companies/skyscrape,"Portland, OR, USA",3,Industrials,Industrials -> Manufacturing and Robotics,"Industrials, Manufacturing and Robotics","Smart Clothing, Sustainable Fashion","United States of America, America / Canada",Early,False,False,False,Kestrel Materials,https://bookface-images.s3.amazonaws.com/small_logos/0ed66f4ece1d60d2483780c170ba68b53ec9d242.png,1493788323
1658,Flowspace,flowspace,Summer 2017,Active,The operating system powering ecommerce fulfillment,"Flowspace is a modern fulfillment provider that combines powerful technology with expert fulfillment operations to deliver seamless and scalable execution that moves with your business.

Purpose-built for ecommerce and omnichannel fulfillment, Flowspace unifies order management (OMS), inventory management (IMS), network optimization, seamless integrations, EDI, and proprietary warehouse management (WMS) technology. With negotiated carrier rates, automated B2B packing, D2C kitting and bundling, and a self-service AI tool, Flowspace provides the flexibility and control modern brands need to operate efficiently at scale without adding operational headcount.",https://flow.space,https://www.ycombinator.com/companies/flowspace,"Los Angeles, CA, USA",48,B2B,B2B -> Supply Chain and Logistics,"B2B, Supply Chain and Logistics","Logistics, E-commerce, Supply Chain","United States of America, America / Canada",Growth,False,False,False,,https://bookface-images.s3.amazonaws.com/small_logos/5327a1b9de06d3ab5f954ccf40f13fc5fa417cb8.png,1493782229
1651,Airthium,airthium,Summer 2017,Active,Decarbonized heat and power cheaper than fossil fuels,"We build engines that have the potential to slash 33% or worldwide CO2 emissions - cost-effectively.

First, we help food and mining companies cut both their heat costs *and* CO2 emissions by replacing gas-fired steam boilers with our proprietary high temperature heat pumps. Our heat pumps make up to 3x more heat with the same amount of electricity, even at up to 1000°F.

Once the heat pump market is mature, we will address the seasonal energy storage market. Our storage units are based on the exact same proprietary engine we use for our heat pumps. They work with solar and wind, and replace lithium-ion batteries, fossil-fired power plants, CO2 capture and storage, and fuel procurement, with a cheaper, sustainable and more reliable alternative, which can be sited anywhere.

The first opportunity is a high-margin market worth 3% of worldwide CO2. The second is a much bigger market worth 30% of worldwide CO2. By the time all cars become electric, it will be even more.

Our key is we are building the first Stirling engine to reach 86% of the Carnot efficiency, compared to 64% for the state of the art. We do all that while significantly decreasing costs, and increasing reliability.

Please see Airthium's website for more information.",http://www.airthium.com,https://www.ycombinator.com/companies/airthium,"Paris, Île-de-France, France",18,Industrials,Industrials -> Climate,"Industrials, Climate","Energy Storage, Hard Tech, Hardware, Climate, Energy","France, Europe, Remote, Partly Remote",Early,False,False,False,,https://bookface-images.s3.amazonaws.com/small_logos/47e0ce3ee1f7f3701c2f7f883ff961f703c2fc5e.png,1493699511
1647,tpaga,tpaga,Summer 2017,Active,First financial Superapp of Latin America,"Through our mobile wallet, we allow consumers to receive, store, and send money through their phones. Virtually all the value propositions of a bank,  in just one app.
",https://tpaga.co/,https://www.ycombinator.com/companies/tpaga,"Bogotá, Bogota, Colombia; Remote",25,Fintech,Fintech -> Payments,"Fintech, Payments","Banking as a Service, Fintech","Colombia, Latin America, Remote, Fully Remote",Early,False,False,False,Tpaga,https://bookface-images.s3.amazonaws.com/small_logos/d683992b573536b62d0a5d41e2c540439a9fe237.png,1493698216
1646,Rev Genomics,rev-genomics,Summer 2017,Active,Rev is a biotechnology company creating better plants.,"Rev Genomics is a plant biotechnology company that provides breeders, growers, and retailers with novel cultivars to differentiate themselves in high value markets.",https://www.revgenomics.com,https://www.ycombinator.com/companies/rev-genomics,"San Francisco, CA, USA; Oakland, CA, USA",8,Healthcare,Healthcare -> Diagnostics,"Healthcare, Diagnostics",B2B,"United States of America, America / Canada",Growth,False,True,False,"Rev Genomics, Inc.",/company/thumb/missing.png,1493697720
1645,Pyka,pyka,Summer 2017,Active,Autonomous electric airplanes,"Pyka’s goal is to provide society with a new form of safe, clean, and cost-effective transportation enabled by autonomous electric aviation. 

To get there, we’re taking a different approach than most. We're applying our technologies to every industry where autonomous electric aircraft can be useful, starting with the highest value and most dangerous jobs. In doing so, we're building game-changing products manufactured at scale, while perfecting the safety, reliability, and capabilities of our autonomy engine and electric propulsion systems. 

We design, develop and manufacture an ecosystem of technologies including proprietary flight control software, avionics, high power density motors, motor controllers, batteries, and custom carbon-fiber composite airframes.

Today, we supply autonomous electric aircraft for cargo transport and crop protection to real-world customers across four separate continents and have secured industry-first regulatory approvals from the FAA. 

Our cargo aircraft enables remote connectivity, enhances express delivery networks, and ensures fast and reliable shipping of critical supplies to areas in need. Our crop protection aircraft offers agricultural services providers and farmers an autonomous tool to make aerial application safer, more precise, and less harmful to surrounding environments. Both vehicles are highly economical to operate, easy to deploy, and significantly reduce C02 emissions in their respective industries.  

What you work on at Pyka makes people’s lives better now and brings the future of electric aviation one step closer each day. 
",https://flypyka.com,https://www.ycombinator.com/companies/pyka,"San Francisco, CA, USA",75,Industrials,Industrials -> Aviation and Space,"Industrials, Aviation and Space","Airplanes, Climate, Agriculture, Transportation, Electric Vehicles","United States of America, America / Canada, Remote, Partly Remote",Growth,False,False,False,,https://bookface-images.s3.amazonaws.com/small_logos/ab395c9348a7c63120116c2e7ac1f9f2f257c543.png,1493697117
1643,Entocycle,entocycle,Summer 2017,Active,Automated factory to produce insect protein for farm animals. ,"The Insect Farming Company.

We’re developing the world’s most efficient and sustainable way to produce protein.

Insects are rich in protein and are a natural component of the diets of many fish and free-range poultry.

Our technology is significantly more efficient at producing protein than traditional methods of production as our insects are vertically farmed and not restricted to floor space or area.

Thanks to our automated system we can produce at industrial scale and offer farmers a cost-effective and sustainable alternative to soymeal and fishmeal.",https://www.entocycle.com/,https://www.ycombinator.com/companies/entocycle,"London, England, United Kingdom",13,Industrials,Industrials -> Agriculture,"Industrials, Agriculture","Food Tech, Agriculture","United Kingdom, Europe",Early,False,False,False,,https://bookface-images.s3.amazonaws.com/small_logos/77b874ac9781fd250a87c93763a6aa583b29734e.png,1493697106
1642,HelpWear,helpwear,Summer 2017,Active,,"HelpWear is striving to better at-home healthcare by developing affordable and accessible products for patients all around the world. HelpWear is currently developing its first product, the HeartWatch, allowing for 24/7 at home heart monitoring with an embedded emergency contact system for furthered prevention and bettered treatment of heart related illness.",http://helpwear.ca/,https://www.ycombinator.com/companies/helpwear,"Toronto, ON, Canada",2,Healthcare,Healthcare -> Medical Devices,"Healthcare, Medical Devices",,"Canada, America / Canada",Early,False,False,False,HelpWear Inc,/company/thumb/missing.png,1493695873
1639,Pop Meals,pop-meals,Summer 2017,Active,Pop Meals is a restaurant chain without chefs. All recipes are…,"Pop is building Asia’s leading food brands through a network of cloud kitchens and tech-enabled QSR outlets. Funded with over $28m by Y Combinator and leading tech investors from Silicon Valley, Europe and Asia, we are expanding rapidly across Asia.",https://popmeals.com,https://www.ycombinator.com/companies/pop-meals,"Kuala Lumpur, Federal Territory of Kuala Lumpur, Malaysia",153,Consumer,Consumer -> Food and Beverage,"Consumer, Food and Beverage","Food Service Robots & Machines, Ghost Kitchens, Delivery","Malaysia, Southeast Asia",Growth,False,True,False,"dahmakan, Pop Meals (formerly dahmakan)",https://bookface-images.s3.amazonaws.com/small_logos/f621af262fcac2c513091359f1d4022681e9cb67.png,1493693432
1638,Cairns Health,cairns-health,Summer 2017,Active,Your voice. Your health. We care.,"Cairns Health is creating a fundamentally better healthcare experience for people with chronic health conditions and those who care for them. We make healthcare more accessible by simplifying complex care plans, connecting care teams and meeting patients where they live. Through our conversational AI, patients use their voice to interact with our digital care companion, who proactively gives medication reminders, symptom checks, behavioral nudges and even engages in friendly conversation to ease loneliness. Cairns uses a device that includes radar to put the patient in context and passively monitors their activities, including: heart rate, breathing rate and sleep stages, all without a wearable. The result is informed and timely intervention that drives improved clinical outcomes, reduced care delivery costs and a more satisfactory healthcare experience for all.",https://www.cairns.ai,https://www.ycombinator.com/companies/cairns-health,"San Francisco, CA, USA",17,Healthcare,Healthcare -> Consumer Health and Wellness,"Healthcare, Consumer Health and Wellness","Hardware, Machine Learning, Consumer Health Services","United States of America, America / Canada",Early,False,False,False,"Totemic Labs, Totemic, Koko",https://bookface-images.s3.amazonaws.com/small_logos/f2571c59aad3d4224dae47b21fb2bc278e88e66c.png,1493693427
1636,Rabbet,rabbet,Summer 2017,Active,The financial foundation for every real estate development decision,"Rabbet is a real estate software company with two products: Rabbet Development and Rabbet Construction Lending. Our mission is to take the friction out of real estate development execution through structured, connected financial data. We help real estate teams turn fragmented project information into trusted insights that can be shared, understood, and acted on throughout the development lifecycle. Learn more at rabbet.com. 

Rabbet Development is real estate development management software for owners, developers, and asset managers. It brings budgets, anticipated costs, draw schedules, and funding sources together across every phase of development, so teams always know where every project stands, answer questions without chasing information, and spot financial changes before they become project problems. Learn more at rabbet.com/developers/product-overview 

Rabbet Construction Lending is construction loan management software for banks, credit unions, and private lenders. It brings loan administration, documentation, draw review, and portfolio reporting into one system, so lending policies are applied consistently, portfolio risk is visible as projects evolve, and every funding decision is backed by the evidence and an audit trail required to move money. Learn more at rabbet.com/lenders/product-overview",http://rabbet.com,https://www.ycombinator.com/companies/rabbet,"Denver, CO, USA",23,Real Estate and Construction,Real Estate and Construction,Real Estate and Construction,"Fintech, Real Estate, Proptech","United States of America, America / Canada, Remote, Partly Remote",Growth,False,False,False,Contract Simply,https://bookface-images.s3.amazonaws.com/small_logos/71a94018030f7d7d85f1b0d093981745b4c3715c.png,1493404227
1630,Upfort,upfort,Summer 2017,Active,Turnkey security & hassle-free cyber insurance from leading insurers,"Upfort is a leading platform for cyber security and insurance that provides holistic protection from evolving cyber threats. Founded in 2017 to expand global access to cyber resilience, Upfort makes cyber risk easy to manage and simple to insure. Upfort delivers turnkey security proven to proactively mitigate risk and comprehensive cyber insurance from leading insurers. With proprietary data and intelligent automation, Upfort’s AI anticipates risk and streamlines mitigation for hassle-free underwriting. Insurers, brokers, and risk advisors partner with Upfort to offer clients resilience and peace of mind against cyber threats.",https://www.upfort.com,https://www.ycombinator.com/companies/upfort,"San Francisco, CA, USA; Remote",38,B2B,B2B -> Security,"B2B, Security","Next-gen Network Security, Security, Insurance, Cyber Insurance","United States of America, America / Canada, Remote, Fully Remote",Early,False,False,False,Paladin Cyber,https://bookface-images.s3.amazonaws.com/small_logos/00594b41a6ca6cb9abcc26aadf60196e866c0990.png,1493398718
1629,Prelim,prelim,Summer 2017,Active,Software for banks to open bank accounts,"At Prelim, we are on a mission to revolutionize the way financial institutions onboard new customers. We believe that the customer onboarding process should be fast, efficient, and user-friendly. As a member of our team, you will have the opportunity to work with cutting-edge technology and make a real impact on the financial industry.

Our platform allows banks and financial institutions to digitize their services, streamline account opening processes, and improve customer experience. By joining our team, you will be a part of a fast-paced, innovative, and dynamic work environment where you can learn and grow your skills.

Our team is made up of a diverse group of individuals with a wide range of experience and expertise. We value collaboration, creativity, and a passion for problem-solving. As a member of our team, you will have the opportunity to work with experts in the field, and be challenged to think outside the box.

In addition, we offer a comprehensive benefits package, flexible working hours, and a great work-life balance. We are constantly evolving and growing, and we are looking for talented individuals who share our vision and are excited to be a part of our journey. If you're passionate about fintech and want to be a part of a team that is making a real impact in the industry, then Prelim is the place for you.",https://prelim.com/,https://www.ycombinator.com/companies/prelim,"San Francisco, CA, USA; Remote",49,Fintech,Fintech,Fintech,"Banking as a Service, Fintech","United States of America, America / Canada, Remote, Fully Remote",Growth,False,True,False,"Original Tech, Inc., Original Tech",https://bookface-images.s3.amazonaws.com/small_logos/0c27234ed03e90c2a18c23ce1e2d6616a17be34b.png,1493398713
1621,Advano,advano,Summer 2017,Active,Advano is a battery technology company that improve the longevity of…,"Combining nanotechnology with fundamental chemical engineering principles to accelerate the renewable energy revolution.

",http://www.advano.io,https://www.ycombinator.com/companies/advano,"New Orleans, LA, USA",25,Industrials,Industrials -> Climate,"Industrials, Climate","Energy Storage, Hard Tech, Climate","United States of America, America / Canada, Remote, Partly Remote",Growth,False,False,False,,https://bookface-images.s3.amazonaws.com/small_logos/4c9f0cc21efb3dce2d12550da90985af17c152cc.png,1493398658
1619,Carrot Fertility,carrot-fertility,Summer 2017,Active,Customized fertility benefits for modern companies. ,"Carrot is a simple and affordable way for companies of any size to build or enhance their fertility benefit. Carrot can help with egg freezing, infertility treatments including in vitro fertilization (IVF), LGBT+ conception, and more. Fertility care is daunting and scary; our focus is on improving the employee experience during high impact moments related to fertility-- helping save time, money and stress.",https://www.get-carrot.com/,https://www.ycombinator.com/companies/carrot-fertility,"San Francisco, CA, USA",,Healthcare,Healthcare -> Healthcare Services,"Healthcare, Healthcare Services","Fertility Tech, Health Tech","United States of America, America / Canada",Growth,False,False,False,Carrot,https://bookface-images.s3.amazonaws.com/small_logos/69eade28293589a42fe0378b9d6f52ddf3809d60.png,1493398653
1618,Relationship Hero,relationship-hero,Summer 2017,Active,Dating & relationship coaching sessions for individuals and couples,"Instantly connect with a certified relationship expert to get coaching and actionable advice: how to get a date, how to interpret a text, broken trust after cheating, moving on after a breakup, and more.",https://relationshiphero.com,https://www.ycombinator.com/companies/relationship-hero,"Saratoga Springs, NY, USA; San Francisco, CA, USA; Remote",100,Consumer,Consumer -> Social,"Consumer, Social","Consumer Health Services, Dating","United States of America, America / Canada, Remote, Fully Remote",Early,False,False,False,"Hermes, WittyThumbs",https://bookface-images.s3.amazonaws.com/small_logos/a8792cdff9073135142c69c2aead7f5c22fe4049.png,1493398651
1615,CocuSocial,cocusocial,Summer 2017,Active,Marketplace for local activities.,"CocuSocial is a marketplace for culinary experience including cooking, baking and tasting classes that are hosted at restaurants and hotels. Our mission is to educate, entertain and connect people through unique culinary experience.",http://www.cocusocial.com,https://www.ycombinator.com/companies/cocusocial,"Vancouver, BC, Canada; New York, NY, USA; Remote",10,Consumer,Consumer -> Food and Beverage,"Consumer, Food and Beverage",Marketplace,"Canada, United States of America, America / Canada, Remote, Fully Remote",Early,False,False,False,,/company/thumb/missing.png,1493351416
1614,ThereCraft,therecraft,Summer 2017,Active,,,https://therecraft.com,https://www.ycombinator.com/companies/therecraft,"Los Angeles, CA, USA",1,Industrials,Industrials -> Drones,"Industrials, Drones",,"United States of America, America / Canada",Early,False,False,False,Corvidair,/company/thumb/missing.png,1584424980
1611,SafeButler,safebutler,Summer 2017,Active,Your chief servant for shopping insurance,SafeButler is a free comparison tool that searches hundreds of insurance websites at once to find the information you need to make the right decisions on insurance,https://www.safebutler.com,https://www.ycombinator.com/companies/safebutler,"San Francisco, CA, USA; Sunnyvale, CA, USA",2,Fintech,Fintech -> Insurance,"Fintech, Insurance","Fintech, Insurance","United States of America, America / Canada, Remote, Partly Remote",Early,False,True,False,,https://bookface-images.s3.amazonaws.com/small_logos/273a5d6a8a8f380e355bc73ae05efdd041e810cb.png,1493266222
1610,Darmiyan,darmiyan,Summer 2017,Active,Early detection of Alzheimer's disease,Novel quantitative virtual microscopy for early detection of Alzheimer's disease from non-invasive MRI.,https://www.darmiyan.com/,https://www.ycombinator.com/companies/darmiyan,"San Francisco, CA, USA",8,Healthcare,Healthcare -> Diagnostics,"Healthcare, Diagnostics","Artificial Intelligence, Machine Learning, Health Tech, Diagnostics","United States of America, America / Canada",Early,False,False,False,,https://bookface-images.s3.amazonaws.com/small_logos/3be6f1febb81bc5a98e11a2a64bc294e0cee4eff.png,1493265720
1609,Nimble,nimble,Summer 2017,Active,Data-driven teacher hiring,"Nimble uses predictive analytics to give every K-12 student access to excellent teachers. Our smart applicant tracking system (ATS) leverages a predictive model to help school districts identify and hire the best educators for their classrooms.
",http://www.hirenimble.com,https://www.ycombinator.com/companies/nimble,"Miami, FL, USA; Remote",25,Education,Education,Education,"Education, Machine Learning, SaaS","United States of America, America / Canada, Remote, Fully Remote",Early,False,True,False,,https://bookface-images.s3.amazonaws.com/small_logos/b693002259f2dd2c99c3f0808e254c207525699a.png,1493265719
1608,Roofr,roofr,Summer 2017,Active,Sales software for roofers. Aerial measurements + proposals in seconds,"We're the all-in-one sales toolbox for roofers with helpful features to grow your business including:

Stunning Proposals: Create a professionally designed proposal from a measurement report. Email & capture your clients’ e-signatures from any device.

Aerial Measurement Reports: Order an accurate $10 roof measurement report or draw it yourself in minutes with drone, satellite or blueprint imagery.

Our mission is to ensure every family has access to an affordable roof. ",https://roofr.com/,https://www.ycombinator.com/companies/roofr,"San Francisco, CA, USA; Remote",40,Consumer,Consumer -> Home and Personal,"Consumer, Home and Personal","SaaS, Construction, Proptech","United States of America, America / Canada, Remote, Fully Remote",Early,False,False,False,Roofr ,https://bookface-images.s3.amazonaws.com/small_logos/3ca476b7fd3c753aaf02894c9ec075292f0f47ea.png,1493265617
1603,Standard AI,standard-ai,Summer 2017,Active,AI-powered checkout for retail.,Standard Cognition is an artificial intelligence platform that allows buyers to grab what they want without having to go to a cashier.,https://standard.ai,https://www.ycombinator.com/companies/standard-ai,"San Francisco, CA, USA; Milan, Lombardy, Italy; Remote",150,B2B,B2B -> Retail,"B2B, Retail","Retail Tech, Retail, AI","United States of America, Italy, America / Canada, Europe, Remote, Fully Remote",Growth,False,True,False,Standard Cognition,https://bookface-images.s3.amazonaws.com/small_logos/06e2c69e078611382e48b1e2dbdf6cdf9d2e89cd.png,1493264508
1602,UpCodes,upcodes,Summer 2017,Active,"AI platform for unifying codes, assemblies, products, and specs","UpCodes simplifies code compliance for architects, engineers, and construction professionals with a centralized, searchable library of 6,000+ state and city building codes. Using NLP to parse complex code adoptions across U.S. jurisdictions, UpCodes powers the first AI-powered code-to-spec workflow, connecting regulations to specifications and a growing product library. The platform also provides an AI solution for building product manufacturers, enabling them to showcase compliant products and reach design professionals at the moment of specification. With 800,000 monthly active users, UpCodes has seen strong product-led growth in transforming how teams navigate construction regulations.",https://up.codes/,https://www.ycombinator.com/companies/upcodes,"Austin, TX, USA; Remote",35,Real Estate and Construction,Real Estate and Construction -> Construction,"Real Estate and Construction, Construction","GovTech, Construction, B2B","United States of America, America / Canada, Remote, Fully Remote",Growth,False,True,False,,https://bookface-images.s3.amazonaws.com/small_logos/15c3c6a3f40eaf81fd3809d5415dfa4001e2bd6f.png,1493263306
1600,Helium Health,helium-health,Summer 2017,Active,Africa's #1 healthcare technology provider.,"Helium Health provides a suite of digital health tools for healthcare providers, payers and patients across Africa — most prominent of which is our maiden electronic medical records (EMR) & hospital management information system (HMIS) for emerging markets, HeliumOS.

We offer business loans to healthcare providers through our HeliumCredit product. We also work with donors and governments in executing public health strategies. Finally, we have built the largest healthcare data repository on Africans with over 1 million health records.",https://heliumhealth.com/,https://www.ycombinator.com/companies/helium-health,"LA, Nigeria",110,Healthcare,Healthcare -> Healthcare IT,"Healthcare, Healthcare IT",Healthcare,"Nigeria, Africa, Remote, Partly Remote",Growth,False,False,False,OneMedical,https://bookface-images.s3.amazonaws.com/small_logos/a8a2ae7dcbe50748392b1a3e607a1f00aa633f51.png,1493184628
1596,Releaf Earth,releaf-earth,Summer 2017,Active,Turning food waste into Biochar to remove CO2 from the atmsophere,"Releaf Earth is a climate tech startup pioneering carbon removal and agricultural solutions leveraging biochar (BCR). Expanding from our roots in food processing technology, we now specialize in producing premium biochar from palm kernel shells. Biochar Carbon Removal (BCR) is a powerful tool for carbon sequestration and a key technology for economic development in Africa.

African farmers already experience a 150% global mean temperature rise from a climate crisis they didn’t cause. Releaf's mission is to empower rural communities with improved productivity, crop yields, and a role in achieving Net Zero Emissions.",http://www.releaf.africa,https://www.ycombinator.com/companies/releaf-earth,"Lagos, LA, Nigeria",100,Industrials,Industrials -> Climate,"Industrials, Climate","Carbon Capture and Removal, Climate, Supply Chain, Agriculture","Nigeria, Africa, Remote, Partly Remote",Early,False,False,False,Releaf,https://bookface-images.s3.amazonaws.com/small_logos/d78b353efb23a38c7fe5c78ffbc4e1fe2e0f341c.png,1493179816
1595,Leon & George,leon-and-george,Summer 2017,Active,Buying and owning indoor potted plants made easy.,"Léon & George is a California based ecommerce retailer, specializing in premium indoor and outdoor plants, luxury ceramics and lifestyle goods. Recognized for their streamlined local delivery service across California, custom-engineered packaging for nationwide shipping and commitment to exemplary quality, they have cultivated a vast following since the brand’s inception in 2016.",https://www.leonandgeorge.com,https://www.ycombinator.com/companies/leon-and-george,"Los Angeles, CA, USA",10,Consumer,Consumer,Consumer,E-commerce,"United States of America, America / Canada, Remote, Partly Remote",Growth,False,False,False,Léon & George,https://bookface-images.s3.amazonaws.com/small_logos/4640ef469bbaa9cf8b9f8f3ed185594341b356ca.png,1493179314
1594,Bloom Institute of Technology,bloom-institute-of-technology,Summer 2017,Active,The online coding school that invests in you.,"Bloom Institute of Technology is a full computer science education that's free until you get a high-paying job.

We invest in our students, train them for free, and take a portion of income if they get a job above a certain threshold. If they never make above that threshold or don't get a job in the chosen field, they never pay us a dime.",https://www.bloomtech.com,https://www.ycombinator.com/companies/bloom-institute-of-technology,"Austin, TX, USA; San Francisco, CA, USA; Remote",50,Education,Education,Education,"Education, Fintech","United States of America, America / Canada, Remote, Fully Remote",Growth,False,True,False,"LambdaSchool, Lambda School",https://bookface-images.s3.amazonaws.com/small_logos/2b6fdc259fedde3b68b83c8fefd7e604dd8a9ac0.png,1493178712
1593,Aecore,x3-builders,Summer 2017,Active,Vertically integrated commercial construction,"Aecore is a technology-enabled commercial contractor focused on vertical integration and agile project delivery through automation. Our in-house design team, project managers and software engineers guide clients through the process from conceptual design to completion. We will ensure you are getting the best possible pricing by leveraging our network of contractors and material suppliers.",https://www.aecore.com,https://www.ycombinator.com/companies/x3-builders,"San Francisco, CA, USA; San Jose, CA, USA",6,Real Estate and Construction,Real Estate and Construction -> Construction,"Real Estate and Construction, Construction",Construction,"United States of America, America / Canada, Remote, Partly Remote",Growth,False,False,False,"Net30, X3 Builders, Origin Renovation, X3 Builders",https://bookface-images.s3.amazonaws.com/small_logos/1f8ba6740314e036f250da78c5dbf2d870d11be8.png,1493178111
1587,VergeSense,vergesense,Summer 2017,Active,AI-Powered Building Management,"VergeSense is a Y Combinator-backed startup that develops an AI-powered sensing device for facility management. The sensor-as-a-system platform consists of sensing devices containing a series of different sensor hardware, including an image sensor, coupled with a cloud platform for pre-training machine learning models that run on the hardware, process data and report occupancy analysis back to VergeSense’s cloud.",http://www.vergesense.com,https://www.ycombinator.com/companies/vergesense,"San Francisco, CA, USA",70,Real Estate and Construction,Real Estate and Construction -> Housing and Real Estate,"Real Estate and Construction, Housing and Real Estate","Artificial Intelligence, Proptech","United States of America, America / Canada, Remote, Partly Remote",Growth,False,True,False,,https://bookface-images.s3.amazonaws.com/small_logos/8ae8f5a94af62b1cae1e783c5ea5dc76b3ccc975.png,1493175698
1586,Nobell Foods,nobell-foods,Summer 2017,Active,Cheese and dairy products from plant-derived dairy proteins,Nobell Foods is creating cheese and other dairy products from plant-derived dairy proteins for the 99% of people who are unwilling to compromise on taste and price.,http://www.nobellfoods.com,https://www.ycombinator.com/companies/nobell-foods,"San Francisco, CA, USA",58,Consumer,Consumer -> Food and Beverage,"Consumer, Food and Beverage","Sustainability, Climate, Food Tech, ClimateTech","United States of America, America / Canada",Growth,False,False,False,Alpine Roads,https://bookface-images.s3.amazonaws.com/small_logos/72e723ce1aab712607581b6fc0d418d1d4b869bf.png,1596063268
1584,Long Term Stock Exchange,long-term-stock-exchange,Summer 2017,Active,LTSE is an ecosystem for visionary business.,"LTSE partners with companies across their lifecycle to help them grow and scale from formation through IPO. The Long-Term Stock Exchange (LTSE) is an SEC-regulated national securities exchange designed to align great companies and long-term investors with the shared goal of value creation. They have assembled a world-class team of experts and advisors with deep expertise in finance, regulation, law, and technology.

At every stage, from private investment into the public markets, strategically managing equity and a company's cap table has an outsized impact on long-term success. So in addition to the exchange, LTSE also built LTSE Equity, a full-lifecycle cap table management solution for planning, managing, and collaborating on startup equity.

Eric Ries, an entrepreneur and author of the New York Times bestseller, The Lean Startup, is the founder of the LTSE. Eric is the creator of the Lean Startup methodology, a global movement and management philosophy practiced by companies large and small. He founded a number of startups, including IMVU, where he served as CTO, and has advised on business and product strategy for startups, venture capital firms, and large companies, including GE, partnering with them on the FastWorks program.",http://ltse.com,https://www.ycombinator.com/companies/long-term-stock-exchange,"San Francisco, CA, USA; Remote",68,Fintech,Fintech -> Banking and Exchange,"Fintech, Banking and Exchange","Fintech, B2B","United States of America, America / Canada, Remote, Fully Remote",Growth,False,False,False,,https://bookface-images.s3.amazonaws.com/small_logos/c4eb3cefb725e1a8d1e43e578f29268446d786af.png,1493076695
1583,Skyways,skyways,Summer 2017,Active,Creating a new form of air transportation to advance our civilization,,http://skyways.com,https://www.ycombinator.com/companies/skyways,"Austin, TX, USA",33,Industrials,Industrials -> Drones,"Industrials, Drones","Air Taxis, Robotics, Computer Vision, AI, ML","United States of America, America / Canada",Growth,False,True,False,,https://bookface-images.s3.amazonaws.com/small_logos/6732fcb5c7c414475034015c2f1a9fa75a9f12a7.png,1493063490
1580,FAZZ,fazz,Summer 2017,Active,All-in-one Finance for Every Southeast Asia Business,"FAZZ is the leading all-in-one finance platform for businesses in Indonesia and Singapore. We are a b2b neobank with payment acceptance capabilities. The company is the market leader among underbanked segments such as warungs / startups and is building a super-app to serve mid-market and enterprise clients. Core features are: 

* Accept payments (e-wallet, bank transfer, credit card)
* Business Cash Account (earn 4% interest)
* Transfer / Pay (payment API's, corporate card, invoice processing via software)
* Lending (instant settlement, invoice financing)
* Value-add SaaS (inventory management, expense management)

FAZZ processes more than $6 bn of annualized GTV for companies of all sizes (from warungs to fortune 500s) and has achieved $25 mm of annualized Revenue. 

The company has raised over $74 mm USD from top tier global investors such as Tiger Global, DST, Y Combinator, B Capital Group, and Insignia Ventures. The founders are ex Amazon, Grab, Quora, and Traveloka.",https://fazzfinancial.com/,https://www.ycombinator.com/companies/fazz,"Jakarta, Jakarta, Indonesia",500,Fintech,Fintech,Fintech,"Fintech, Payments, Neobank","Indonesia, Southeast Asia, Remote, Partly Remote",Growth,False,False,False,PAYFAZZ,https://bookface-images.s3.amazonaws.com/small_logos/b71ac4245fd1b313b185f2e767a0c0a96e9b13b9.png,1492902064
1576,Jerry,jerry-inc,Summer 2017,Active,Jerry is building the AI agent to manage all your physical assets.,"Your car and your home are your most expensive assets. And for most people, these aren't just purchases, they're the physical embodiment of the life you've worked hard to build. Yet the experience of owning them is stuck in the 90s. Every step of the journey — buying, insuring, maintaining, repairing, selling — is fragmented, complicated, and expensive.

Imagine having a trusted friend in your pocket who takes care of everything: they find you the right car or home at the right price, lock in the best insurance rate without you lifting a finger, remind you before that service appointment turns into an expensive repair or, worse, an accident, and help you sell at the best price when the time is right. That friend is Jerry.

Jerry is building the first AI agent to manage all your physical assets. We started with car insurance in 2019, became one of the top 3 brokers in the U.S., then added driving insights, diagnostics, and a repair marketplace. We've reached 5M+ customers, raised $240M+, and have been profitable since 2024. We're now expanding into home, motorcycle, RV, and beyond.

We’re fully remote with offices in Palo Alto, New York, Chicago, and Toronto.",https://jerry.ai/,https://www.ycombinator.com/companies/jerry-inc,"San Francisco, CA, USA; Remote",225,Fintech,Fintech -> Insurance,"Fintech, Insurance","Fintech, Insurance","United States of America, America / Canada, Remote, Fully Remote",Growth,False,False,False,"Jerry, Jerry, Inc.",https://bookface-images.s3.amazonaws.com/small_logos/f9257ab537c34ef4ee8f5d98bf4afb1793755e28.png,1490767310
1715,PullRequest,pullrequest,Summer 2017,Acquired,Code review as a service - combining automation with a network of…,"Code Review as a Service

PullRequest is passionate about code quality. From static analysis to an on-demand network of code review experts, we help development teams ship code faster, with improved quality and lower costs.",http://www.pullrequest.com,https://www.ycombinator.com/companies/pullrequest,"Austin, TX, USA",11,B2B,"B2B -> Engineering, Product and Design","B2B, Engineering, Product and Design",Developer Tools,"United States of America, America / Canada, Remote, Partly Remote",Growth,False,False,False,PullRequest Inc,https://bookface-images.s3.amazonaws.com/small_logos/0d273feda3c98c77e8a69cbc192e821b1ed15e25.png,1497666795
1714,Dharma Labs,dharma-labs,Summer 2017,Acquired,The easiest way to buy 74k+ crypto tokens with USD,Dharma is the only Ethereum wallet capable of seamlessly moving money between any US bank account and decentralized exchanges like Uniswap. The net result is a product that looks & feels like Coinbase on steroids — Download an App. Plug in your bank. Invest in the exponentially growing universe of tokens & yield opportunities in DeFi with a tap.,https://dharma.io,https://www.ycombinator.com/companies/dharma-labs,"San Francisco, CA, USA",14,Fintech,Fintech -> Credit and Lending,"Fintech, Credit and Lending","Fintech, Crypto / Web3","United States of America, America / Canada",Early,False,False,False,Dharma Protocol,https://bookface-images.s3.amazonaws.com/small_logos/0479f1b8e00c94eed03a224baddcff0558ef74df.png,1497405810
1697,VIDA & Co.,vida-and-co,Summer 2017,Acquired,Platform for unique products produced on-demand at mass-scale,"VIDA is the story of the rich, beautiful, interconnected world in which we live. It is the story of contemporary life and of mindful, global citizenship.

VIDA is a collaboration amongst global citizens - from a designer in Milan, to a producer in Karachi, and a consumer in San Francisco – we are a global partnership of co-creators.

VIDA presents an alternative to the homogeneous, disposable products that increasingly dominate retail. We produce only that which is purchased, bringing into the world only items that are wanted.

We are using innovations in design and technology to make quality accessible again. We produce with the highest ethical standards, respecting the makers of the products we bring into our lives.

We believe beautiful products should create beauty every step of the way.",http://www.shopvida.com,https://www.ycombinator.com/companies/vida-and-co,"San Francisco, CA, USA",11,Consumer,Consumer -> Apparel and Cosmetics,"Consumer, Apparel and Cosmetics","Marketplace, Manufacturing","United States of America, America / Canada",Early,False,False,False,,/company/thumb/missing.png,1496267478
1695,disclosures.io,disclosures-io,Summer 2017,Acquired,The Complete Listing Toolkit for the New Era of Real Estate,"Every year $1.2 trillion in residential home sales are exchanged, however buying and selling a house is still a huge, painful process. Maybe that’s because Real Estate is the least digital industry, behind only agriculture 🐮 . 

Disclosures.io is on a mission to make the real estate process more transparent and efficient for everyone involved. Our product helps sellers get their home to market faster and enables buyers to make more informed offers. 

We believe in lean, pragmatic product development, entrepreneurship and building a business that we are proud to be a part of. We love talking to like-minded makers, drop us a line!",https://disclosures.io,https://www.ycombinator.com/companies/disclosures-io,"San Francisco, CA, USA",10,Real Estate and Construction,Real Estate and Construction -> Housing and Real Estate,"Real Estate and Construction, Housing and Real Estate","Documents, SaaS, B2B","United States of America, America / Canada, Remote, Partly Remote",Early,False,False,False,Disclosures,https://bookface-images.s3.amazonaws.com/small_logos/9f8ee87d04d48a0045a44c4b65e0fa128713c03c.png,1495676437
1691,Templarbit,templarbit,Summer 2017,Acquired,Protecting applications from malicious activity,"Developer-oriented security platform, helping small and large companies protect their software from malicious activityDeveloper-oriented security platform, helping small and large companies protect their software from malicious activity",https://www.templarbit.com,https://www.ycombinator.com/companies/templarbit,"San Francisco, CA, USA",11,B2B,B2B -> Security,"B2B, Security",Security,"United States of America, America / Canada, Remote, Partly Remote",Growth,False,False,False,,https://bookface-images.s3.amazonaws.com/small_logos/388bf404240294f2fa8cff1b093bc8030dcd540c.png,1495673434
1689,Lyrebird,lyrebird,Summer 2017,Acquired,Our tech speaks for itself.,Lyrebird offers a new generation of speech synthesis technologies for developers. It is the result of several months of research conducted at the MILA lab at University of Montréal.,https://lyrebird.ai/,https://www.ycombinator.com/companies/lyrebird,"Montreal, QC, Canada",13,B2B,"B2B -> Engineering, Product and Design","B2B, Engineering, Product and Design",Artificial Intelligence,"Canada, America / Canada",Early,False,False,False,,/company/thumb/missing.png,1495670434
1678,Headstart,headstart,Summer 2017,Acquired,Headstart uses Machine Learning to help companies decide on who to…,"Headstart (YC S17) uses Machine Learning technology to help employers identify the best-suited talent in the shortest period of time. We provide leading organisations with a solution designed to help them transition away from experience/qualification based screening and towards a more inclusive and effective process which considers personality, behaviours, strengths and motivations. In doing so, Headstart helps companies hire people truly aligned to their values, culture and exact job requirements in a seamless, engaging way.

The Headstart process is simple and effective: companies save time and money by finding candidates who meet their exact job requirements at an earlier stage, and job seekers connect directly with businesses through an engaging, reusable 15 minute application form. We ensure a transparent process and initiate productive dialogue, making candidates feel valued and helping companies hire the right people.",https://www.headstart.io,https://www.ycombinator.com/companies/headstart,"London, England, United Kingdom",44,B2B,B2B -> Recruiting and Talent,"B2B, Recruiting and Talent","Machine Learning, Recruiting","United Kingdom, Europe",Early,False,False,False,,https://bookface-images.s3.amazonaws.com/small_logos/ac3d6ebaf0dfdd9434b6a3dd78182d498f7b6587.png,1493881926
1675,Opearlo,opearlo,Summer 2017,Acquired,Opearlo produces voice apps for Amazon Alexa and Google Home.,Opearlo builds voice apps for Amazon Alexa and Google Assistant.,https://www.opearlo.com,https://www.ycombinator.com/companies/opearlo,"London, England, United Kingdom",2,Consumer,Consumer -> Content,"Consumer, Content",AI Assistant,"United Kingdom, Europe",Early,False,False,False,"Opearlo, Ayva, Life Bot",/company/thumb/missing.png,1493862116
1674,Eduflow,eduflow,Summer 2017,Acquired,Create and run collaborative online learning experiences.,Eduflow is a tool for running active online learning experiences. We are used at thousands of institutions around the world all the way from middle school to corporate training at Google. We believe that digital tools for learning need to be more than just a playlist of videos. We're building learning activities that instructors can use to engage learners and make them active participants in their own learning process.,https://www.eduflow.com,https://www.ycombinator.com/companies/eduflow,"Copenhagen, Denmark",12,Education,Education,Education,"Education, eLearning","Denmark, Europe, Remote, Partly Remote",Early,False,False,False,Peergrade,https://bookface-images.s3.amazonaws.com/small_logos/2f1546920ba4bfb4d036c27d569684884be6f72d.png,1493862110
1670,LotusPay,lotuspay,Summer 2017,Acquired,Recurring payments solution for businesses in India.,"LotusPay was acquired by Juspay in Jan 2024.

LotusPay is the recurring payments solution for businesses in India. We enable our clients to quickly and easily collect payments directly from their user's bank accounts via paperless NACH Debit.

LotusPay is perfect for collecting loan repayments, membership fees, subscription and billing, recurring donations, tuition fees - any kind of regular or irregular payment, be it a fixed amount or variable amount.

LotusPay is backed by Y Combinator.",http://www.lotuspay.com,https://www.ycombinator.com/companies/lotuspay,"Bengaluru, KA, India",5,Fintech,Fintech -> Payments,"Fintech, Payments","Fintech, Payments, India","India, South Asia",Early,False,False,False,,https://bookface-images.s3.amazonaws.com/small_logos/9237613d5c6b9ca86e68c4e86a6d63ec1d7337ed.png,1493860908
1668,bxblue,bxblue,Summer 2017,Acquired,bxblue is a marketplace for people with guaranteed income in Brazil.…,bxblue is a Y Combinator backed (S17) Personal loan marketplace for pensioners and government workers with guaranteed income in Brazil. bxblue is taking this $80 billion market online.,http://www.bxblue.com.br,https://www.ycombinator.com/companies/bxblue,"DF, Brazil; Remote",28,Fintech,Fintech -> Credit and Lending,"Fintech, Credit and Lending",Fintech,"Brazil, Latin America, Remote, Fully Remote",Growth,False,False,False,,https://bookface-images.s3.amazonaws.com/small_logos/0327cd08e9a2af81efeb43fd6108a34b07304d3c.png,1493860831
1666,Percept.AI,percept-ai,Summer 2017,Acquired,AI support agent for your business that actually works,"Artificial intelligence for modernized customer support. We provide end-to-end AI-powered solutions for business to connect with and support their customers. By leveraging the state of art deep learning and natural language processing technology, we make the customer support teams more intelligent and efficient.",https://www.percept.ai/,https://www.ycombinator.com/companies/percept-ai,"San Francisco, CA, USA; Sunnyvale, CA, USA",7,B2B,B2B -> Operations,"B2B, Operations","Artificial Intelligence, SaaS, Customer Service","United States of America, America / Canada, Remote, Partly Remote",Early,False,False,False,"Buddy AI Inc., Buddy AI ",https://bookface-images.s3.amazonaws.com/small_logos/5593c360f1b3eef3f453d101e5430462548026b8.png,1493855453
1657,Honeydue,honeydue,Summer 2017,Acquired,"The simplest way for couples to manage money, together","Honeydue is the best personal finance app for couples. Track your bills, bank balances, and spending together, and engage in meaningful dialogue about your goals and habits.",https://www.honeydue.com/,https://www.ycombinator.com/companies/honeydue,"New York City, NY, USA; San Francisco, CA, USA",2,Fintech,Fintech -> Consumer Finance,"Fintech, Consumer Finance",Fintech,"United States of America, America / Canada",Early,False,False,False,,https://bookface-images.s3.amazonaws.com/small_logos/99e371e9419459527ac037bfb6531a54c832d71b.png,1493780519
1656,Guilded,guilded,Summer 2017,Acquired,Chat for gaming communities,"Guilded upgrades your group chat and equips your server with integrated event calendars, forums, and more.
",http://www.guilded.gg,https://www.ycombinator.com/companies/guilded,"San Francisco, CA, USA; Remote",30,Consumer,Consumer -> Gaming,"Consumer, Gaming","Consumer, Productivity, Gaming, Social, Chat","United States of America, America / Canada, Remote, Fully Remote",Growth,False,False,False,,https://bookface-images.s3.amazonaws.com/small_logos/3ecd47370642bafb403542bb6e6c5627d27b56b3.png,1493779829
1648,Surematics,surematics,Summer 2017,Acquired,We help commercial insurance brokers structure complicated…,"Surematics is helping commercial insurance brokers structure complicated deals online. Homeowners and car insurance are enough of a nightmare for most of us to handle but Surematics is targeting even more difficult cases — awkward expensive items like oil rigs. With a dash of blockchain, the startup wants to allow companies to collaborate together to create enforceable contracts.",https://www.surematics.com/,https://www.ycombinator.com/companies/surematics,"San Francisco, CA, USA",2,Fintech,Fintech -> Insurance,"Fintech, Insurance","Blockchain, Insurance","United States of America, America / Canada",Early,False,False,False,,/company/thumb/missing.png,1493698224
1644,Indivio,indivio,Summer 2017,Acquired,Customize videos to be more relevant and improve business outcomes.,Indivio's video creative automation capabilities enable modern marketing teams to more easily deliver dynamic video experiences that improve business outcomes.,https://www.indiv.io,https://www.ycombinator.com/companies/indivio,"San Francisco, CA, USA; Redwood City, CA, USA; Remote",8,B2B,B2B -> Marketing,"B2B, Marketing","Analytics, Video, Personalization","United States of America, America / Canada, Remote, Fully Remote",Early,False,False,False,,https://bookface-images.s3.amazonaws.com/small_logos/8e7d48dd3dd9cd9f00d26de662d8d74acc7a4ae8.png,1493697113
1635,Truepill,truepill,Summer 2017,Acquired,API-connected healthcare infrastructure.,"Our API-connected healthcare infrastructure empowers our partners to deliver world-class patient experiences. We power prescribing, lab testing and pharmacy fulfillment. ",https://truepill.com/,https://www.ycombinator.com/companies/truepill,"San Francisco, CA, USA; San Mateo, CA, USA; Remote",1300,Healthcare,Healthcare -> Healthcare IT,"Healthcare, Healthcare IT",Consumer Health Services,"United States of America, America / Canada, Remote, Fully Remote",Growth,False,False,False,,https://bookface-images.s3.amazonaws.com/small_logos/c4a973a0300bcf108fdd2a681e5499d0d9f23c5e.png,1493398726
1633,Plasticity,plasticity,Summer 2017,Acquired,Natural language processing APIs for developers.,Plasticity builds APIs that help developers create human-like natural language interfaces. We believe in a future where computers can actually understand language and communicate.,https://www.plasticity.ai,https://www.ycombinator.com/companies/plasticity,"San Francisco, CA, USA",2,B2B,B2B -> Productivity,"B2B, Productivity","Artificial Intelligence, SaaS, NLP","United States of America, America / Canada",Early,False,False,False,Plasticity Inc.,https://bookface-images.s3.amazonaws.com/small_logos/2ae1a81c0b76312154e82224b9883070ca8b7b54.png,1493398724
1632,Meetingbird,meetingbird,Summer 2017,Acquired,Automated meeting scheduling for teams,"Meetingbird is the calendar with superpowers. Individuals and teams from companies like Uber, Shopify, and Yelp use Meetingbird to make their meetings great.

See what Meetingbird can do for you at meetingbird.com.",https://www.meetingbird.com,https://www.ycombinator.com/companies/meetingbird,"San Francisco, CA, USA",2,B2B,B2B -> Productivity,"B2B, Productivity",Scheduling,"United States of America, America / Canada",Early,False,False,False,,/company/thumb/missing.png,1493398723
1631,Wildfire,wildfire,Summer 2017,Acquired,Social news app,"We started Wildfire during our senior year at UC Berkeley as a safety alert app for colleges. Wildfire quickly grew beyond a campus safety tool to a social news app, which empowered people to spread the word quickly to their community when something significant happened nearby. Over six years, we've sent 65 million alerts to nearly 1 million users.",http://getwildfire.com/,https://www.ycombinator.com/companies/wildfire,"San Francisco, CA, USA",3,Consumer,Consumer -> Social,"Consumer, Social",Social Media,"United States of America, America / Canada",Early,False,False,False,,https://bookface-images.s3.amazonaws.com/small_logos/260fba8dd813bf45cecced28e82c66d0a56b180d.png,1493398721
1626,Escher Reality,escher-reality,Summer 2017,Acquired,The backend for Augmented Reality.,The most advanced Augmented Reality API.,http://www.escherreality.com/,https://www.ycombinator.com/companies/escher-reality,"San Francisco, CA, USA; Sunnyvale, CA, USA",2,Consumer,Consumer -> Virtual and Augmented Reality,"Consumer, Virtual and Augmented Reality","Developer Tools, Augmented Reality, Gaming","United States of America, America / Canada",Early,False,False,False,,https://bookface-images.s3.amazonaws.com/small_logos/bcf9121607fe68feb6169866d774e9a826e684ae.png,1493398692
1625,Solve,solve,Summer 2017,Acquired,"We save travelers hours by meeting them at their arrival gate,…","Solve (YCS17) provides airport fast track, customs, and concierge services in over 470 airports worldwide. Whether it's departure, arrival, or transit, we've got you covered.",https://www.solve.com,https://www.ycombinator.com/companies/solve,"Las Vegas, NV, USA",2,Consumer,"Consumer -> Travel, Leisure and Tourism","Consumer, Travel, Leisure and Tourism","Travel, Logistics, Operations","United States of America, America / Canada",Early,False,False,False,,/company/thumb/missing.png,1493398692
1620,Enzyme,enzyme,Summer 2017,Acquired,Automating regulatory approval & compliance for life science companies,"Enzyme provides online quality management system software and supportive QA/RA consulting, helping life science companies with FDA approval and ongoing compliance. Enzyme staff has over 50 years of medical device industry experience, across several Fortune 500 companies and startups.",https://www.enzyme.com,https://www.ycombinator.com/companies/enzyme,"San Francisco, CA, USA; Remote",32,Healthcare,Healthcare -> Healthcare IT,"Healthcare, Healthcare IT",SaaS,"United States of America, America / Canada, Remote, Fully Remote",Early,False,False,False,,https://bookface-images.s3.amazonaws.com/small_logos/3b173531902e6d3b7c41d36b3ef509819cde269e.png,1493398657
1617,Mystery.org,mystery-org,Summer 2017,Acquired,We help kids stay curious by creating better explanations.,"We started Mystery.org to create better explanations for every question children have about the world. We began with the 150 most common science questions that children ask teachers. We call this collection Mystery Science. Last year, more than 4 million children used Mystery Science in 50% of U.S. elementary schools. In an industry that is plagued by long sales cycles and high barriers to entry, we’ve sold thousands of schools without a single sales person. We’re backed by a great group of investors including Y Combinator, Learn Capital, and Reach Capital.

We’re now moving on to all the other questions children have that they’ll never learn in school. In the last 18 months we received over 500,000 questions from children eager for better explanations of the world.  Now we’re creating video explanations for every question. You can think of this like a visual Wikipedia for kids.

Our goal is to create a generation of better thinkers. We think this is the most important problem to solve in the world today.",https://mystery.org,https://www.ycombinator.com/companies/mystery-org,"San Francisco, CA, USA",53,Education,Education,Education,"Education, eLearning","United States of America, America / Canada, Remote, Partly Remote",Growth,False,False,False,Mystery Science,https://bookface-images.s3.amazonaws.com/small_logos/ae6a8a4584ca3c15f6776168df27228f7b752cd6.png,1493352626
1601,Fat Llama,fat-llama,Summer 2017,Acquired,Fat Llama is the first fully insured peer-to-peer rental marketplace.…,"Fat Llama is a peer-to-peer rental marketplace which allows people to rent spare items to others nearby, fully insured. The platform provides a cheaper and more efficient solution than buying outright or hiring from rental shops. At the same time, it allows others to monetise their rarely-used possessions.

The company's mission is to enable people to share and monetize their unused possessions, increasing the efficiency of both the consumer and the planet’s resources.",https://fatllama.com,https://www.ycombinator.com/companies/fat-llama,"London, England, United Kingdom",41,Consumer,Consumer -> Consumer Electronics,"Consumer, Consumer Electronics","Marketplace, Insurance","United Kingdom, Europe",Growth,False,False,False,Fat Lama,https://bookface-images.s3.amazonaws.com/small_logos/cacf8d9bcbb73491020dec66593dc1caf7a26073.png,1493246505
1598,Ribbon Health,ribbon-health,Summer 2017,Acquired,"Health enterprise API for data on doctors, insurance, costs, & quality","Ribbon Health is a health care data platform that provides the critical infrastructure that health insurers, medical providers, and digital health solutions need to enable accurate provider directories, reliable referral management, and efficient care navigation. 

We offer a seamless API layer that integrates into each health care organization's existing workflow to build connectivity across the industry and continuously improve the accuracy of its data with its spread and use. 

Ribbon is the only solution to offer all of these capabilities in one platform, and delivers the most comprehensive data on doctors, insurance plans, and the cost and quality of care culled from thousands of sources. 

By providing this infrastructure, Ribbon delivers on its mission of making it easy for every health care decision to be high-quality, cost effective, and convenient. ",http://www.ribbonhealth.com,https://www.ycombinator.com/companies/ribbon-health,"New York City, NY, USA; New York, NY, USA",91,Healthcare,Healthcare -> Healthcare IT,"Healthcare, Healthcare IT","Health Tech, Digital Health, Healthcare, API","United States of America, America / Canada, Remote, Partly Remote",Growth,False,False,False,HealthWiz,https://bookface-images.s3.amazonaws.com/small_logos/cab3a7e8d27dfb21815596be3b4022593a738c64.png,1493180421
1597,CarDash,cardash,Summer 2017,Acquired,Managed marketplace for automotive services. ,"Taking care of your car doesn’t need to be a painful or archaic experience. CarDash picks up your car from home or work, oversees the work, and returns your car to you. We also offer upfront and transparent pricing and serve as your advocate so you are never overcharged. 

We are on the verge of a major transformation in our relationship with the automobile. Connected cars, self-driving cars, mainstream electric vehicles, and new economic models of car ownership are all coming within the next decade. These could bring about a transportation revolution as disruptive as the adoption of the automobile itself. We don’t know how or when these changes will unfold, nor do we know which technologies will triumph. We do however know that all cars on the road will need to be serviced, regardless of who owns them, who drives them, or what powers them. 

By leveraging technology, logistical efficiency, and above all — superior service, CarDash aspires to become the service platform for the automotive industry of tomorrow.",https://www.repairsmith.com,https://www.ycombinator.com/companies/cardash,"San Francisco, CA, USA; Menlo Park, CA, USA",12,Consumer,Consumer -> Transportation Services,"Consumer, Transportation Services",Marketplace,"United States of America, America / Canada",Early,False,False,False,"Beep, Stress-Free Auto Repair",/company/thumb/missing.png,1493179916
1592,Feather,feather,Summer 2017,Acquired,Furniture rental for consumers and businesses.,"Feather is redefining furniture rental for city living and helping people feel at home no matter where they live or how long they plan on staying. By giving people smarter options, Feather is able to keep more furniture in homes and out of landfills.

Monthly furniture payments can go toward ownership or you can simply return the furniture you no longer need. Those items endure our extensive refurbishment process before they are sent to live in their next home. Our reverse logistics platform allows our customers to swap and add new furniture at any time, helping limit furniture waste.",http://livefeather.com,https://www.ycombinator.com/companies/feather,"New York City, NY, USA; San Francisco, CA, USA",125,Consumer,Consumer -> Home and Personal,"Consumer, Home and Personal","Marketplace, Delivery, Furniture","United States of America, America / Canada, Remote, Partly Remote",Growth,False,False,False,,https://bookface-images.s3.amazonaws.com/small_logos/78565f991ce79dae3926441dab3992eb71f84d76.png,1493178108
1591,Audm,audm,Summer 2017,Acquired,Audm is a subscription service providing mini-audiobooks —…,"Audm is a mobile app that turns long-form print journalism into professionally narrated digital audio. The app, which was quietly launched on 2016, uses professional voice actors to read news content that makes it enjoyable to listen to.",https://www.audm.com,https://www.ycombinator.com/companies/audm,"Los Angeles, CA, USA; New York, NY, USA; Remote",10,Consumer,Consumer -> Content,"Consumer, Content","Consumer, Media, Subscriptions","United States of America, America / Canada, Remote, Fully Remote",Early,False,False,False,,https://bookface-images.s3.amazonaws.com/small_logos/08af81b6a3d390826e292425721b229750993e4c.png,1493177510
1588,AutoHub,autohub,Summer 2017,Acquired,We help dealerships appraise vehicle trade-ins more efficiently…,"AutoHub is a marketplace for automotive wholesale transactions. AutoHub is a transparent, efficient, convenient and cost-efficient digital auction platform.",https://www.autohub.io,https://www.ycombinator.com/companies/autohub,,2,B2B,B2B -> Retail,"B2B, Retail",,Unspecified,Early,False,False,False,,/company/thumb/missing.png,1493176902
1582,Py,py,Summer 2017,Acquired,Py is democratizing access to career opportunities in tech,"Py is democratizing access to career opportunities in tech. Our iOS and Android apps have been featured in the App Store & Google Play Store and we've provided millions of lessons and quizzes to our users. We are changing the way that educational content is delivered and modernizing traditional online teaching tools.

We launched Py for Work to level the playing field for candidates and empower companies to take a skills-based approach to hiring. Our platform enables companies to assess candidates using real-world assessments, not brain teasers. We’re helping industry leaders like LiveRamp, Amplitude, and Factual approach hiring based on merit, not resume keywords.",https://www.getpy.com,https://www.ycombinator.com/companies/py,"San Francisco, CA, USA",3,Education,Education,Education,Recruiting,"United States of America, America / Canada",Early,False,False,False,,/company/thumb/missing.png,1492902070
1578,Elucd,elucd,Summer 2017,Acquired,Polling through mobile ads to enable governments to make better…,Elucd is a GovTech company that provides cities with near real-time understanding of how citizens feel about their government.,http://www.elucd.com,https://www.ycombinator.com/companies/elucd,"New York City, NY, USA; New York, NY, USA",8,Government,Government,Government,"SaaS, GovTech","United States of America, America / Canada, Remote, Partly Remote",Early,False,False,False,,https://bookface-images.s3.amazonaws.com/small_logos/0d7af849f56673d1fd654adceda7972212533a20.png,1492046438
1712,WheelStreet,wheelstreet,Summer 2017,Inactive,WheelStreet is a Motorbike rental marketplace that connects…,"Wheelstreet is India's first bike rental platform offering more than 1900 two-wheelers on rent including scooters, commuter bikes, sports bikes, super bikes and premium bikes.

Wheelstreet is the only bike rental company based on an aggregator model. Wheelstreet makes the process of renting bikes completely hassle-free for its customers by offering variable rent durations, home delivery and pick-up, helmets at no added charge, and unlimited kilometres.

Launched in 2014, Wheelstreet rapidly gained over 14,000 satisfied customers before starting operations and eventually shifting its headquarters to Bangalore.

Wheelstreet is currently employing the most innovative and dedicated people from prestigious institutions such as IIT(Bombay), University of Missouri(Kansas), NMIMS, Sheffield University, Welingkar Institute and IIMC(Delhi). Wheelstreet's technological and operational prowess allows it to cater to 1000 customers per month - a number which is only growing.",https://www.wheelstreet.com/,https://www.ycombinator.com/companies/wheelstreet,"Bengaluru, KA, India",10,Consumer,Consumer -> Transportation Services,"Consumer, Transportation Services","Marketplace, India, Transportation","India, South Asia",Early,False,False,False,,https://bookface-images.s3.amazonaws.com/small_logos/b74d32e12dc0532725502f65534cf69abf4a4479.png,1496785383
1704,NextDrop,nextdrop,Summer 2017,Inactive,NextDrop is the water marketplace for urban India.  We connect water…,"NextDrop is a for-profit enterprise with a social mission- we want to rid the world of its water problems. It’s not a big deal. We think it can be done. And what we’ve managed to achieve so far only reaffirms our belief. 

NextDrop was founded in 2011 with a pilot in Hubli-Dharwad district of Karnataka. Four years later, we have 70,000 users registered with us across Karnataka. Our vision is simple- we want to link the private sector, government utilities and citizens to create an endless loop of timely service provision and feedback collection, and bridge all the gaps in between. And to do this, we try to harness the latest, cutting edge technology. 

Water is our mission. Data is our business. NextDrop crowdsources water data and creates algorithms and visualizations to improve urban water distribution across emerging markets. Urban residents can get a text message an hour before water arrives, if water supply is cancelled, or if there is contamination or low pressure present in the pipe network. On the utility side, engineers get a live feed on problems arising in the distribution system, so they can tackle issues in real time.",https://thenextdrop.com/,https://www.ycombinator.com/companies/nextdrop,"Bengaluru, KA, India",11,Industrials,Industrials -> Energy,"Industrials, Energy","Marketplace, India","India, South Asia",Early,False,False,False,NextDrop Technologies,https://bookface-images.s3.amazonaws.com/small_logos/67360132b1680f560e9b085055d4bff122269265.png,1496779975
1701,Bumpline,bumpline,Summer 2017,Inactive,Captain Tailor is the Uber for tailoring. ,,https://bumpline.com/,https://www.ycombinator.com/companies/bumpline,"New York City, NY, USA; San Francisco, CA, USA",2,Healthcare,Healthcare -> Healthcare Services,"Healthcare, Healthcare Services",Marketplace,"United States of America, America / Canada",Early,False,False,False,"Popup Eyecare, GoScrubIn (Popup Eyecare), GoScrubIn, Medopsy, Captain Tailor",/company/thumb/missing.png,1496779365
1698,Social Construct,social-construct,Summer 2017,Inactive,Social Construct designs and assembles large apartment buildings …,"Social Construct is inventing new processes and technologies to assemble high quality apartment buildings for faster and for less--so we can all afford to live in places we love. 
",http://socialconstructco.com,https://www.ycombinator.com/companies/social-construct,"San Francisco, CA, USA",17,Real Estate and Construction,Real Estate and Construction -> Housing and Real Estate,"Real Estate and Construction, Housing and Real Estate","Generative AI, Hardware, Housing","United States of America, America / Canada",Growth,False,False,False,,https://bookface-images.s3.amazonaws.com/small_logos/77728f2f64e77cb7da261234ba8c6dec47aab98f.png,1496280080
1686,Cambridge Cancer Genomics,cambridge-cancer-genomics,Summer 2017,Inactive,CCG.ai empowers clinicians to make personalised treatment strategies…,"CCG.ai exist to ensure that each patient has the right drug, at the right time, to beat their cancer.
‍
We build the software to enable data-driven precision oncology and systematically develop data-driven biomarkers indicative of treatment response. We believe that increasing amounts of clinical and genomic data have the potential to transform cancer treatment, and enable oncologists to make smarter decisions about which drug to use in which circumstance.

We are expanding our team in Cambridge, UK, offering a fantastic opportunity for dedicated individuals who are comfortable in a high-work high-reward environment, and who are enthusiastic for a dynamic and varied role. We are looking for people who fit well into our team and company culture, and who like to overcome challenges and drive the business forward. In exchange, we offer a competitive salary with performance related bonuses and stock options, alongside excellent career development opportunities in a fast-growing start-up with a chance to truly impact how cancer is treated.

To apply, please send your CV to info@ccg.ai",http://ccg.ai,https://www.ycombinator.com/companies/cambridge-cancer-genomics,"Cambridge, England, United Kingdom; England, United Kingdom",25,Healthcare,Healthcare -> Diagnostics,"Healthcare, Diagnostics","Genomics, Oncology","United Kingdom, Europe",Early,False,False,False,,https://bookface-images.s3.amazonaws.com/small_logos/53b0518d38ef7cc187360951dee976ad809db1d9.png,1495670432
1685,Polly,polly,Summer 2017,Inactive,Polly is a social polling app for Snapchat and Instagram stories. ,"Polly is a fun social polling app for teens. The app allows users to create multiple-choice polls for sharing on Snapchat and other platforms. 

Polly launched in stealth in August and it quickly became popular among teens, with 20 million people voting over 100 million times across 5 million polls in the past month. 

In addition to being a casual social tool, Polly can also be used to gather opinions about popular brands. For instance, Polly received thousands of responses from teens on some of its own polls related to topics such as breakfast cereals and Starbucks drinks. Brands and influencers can also create their own polls to gather feedback from consumers.",https://polly.fun/,https://www.ycombinator.com/companies/polly,"San Francisco, CA, USA",3,Consumer,Consumer -> Social,"Consumer, Social",Social,"United States of America, America / Canada",Early,False,False,False,"Whale, Polly.Fun, The Artist Union ( F.K.A Polly/Whale), Polly (formerly Whale)",https://bookface-images.s3.amazonaws.com/small_logos/9f3875f87d063807072f9950fedbfde952f07243.png,1495669829
1683,Commissary Club (formerly 70 Million Jobs),commissary-club,Summer 2017,Inactive,First agentic AI-powered community for 1 billion people with criminal…,"Rising from the ashes of 70 Million Jobs, Commissary Club is a community built to address the most urgent needs of a billion+ people globally who have a record: employment, housing, access to medical and legal services, along with community, friendship and connections. 

Each user receives their own agentic agent who not only answers questions but actually solves problems: applies for jobs and housing, makes referrals, provides training, makes introductions, etc. 

We make money through advertising and sponsorships, sales of premium services to members, token transactions, events, etc. ",https://www.Commissary.Club,https://www.ycombinator.com/companies/commissary-club,"Miami, FL, USA; Remote",2,Consumer,Consumer,Consumer,"Artificial Intelligence, Marketplace, B2B, Advertising, AI Assistant","United States of America, America / Canada, Remote, Fully Remote",Early,False,False,False,"70 Million Resources, Inc., d/b/a 70MillionJobs.com, 70MillionJobs, 70 Million Jobs",https://bookface-images.s3.amazonaws.com/small_logos/47f5c844b33712e59431159695b371d903107395.png,1494892929
1681,Gamelynx,gamelynx,Summer 2017,Inactive,Easily watchable cross-platform competitive games.,"Gamelynx is creating easily watchable cross-platform competitive games. We're a passionate team with diverse experience from Riot Games, Google, Jane St, and Quantum Computing research labs. Gamelynx has raised $1.2 million to date with investors including Riot Games, M Ventures and Y Combinator. ",https://gamelynx.gg,https://www.ycombinator.com/companies/gamelynx,"Los Angeles, CA, USA; Santa Monica, CA, USA",5,Consumer,Consumer -> Gaming,"Consumer, Gaming","Gaming, eSports","United States of America, America / Canada",Early,False,False,False,,https://bookface-images.s3.amazonaws.com/small_logos/4f594856da7516e2da32926b353dc6064da567fe.png,1493928725
1679,Guggy,guggy,Summer 2017,Inactive,"Guggy is building the messaging app of the future with real time,…","Guggy developed two innovative communication and creation products that reached global audiences. The Guggy API was a high-scale contextual messaging engine that analyzed text messages—including slang and short conversational fragments—to understand their meaning and automatically generate matching GIF responses. It combined a custom NLP engine, a relevance-matching system, and a real-time GIF regeneration pipeline, and was integrated into leading messaging platforms such as Facebook Messenger, Viber, Kik, Telegram, Slack, and major Asian chat apps, serving millions of requests per day.

Guggy also created Bits, a short-form video creation app designed for actors, comedians, and everyday creators to craft original comedic scenes with ease. Bits provided intuitive but powerful tools for scripting, timing, character changes, audio control, and scene composition, enabling fast, high-quality creative expression. The app attracted tens of thousands of creators and was featured in Fast Company for its innovative approach to mobile video creation.",https://guggy.com,https://www.ycombinator.com/companies/guggy,"Tel Aviv-Yafo, Tel Aviv District, Israel",2,Consumer,Consumer -> Social,"Consumer, Social","Messaging, NLP","Israel, Middle East and North Africa",Early,False,False,False,,https://bookface-images.s3.amazonaws.com/small_logos/fa28fb445c63a9acb4446010160b71d264986514.png,1493917328
1672,Fastpad,fastpad,Summer 2017,Inactive,Hiring Software for India,"Fastpad builds hiring software for the Indian market that gets rid of spam and ensures that companies can see quick snapshots of real candidates.

Fastpad is looking to create the dominant recruitment marketplace by cutting through the noise in an Indian hiring marketplace that’s growing 40 percent year-over-year.",https://fastpad.com/,https://www.ycombinator.com/companies/fastpad,"Bengaluru, KA, India",3,B2B,B2B -> Recruiting and Talent,"B2B, Recruiting and Talent","Recruiting, India","India, South Asia",Early,False,False,False,,/company/thumb/missing.png,1493861453
1669,Sunu,sunu,Summer 2017,Inactive,Audio and Haptics AR interface equipping blind users with super powers,"Sunu Nek is an AR neck-worn interface using radar, audio, and haptics to assist the mobility and daily living of visually impaired users. Haptics informs the users of obstacles around them in real-time through vibrations while audio helps orient the user via GPS voice features. 
Starting with the blind, the Sunu Nek is the next non-obtrusive human computing interface that will be used by all. The future will be more like ""Her"" than ""Ready player one"". ",http://www.sunu.com,https://www.ycombinator.com/companies/sunu,"Zapopan, Jal., Mexico; Remote",11,Consumer,Consumer -> Virtual and Augmented Reality,"Consumer, Virtual and Augmented Reality","Assistive Tech, Augmented Reality, IoT","Mexico, Latin America, Remote, Fully Remote",Early,False,False,False,Sunu Inc.,https://bookface-images.s3.amazonaws.com/small_logos/62f673b354846f002903faed7c303cb22e8e4cba.png,1600449784
1667,WATERFX,waterfx,Summer 2017,Inactive,The world's first 100% sustainable water provider (aka alternative…,"At Wacomet Water (formerly WATERFX) we are reimagining water. Our current water system was designed for a global population of three billion people and by the end of this century we will need clean water for over ten billion people. Our mission is to use technology to develop a new source of fresh water and make access to water affordable and abundant for every human being on the planet. We do this using solar-powered desalination to generate water from an infinite source of salt water and distribute this water via a peer-to-peer distribution platform called Liquid. Our mission is to provide a better, more reliable, 100% sustainable water service to consumers, businesses and cities.",http://www.wacomet.com,https://www.ycombinator.com/companies/waterfx,"CA, USA",1,Industrials,Industrials -> Climate,"Industrials, Climate","Sustainability, Renewable Energy","United States of America, America / Canada",Early,False,False,False,"WaterFX Inc., WaterFX",https://bookface-images.s3.amazonaws.com/small_logos/057f67420dcdeb51981d4cda67b81fbfec2c2de2.png,1493855498
1661,And Comfort,and-comfort,Summer 2017,Inactive,And Comfort is a direct to consumer fashion brand.,,http://andcomfort.com,https://www.ycombinator.com/companies/and-comfort,"San Francisco, CA, USA",2,Consumer,Consumer -> Apparel and Cosmetics,"Consumer, Apparel and Cosmetics",Fashion,"United States of America, America / Canada",Early,False,False,False,Toto,/company/thumb/missing.png,1493788249
1659,Modular Science,modular-science,Summer 2017,Inactive,We're making it easier to do sustainable farming.,,https://www.modularscience.com/,https://www.ycombinator.com/companies/modular-science,"San Francisco, CA, USA",,Industrials,Industrials -> Agriculture,"Industrials, Agriculture",Agriculture,"United States of America, America / Canada, Remote, Partly Remote",Early,False,False,False,,/company/thumb/missing.png,1493784718
1655,PreDxion Bio,predxion-bio,Summer 2017,Inactive,"Rapid, scalable diagnostic for SARS-CoV-2 and beyond","PreDxion Bio is working on a rapid saliva-based antigen test for the detection of SARS-CoV-2 S-protein in asymptomatic and presymptomatic patients. Our technology is uniquely capable of being scaled to 10's of millions of tests of days using semiconductor fab processes, a scale of testing necessary to better inform public health officials and policymakers and enable contact tracing at scale.

PreDxion Bio's origins are in critical care: our original technology is a rapid, near real-time cytokine and biomarker detection platform to monitor the immune response of critically-ill patients. This technology leverages a novel sensor platform we spun out of the University of Michigan. PreDxion Bio has received FDA Breakthrough Device designation and partnered with top pharmcos to monitor the immune response following CAR-T therapy and predict the development of cytokine release syndrome and neurological AEs, and for use in guiding precision medicine approaches in critical care.",http://www.predxionbio.com,https://www.ycombinator.com/companies/predxion-bio,"San Francisco, CA, USA; South San Francisco, CA, USA",6,Healthcare,Healthcare -> Diagnostics,"Healthcare, Diagnostics","Microfluidics, Nanosensors, COVID-19","United States of America, America / Canada, Remote, Partly Remote",Early,False,False,False,,https://bookface-images.s3.amazonaws.com/small_logos/519a74fb089a6c9dd854328b8022c68e00467972.png,1493740320
1653,Goosebump,goosebump,Summer 2017,Inactive,Find the best electronic music events in a single message.,"Goosebump is a chatbot that helps users find live music events online.

PS: yes, we were building a chatbot before it was cool",http://m.me/higoosebump,https://www.ycombinator.com/companies/goosebump,"Paris, Île-de-France, France",2,Consumer,Consumer -> Social,"Consumer, Social","Entertainment, Music","France, Europe",Early,False,False,False,La Bringue,/company/thumb/missing.png,1493700719
1652,Piggy,piggy,Summer 2017,Inactive,"App for Indians to make investments in mutual funds, manage their…","Experience an easy way to make Investments in Mutual funds in India.

Easiest platform to make mutual fund investments in India.
Because you need to make Investments, be it just to park your cash short term to earn better returns, or to invest for your goals or retirement, we've made an easy to use platform for you where you can invest in any fund in India in few clicks and have track your existing investments.

Furthermore , you make investments without paying any middlemen commissions and make more returns . After all, It is your money. Don't pay too much to others when you can do it on your own.

We're on both Android and iOS . download the app to get started 
https://piggy.co.in",https://piggy.co.in,https://www.ycombinator.com/companies/piggy,"MH, India",2,Fintech,Fintech -> Asset Management,"Fintech, Asset Management","Finance, India, Investing","India, South Asia",Early,False,False,False,,https://bookface-images.s3.amazonaws.com/small_logos/5184ec7534362c1a66e059ec557d55ea721821ff.png,1493700715
1649,Storyboard,storyboard,Summer 2017,Inactive,Social media management tool for Instagram and Snapchat,"Introducing Storyboard, the leading platform designed to connect the world's top brands, innovative creative agencies, and dynamic influencers with their communities on Instagram and Snapchat.

Our mission is to simplify and enhance your online presence on Instagram and Snapchat, offering a comprehensive suite of powerful and intuitive features:

1. Seamless Automation: Storyboard enables smooth, automatic sharing of your stories between Instagram and Snapchat. No more manual cross-platform management, saving you time while maintaining content consistency.

2. Advanced Performance Tracking: Measure the impact of your efforts with our advanced performance analytics toolkit. Gain in-depth insights into engagement, reach, and other essential metrics, empowering you to adjust your strategy in real time for optimal results.

3. Strategic Planning: Anticipate your campaigns by scheduling your stories and posts in advance. Our user-friendly interface lets you create a consistent editorial calendar, ensuring your content reaches your audience at the right times.

Discover how Storyboard can transform your presence on Instagram and Snapchat. Join visionary brands already placing their trust in Storyboard to optimize their social media presence. Whether you're a large corporation or an independent creative, our scalable platform will continue to deliver exciting new features to propel your online impact.",https://www.storyboard.com,https://www.ycombinator.com/companies/storyboard,"San Francisco, CA, USA",2,Consumer,Consumer -> Social,"Consumer, Social","SaaS, B2B, Social Media","United States of America, America / Canada, Remote, Partly Remote",Early,False,False,False,"Snapsuite, Storyboard, Stories Inc.",https://bookface-images.s3.amazonaws.com/small_logos/a905bc2437757c60c66b5a75941fb6ab1f076d8a.png,1588506754
1641,Spect,spect,Summer 2017,Inactive,Value-based retinal screening in primary care to prevent blindness. ,"Vision Disease cause innumerable cases of preventable blindness globally - 415 million diabetic patients worldwide are susceptible to Diabetic Retinopathy (DR), Glaucoma, and more. Current screening protocols for vision disease require ophthalmologists to manually diagnose patients through visual assessment of the fundus. Given the large number of diabetes patients in various communities, this process is expensive, inefficient, and an undue burden on eye clinics.",http://www.getspect.com,https://www.ycombinator.com/companies/spect,"San Francisco, CA, USA; Palo Alto, CA, USA; Remote",7,Healthcare,Healthcare -> Consumer Health and Wellness,"Healthcare, Consumer Health and Wellness","Digital Health, AI","United States of America, America / Canada, Remote, Fully Remote",Early,False,False,False,EyeLogic,https://bookface-images.s3.amazonaws.com/small_logos/8031cd143c9dda792086f541cf539cc6d2126cb5.png,1674438704
1640,RideAlong,ridealong,Summer 2017,Inactive,We save lives by giving police and health workers key info to safely…,RideAlong is a software tool that gives patrol officers key information about people with mental illness at the scene—everything from tailored de-escalation techniques to personalized service referral options.,http://www.getridealong.com,https://www.ycombinator.com/companies/ridealong,"San Francisco, CA, USA",2,Government,Government,Government,"GovTech, Health Tech","United States of America, America / Canada",Early,False,False,False,,/company/thumb/missing.png,1599148562
1637,Slik,slik,Summer 2017,Inactive,Slik enables the long tail to use email outreach. ,Slik automates lead generation and prospecting for sales teams.,http://slik.ai,https://www.ycombinator.com/companies/slik,"San Francisco, CA, USA",2,B2B,B2B -> Sales,"B2B, Sales","Marketing, Email","United States of America, America / Canada",Early,False,False,False,"Slik, Medici Banking",/company/thumb/missing.png,1493658016
1634,Caelum Health,caelum-health,Summer 2017,Inactive,Caelum Health is replacing drugs with software. We use behavioral…,"Caelum Health treats chronic digestive diseases with digital therapeutics. They are a Y Combinator-backed healthcare startup building the first clinically-proven digital treatment for digestive health and IBS. They believe your healthcare should be personalized and data-driven -- cutting-edge science, top physicians, and expert coaching, all wrapped up in a treatment plan built just for your body.",https://caelumhealth.com/,https://www.ycombinator.com/companies/caelum-health,"San Francisco, CA, USA",2,Healthcare,Healthcare -> Consumer Health and Wellness,"Healthcare, Consumer Health and Wellness","Digital Health, Healthcare","United States of America, America / Canada",Early,False,False,False,,/company/thumb/missing.png,1493398726
1628,Covetly,covetly,Summer 2017,Inactive,"#1 Collectibles Marketplace: Authentic Vinyl Toys, Comics, Funko Pop ","Covetly is a platform for collectors and hobbyists. Tons of rare, unique, and bizarre items await. Browse, trade, and buy or sell. What do you covet?",https://www.covetly.com/,https://www.ycombinator.com/companies/covetly,"New York City, NY, USA; New York, NY, USA",3,Consumer,Consumer -> Home and Personal,"Consumer, Home and Personal","Marketplace, Social Media, E-commerce","United States of America, America / Canada, Remote, Partly Remote",Early,False,False,False,,https://bookface-images.s3.amazonaws.com/small_logos/a9a5b774e50e9e2eb7c1a7ce1739c05ed4234858.png,1493398709
1627,Semantix,semantix,Summer 2017,Inactive,AI for medical billing,,https://www.semantix.ai,https://www.ycombinator.com/companies/semantix,"San Francisco, CA, USA",2,Healthcare,Healthcare -> Healthcare IT,"Healthcare, Healthcare IT","Artificial Intelligence, Healthcare","United States of America, America / Canada",Growth,False,False,False,,https://bookface-images.s3.amazonaws.com/small_logos/7b12b9972766f7004c5d876b2c0f54360b621239.png,1578426414
1624,Mystro,mystro,Summer 2017,Inactive,Mystro is an app that makes rideshare drivers up to 30% more money by…,"Mystro is an automation app that makes on-demand drivers up to 30% more money. Mystro allows drivers to safely and easily run Uber, Lyft and other platforms simultaneously and auto accepts only the trips they want.",http://www.mystrodriver.com,https://www.ycombinator.com/companies/mystro,"San Francisco, CA, USA",6,Consumer,Consumer -> Job and Career Services,"Consumer, Job and Career Services","Artificial Intelligence, Ridesharing, Automation","United States of America, America / Canada",Early,False,False,False,"Driver Partners Inc, Driver Partners",/company/thumb/missing.png,1493398692
1623,Greo,greo,Summer 2017,Inactive,Greo is a mobile video app for conversations about current events. ,"Our mission is to empower everyone to discover, create, and exchange meaningful ideas to awaken a more just world. Learn more at www.greo.com",http://www.greo.com,https://www.ycombinator.com/companies/greo,"San Francisco, CA, USA; Palo Alto, CA, USA",2,Consumer,Consumer -> Social,"Consumer, Social",Video,"United States of America, America / Canada",Early,False,False,False,,/company/thumb/missing.png,1493398692
1622,Value Voting,value-voting,Summer 2017,Inactive,Platform to defeat political extremism through strategic primary…,Value Voting develops political targeting software for advocacy groups.,https://www.valuevoting.com,https://www.ycombinator.com/companies/value-voting,,2,Government,Government,Government,Marketplace,Unspecified,Early,False,False,False,,/company/thumb/missing.png,1493398673
1613,Sixty,sixty,Summer 2017,Inactive,On demand web app help," Sixty is the fastest way to get on demand web app help. Hire an expert by-the-minute to jump on a screenshare for help with your web design, development, software implementations, and more.

Starting at $1/min.",https://usesixty.com/,https://www.ycombinator.com/companies/sixty,"San Francisco, CA, USA",4,B2B,"B2B -> Engineering, Product and Design","B2B, Engineering, Product and Design","Remote, Customer Service","United States of America, America / Canada",Early,False,False,False,,https://bookface-images.s3.amazonaws.com/small_logos/3fd41605fa44214a528c098a1a0d2e1fcf2982d4.png,1493274034
1606,Gameday,gameday,Summer 2017,Inactive,Play fantasy sports with friends on Facebook Messenger,"Gameday is the easiest way to play fantasy sports with friends. We make daily fantasy sports fun for everyone, with a simple and quick version of the game over chat.",http://playgameday.com,https://www.ycombinator.com/companies/gameday,"San Francisco, CA, USA",2,Consumer,Consumer -> Gaming,"Consumer, Gaming","Gaming, Social","United States of America, America / Canada",Early,False,False,False,Chatbet,/company/thumb/missing.png,1493265114
1605,Dropleaf,dropleaf,Summer 2017,Inactive,Subscription service for all you can play indie PC games. ,"Dropleaf is a response to an industry that could be so much better than it is. They want to provide everyone with a never ending stream of transformative experiences, but doing that is going to require us to change the space around games. Players need to be able to find the experiences that feel made for them, and the community around those games has to be welcoming and inclusive. Independent developers, meanwhile, need a way to improve discoverability, extend their revenue stream and find a space in which content is rewarded based on quality, not marketing budget.

They are working to fix every one of those problems. They have built a discovery system that’s going to help you find games you truly love. Our community is a work in progress, but you can learn more on our blog. And our library is going to keep growing, so that when you finish one great game, you’ll find another that you’d swear was made with you in mind.",https://dropleaf.io,https://www.ycombinator.com/companies/dropleaf,"Seattle, WA, USA",2,Consumer,Consumer -> Gaming,"Consumer, Gaming",Gaming,"United States of America, America / Canada",Early,False,False,False,Root Software,/company/thumb/missing.png,1493264513
1604,Pathrise,pathrise,Summer 2017,Inactive,YC for your career,"Pathrise is a career accelerator where you don't pay unless you land a job. Job seekers sign up for Pathrise to get weekly career coaching, access the Pathrise network and use our job search automation software.",https://www.pathrise.com,https://www.ycombinator.com/companies/pathrise,"San Francisco, CA, USA",55,Education,Education,Education,"Education, Careers","United States of America, America / Canada, Remote, Partly Remote",Growth,False,False,False,"Mavenform, Studyform",https://bookface-images.s3.amazonaws.com/small_logos/a74b87209f0fef292c8365d6ab6e926fb4c740c6.png,1493264511
1599,Fam,fam,Summer 2017,Inactive,Video calling social network to talk with friends and make new friends,"Fam is a group video calling social network to talk with your friends and make new friends.

Fam was part of Y-Combinator’s Summer ’17 batch under FriendSpot.",https://www.famapp.com/,https://www.ycombinator.com/companies/fam,"New York City, NY, USA; New York, NY, USA",11,Consumer,Consumer -> Social,"Consumer, Social","Video, Social","United States of America, America / Canada",Growth,False,False,False,"Spot, FriendSpot",https://bookface-images.s3.amazonaws.com/small_logos/56990515048bb5a2ebb7da209b3dc0204fa67a7b.png,1493184626
1589,Prism Labs,prism-labs,Summer 2017,Inactive,,,,https://www.ycombinator.com/companies/prism-labs,"San Francisco, CA, USA",5,Consumer,Consumer -> Job and Career Services,"Consumer, Job and Career Services",,"United States of America, America / Canada",Early,False,False,False,"Prism IO, Prism Labs, Bridge Academy",/company/thumb/missing.png,1493176904
1585,Sunfolding,sunfolding,Summer 2017,Inactive,Sunfolding builds next generation infrastructure for solar farms.  By…,"Sunfolding was founded in 2012 with headquarters in San Francisco, CA. Sunfolding designs, manufactures and sells balance of system products that offer cost and performance breakthroughs to stakeholders across the solar industry. Currently, Sunfolding’s main product offering is an advanced solar tracker, Sunfolding T29™ Horizontal Single Axis Tracker.

Sunfolding’s executive team has collectively built and sold GWs of solar globally, successfully launching new solar products and technologies at leading solar companies including First Solar, SMA America, Kaco, and SunPower. The Sunfolding team is a blend of top technical talent with recognized industry leaders",http://www.sunfolding.com,https://www.ycombinator.com/companies/sunfolding,"San Francisco, CA, USA",44,Industrials,Industrials -> Energy,"Industrials, Energy","Solar Power, Climate","United States of America, America / Canada",Growth,False,False,False,,https://bookface-images.s3.amazonaws.com/small_logos/d2a2011cd8d88972eec582c9fa98805864f2373f.png,1493095293
1579,Passerine Aircraft,passerine-aircraft,Summer 2017,Inactive,Passerine Aircraft is building the next generation of dronesWe are…,Passerine Aircraft develops electric-powered aircraft that can attain flight speed using a jumping mechanism.,http://www.passerineaircraft.com/,https://www.ycombinator.com/companies/passerine-aircraft,"Johannesburg, GP, South Africa",2,Industrials,Industrials -> Aviation and Space,"Industrials, Aviation and Space",Drones,"South Africa, Africa",Early,False,False,False,,https://bookface-images.s3.amazonaws.com/small_logos/c95842a8ebd992360790565045dc0b9949e8dea8.png,1492197638
