id,name,slug,batch,status,one_liner,long_description,website,ycdc_company_url,all_locations,team_size,industry,subindustry,industries,tags,regions,stage,top_company,isHiring,nonprofit,former_names,small_logo_thumb_url,launched_at
810,GitLab,gitlab,Winter 2015,Public,A complete DevOps platform delivered as a single application.,"GitLab is the first single application for the entire DevOps lifecycle. Only GitLab enables Concurrent DevOps, unlocking organizations from the constraints of today’s toolchain. GitLab provides unmatched visibility, radical new levels of efficiency and comprehensive governance to significantly compress the time between planning a change and monitoring its effect. This makes the software lifecycle 200% faster, radically improving the speed of business.

GitLab and Concurrent DevOps collapses cycle times by driving higher efficiency across all stages of the software development lifecycle. For the first time, Product, Development, QA, Security, and Operations teams can work concurrently in a single application. There’s no need to integrate and synchronize tools, or waste time waiting for handoffs. Everyone contributes to a single conversation, instead of managing multiple threads across disparate tools. And only GitLab gives teams complete visibility across the lifecycle with a single, trusted source of data to simplify troubleshooting and drive accountability. All activity is governed by consistent controls, making security and compliance first-class citizens instead of an afterthought.

Built on Open Source, GitLab leverages the community contributions of thousands of developers and millions of users to continuously deliver new DevOps innovations. More than 100,000 organizations from startups to global enterprise organizations, including Ticketmaster, Jaguar Land Rover, NASDAQ, Dish Network and Comcast trust GitLab to deliver great software at new speeds.",http://gitlab.com/,https://www.ycombinator.com/companies/gitlab,"San Francisco, CA, USA; Remote",2000,B2B,"B2B -> Engineering, Product and Design","B2B, Engineering, Product and Design","Developer Tools, DevSecOps, Open Source","United States of America, America / Canada, Remote, Fully Remote",Growth,True,False,False,,https://bookface-images.s3.amazonaws.com/small_logos/af0d32f65e9007b7edbde422787633e338fa9bff.png,1416307238
809,EquipmentShare,equipmentshare,Winter 2015,Public,Cloud solutions for the construction industry.,"EquipmentShare delivers cloud solutions for the construction industry. We provide a better equipment rental experience, fleet tracking software and hardware security solutions to help contractors work smarter. ",https://www.equipmentshare.com,https://www.ycombinator.com/companies/equipmentshare,"Columbia, MO, USA",5400,Real Estate and Construction,Real Estate and Construction -> Construction,"Real Estate and Construction, Construction",Construction,"United States of America, America / Canada, Remote, Partly Remote",Growth,True,True,False,EquipmentShare.com,https://bookface-images.s3.amazonaws.com/small_logos/ad05853522c217d92c372ba8883ff6b45dd83d99.png,1416306934
805,Lucira Health,lucira-health,Winter 2015,Public,Next generation infectious disease test kits,"Diassess Inc. is revolutionizing the way infectious diseases are prevented, diagnosed, and monitored by developing the tools necessary to empower people to become knowledgeable about their health. We produce inexpensive, disposable health diagnostic hardware that transforms any smartphone into a portable, real-time health-monitoring device for rapid, accessible, multiplexed analysis of bodily fluids anywhere in the world.",https://www.lucirahealth.com/,https://www.ycombinator.com/companies/lucira-health,"Emeryville, CA, USA",43,Healthcare,Healthcare -> Diagnostics,"Healthcare, Diagnostics","Health Tech, Diagnostics","United States of America, America / Canada",Growth,False,False,False,Diassess,https://bookface-images.s3.amazonaws.com/small_logos/c16f624e7c7aac96877a792583de496fc66b4a02.png,1416306600
767,GrubMarket,grubmarket,Winter 2015,Active,AI-powered technology enabler and digital transformer of American…,"GrubMarket is the AI-powered technology enabler and digital transformer of American Food Supply Chain industry. Our mission is to build and provide the eCommerce and software technologies to this industry, to transform this completely offline and highly manual industry into modernized online industry powered by software technologies, and improve the efficiency of American food supply chain.
",http://grubmarket.com,https://www.ycombinator.com/companies/grubmarket,"San Francisco, CA, USA",4548,B2B,B2B -> Supply Chain and Logistics,"B2B, Supply Chain and Logistics","E-commerce, Supply Chain, Food Tech, Agriculture","United States of America, America / Canada, Remote, Partly Remote",Growth,True,False,False,,https://bookface-images.s3.amazonaws.com/small_logos/a10cd6dd027a6f9927f0c0574be6404d3ed0c014.png,1416220249
827,Razorpay,razorpay,Winter 2015,Active,India's only full-stack financial solutions company for businesses.,"The journey of building Razorpay started in 2014, when Harshil Mathur (CEO & Co-Founder) and Shashank Kumar (MD & Co-Founder) witnessed the dismal state of the online payments industry in India then and understood that they have a larger and more important issue to solve. And That was democratizing online payments for Indian businesses, particularly the underserved market, Startups and SMEs. Over the last 9 years, Razorpay has evolved from a single-product company to a multi-product company, from an online payment gateway to India’s only full-stack financial solutions company, offering payments and banking solutions to businesses.  Razorpay today is transforming age-old complexities and changing every known paradigm of money movement for disruptive businesses.

Over the last couple of years, Razorpay’s growth has evolved to be an index of India’s digital economy. From a kirana shop in Kashmir collecting payments on our POS device to a textile exporter in Kanyakumari accepting dollars through our International Payments product, Razorpay has revolutionised how businesses have traditionally transacted and interacted with money. 

Razorpay became the first and only Indian fintech to build a full-stack international Payment Gateway ‘Curlec by Razorpay’ and evolved into a comprehensive provider of payment solutions, leveraging the synergy between cutting-edge technological capabilities and a profound understanding of the local payment ecosystem. The introduction of the new Curlec Payment Gateway aims to cater to a wide spectrum of businesses, expanding its reach to over 5,000 establishments. 

Be it for international expansion or solving for Indian businesses, for Razorpay, the customer has always been at the core of all disruption, from addressing evolving needs to delivering new solutions. This hyperfocus helped bring Razorpay’s several industry-first innovations into the market since 2014. Razorpay became the first to launch a completely digital on-boarding process for startups, first to launch support for UPI, first to launch support for Bharath QR, first to introduce recurring payments for businesses through Razorpay Route, automating payment receipts and later automate payouts and making the entire process seamless and optimized and many more were introduced aling the way. Other firsts include: - First to launch India’s Multi-Network Tokenisation solution, TokenHQ - Razorpay became India’s first payment gateway to support credit cards on UPI - Razorpay also became India’s largest omnichannel payment gateway for businesses post acquiring Ezetap which is India’s leading offline POS company that was founded with the aim to simplify the in-person offline payments experience.

Over the years, Razorpay’s valuation has jumped from $1 billion to $7.5 billion and has added a host of marquee investors to its captable. Razorpay is also the second Indian company to be a part of Silicon Valley’s largest tech accelerator, Y Combinator. Marquee investors such as Lone Pine Capital, Alkeon Capital, TCV, GIC, Tiger Global, Sequoia Capital India, Ribbit Capital, Matrix Partners, Salesforce Ventures, Y Combinator, and MasterCard have invested a total of $741.5 Mn through Series A, B, C, D, E and F funding. The last financing round of Series F led the company’s valuation to $7.5 Billion signaling one of the fastest increases in valuation for an Indian Unicorn. 

Razorpay has also made acquisitions with like-minded companies over the last 9 years. In total, till date, Razorpay has made eight acquisitions, Billme in 2023 - A Digital invoice and customer Engagement, Ezetap in 2022 - India’s leading offline POS company, PoshVine in 2022 - India’s leading loyalty and reward management platform, IZealiant in 2022 - A mobile-first, API-enabled, and cloud-ready payment solution and made its first international foray in South-East Asia by announcing its acquisition of Curlec in 2022 - A recurring payments platform. TeraFin Labs in 2021 - the AI-based SaaS platform that facilitates digital financing solutions, Opfin (Now RazorpayX Payroll) in 2019 -  The payroll management solution and Thirdwatch in 2019, the first acquisition - The AI-powered fraud detection platform.

All these efforts are being done in collaboration with banks, regulators, and stakeholders so that India can build a better place for small and big businesses. Today, Razorpay powers online payments for 76 Of 100 startup unicorns and millions of businesses in India. The core premise of what Razorpay was founded in 2014 and what it is today hasn’t changed. It is to make money movement simpler and easier, whether it is for businesses to receive money, send money, or manage money. 

",https://razorpay.com,https://www.ycombinator.com/companies/razorpay,"Bengaluru, KA, India",2700,Fintech,Fintech -> Payments,"Fintech, Payments","Banking as a Service, Fintech, Payments, India","India, South Asia, Remote, Partly Remote",Growth,True,True,False,,https://bookface-images.s3.amazonaws.com/small_logos/b6a6aaf9a84fa4b7ddb53cabda7443c142a5a154.png,1416309883
857,Shasqi,shasqi,Winter 2015,Active,Targeting Cancer with Click Chemistry,"Shasqi is leading the development of therapeutics leveraging click chemistry to get active cancer treatments to tumors with its proprietary CAPAC™ platform. Our technology is based on localizing a click chemistry reagent in the tumor area, which then activates a second agent, a systemically infused protodrug. When the two 'click', a powerful localized therapy is activated at the tumor, while keeping its systemic exposure levels below toxic thresholds.",,https://www.ycombinator.com/companies/shasqi,"San Francisco, CA, USA; Remote",28,Healthcare,Healthcare -> Drug Discovery and Delivery,"Healthcare, Drug Discovery and Delivery","Biotech, Therapeutics","United States of America, America / Canada, Remote, Fully Remote",Growth,False,False,False,"Shasqi, Tambo",https://bookface-images.s3.amazonaws.com/small_logos/ffc67fc2138abb0d2b24dd42fa7b056c024ad80a.png,1421189619
856,Mashgin,mashgin,Winter 2015,Active,Self-Checkout using Computer Vision.,"Mashgin creates better retail experiences through visual automation. 

We’ve built a self-checkout kiosk that uses computer vision to scan multiple items without barcodes, reducing checkout time by 10x. We’re completely recreating the checkout experience in an industry that’s had little innovation in decades.

Our clients see dramatic reductions in lines and revenue increases of as much as 400% as a result.",http://mashgin.com,https://www.ycombinator.com/companies/mashgin,"San Francisco, CA, USA",150,B2B,B2B -> Retail,"B2B, Retail","Artificial Intelligence, Cashierless Checkout, Deep Learning, Hardware, Computer Vision","United States of America, America / Canada, Remote, Partly Remote",Growth,False,True,False,,https://bookface-images.s3.amazonaws.com/small_logos/bd7ff2b3db9bbbc82a79afababdad873d16b6e54.png,1421189374
851,NimbleRx,nimblerx,Winter 2015,Active,On-demand prescription delivery.,"We enable people to live their best lives. As we succeed, there is more convenience, healthier communities and thriving businesses. We get medications to those who need them and improve information, access and management of their care and enable businesses to move online and gain access to consumers who need their services 
",http://nimblerx.com,https://www.ycombinator.com/companies/nimblerx,"San Francisco, CA, USA; Menlo Park, CA, USA",130,Healthcare,Healthcare -> Consumer Health and Wellness,"Healthcare, Consumer Health and Wellness",SaaS,"United States of America, America / Canada, Remote, Partly Remote",Growth,False,False,False,,https://bookface-images.s3.amazonaws.com/small_logos/3ef7a61ca3801604838ec463e1179fb823f2670c.png,1419816980
849,Replika,replika,Winter 2015,Active,Replika is an AI friend that you can talk to designed to make you…,"Luka is a software development company based in San Francisco, California.

The company created Luka app, a new messenger with AI-powered chatbots. They help you find places to eat, do web search, make plans together, pick places to eat, play trivia games and lots of other things in a messenger.

In 2016 Luka launched a closed testing of Replika, a new app that allows to create a personal AI friend that helps people deal with loneliness. The app is powered by a proprietary deep learning architecture.",https://replika.ai/,https://www.ycombinator.com/companies/replika,"San Francisco, CA, USA",28,Consumer,Consumer -> Content,"Consumer, Content","Mental Health, Conversational AI","United States of America, America / Canada, Remote, Partly Remote",Growth,False,False,False,Luka,https://bookface-images.s3.amazonaws.com/small_logos/8bb8d74afb0e05a227b84f8652f03f05258ec34b.png,1419816871
848,Tara AI,tara-ai,Winter 2015,Active,"Meet Tara AI, your new engineering efficiency co-pilot.","Tara AI helps engineering leaders measure and improve engineering efficiency, with fine-tuned, secure LLMs trained on source control and project data. 

Our customers include MongoDB, Clearbit and Prometric. Our platform generates all-in-one views on cycle times, benchmarks, investments and overall size and velocity of engineering activity. We're helping customers achieve 30% reduction in time to customer deployment.",http://www.tara.ai,https://www.ycombinator.com/companies/tara-ai,"San Francisco, CA, USA; San Jose, CA, USA; Remote",13,B2B,B2B -> Productivity,"B2B, Productivity","Artificial Intelligence, Generative AI, SaaS, DevOps, AI","United States of America, America / Canada, Remote, Fully Remote",Growth,False,True,False,"Gradberry, TARA",https://bookface-images.s3.amazonaws.com/small_logos/5150a8797d7be6783f61a5e2ea17ea19cd3721a3.png,1419816809
847,Flip,flip,Winter 2015,Active,Community-driven marketplace for sneakers.,"FLIP is everyone’s sneaker connect — the premier specialty destination where people find and sell hard to find, rare, limited edition sneakers. They have created a community where their members can buy and sell with confidence and ease. Never miss out on an opportunity to place your bid on hard to find sneakers in 90 minutes from a curated list of quality sellers who really care. Their mobile only platform is currently available for your iPhone and coming soon to Android. They strive to keep an open and trusted environment for their community.",http://justflip.com,https://www.ycombinator.com/companies/flip,"Los Angeles, CA, USA",,Consumer,Consumer -> Apparel and Cosmetics,"Consumer, Apparel and Cosmetics",Marketplace,"United States of America, America / Canada, Remote, Partly Remote",Early,False,False,False,,https://bookface-images.s3.amazonaws.com/small_logos/2867a53daf101deac05cf2b659c168e70357e5ad.png,1419816775
840,X-Zell,x-zell,Winter 2015,Active,"Early, pain-free cancer detection. ","X-ZELL™ is a global start-up specialising in rare cell detection technology. 

Backed by Y Combinator and various high-profile angel investors from around the globe – among them Gmail creator Paul Buchheit – X-ZELL™ has developed a world-first platform technology capable of isolating and visualizing rare and abnormal cells such as Circulating Endothelial Cells (CEC).

X-ZELL™’s platform technology is based on four core modules covering the entire spectrum from blood processing through to cell analysis and reporting – with every step performed in-house using patented and proprietary technology.

By combining the wisdom of 4,000 years of pathologic research with X-ZELL™’s own, cutting-edge technology, 
X-ZELL™ ensures robust results and maximum clinical utility across a broad range of medical applications – from research through to medication management, companions diagnostics, relapse control and diagnostic decision-making.

More information on www.x-zell.com and @XZELLInc",http://www.x-zell.com,https://www.ycombinator.com/companies/x-zell,"Bangkok, Thailand; Düsseldorf, NRW, Germany",19,Healthcare,Healthcare -> Diagnostics,"Healthcare, Diagnostics",Medical Devices,"Thailand, Germany, Southeast Asia, Europe, Remote, Partly Remote",Early,False,False,False,,https://bookface-images.s3.amazonaws.com/small_logos/3fafbc0fbed91c91e5664f3b665740b3a037febe.png,1416312163
834,Zenflow,zenflow,Winter 2015,Active,"Medical device that provides a more effective, less invasive…","Forty million men in the US and over 500 million worldwide suffer from urinary obstruction related to benign prostatic hyperplasia (BPH). The majority of men will experience symptoms of this disease at some point in life. BPH, also known as prostate enlargement, leads to urinary straining, frequency, urgency, and sleep disruption. Despite the high prevalence and significant quality of life burden of BPH, established treatments are limited to drugs, which have limited effectiveness, and surgery, which carries a high risk of sexual side effects. The Zenflow Spring is a small implant delivered in the urologist's office in a simple procedure that provides quick and long-lasting symptom relief.",http://zenflow.com,https://www.ycombinator.com/companies/zenflow,"San Francisco, CA, USA; South San Francisco, CA, USA",18,Healthcare,Healthcare -> Medical Devices,"Healthcare, Medical Devices",Medical Devices,"United States of America, America / Canada",Growth,False,False,False,ZenFlow,https://bookface-images.s3.amazonaws.com/small_logos/39dafe5a7c09ff15739f0bf0dfb5ef1902393913.png,1416311220
833,Tab,tab,Winter 2015,Active,"Revolutionising the way travellers discover, plan and book a trip","At Tab, we’re revolutionising the way travellers discover, plan and book a trip.

The Guide lets travellers find and book anywhere — with helpful recommendations from friends & local experts, rather than bland listings with endless reviews. Planning your trip should be a joy, not a chore! We help people to travel responsibly, by booking direct instead of using traditional booking sites. Travellers get the best price and they help local businesses avoid unnecessary fees. 

Travel experts, content creators and the friends you always ask for recommendations can use The Guide to showcase their favourite places to stay and things to do. When you book one of their recommendations, you’ll get a discount from the business and they receive bonus credit to say thanks.

The Tab platform gives independent tourism businesses the tools to improve their online presence, be discovered, take direct bookings — and also to take payments. Our payment platform is uniquely designed for tourism businesses, handling over 100 currencies natively, and every payment type securely and easily.

As travel returns after a difficult period, it’s time for a fresh approach. That’s why we’re building a social commerce platform for tourism — helping to spread the benefits of tourism far and wide, and helping travellers make the most of their precious time abroad. 

We're headquartered in London, and backed by Y Combinator (the investors behind Airbnb, Dropbox and Stripe).",https://www.tab.travel,https://www.ycombinator.com/companies/tab,"London, England, United Kingdom",9,Consumer,"Consumer -> Travel, Leisure and Tourism","Consumer, Travel, Leisure and Tourism","Fintech, Marketplace, Travel","United Kingdom, Europe, Remote, Partly Remote",Early,False,True,False,,https://bookface-images.s3.amazonaws.com/small_logos/e8f02178e3ddf46bafbfb385e35e6ddbd748c98d.png,1416311007
817,Meadow,meadow,Winter 2015,Active,Point of Sale and Compliance SaaS for Cannabis Dispensaries,"Headquartered in San Francisco since 2014, Meadow builds powerful Point of Sale and eCommerce software for retailers in the legal cannabis industry. Meadow’s all-in-one platform allows dispensaries to sell products, manage menus and inventory, reward customers, dispatch delivery and pick-up orders, and create exceptional in-store experiences for customers. Meadow powers dispensaries and delivery services of all sizes, utilizing technology to maintain compliance with local and state regulations, scale with the Adult Use market, and create operational efficiencies that allow these businesses to thrive in a regulated industry. Meadow’s team is dedicated to making the best retail software in cannabis, and to creating a more collaborative and inclusive legal cannabis industry. To learn more about Meadow, visit getmeadow.com.",https://getmeadow.com,https://www.ycombinator.com/companies/meadow,"San Francisco, CA, USA",14,B2B,B2B -> Retail,"B2B, Retail","SaaS, Cannabis","United States of America, America / Canada, Remote, Partly Remote",Early,False,False,False,,https://bookface-images.s3.amazonaws.com/small_logos/b0fa48b99116985657fd362e4dcb5948c48c050d.png,1416308423
815,Level Frames,level-frames,Winter 2015,Active,Software eats custom framing,"Level Frames is making it more convenient, affordable and intuitive to custom frame posters, prints, photos and more. By bringing the entire experience online and offering amazing support, we can help make your walls in your home or office look amazing at a fraction of the price and turnaround time of a traditional frame shop. 

Level was founded in 2014 and is based in New York, United States.",http://levelframes.com,https://www.ycombinator.com/companies/level-frames,"New York City, NY, USA; Atlanta, GA, USA; South Lake Tahoe, CA, USA",5,Consumer,Consumer -> Home and Personal,"Consumer, Home and Personal",E-commerce,"United States of America, America / Canada, Remote, Partly Remote",Early,False,False,False,Level,https://bookface-images.s3.amazonaws.com/small_logos/e83f0ec0fd8eb57c92eb2af88daaf9a5888aa9fa.png,1416308332
813,Industrial Microbes,industrial-microbes,Winter 2015,Active,We design and build microbes to make chemicals greener at lower cost.,"At iMicrobes, we believe there are opportunities for biology to solve our biggest problems.  Our mission is to work with the world’s largest companies to use new raw materials and recycle waste for chemical production, polymers, agriculture, and space exploration. ",http://imicrobes.com,https://www.ycombinator.com/companies/industrial-microbes,"San Francisco, CA, USA; Alameda, CA, USA",12,Healthcare,Healthcare -> Industrial Bio,"Healthcare, Industrial Bio","Carbon Capture and Removal, Bioplastic, Climate","United States of America, America / Canada, Remote, Partly Remote",Early,False,False,False,,https://bookface-images.s3.amazonaws.com/small_logos/2c3ae2e51b19cd9bcebdb9eca9dfe2161589c2e1.png,1416307876
811,Giveffect,giveffect,Winter 2015,Active,"Fundraising, Volunteer and Donor Management SaaS for nonprofits.","Giveffect provides a powerful all-in-one software platform exclusively for nonprofits. We offer fundraising, events, online donations, volunteer management, donor management, marketing, constituent relationship management software, and more. We are well positioned for rapid expansion in the coming years and have garnered top industry recognition for our platform.",http://giveffect.com,https://www.ycombinator.com/companies/giveffect,"New York City, NY, USA; New York, NY, USA",,B2B,B2B -> Finance and Accounting,"B2B, Finance and Accounting","SaaS, Nonprofit, B2B","United States of America, America / Canada, Remote, Partly Remote",Early,False,True,False,,https://bookface-images.s3.amazonaws.com/small_logos/d51c4927ae68d337b0287b118c889be90febd4b9.png,1416307299
808,eBrandvalue,ebrandvalue,Winter 2015,Active,Real-time Nielsen ratings for Brands.Accelerate marketing and product…,"eBrandValue, Inc. is a Mountain View, CA-based company that acts as a BI platform for brands and leverages social data to forecast sales and provide competitive intelligence. Its unique proprietary algorithm essentially captures consumer behaviour and brand affinities using social data to identify the most effective profile changing events.    

eBrandValue has become a de facto forecaster of sales in many industries by accurately predicting and reporting the real-time sales, ROI, brand performance and market share-impact of brands in comparison to all of their competitors. These predictions are confirmed by Nielsen’s ScanTrack, which once again emphasises the catalytic impact of next-stage intelligent social media analysis to sales strategy.  

eBrandValue enables brands to measure the efficacy and ROI of their events and campaigns, and to track and analyse influencers within their industry. It also provides Meme-Based Netnographic Segmentation which reveals the dimensions that define a brand and encapsulate the nature of social media postings in the sector, thus allowing brands to track their positioning vis-à-vis competition in real-time.  

eBrandValue recently graduated from Y Combinator’s Winter’15 batch, and received press coverage at VentureBeat. Additionally, eBrandValue was also showcased as part of the Start Up Academy during Cannes Lions as one of the ten globally selected startups that are currently disrupting the marketing/agency business. ",https://www.ebrandvalue.com/,https://www.ycombinator.com/companies/ebrandvalue,"San Francisco, CA, USA; Mountain View, CA, USA",10,B2B,B2B -> Marketing,"B2B, Marketing","Analytics, Social","United States of America, America / Canada",Early,False,False,False,,https://bookface-images.s3.amazonaws.com/small_logos/b7687a266acc1565f2404a9e6053b41025b988e9.png,1416306873
807,Quantierra,quantierra,Winter 2015,Active,Sourcing investment real estate,"Quantierra sources real estate investments for developers.

It uses their database and algorithms to determine what can be built, its value, and the probability of it selling. Taking a 1.5% cut of any property they help sell, They’ve made $141,000 in revenue in 3 months, and say they have $310,000 in signed term sheets.",http://quantierra.com,https://www.ycombinator.com/companies/quantierra,"New York City, NY, USA; New York, NY, USA",5,Real Estate and Construction,Real Estate and Construction -> Housing and Real Estate,"Real Estate and Construction, Housing and Real Estate","Real Estate, Investing","United States of America, America / Canada",Growth,False,False,False,Drilling Analytics,/company/thumb/missing.png,1604367576
802,Cleanly,cleanly,Winter 2015,Active,Laundry & Dry Cleaning delivered.,"We started Cleanly to create an alternative to your typical laundry and dry cleaning experience.  An alternative where delivery occurs at the tap of a button and happens around your schedule. Where people are friendly and knowledgeable about the way your clothes are treated. 

Cleanly checks one item off your to-do list: Laundry day, done. 

Learn more about Cleanly on our website: www.cleanly.com",https://cleanly.com,https://www.ycombinator.com/companies/cleanly,"New York City, NY, USA",40,Consumer,Consumer -> Home and Personal,"Consumer, Home and Personal","Delivery, Logistics","United States of America, America / Canada, Remote, Partly Remote",Growth,False,False,False,,https://bookface-images.s3.amazonaws.com/small_logos/8349634f7984abbf72ed4977ed18128b2cd5d9ad.png,1416305960
797,Resolve,resolve,Winter 2015,Active,Software to accelerate construction by finding issues in 3D BIM,"At Resolve we’re accelerating construction to build as fast as the future demands. Construction projects are all slowed down by rework that arises after humans spot issues in real life that slipped through all the hours of design reviews and coordination. Resolve enables construction teams to detect these issues in 3D BIM as early as possible so that we can close the gap between design and reality.

By combining realtime collaboration in the web, immersive VR reviews, and AI-driven spatial navigation into the most easy to use platform for BIM reviews, Resolve empowers construction teams to identify risks earlier, coordinate faster, and deliver higher-quality assets across mission-critical infrastructure.

Resolve has been used to deliver over 6GW of data center capacity and on projects across pharma, water treatment, healthcare, and other critical assets.
",https://www.resolvebim.com,https://www.ycombinator.com/companies/resolve,"New York City, NY, USA; Remote",10,Real Estate and Construction,Real Estate and Construction -> Construction,"Real Estate and Construction, Construction","Virtual Reality, Construction, Collaboration, Design Tools, AI","United States of America, America / Canada, Remote, Fully Remote",Early,False,False,False,"InsiteVR, Resolve (Formerly InsiteVR)",https://bookface-images.s3.amazonaws.com/small_logos/2ee341b6668b147683ee3427bd13f6a3a34cb892.png,1416222759
791,Makrwatch,makrwatch,Winter 2015,Active,Scale new user acquisition with YouTube Creators,"Makrwatch helps D2C companies scale user acquisition with YouTube creators. Our clients see us as an alternative growth channel to Google/Facebook, by reaching their audience at a more efficient cost per acquisition and obtaining high quality customers that are more engaged. 

Makrwatch has been growing 100%+ year over year, currently processes 2M-5M in billings and helps creators in over 60+ countries. We are reaching 20 team members in 6+ countries, have been fully remote for the past years and aim to reach 20M in billings with 10,000 sponsored videos within the next 18 months. ",https://www.makrwatch.com,https://www.ycombinator.com/companies/makrwatch,"New York City, NY, USA; New York, NY, USA; Remote",19,B2B,B2B -> Marketing,"B2B, Marketing","Marketplace, B2B, Social Media, Advertising, Creator Economy","United States of America, America / Canada, Remote, Fully Remote",Early,False,False,False,"themidgame, Makrwatch (formerly themidgame) , Makrwatch ",https://bookface-images.s3.amazonaws.com/small_logos/2d112d21825239851033ed226096467016755e57.png,1416222240
790,TeamNote,teamnote,Winter 2015,Active,Mobile Productivity(Slack for mobile workforces),"TeamNote as a company was conceived in 2014 after spinning off from AppTask, a Hong Kong mobile app development company specialized in enterprise mobile solution development. TeamNote’s mission is to help corporations unleash the productivity of their mobile workforce and maximize their working efficiency that mobile technology brings about.

TeamNote as a product started off its research and development in 2013 and was officially launched to the market in the first quarter of 2014. The first customer in Hong Kong is Cheung Kong (Holdings) Ltd.

In January 2015 TeamNote joined the renowned Silicon Valley accelerator Y Combinator as incubatee.",http://teamnoteapp.com,https://www.ycombinator.com/companies/teamnote,"Hong Kong, Hong Kong",11,B2B,B2B -> Productivity,"B2B, Productivity",B2B,"Hong Kong, East Asia, Remote, Partly Remote",Growth,False,False,False,,https://bookface-images.s3.amazonaws.com/small_logos/5e80f24cb6eb0be2ffe43f35c7a912d2e48af9eb.png,1416222148
789,Tempo,tempo,Winter 2015,Active,Live home fitness training powered by computer vision.,SmartSpot is a post Series-A stealth startup backed by Founders Fund and Khosla Ventures that uses computer vision to deliver an unparalleled fitness training experience to your home. Our unique hardware solution gives amazing trainers the ability to see their class participants in real time and deliver detailed advice that was previously only possible in person.,https://tempo.fit/,https://www.ycombinator.com/companies/tempo,"San Francisco, CA, USA",158,Healthcare,Healthcare -> Consumer Health and Wellness,"Healthcare, Consumer Health and Wellness","Machine Learning, Consumer Health Services","United States of America, America / Canada, Remote, Partly Remote",Growth,False,True,False,SmartSpot,https://bookface-images.s3.amazonaws.com/small_logos/8d7bb4096474a73857a04dd3a797223c11e906d3.png,1416222026
787,SIRUM,sirum,Winter 2015,Active,SIRUM is a “match.com” for unused medicine. We connect institutional…,"SIRUM uses technology to connect, prioritize and simplify various sources of medicine. We help safety-net clinics access this medicine for their patients.

SIRUM is an innovative nonprofit organization committed to reducing barriers to health for underserved populations. Incubated at Stanford University, SIRUM draws from the academic and technology expertise of faculty and alumni to strengthen its impact and efficiency. 

SIRUM has become a leader in prescription drug donations, providing consulting and technical assistance to county governments, community clinics and multiple drug donor groups to establish redistribution programs",http://sirum.org,https://www.ycombinator.com/companies/sirum,"San Francisco, CA, USA; Palo Alto, CA, USA",15,Unspecified,Unspecified,Unspecified,"Consumer Health Services, Nonprofit","United States of America, America / Canada, Remote, Partly Remote",Early,False,False,True,,https://bookface-images.s3.amazonaws.com/small_logos/2eaff4c9574450ebd693897cc2604edad7f9b0ce.png,1416221874
786,Sails Co.,sails-co,Winter 2015,Active,"Full-service web, mobile, & cloud studio providing professional…","The Sails Company was founded by the original author and maintainers of the Sails framework. In addition to free and open-source software, The Sails Company offers a full-service web & mobile studio and professional support for the tools we maintain.",https://sailsjs.com/about,https://www.ycombinator.com/companies/sails-co,"Austin, TX, USA",4,B2B,"B2B -> Engineering, Product and Design","B2B, Engineering, Product and Design","Open Source, Web Development, Cloud Computing","United States of America, America / Canada, Remote, Partly Remote",Early,False,False,False,"Treeline, Sails, Treeline",https://bookface-images.s3.amazonaws.com/small_logos/065c8c25c94a5b7288159539b52e8719bf30381d.png,1416221771
782,ReadMe,readme,Winter 2015,Active,"Beautiful, personalized, interactive developer hubs","ReadMe provides every company the ability to easily create beautiful documentation, and build loyal, productive developer communities.

With ReadMe, build developer portals that combine support, tutorials, topical guides and API exploration. ReadMe makes it trivial to keep docs up-to-date and has community oriented features that help drive adoption.

Wanna see what it'd look like to work at ReadMe? Our careers page takes a stab at it! https://readme.com/careers",http://readme.com,https://www.ycombinator.com/companies/readme,"New York City, NY, USA; New York, NY, USA",52,B2B,"B2B -> Engineering, Product and Design","B2B, Engineering, Product and Design","Developer Tools, Design Tools","United States of America, America / Canada, Remote, Partly Remote",Growth,False,False,False,,https://bookface-images.s3.amazonaws.com/small_logos/5a8bd3afbbc73a7d4c44e873cf178a675ddaa19d.png,1416221436
781,BuildScience,buildscience,Winter 2015,Active,The operating system for commercial buildings.,"Revolutionizing building management.

Our platform allows building owners to deliver better customer service via custom software. We have deployed this in a 1M sq.ft. Class A office building, where we were able to lower operational expenses while improving tenant satisfaction.",http://www.buildscience.com/,https://www.ycombinator.com/companies/buildscience,"Niagara Falls, NY, USA; Remote",1,Real Estate and Construction,Real Estate and Construction -> Housing and Real Estate,"Real Estate and Construction, Housing and Real Estate","Sustainability, Proptech, Energy","United States of America, America / Canada, Remote, Fully Remote",Early,False,False,False,,https://bookface-images.s3.amazonaws.com/small_logos/ea5b7ba5bf28f127304f4edff2198d051dc6e72f.png,1416221345
774,Platzi,platzi,Winter 2015,Active,Turning company knowledge into expert teams,"Platzi turns a company's scattered knowledge into training that automatically builds expert teams. It captures how an organization's top performers sell, build, and operate, then shapes that knowledge into structured training that brings the rest of the workforce to their level. The courses are created instantly from each company's own knowledge, self-updating as it changes. It's training that never goes stale, and no one has to maintain. And just as pilots learn to fly in a simulator, Platzi measures mastery in simulated work scenarios, like a sales rep handling a hard objection or a frontline worker holding the line on safety while a manager pushes to cut corners. The test is the work, not course completion.",https://platzi.com,https://www.ycombinator.com/companies/platzi,"San Francisco, CA, USA",123,B2B,B2B -> Productivity,"B2B, Productivity","AI-Enhanced Learning, Education, eLearning, Sales Enablement, HR Tech","United States of America, America / Canada, Remote, Partly Remote",Growth,False,False,False,,https://bookface-images.s3.amazonaws.com/small_logos/e10b69888a43c949c6837cf87eb4b924e904ef8a.png,1416220798
773,Labdoor,labdoor,Winter 2015,Active,Labdoor is building the trusted online drugstore.,"Labdoor is a marketplace where consumers research, find, and buy the best supplements.

To verify the purity and potency of these products, Labdoor first buys and tests actual dietary supplement samples:
• We send each product to an FDA-registered laboratory for a detailed chemical analysis.
• Our scientists then collect the laboratory results and use internal algorithms to translate this data into simple grades and rankings for consumers.
• Find a product you love? Click ""buy it now"" to activate in-app purchases.",https://labdoor.com,https://www.ycombinator.com/companies/labdoor,"San Francisco, CA, USA",11,Consumer,Consumer -> Food and Beverage,"Consumer, Food and Beverage","Marketplace, Consumer Health Services","United States of America, America / Canada, Remote, Partly Remote",Growth,False,False,False,LabDoor,https://bookface-images.s3.amazonaws.com/small_logos/3e41808a31c6cfaae68fee514481c62f71308c71.png,1416220707
764,GiveMeTap,givemetap,Winter 2015,Active,We produce & sell stainless steel water bottles that enables people…,"GiveMeTap is a social enterprise. Our mission is to make clean drinking water available to everyone, everywhere.

We create stainless steel water bottles, and each bottle funds 5 years of clean water for someone in Africa. When you get a GiveMeTap bottle, you also have access to the free-water network of cafes and shops who give free tap water to people on the go. No questions, no hassle.

We build water projects in remote villages and elect a water committee to run the maintenance of the water. So far we have made an impact in Namibia, Malawi, and Ghana to bring clean water for the first time.

We like to think of this as ‘Water for You, Water for Everyone’.

We help awesome companies create custom bottles for their staff, customers, and events so that they can stay hydrated, reduce plastic waste and help fund water projects. Our partners include:

Deloitte
HSBC
YCombinator
Google
TED
Flexport
Legal & General
Richard Branson's The Lodge, Switzerland
Cambridge University 

Want to get your company involved? Visit http://bit.ly/2j2Ef64

Water for you. Water for everyone.",http://givemetap.com,https://www.ycombinator.com/companies/givemetap,"London, England, United Kingdom; Remote",1,Consumer,Consumer -> Home and Personal,"Consumer, Home and Personal",Sustainability,"United Kingdom, Europe, Remote, Fully Remote",Early,False,False,False,,https://bookface-images.s3.amazonaws.com/small_logos/e12f171a4ea3c40c73ef3e8b77453a6deaec1f6e.png,1416220066
763,Bankjoy,bankjoy,Winter 2015,Active,An end-to-end digital banking solution for banks and credit unions,"Bankjoy provides a full suite of modern digital banking software, including mobile banking, online banking, online account opening, loan applications, and conversational AI to banks and credit unions.",http://bankjoy.com,https://www.ycombinator.com/companies/bankjoy,"Troy, MI, USA; Remote",60,Fintech,Fintech -> Banking and Exchange,"Fintech, Banking and Exchange","Banking as a Service, Conversational Banking, Fintech","United States of America, America / Canada, Remote, Fully Remote",Growth,False,False,False,,https://bookface-images.s3.amazonaws.com/small_logos/134b12b221534d10b8b6f4ff8ae5da4a440320ad.png,1416220006
762,Zeitview,zeitview,Winter 2015,Active,Inspection software for renewable energy & sustainable infrastructure,"At Zeitview, our goal is to accelerate the transition to renewable energy and sustainable infrastructure. We do this by combining advanced inspection software with the ability to capture visual data in more than 60 countries. This allows us to deliver safer, faster, lower-cost inspections of energy and infrastructure assets with a high degree of accuracy and repeatability. We use artificial intelligence and machine learning to ingest and analyze vast amounts of visual data to provide objective insights that our customers can act on immediately.",https://www.zeitview.com/,https://www.ycombinator.com/companies/zeitview,"Los Angeles, CA, USA; Santa Monica, CA, USA; Remote",200,Industrials,Industrials -> Drones,"Industrials, Drones","Artificial Intelligence, Drones, B2B, Climate, Renewable Energy","United States of America, America / Canada, Remote, Fully Remote",Growth,False,False,False,DroneBase,https://bookface-images.s3.amazonaws.com/small_logos/06e32a7ff9f034ea9a91bf3c37be592aaf617047.png,1416219854
761,The Human Utility,the-human-utility,Winter 2015,Active,The Human Utility seeks to eliminate water service disconnections for…,"Founded July 2014, The Human Utility (formerly known as the Detroit Water Project) matches families needing help with utility bills to people who want to help through payments directly to utility companies.

For over 40 million families in the United States, water and other essential utilities may be unaffordable. In order to afford utilities, families often forgo medication, food, and transportation. The Human Utility's platform divides a bill similar to a loan syndicate expanding the possible number of donors from around the world able to join together to ensure families never lose access to utility service. Donors are matched with a specific family or donate to a universal assistance fund.

Later, we use utility data to design interventions addressing the root causes of why people need help with their utility bills with the goal of never having them lose service again.",https://www.detroitwaterproject.org/,https://www.ycombinator.com/companies/the-human-utility,"San Francisco, CA, USA; Oakland, CA, USA; Remote",2,Unspecified,Unspecified,Unspecified,Crowdfunding,"United States of America, America / Canada, Remote, Fully Remote",Early,False,False,True,Detroit Water Project,https://bookface-images.s3.amazonaws.com/small_logos/ddcada339c9ae420abc290b01a1f11ded7218d73.png,1416219793
760,Democracy Earth,democracy-earth,Winter 2015,Active,Censorship resistant democracies. ,"Our mission is to build a sustainable democracy for the Information Age. We create censorship resistant, free and open source software that can deploy democracies anywhere there's an internet connection. We have implemented governance infrastructure for crypto networks; shadow referendums for activists in critical countries and the first Quadratic Voting implementation in the USA for the Colorado Legislative House.

Backed by Templeton Foundation (2019), Y Combinator (2015) and Fast Forward (2016). Presented on TED Global (2014). Awarded by MIT Technology Review (2017) and Singularity University (2016). We did research for Alphabet, World Economic Forum and the University of Berkeley.",http://democracy.earth/,https://www.ycombinator.com/companies/democracy-earth,"Madrid, Community of Madrid, Spain; Remote",2,Unspecified,Unspecified,Unspecified,"Crypto / Web3, Nonprofit","Spain, Europe, Remote, Fully Remote",Early,False,False,True,DemocracyOS,https://bookface-images.s3.amazonaws.com/small_logos/31289c55d5f1228f43a9bcccfd0f7933fb63a58c.png,1416219702
756,Numerion Labs,numerion-labs,Winter 2015,Active,Artificial intelligence for drug discovery.,"Numerion Labs is an AI-native company accelerating the discovery of life-saving medicines through the development and use of cutting-edge machine learning algorithms. The company unites computational chemistry, structural biology, and medicinal chemistry to pioneer the next generation of AI-driven drug discovery platforms.",https://www.numerionlabs.ai,https://www.ycombinator.com/companies/numerion-labs,"San Francisco, CA, USA",67,Healthcare,Healthcare -> Drug Discovery and Delivery,"Healthcare, Drug Discovery and Delivery","AI-powered Drug Discovery, Deep Learning, Biotech, Drug discovery, Oncology","United States of America, America / Canada, Remote, Partly Remote",Growth,False,False,False,Atomwise,https://bookface-images.s3.amazonaws.com/small_logos/c3b218096497a702becc32895ca1b21c4cae78bd.png,1416219336
755,Bright,bright,Winter 2015,Active,Sunrun for the developing world,"Bright is Mexico’s #1 residential solar provider (think Sunrun for the developing world, starting first in Mexico). We provide the financing and software that enable thousands of student ambassadors and retail promoters to offer cheaper electricity to homes at no upfront cost, and we work with our network of hundreds of local installers and distributors to satisfy the resulting demand. Our first market is Mexico, which has more sun, higher electricity rates, and lower labor costs than the US. Bright's investors include First Round Capital, Y Combinator, and other top Silicon Valley firms.",https://www.thinkbright.mx,https://www.ycombinator.com/companies/bright,"New York City, NY, USA; Mexico City, CDMX, Mexico; Remote",100,Industrials,Industrials -> Energy,"Industrials, Energy","Fintech, Solar Power, Climate","United States of America, Mexico, America / Canada, Latin America, Remote, Fully Remote",Growth,False,False,False,,https://bookface-images.s3.amazonaws.com/small_logos/4f860d42183017f025fa2a44238b098217f8b456.png,1416219275
751,Magic,magic,Winter 2015,Active,Extremely talented assistants for busy people,Magic is the most convenient way to access quality virtual assistants to scale your business.,https://getmagic.com/,https://www.ycombinator.com/companies/magic,"Washington, DC, USA; San Francisco, CA, USA; Remote",350,B2B,B2B,B2B,"B2B, AI Assistant","United States of America, America / Canada, Remote, Fully Remote",Growth,False,True,False,,https://bookface-images.s3.amazonaws.com/small_logos/776561775e16de7555470b2a89bb97649da650c3.png,1416218819
749,Mezmo,mezmo,Winter 2015,Active,Observability platform to control all of your log data,"Mezmo, formerly LogDNA, is an observability platform to manage and take action on your data. It ingests, processes, and routes log data to fuel enterprise-level application development and delivery, security, and compliance use cases.

Mezmo was brought to life by three-time co-founders Chris Nguyen and Lee Liu and included in the Winter 2015 batch of Y Combinator. In 2018 the company partnered with tech giant, IBM, to become the sole logging provider for IBM Cloud.

Mezmo is on a mission to empower people who build solutions that shape the world. We’re doing this by delivering a platform that enables enterprises to get more value from their observability data in real time, regardless of source, destination, use case, or scale. We’re not the only ones working on this problem but we have a few things the others don’t.

We’re cloud-native and know how to make the most of modern technology like Kubernetes.
We have scaled a solution from zero to petabyte scale in a short amount of time, while supporting thousands of active users across multiple environments.
We are hungry for change and are surrounded by enterprises telling us they’re hungry, too.
We have a kick-ass group of people who are thinking about the problem analytically and are excited to change the observability world for the better.
Mezmo has helped some of the world’s most innovative companies transform how they manage their systems and applications. Still, we know that we can help them get more value from their observability data by providing more flexibility and control over how they use it. This will enable teams to spend less time switching between data silos so they can focus on shipping better, more resilient, and secure products.

We have momentum on our side. Last year we saw triple digit revenue growth and added 800 new customers to our roster. Recent accolades include being named to YC’s Top Companies, CRN’s 10 Hottest DevOps Startups, and EMA’s Top 3 Observability Platforms.
",https://www.mezmo.com/,https://www.ycombinator.com/companies/mezmo,"Miami, FL, USA; Mountain View, CA, USA; Remote",172,B2B,B2B -> Infrastructure,"B2B, Infrastructure","Developer Tools, DevSecOps, SaaS, Kubernetes, Data Engineering","United States of America, America / Canada, Remote, Fully Remote",Growth,False,False,False,"PushMarket, LogDNA",https://bookface-images.s3.amazonaws.com/small_logos/f3a71ea034c7bfc9aef393b47b27829a3413f0b3.png,1416218667
748,Akido Labs,akido-labs,Winter 2015,Active,Rebuilding healthcare with AI at the core,"For the first time in history, technology exists to create a healthcare system that anticipates your needs, responds with precision and is accessible to everyone -- regardless of financial means or geography.

Since 2015, Akido Labs singular focus has been to make this vision a reality.",http://akidolabs.com,https://www.ycombinator.com/companies/akido-labs,"Los Angeles, CA, USA",1000,Healthcare,Healthcare -> Healthcare IT,"Healthcare, Healthcare IT","Artificial Intelligence, Deep Learning, Healthcare, AI","United States of America, America / Canada, Remote, Partly Remote",Early,False,False,False,,https://bookface-images.s3.amazonaws.com/small_logos/c312db8ea593be844305acc22a48eb2b87c24264.png,1416218485
740,Qventus,qventus,Winter 2015,Active,We automate operations for hospitals and health systems,"Qventus’ mission is to simplify how healthcare operates so it just works — for everyone. 

The company offers an AI-based software platform that helps hospital teams make better operational decisions in real-time. Qventus addresses operational challenges across the hospital including emergency departments, perioperative areas, patient safety, in-patient, outpatient and pharmacy. 

Located in Silicon Valley, Qventus is honored to be working with leading public, academic and community hospitals across the United States. 

Founded in 2012, Qventus was named among Fast Company’s Most Innovative Companies for 2018. The company has also been recognized as a leader and innovator in operational excellence, with the 2016 Fierce Innovations Award in Healthcare and Healthcare Informatics 2017 Innovator Award. 

For more information about Qventus, please visit www.qventus.com",http://qventus.com,https://www.ycombinator.com/companies/qventus,"San Francisco, CA, USA; Remote",230,Healthcare,Healthcare -> Healthcare IT,"Healthcare, Healthcare IT","Artificial Intelligence, SaaS, Digital Health, Healthcare","United States of America, America / Canada, Remote, Fully Remote",Growth,False,True,False,AnalyticsMD,https://bookface-images.s3.amazonaws.com/small_logos/237429c2d0d453b8fc4d2eb5cfc27be2c538634a.png,1415700034
1434,DemocracyOS,democracyos,Winter 2015,Active,"Online space for deliberation, policy making and democratic…","DemocracyOS is an online space for deliberation and voting on political proposals. It is a platform for a more open and participatory government.The software aims to stimulate better arguments and come to better rulings, as peers.",http://www.democracyos.org,https://www.ycombinator.com/companies/democracyos,"Buenos Aires, CABA, Argentina",1,Government,Government,Government,"Civic Tech, GovTech","Argentina, Latin America",Early,False,False,True,,https://bookface-images.s3.amazonaws.com/small_logos/74f22bc34079364b8ce68dc36391a903a1d478b2.png,1465769416
855,Lumi,lumi,Winter 2015,Acquired,Packaging for online brands.,"Lumi.com provides packaging and shipping supplies to online brands, from small businesses to leading ecommerce companies shipping millions of orders per month.",https://www.lumi.com,https://www.ycombinator.com/companies/lumi,"Los Angeles, CA, USA",67,B2B,B2B -> Supply Chain and Logistics,"B2B, Supply Chain and Logistics","E-Commerce, Supply Chain","United States of America, America / Canada, Remote, Partly Remote",Growth,False,False,False,,https://bookface-images.s3.amazonaws.com/small_logos/cb1688bb9b23736439a735b81f27fec6b88a2ebd.png,1420066772
853,Spire Health,spire-health,Winter 2015,Acquired,Remote patient monitoring for lung disease patients.,"We are a B2B medical device and data company passionate about providing remote monitoring solutions for the proactive care of chronic disease patients.
Our core expertise and IP is in continuous respiratory sensing. Spire Remote Patient Monitoring is used by pulmonologists and patients throughout the United States. To date our sensors have been worn by more than 150,000 people.",https://spirehealth.com/,https://www.ycombinator.com/companies/spire-health,"San Francisco, CA, USA",52,Healthcare,Healthcare -> Consumer Health and Wellness,"Healthcare, Consumer Health and Wellness","Telehealth, Medical Devices, Digital Health","United States of America, America / Canada, Remote, Partly Remote",Growth,False,False,False,Spire,https://bookface-images.s3.amazonaws.com/small_logos/03822a77bc23b29ebe750d7df159399111392ed8.png,1419817218
846,Chariot,chariot,Winter 2015,Acquired,The world's first private mass transit service providing a commuting…,"At Chariot, we're focused on creating the world's first self-sustainable mass-transit system that relieves congestion while offering a comfortable, personalized commuting experience.

The core of our mission is universal access to better transportation. We envision cities where every commuter takes Chariot to work and home — regardless of income or location — which is why we prioritize affordability and flexibility as we expand. When the world runs on smarter routes, lower costs, and better ride experiences, we'll collectively take cars off the road and transform our twice-daily frustration into a part of your day you actually look forward to.

Chariot + Ford Smart Mobility

Ford Smart Mobility (FSM) was formed by the Ford Motor Company in 2015 to acquire and invest in innovative mobility startups and technologies.

Chariot is proud to be FSM's first acquisition, making it a cornerstone of the company's mobility strategy. With all the resources and influence Ford provides, Chariot is accelerating accomplishing its Mission.",http://chariot.com,https://www.ycombinator.com/companies/chariot,"San Francisco, CA, USA",501,Consumer,Consumer -> Transportation Services,"Consumer, Transportation Services",Transportation,"United States of America, America / Canada",Early,False,False,False,,https://bookface-images.s3.amazonaws.com/small_logos/3bd3a05afc7a1aab41b19b06d5022dcd6fc20afb.png,1419816606
842,Raven Tech,raven-tech,Winter 2015,Acquired,"Our vision is to build the next generation of iOS or Android, to…","Raven Tech is a startup which focus on artificial intelligent, big data and the next generation operating system. Besides, Raven Tech is the fifth alumni of Microsoft Venture Accelerator and the only one startup team from mainland China in Y Combinator W15.",http://raventech.com,https://www.ycombinator.com/companies/raven-tech,"Beijing, Beijing, China",11,B2B,B2B -> Infrastructure,"B2B, Infrastructure",,"China, East Asia",Growth,False,False,False,,https://bookface-images.s3.amazonaws.com/small_logos/478b0d63f1d899f9ce8c0bb8ba1bb2a8a7a42392.png,1416339377
837,Vanhawks,vanhawks,Winter 2015,Acquired,We are making the smart carbon fibre commuting bike and platform for…,"Vanhawks is both a hardware and software company with a goal of changing up the urban commute. Technology impacts our lives in countless ways – you’re connected, why shouldn’t your bike be?
Our product is the Valour, a connected, carbon fibre, commuter bicycle with built in GPS, blind-spot sensors, integrated front and back lights, and more. The Valour will radically change the way you ride.
Built upon safety first in mind, a turn by turn navigation is incorporated in the handle bar to keep your eyes on the road. A LED indicator lets you know when you are approaching your next turn, and you're alerted of any object in your blind spot.
To further enhance your cycling experience, the application tracks your riding history including calories burned, distance traveled, and much more, to serve you better.
The data it acquires is used to provide you with suggestions on which route will get you to your destination safest and fastest or help you burn the most calories.",http://vanhawks.com,https://www.ycombinator.com/companies/vanhawks,"Toronto, ON, Canada",11,Consumer,Consumer -> Consumer Electronics,"Consumer, Consumer Electronics","IoT, Transportation","Canada, America / Canada",Early,False,False,False,,/company/thumb/missing.png,1416311677
836,Valor Water Analytics,valor-water-analytics,Winter 2015,Acquired,Valor Water Analytics delivers a SaaS platform to utilities to detect…,"Today, water supplies are more scarce than ever before, requiring water utilities to operate more efficiently than anyone thought possible. That’s where we come in.

Like water, the flow of data from water utilities is both measurable and manageable. Valor helps utilities transform complicated data into simple solutions that can make a big difference. Some call it advanced water utility analytics. We call it all in a day’s work.",http://valorwater.com,https://www.ycombinator.com/companies/valor-water-analytics,"Seattle, WA, USA; San Francisco, CA, USA",2,Industrials,Industrials -> Climate,"Industrials, Climate",,"United States of America, America / Canada, Remote, Partly Remote",Early,False,False,False,,https://bookface-images.s3.amazonaws.com/small_logos/583613664c8a81edd29cf8564d1bd8e4b9d0b532.png,1416311646
830,SigOpt,sigopt,Winter 2015,Acquired,SigOpt is an Optimization-as-a-Service platform that seamlessly tunes…,"SigOpt is the optimization platform that amplifies your research. SigOpt takes any research pipeline and tunes it, right in place. Our cloud-based ensemble of optimization algorithms is proven and seamless to deploy, and is used by globally recognized leaders within the insurance, credit card, algorithmic trading and consumer packaged goods industries.",https://sigopt.com,https://www.ycombinator.com/companies/sigopt,"San Francisco, CA, USA",23,B2B,"B2B -> Engineering, Product and Design","B2B, Engineering, Product and Design","Machine Learning, SaaS, AI","United States of America, America / Canada, Remote, Partly Remote",Growth,False,False,False,,https://bookface-images.s3.amazonaws.com/small_logos/8587155629554384fccbdcf060b0568e458358d4.png,1416310491
829,Seed,seed,Winter 2015,Acquired,Mobile banking for small business.,"Seed is simply a better way to bank. As a mobile first banking service designed with the small business in mind, Seed empowers small businesses with modern, easy-to-use digital tools and customer-support resources for starting, running, and growing a business. With Seed, business banking has never been easier. Learn more at https://seed.co",http://seed.co,https://www.ycombinator.com/companies/seed,"San Francisco, CA, USA",11,Fintech,Fintech -> Banking and Exchange,"Fintech, Banking and Exchange",Fintech,"United States of America, America / Canada",Early,False,False,False,,/company/thumb/missing.png,1416310217
825,Pretty Instant,pretty-instant,Winter 2015,Acquired,Inventor of the first roaming-photo booth + pro photography platform,"Pretty Instant was a Y Combinator-backed marketplace for professional photography and videography in the U.S., active from 2012 to 2020. Acquired by Snappr in 2021, the company served over 3,500 brands and non-profits, handling logistics, staffing, editing, and delivery. It became a go-to solution for companies seeking streamlined visual content creation nationwide. They also invested the roaming photo-booth experience that instantly sent branded photos to guests and contact info to CRMs.

Services included photography and videography for Events, Portraits, Real Estate, Product, Food, and more. Photographers were thoroughly vetted 1099 contractors, ensuring quality and reliability. Pretty Instant aimed to simplify hiring processes for businesses needing professional visual content.",https://www.prettyinstant.com,https://www.ycombinator.com/companies/pretty-instant,"Boston, MA, USA; Remote",3,Consumer,Consumer -> Home and Personal,"Consumer, Home and Personal",B2B,"United States of America, America / Canada, Remote, Fully Remote",Early,False,False,False,,https://bookface-images.s3.amazonaws.com/small_logos/daab09b4b1df76da1dab558a14974a19eaeaf1dc.png,1416309579
824,Popular Pays,popular-pays,Winter 2015,Acquired,Software for collaborating with content creators and influencers ,"Popular Pays is a platform connecting content Creators with Brands who want content to tell their stories. We’re tech-forward, with an in-house built iOS and web app (for creators) and dashboard (for brands) that delivers direct communication & powerful statistics to help you run a multiplatform campaign. To find out what we’re about, visit our website: www.popularpays.com.",http://popularpays.com,https://www.ycombinator.com/companies/popular-pays,"Chicago, IL, USA",37,B2B,B2B -> Marketing,"B2B, Marketing",Advertising,"United States of America, America / Canada, Remote, Partly Remote",Growth,False,False,False,,https://bookface-images.s3.amazonaws.com/small_logos/86ed9662f1f5dd97d9e9fcd4def24972e1fa3c3e.png,1416309518
820,Outbound,outbound,Winter 2015,Acquired,"Create automated messages -- email, iOS/Android push, SMS and web…","Outbound organizes the messages you send around the actions your customers take. We allow non-technical marketers and product people to set up automated email, push notification, SMS or voice messages when you need your users to take an action, then test how well each message works.",http://outbound.io,https://www.ycombinator.com/companies/outbound,"San Francisco, CA, USA",2,B2B,B2B -> Marketing,"B2B, Marketing","Messaging, Analytics, Notifications","United States of America, America / Canada",Early,False,False,False,,/company/thumb/missing.png,1416308940
818,Moltin,moltin,Winter 2015,Acquired,eCommerce building blocks through simple APIs for websites & apps.…,"At Moltin, we believe that brand experiences should never be obscured by technology and that commerce development should be simple, lightweight and fun. 

Moltin is an API-first digital commerce solution that enables retailers to build distinctive shopping experiences and embed them into any consumer touchpoint. It combines an extremely flexible set of APIs, developer toolkits, pre-built applications and cloud infrastructure to make commerce development simple, lightweight and fast. Moltin APIs are the simplest, most powerful in the industry. Retailers can test new channels quickly, scale into new markets, and keep pace with ever-evolving consumer trends. With Moltin, commerce flows seamlessly across any channel, device and experience. 

Moltin has a rapidly growing community of more than 17,000 developers around the world, pushing the boundaries of traditional commerce.",https://moltin.com,https://www.ycombinator.com/companies/moltin,"Boston, MA, USA",32,B2B,B2B -> Retail,"B2B, Retail","Payments, E-commerce, API","United States of America, America / Canada",Growth,False,False,False,,https://bookface-images.s3.amazonaws.com/small_logos/f839e103f7e1028b0f7e89364155b4822a02357c.png,1416308605
814,NexTravel,nextravel,Winter 2015,Acquired,NexTravel is a centralized travel booking platform that helps…,"NexTravel is a platform for companies to manage and streamline travel. We help companies get access to corporate/group negotiated rates for hotels, cars - making booking travel easier and more cost-effective. Email us at travel@nextravel.com or go to https://www.nextravel.com/ to find out more.",https://www.nextravel.com,https://www.ycombinator.com/companies/nextravel,"San Francisco, CA, USA",17,B2B,B2B -> Finance and Accounting,"B2B, Finance and Accounting","Travel, Booking","United States of America, America / Canada, Remote, Partly Remote",Growth,False,False,False,,https://bookface-images.s3.amazonaws.com/small_logos/183cd53deae661b3e0db77992dd32b60436e8c3c.png,1416308028
801,WayUp,wayup,Winter 2015,Acquired,Marketplace for employers to recruit college students and recent grads,"WayUp is the #1 way to hire the right students and recent grads. We are the leading digital solution for employers to reach, engage, and recruit students and recent grads for internships and jobs. 

Find out more information at: http://www.wayup.com",http://wayup.com,https://www.ycombinator.com/companies/wayup,"New York City, NY, USA; New York, NY, USA",50,Consumer,Consumer -> Job and Career Services,"Consumer, Job and Career Services",Marketplace,"United States of America, America / Canada, Remote, Partly Remote",Growth,False,False,False,Campus Job,https://bookface-images.s3.amazonaws.com/small_logos/aa48ee0aa986966bd446e95157a6fd9a297d4dd2.png,1416305808
800,Bonfire,bonfire,Winter 2015,Acquired,Bonfire is reimagining RFPs & bidding for gov procurement teams,"Bonfire is the leading next-generation eSourcing / competitive bidding and RFx platform.  

Bonfire goes beyond the basic automation of eProcurement suites and older simple bidding tools, helping you to make better, faster decisions.  It’s a collaborative, powerful, and insightful cloud-based platform for today’s procurement needs.

We're focused on government procurement teams (which control ~18% of GDP) and enabling them to thrive in a world of crushing compliance requirements and very high workloads.

Bonfire streamlines the entire RFx and bidding process, helping to run projects >50% faster.  Bonfire empowers users with unparalleled evaluation features for deeper analysis, delivered through our distinctly intuitive and easy-to-use platform.

Bonfire is trusted with over a billion dollars of supplier selection decisions per month, and is one of the fastest growing new procurement technologies.
",http://GoBonfire.com,https://www.ycombinator.com/companies/bonfire,"ON, Canada",95,B2B,B2B -> Finance and Accounting,"B2B, Finance and Accounting","SaaS, GovTech, Procurement","Canada, America / Canada, Remote, Partly Remote",Growth,False,False,False,,/company/thumb/missing.png,1416305595
799,Yhat,yhat,Winter 2015,Acquired,End-to-end data science lifecycle management platform. ," Yhat (YC W15, pronounced y-hat) was an end-to-end data science platform. Acquired by Alteryx (NYSE:AYX)",https://www.yhat.com,https://www.ycombinator.com/companies/yhat,"New York City, NY, USA; New York, NY, USA; Remote",17,B2B,"B2B -> Engineering, Product and Design","B2B, Engineering, Product and Design","Artificial Intelligence, Machine Learning, Enterprise, Data Engineering","United States of America, America / Canada, Remote, Fully Remote",Early,False,False,False,,/company/thumb/missing.png,1416222882
798,YesGraph,yesgraph,Winter 2015,Acquired,YesGraph recommends exactly who a user should invite to an app. Our…,"YesGraph helps your app grow by recommending exactly who a user should invite. We can help boost the performance of referral and invite flows in your app or web site.

We use machine learning and social graph analysis -- a lot like ""People You May Know"" on LinkedIn!",http://yesgraph.com,https://www.ycombinator.com/companies/yesgraph,"San Francisco, CA, USA; Palo Alto, CA, USA",2,B2B,B2B -> Marketing,"B2B, Marketing","Social, Referrals","United States of America, America / Canada",Early,False,False,False,,https://bookface-images.s3.amazonaws.com/small_logos/dc6c9e2e62ba10ebe658902fcc0753dfef241bd1.png,1416222851
796,Vest,vest,Winter 2015,Acquired,Bringing wider access to financial derivatives. ,"Vest, on a mission to bring wider access to financial derivatives, manages investment products worth $70+ billion (as of 6/30/26). Backed by private equity, the firm has a strategic partnership with Cboe Global Markets, Inc. (NASDAQ: CBOE), and First Trust, a global asset manager. 

Vest created Target Outcome Investments in 2013, which target a defined return profile, with an allowance for a specific level of risk, at a particular point in time. Today, Target Outcome Investments are available as mutual funds, exchange-traded funds (ETFs), unit investment trusts (UITs), collective investment trusts (CITs), and customizable managed accounts / sub-advisory services. 

The firm was launched and backed by preeminent venture firms such as Y-Combinator (Airbnb, Reddit, Dropbox), First Round Capital (Uber, Mint, Square) and Payment Ventures (MicroVentures, CardFlight).

See more at https://www.vestfin.com.",http://www.vestfin.com,https://www.ycombinator.com/companies/vest,"McLean, VA, USA; Remote",65,Fintech,Fintech -> Asset Management,"Fintech, Asset Management","Fintech, Investing","United States of America, America / Canada, Remote, Fully Remote",Growth,False,False,False,Vest,https://bookface-images.s3.amazonaws.com/small_logos/fd4b6f473c25066fa0c35c5798c0454e3791144f.png,1416222636
793,Remix,remix,Winter 2015,Acquired,We’re building a platform to empower cities to plan the best possible…,"Remix’s mission is to help build more livable cities. Our software helps city planners understand their communities and design transportation systems that serve them. We’ve partnered with over 325 cities across 20 countries on 4 continents — and were continually seeking to grow our impact around the world.

Urban planning impacts everything from economic mobility to CO2 emissions, and our platform empowers local governments to transform their transportation systems, design safer streets, and implement new mobility options to better serve their communities.",https://www.remix.com/,https://www.ycombinator.com/companies/remix,"San Francisco, CA, USA",65,Government,Government,Government,"SaaS, Transportation, Mobility","United States of America, America / Canada, Remote, Partly Remote",Growth,False,False,False,Transitmix,https://bookface-images.s3.amazonaws.com/small_logos/d61c2a371b31c9e15555407e966ec3992500d5d0.png,1416222331
792,Mobydish,mobydish,Winter 2015,Acquired,"MobyDish, a tech-enabled service, allowing anyone to place a catering…","MobyDish, a tech-enabled service, allowing anyone to place a catering order online in less than 3min to feed people from 10 to 1,000 people. We select the best restaurants, hire and train our fleet of drivers who will deliver and setup and we're proud to have the best customer service in the space. We also offer on site catering host and premium service that can be requested in up to 48hours in advance. 
We own our tech from online ordering, to manage and dispatch orders to drivers, and build customer relationship. 

We're used by top companies in the biggest cities in the US and we help for our customers with any needs from breakfast, lunch, happy hour and dinner. We are known for our flexibility, reliability and provide recurring and last-minute catering orders. ",https://www.mobydish.com,https://www.ycombinator.com/companies/mobydish,"Austin, TX, USA; San Francisco, CA, USA; Remote",10,B2B,B2B -> Retail,"B2B, Retail","Food Service Robots & Machines, Food Tech","United States of America, America / Canada, Remote, Fully Remote",Growth,False,False,False,Trackin,https://bookface-images.s3.amazonaws.com/small_logos/a1eda5fbe5161f15b09714a408c3288e4f948adf.png,1416222301
788,Smarking,smarking,Winter 2015,Acquired,Digitize $655B parking industry,"Smarking is a group of hyper-driven MIT PhDs, data scientists, engineers, transportation experts, and battle-tested business professionals working to solve the notorious parking problem via a unique enterprise approach. Smarking aims to enable highly efficient urban mobility by digitizing parking spaces and distributing parking inventory dynamically, in order to get the world ready for the connected, shared, and autonomous future. 

Backed by top VCs like Y Combinator and Khosla Ventures, Smarking has brought its solution to over 2,500 parking locations across North America. For the first time, cities, parking asset owners, and parking operators can make data-driven decisions easily. Smarking also launched the industry’s first fully automatic dynamic pricing engine, producing 40%-400% revenue uplifts for online sales at at parking locations Chicago, NYC, Boston, and many other cities. ",http://smarking.com,https://www.ycombinator.com/companies/smarking,"San Francisco, CA, USA; Remote",17,B2B,B2B -> Analytics,"B2B, Analytics","SaaS, AI","United States of America, America / Canada, Remote, Fully Remote",Early,False,False,False,,https://bookface-images.s3.amazonaws.com/small_logos/ebad8fcce5239d928f1d4d5d9a93312dd9a5c4f9.png,1416221965
785,Shift Labs,shift-labs,Winter 2015,Acquired,"Makers of simple, affordable medical devices. Our award-winning…","Shift Labs makes medical devices that place technology and design on equal footing to create affordable solutions. We emphasize simplicity and create devices that serve the fastest growing healthcare markets in the world.

We believe that every person in the world deserves quality healthcare -- whether they are receiving care in the home, in an outpatient infusion center, or in an emerging market. 

We're a for-profit company committed to doing well, and doing good.

We believe Simple Saves Lives.
___

In true startup fashion, we have a strategy that emphasizes early revenue. So check out our first product DripAssist, a low-cost IV fluid monitor and alarm. Get precision monitoring of blood transfusions or fluid delivery at a fraction of the cost of an infusion pump. Purchase at http://www.shiftlabs.com/purchase-dripassist",http://shiftlabs.com,https://www.ycombinator.com/companies/shift-labs,"Seattle, WA, USA",6,Healthcare,Healthcare -> Medical Devices,"Healthcare, Medical Devices","Hardware, Medical Devices","United States of America, America / Canada, Remote, Partly Remote",Early,False,False,False,,https://bookface-images.s3.amazonaws.com/small_logos/2246133183bed9d3422eac6444861816329babc9.png,1416221710
780,Paperspace,paperspace,Winter 2015,Acquired,Paperspace is a cloud platform for building and scaling AI…,"Paperspace is a cloud computing company creating simple and scalable accelerated computing applications. Our goal is to allow individuals and professional teams to seamlessly build and deploy computationally complex products and services.

Paperspace is backed by leading investors including Y Combinator and Initialized Capital.

Mission:
Our mission is to make cloud computing more accessible through radical simplicity, community-driven technical resources, and straightforward pricing.

--
To learn more about Paperspace, please visit https://www.paperspace.com/ or follow us on Twitter at: @hellopaperspace.",https://www.paperspace.com,https://www.ycombinator.com/companies/paperspace,"New York City, NY, USA",50,B2B,"B2B -> Engineering, Product and Design","B2B, Engineering, Product and Design","Machine Learning, AI","United States of America, America / Canada, Remote, Partly Remote",Growth,False,False,False,,https://bookface-images.s3.amazonaws.com/small_logos/71d8fe724bf62445db1e2f76ff63e411c7f74f2c.png,1416221193
778,Pachyderm,pachyderm,Winter 2015,Acquired,"Data Versioning, Data Pipelines, and Data Lineage","Pachyderm is a tool for production data pipelines. If you need to chain together data scraping, ingestion, cleaning, munging, wrangling, processing, modeling, and analysis in a sane way, then Pachyderm is for you. If you have an existing set of scripts which do this in an ad-hoc fashion and you're looking for a way to ""productionize"" them, Pachyderm can make this easy for you.",http://pachyderm.com,https://www.ycombinator.com/companies/pachyderm,"San Francisco, CA, USA",60,B2B,B2B -> Infrastructure,"B2B, Infrastructure","Developer Tools, Machine Learning, Data Science","United States of America, America / Canada, Remote, Partly Remote",Growth,False,False,False,,https://bookface-images.s3.amazonaws.com/small_logos/23351b36c00bacc651a4389386057c50f0690542.png,1416221071
777,Open Listings,open-listings,Winter 2015,Acquired,A better way to buy a home,"Open Listings was the all-in-one homebuying app designed to make buying a home simple and more affordable. We helped buyers purchase billions of dollars worth of homes and saved them over $25 million in commission fees.

Acquired by Opendoor in 2018.",https://www.openlistings.com,https://www.ycombinator.com/companies/open-listings,"Los Angeles, CA, USA",48,Real Estate and Construction,Real Estate and Construction -> Housing and Real Estate,"Real Estate and Construction, Housing and Real Estate","Marketplace, Real Estate","United States of America, America / Canada",Growth,False,False,False,,https://bookface-images.s3.amazonaws.com/small_logos/3cb771450cbbd7b08b3bb5a55835dc2448963273.png,1416220980
769,HigherMe,higherme,Winter 2015,Acquired,Helping restaurant employers find & hire better employees faster,"HigherMe is all-in-one hiring software for restaurant and retail businesses to easily recruit, screen, interview, and onboard employees. Quickly review applications, schedule interviews, manage job board postings, and fill out employee paperwork from anywhere on any device. 

Created by a former multi-unit franchisee, HigherMe reduces the time and cost of hiring using a mobile-first applicant tracking system, Text-To-Apply technology, one-click interview scheduling, video cover letters, and more. With over three million applications submitted using our cloud-based software, say goodbye to the stack of paper résumés and easily fill open jobs anywhere, anytime.",http://higherme.com,https://www.ycombinator.com/companies/higherme,"Toronto, ON, Canada; Remote",45,B2B,B2B -> Recruiting and Talent,"B2B, Recruiting and Talent","SaaS, HR Tech, Restaurant Tech","Canada, America / Canada, Remote, Fully Remote",Early,False,False,False,,https://bookface-images.s3.amazonaws.com/small_logos/94e9b636b74d579c5321c7c9dcd9349d3ca2685b.png,1416220401
768,WorkLife,worklife,Winter 2015,Acquired,WorkLife is a SaaS application that helps teams have more effective…,"WorkLife is a web app that helps teams have more productive meetings. There are over 3 Billion meetings/year in the U.S. and studies show 50% of that time is completely wasted. WorkLife helps you reclaim that time by helping you and your team adopt good meeting habits - create agendas, stay on track during the meeting, and ensure next steps get done afterwards.

Most people spend the majority of their waking hours at work, and way too many of those hours in unproductive meetings. Your work life is a big portion of your life -- and the happier and more productive you are at work, the more fulfilled and energized you are in your life. Better Work = Better Life.",http://worklife.com,https://www.ycombinator.com/companies/worklife,"San Francisco, CA, USA",2,B2B,B2B -> Productivity,"B2B, Productivity","SaaS, Productivity, Collaboration, Enterprise Software","United States of America, America / Canada",Early,False,False,False,,/company/thumb/missing.png,1416220310
759,CyberFend,cyberfend,Winter 2015,Acquired,"Cyberfend delivers robust, real-time web and mobile security by…","Cyberfend offers a robust security solution to protect your web and mobile applications from sophisticated attacks and fraudulent activity. Cyberfend's solution detects account take-over, payment fraud and the use of stolen credentials. All of these problems are relevant to every consumer facing web and mobile product/service. 

Cyberfend’s solution uses a new security paradigm – human cognitive science coupled with advanced machine learning. The result is a robust detection system with near zero false positives and false negatives. Today Cyberfend protects nearly a billion login and payment transactions every month for many large e-commerce, web and payment customers. 

Cyberfend's product is at the intersection of almost every single cutting edge technology today : a) Our core product employs heavy machine learning b) On the backed, our product is cloud based and deals with enormous scale (customers are directing significant portions of their traffic to us) c) On the front end we need to deal with both web and mobile (IOS, SDK) challenges.Please visit us at: www.cyberfend.com.

Cyberfend is backed by Y Combinator, SV Angel and A Capital. 

Cyberfend was acquired by Akamai Technologies in December 2016.",http://cyberfend.com,https://www.ycombinator.com/companies/cyberfend,"San Francisco, CA, USA; Santa Clara, CA, USA",2,B2B,B2B -> Security,"B2B, Security","Cybersecurity, Fraud Prevention","United States of America, America / Canada",Early,False,False,False,,/company/thumb/missing.png,1416219580
753,Bluesmart,bluesmart,Winter 2015,Acquired,Bluesmart makes smart luggage powered by an app to empower people to…,"Bluesmart is a global travel company that became famous for creating the world's first smart connected luggage. Its first product, the Bluesmart Carry-on, launched in October 2014 through Indiegogo and raised more than $2M in pre-orders from more than 10,000 backers in 120 countries worldwide. It was named ""Top Innovative Product and Service""​ by Forbes Magazine, awarded ""Best Travel Gear""​ by Fast Company and “Best of the Best""​ Red Dot Design Award. The company is backed by Y Combinator and other top Silicon Valley venture investors. Bluesmart is headquartered in New York with offices in Hong Kong, China and Argentina.",http://bluesmart.com,https://www.ycombinator.com/companies/bluesmart,"New York City, NY, USA; New York, NY, USA",51,Consumer,Consumer -> Consumer Electronics,"Consumer, Consumer Electronics","IoT, Travel","United States of America, America / Canada",Growth,False,False,False,,/company/thumb/missing.png,1416219032
752,Bizzy,bizzy,Winter 2015,Acquired,Bizzy is omni-channel marketing for ecommerce businesses.,"Bizzy is an automated marketing platform designed to boost sales for ecommerce shops. Bizzy is the first tool to centralize a business’ entire marketing portfolio around a single, dynamic set of customer data. As this centralized data updates based on customer behavior and marketing interactions, Bizzy adapts and executes a business'​ campaigns.",http://bizzy.io,https://www.ycombinator.com/companies/bizzy,"San Francisco, CA, USA",2,B2B,B2B -> Retail,"B2B, Retail","E-Commerce, Marketing","United States of America, America / Canada",Early,False,False,False,,/company/thumb/missing.png,1416218971
750,Smyte,smyte,Winter 2015,Acquired,Smyte stops bad actors on social networks and marketplaces.,"Smyte stops spam, scams, harassment and credit card fraud for marketplaces and social networks.  We automatically classify your website and mobile app's event data and stop bad actors at scale.",http://smyte.com,https://www.ycombinator.com/companies/smyte,"San Francisco, CA, USA",11,B2B,B2B -> Security,"B2B, Security","Security, Fraud Detection","United States of America, America / Canada",Growth,False,False,False,,/company/thumb/missing.png,1416218728
746,Tech in Asia,tech-in-asia,Winter 2015,Acquired,Tech in Asia (YC W15) is the largest English-language technology…,"Tech in Asia (YC W15) is the largest English-language technology media company that focuses on Asia. From the latest news to the hottest trends and the boldest startups to the strongest titans, we cover everything tech in the region. Our goal is to build and serve Asia’s tech and startup community.",http://techinasia.com,https://www.ycombinator.com/companies/tech-in-asia,"Singapore, Singapore",70,Consumer,Consumer -> Content,"Consumer, Content",Media,"Singapore, Southeast Asia, Remote, Partly Remote",Early,False,False,False,Techlist,https://bookface-images.s3.amazonaws.com/small_logos/054014714327c1ca4a89093ff488ef0e91f04649.png,1415700494
744,Pomello,pomello,Winter 2015,Acquired,Analytics software that helps companies measure organizational…,"Pomello maps your organizational culture on a team-by-team basis, and integrates with your existing recruiting process to allow you to find the candidates most likely to thrive within your organization. 

Founded at Stanford University, Pomello’s technology is based on 30 years of research in Organizational Behavior, which has been validated over time across multiple industries.",http://pomello.com,https://www.ycombinator.com/companies/pomello,"San Francisco, CA, USA",8,B2B,B2B -> Recruiting and Talent,"B2B, Recruiting and Talent","Machine Learning, SaaS","United States of America, America / Canada, Remote, Partly Remote",Early,False,False,False,,/company/thumb/missing.png,1415700310
743,Final,final,Winter 2015,Acquired,A credit card that drastically reduces payment fraud and gives…,"At Final, we are re-building the credit card from the ground up. 

Final is issuing a credit card that gives consumers total control over their merchant relationships, transparency in their spending, and piece of mind across all payment experiences. Rather than a single, 16-digit card number, Final generates multiple card numbers and manages them automatically.

It works everywhere you buy; online, and offline, and integrates with digital wallets like Google Wallet and ApplePay with zero updates to the payment infrastructure. Bottom line - with Final, you’ll never lose access to your spending ability from a breach, fraud, cancelled or stolen card ever again.",http://getfinal.com,https://www.ycombinator.com/companies/final,"San Francisco, CA, USA; Oakland, CA, USA",11,Fintech,Fintech -> Payments,"Fintech, Payments","Payments, Security","United States of America, America / Canada",Early,False,False,False,,https://bookface-images.s3.amazonaws.com/small_logos/a9f9365e5ac7dcefbab5bfab9129637279050427.png,1415700217
739,Notable Labs,notable-labs,Winter 2015,Public,Personalized drug discovery for blood cancer.,"Notable Labs is building a personalized drug discovery platform to identify treatment options for relapsed and refractory cancer patients — starting with blood cancer — to address the long tail of cancer treatment. We look at a person’s actual cancer cells, test combinations of FDA approved drugs, and see which combinations kill the cancer cells and leave the healthy cells alive. We focus on combinations because cancer is often difficult to target with just one drug and starting with a single drug can lead to resistant clones or relapse. We're building a highly automated lab in Foster City running on our custom software and are currently testing relapsed/refractory cancer patients as well as samples from a variety of pharma/biotech partnerships.

https://www.notablelabs.com/careers",http://notablelabs.com,https://www.ycombinator.com/companies/notable-labs,"San Francisco, CA, USA; Foster City, CA, USA",40,Healthcare,Healthcare -> Diagnostics,"Healthcare, Diagnostics","Biotech, Drug discovery, Oncology","United States of America, America / Canada, Remote, Partly Remote",Growth,True,True,False,,https://bookface-images.s3.amazonaws.com/small_logos/c2bf47d120c3bdde2a9ad11d9f05f1c08a72ca0e.png,1407578442
854,ThinAir,thinair,Winter 2015,Inactive,Intelligent data security for teams,"At ThinAir They are building the future of data security--and it's wrought with exciting engineering challenges!

As a cloud-based SaaS product, ThinAir is the first data security solution that allows everyone—administrators and employees alike—to take control over their most sensitive data in a way that enhances, not hinders their productivity.

They were the 2014 DEMO Enterprise's DEMOGod Winner and they completed Y Combinator as part of W15.",http://thinair.com,https://www.ycombinator.com/companies/thinair,"San Francisco, CA, USA; Palo Alto, CA, USA",11,B2B,B2B -> Security,"B2B, Security","Cybersecurity, Enterprise","United States of America, America / Canada",Early,False,False,False,,/company/thumb/missing.png,1419817287
852,Nomiku,nomiku,Winter 2015,Inactive,Wave our food in front of your Nomiku and have dinner for everyone…,"Founded in 2012, Nomiku invented the home sous vide immersion circulator and are make it connected. 

Proudly manufactured in the United States, Nomiku’s quality is renowned in the culinary world and put to the test in thousands of homes and the best restaurants in the world every night.

Chefs on Main Street, Michelin-starred restaurants, and most everywhere in between have been dazzling diners with their sous vide creations for years. Nomiku led the way for people to use it at home in 2012 with the invention of the home sous vide immersion circulator funded by two successful Kickstarter projects totaling over $1.3M raised. They turned this modernist gadget into a useful everyday kitchen tool by dramatically reducing the price of the machine and redesigning it from the bottom up for at-home functionality. Five years later, the sous vide machine is turning into a mainstream darling and the advent of the Nomiku Sous Chef Meal delivery program (launching on May 15, 2017) breaks the last barriers to make sous vide accessible to everybody.
 
The Nomiku Sous Chef launch comes at the heels of Samsung Ventures participating in an investment round in the startup. Nomiku is a partner of the Samsung Family Hub 2.0 program and allows for app integration into their smart kitchen offering.",http://nomiku.com,https://www.ycombinator.com/companies/nomiku,"San Francisco, CA, USA",11,Consumer,Consumer -> Home and Personal,"Consumer, Home and Personal",Food Tech,"United States of America, America / Canada",Early,False,False,False,,/company/thumb/missing.png,1419816984
850,Automate Ads,automate-ads,Winter 2015,Inactive,"On a mission to programmatically automate, optimize, and unify your…","On a mission to automate, optimize, and unify your digital advertising campaigns with incredible software.",http://kuhcoon.com,https://www.ycombinator.com/companies/automate-ads,"San Francisco, CA, USA; San Mateo, CA, USA",2,B2B,B2B -> Marketing,"B2B, Marketing","Analytics, Advertising","United States of America, America / Canada",Early,False,False,False,Kuhcoon,/company/thumb/missing.png,1419816904
845,Lully,lully,Winter 2015,Inactive,Lully is developing an under-the-mattress technology that precisely…,"At Lully, we’re building the children’s sleep company. We create innovative, thoughtfully-designed, clinically-proven consumer products to help children, and their families, sleep better. 

Our first product, The Sleep Guardian is the only solution for night terrors. Based on our patented, clinically-proven technology, the Sleep Guardian goes under the mattress and uses precisely-timed vibrations to avoid night terror episodes completely. 

The Sleep Guardian is just the initial product in a suite of smart solutions based on our process: combining a user-centric approach with a clinical understanding of sleep to solve unmet problems in children’s sleep. 

Based in San Francisco, Lully was founded by Dr. Andy Rink, a doctor and father, and Varun Boriah, a medical device entrepreneur. 

Lully was spun out of the Stanford Biodesign Fellowship and is backed by Y Combinator, Two Sigma Ventures, Stanford-StartX Fund and Highway1. We’ve partnered with Stanford Sleep and Riley Children’s Hospital in our goal to help families sleep better.",https://www.lullysleep.com/,https://www.ycombinator.com/companies/lully,"San Francisco, CA, USA",5,Healthcare,Healthcare -> Consumer Health and Wellness,"Healthcare, Consumer Health and Wellness","Sleep Tech, Health Tech","United States of America, America / Canada",Early,False,False,False,,https://bookface-images.s3.amazonaws.com/small_logos/3dccd9733589a8183a0d3d6488678781eec47b9d.png,1419816598
843,Bagaveev Corporation,bagaveev-corporation,Winter 2015,Inactive,Launch small satellites,"Bagaveev Corporation is a startup backed by Adam Draper's Boost accelerator (boost.vc)

and advised by Tim Draper (dfj.com) is designing, building and testing

3D printed aerospike rocket engines that will power both lower and upper stages

of a 3-ton, 35 foot rocket, designed to deliver 10-12 kg nanosatellites

to low Earth orbit and Sun-synchronous orbit.",http://bagaveev.com,https://www.ycombinator.com/companies/bagaveev-corporation,"San Francisco, CA, USA; San Mateo, CA, USA",2,Industrials,Industrials -> Aviation and Space,"Industrials, Aviation and Space","Space Exploration, Satellites","United States of America, America / Canada",Early,False,False,False,,https://bookface-images.s3.amazonaws.com/small_logos/14f8db89f9d048abddf9030226e5fdf23183c1c4.png,1416391721
839,Wink Health,wink-health,Winter 2015,Inactive,The digital sleep clinic,"Wink Health is a simple and effective way to get treatment for sleep apnea online. About 90% of people with sleep apnea go untreated. Our goal is to remove the barriers to getting diagnosed and receiving treatment.

We do this through a combination of a smartphone app that 'listens' for sleep apnea risk, telehealth consultations with doctors, and treatments shipped to people's homes.",http://winkhealth.com,https://www.ycombinator.com/companies/wink-health,"San Francisco, CA, USA",2,Healthcare,Healthcare -> Consumer Health and Wellness,"Healthcare, Consumer Health and Wellness","Sleep Tech, Health Tech","United States of America, America / Canada",Early,False,False,False,,/company/thumb/missing.png,1416312102
838,VetPronto,vetpronto,Winter 2015,Inactive,On demand veterinary house calls. ,"Currently servicing the San Francisco Bay Area, Los Angeles, New York, Chicago, Washington DC, Baltimore, Atlanta, New Orleans and Tampa Bay.

VetPronto is a new type of Veterinary Service dedicated to providing the most quality, convenient and transparent veterinary care possible. We're empowering vets across the country to better serve their patients. 

We treat pets at the home or workplace, saving them stress, and you time. We're using tech to provide a new standard of medical record management, client communication, and operational efficiency, including telemedicine and pharmacy integration.",http://vetpronto.com,https://www.ycombinator.com/companies/vetpronto,"San Francisco, CA, USA",51,Healthcare,Healthcare -> Consumer Health and Wellness,"Healthcare, Consumer Health and Wellness",Healthcare,"United States of America, America / Canada",Early,False,False,False,,/company/thumb/missing.png,1416311920
835,Transcriptic,transcriptic,Winter 2015,Inactive,The robotic cloud laboratory for the life sciences.,"Founded in 2012, Transcriptic has developed the first robotic cloud lab platform for on-demand life science research. It’s powered by the Transcriptic Common Lab Environment (TCLE) a scalable, digital infrastructure that integrates laboratory processes, instruments and IoT technologies into a single user interface. Researchers can carry out scalable, reproducible and rapid experimentation from anywhere in the world. 

Top ten pharmaceutical companies, as well as emerging biotech companies, are using the platform to gain more reproducibility and flexibility in the design and control of their experiments. By leveraging cloud-based technologies, users can access the power of a fully automated laboratory – whether in their own labs through an on-premise deployment of TCLE or through Transcriptic’s Bioassays services – all through a simple web-based interface. 

Transcriptic is transforming drug discovery and synthetic biology research by helping scientists focus on accelerating discoveries instead of labor-intensive bench work.",http://transcriptic.com,https://www.ycombinator.com/companies/transcriptic,"San Francisco, CA, USA; Menlo Park, CA, USA",13,Healthcare,Healthcare -> Healthcare Services,"Healthcare, Healthcare Services","Robotics, Biotech","United States of America, America / Canada",Growth,False,False,False,,https://bookface-images.s3.amazonaws.com/small_logos/04d24967c3e4ff77621b1783e6234eaa80f83fa2.png,1416311312
832,Standard Cyborg,standard-cyborg,Winter 2015,Inactive,"Buid, test and deploy perception applications","We are multiplying the potential of the real world by making computer vision accessible to all.

We create the cloud and edge tools that developers and non-developers require in order to build, deploy, and improve CV solutions quickly.

standardcyborg.com (YC W15)",http://standardcyborg.com,https://www.ycombinator.com/companies/standard-cyborg,"San Francisco, CA, USA",9,Healthcare,Healthcare -> Medical Devices,"Healthcare, Medical Devices","Machine Learning, Computer Vision, Open Source","United States of America, America / Canada, Remote, Partly Remote",Early,False,False,False,,https://bookface-images.s3.amazonaws.com/small_logos/ea641cf296beace7a7288415d4808dc519f3a987.png,1416310916
831,Spoil,spoil,Winter 2015,Inactive,Spoil is gifting for the Snapchat generation.,"Spoil fundamentally changes the way people interact with each other. Spoil brings people closer to on another through genuine gestures that are fueled by technology. 

With a tool that empowers its users to engage in positive human interaction, Spoil inspire them to give, and enhances how they receive. Using technology, Spoil predicts what makes someone happy and leverages on-demand logistics to make it happen. 

With Spoil you can make anyone happy as easily as calling an Uber.

Spoil is all about the experience we provides to both the sender and the recipient. Focusing on how we want the recipient to feel, each step of the process leverages the right emotions and builds a story around the Spoil being received. This makes sending a Spoil a thoughtful gesture as opposed to just an exchange of items.

Spoil help individuals and corporations acknowledge people around them through genuine gestures. It is the only medium accessible to everyone that builds simple, contagious and ubiquitous happiness. 

Because, we believe that everyone should be Spoiled.",https://www.spoil.co/,https://www.ycombinator.com/companies/spoil,"San Francisco, CA, USA; Berkeley, CA, USA",2,Consumer,Consumer -> Home and Personal,"Consumer, Home and Personal",Social,"United States of America, America / Canada",Early,False,False,False,,/company/thumb/missing.png,1416310795
828,Rescue Forensics,rescue-forensics,Winter 2015,Inactive,Actionable human trafficking intelligence,Rescue Ops is a digital forensic that archives massive quantities of data from classified advertisement websites specializing in commercial sex ads for law enforcement agencies to use in anti-trafficking investigations.,http://rescueforensics.com,https://www.ycombinator.com/companies/rescue-forensics,"Nashville, TN, USA",,Government,Government,Government,"Analytics, Security","United States of America, America / Canada",Early,False,False,False,,/company/thumb/missing.png,1416310126
826,Priime,priime,Winter 2015,Inactive,Priime is a company dedicated to advancements in technology around…,"Priime's founding team of lifetime photographers are made up of Y Combinator alumni who are also seasoned developers and designers. Combining our passion in photography, with our experience and skills of product design and development, we are setting out to lead the world in improving the overall quality of shared photos.",https://priime.com,https://www.ycombinator.com/companies/priime,"San Francisco, CA, USA; Remote",3,Consumer,Consumer -> Social,"Consumer, Social",,"United States of America, America / Canada, Remote, Fully Remote",Early,False,False,False,,https://bookface-images.s3.amazonaws.com/small_logos/d8c0c9c0757afc99617559c6402808a6e7d82e23.png,1416309670
823,Pigeonly,pigeonly,Winter 2015,Inactive,"The affordable way to search, find & communicate with an incarcerated…","Pigeonly is a subscription-based platform that makes it easy for people to search, find, and communicate with an incarcerated loved from anywhere in the world.  Our technology cuts the cost of expensive prison calls by 80% and allows our customers to send their inmate printed photos, greeting cards, and more right from any cell phone, tablet, or computer. 

At the core of the Pigeonly business is our proprietary inmate API, Haystac, that searches and organizes millions of Federal, State, and County records in real-time to determine the location of 2MM+ inmates across all prison facilities. This makes it possible for our users to easily search, find, and connect with their incarcerated loved one using one or all of our 6 consumer-facing products.

Pigoenly's target market usually has to settle for poor product design and is often the victim of predatory business practices. At Pigeonly, we focus on providing quality products at affordable prices; pair that with five-star customer service to achieve a superb customer experience never seen in the market. We understand just how important this is to our customer because we are our customer.",http://pigeonly.com,https://www.ycombinator.com/companies/pigeonly,"Las Vegas, NV, USA",40,Consumer,Consumer -> Social,"Consumer, Social",GovTech,"United States of America, America / Canada, Remote, Partly Remote",Early,False,False,False,,https://bookface-images.s3.amazonaws.com/small_logos/2d6146b59ed02efa52a8b7b68f1045640961f621.png,1416309335
822,Dabble,dabble,Winter 2015,Inactive,A synthetic photo studio for e-commerce,"Dabble is a virtual photo studio for e-commerce powered by hyper-realistic CGI and computer vision. The demand for content in retail is skyrocketing due to the pandemic induced surge in online shopping, but product photography is still extremely slow, tedious and expensive. We’re building a platform to scale and automate product photography for every e-commerce brand.",https://dabble.so,https://www.ycombinator.com/companies/dabble,"Toronto, ON, Canada; Remote",3,B2B,B2B -> Marketing,"B2B, Marketing","Artificial Intelligence, Augmented Reality, Computer Vision","Canada, America / Canada, Remote, Fully Remote",Early,False,False,False,"Perceptiv Labs, Vertical, Placenote",https://bookface-images.s3.amazonaws.com/small_logos/ded86f0a0f49180c787803bef08563dd167f5851.png,1416309244
819,Nextop,nextop,Winter 2015,Inactive,Nextop optimizes the path between your app and backend. Client…,"Nextop IO is a mobile content delivery network (CDN) that optimizes the path between mobile applications and back ends. It offers a client-side networking library that integrates with iOS and Android operating systems; network of proxies that speaks a custom protocol to optimize delivery times, throughput, and data and battery usage; and metrics to visually monitor and debug connection quality in its users’ applications.

Nextop IO was launched in 2014.",http://nextop.io,https://www.ycombinator.com/companies/nextop,,2,B2B,B2B -> Infrastructure,"B2B, Infrastructure","Developer Tools, DevOps",Unspecified,Early,False,False,False,,/company/thumb/missing.png,1416308666
812,Glassjar,glassjar,Winter 2015,Inactive,Clean app for check writing,"Glassjar designs and develops software that enables its users to manage their flat's shared expenses. It offers Flatting, a software product that enables its users to keep track of their flat's expenses, including flat account, flat-mates, and payments. The company offers a dashboard that provides an overview of their flat accounts, such as how much is available to spend, each person’s ledger, and summaries of their previous spending.

Glassjar was founded by Matthew Galloway and George Smith in 2013; and is headquartered in Wellington, New Zealand.",http://glassjar.co,https://www.ycombinator.com/companies/glassjar,"San Francisco, CA, USA; Mountain View, CA, USA",2,Fintech,Fintech -> Consumer Finance,"Fintech, Consumer Finance","Fintech, Payments","United States of America, America / Canada",Early,False,False,False,,/company/thumb/missing.png,1416307421
804,Dealyze,dealyze,Winter 2015,Inactive,Dealyze helps national retailers build exceptional customer and…,"Dealyze is an in-store digital custom rewards and referral program with automated marketing tools for small businesses that is proven to bring back customers. Tailored to your specific needs, Dealyze ensures every transaction is a chance to build a relationship. Our mission is to bring a powerful digital marketing platform to any store. We hope to even the playing field by doing our part in building the next generation of business tools. Dealyze has the backing of top-tier investors including Y-Combinator. The company is headquartered in Silicon Valley.

Visit www.Dealyze.com to learn more about the company, schedule a demo, or just inquire about joining us.",http://dealyze.com,https://www.ycombinator.com/companies/dealyze,"San Francisco, CA, USA",6,B2B,B2B -> Retail,"B2B, Retail","Retail Tech, Retail","United States of America, America / Canada",Early,False,False,False,,https://bookface-images.s3.amazonaws.com/small_logos/1374fe13d174c148fb1387b6b1974226f5411900.png,1416306327
795,Underground Cellar,underground-cellar,Winter 2015,Inactive,Upgrading Your Wine Experience,Underground Cellar is a leading wine e-commerce company that is changing the way wine is bought and sold in the $70B consumer US wine market through ‘gamification’. We provide a unique and exciting experience that gives wine buyers a great value by using upgrades instead of discounts. Wine sellers love Underground Cellar too as it allows them to quickly sell bottles while protecting their brand.,http://undergroundcellar.com,https://www.ycombinator.com/companies/underground-cellar,"San Francisco, CA, USA",26,Consumer,Consumer -> Food and Beverage,"Consumer, Food and Beverage","Marketplace, E-commerce, Food & Beverage","United States of America, America / Canada, Remote, Partly Remote",Growth,False,False,False,,https://bookface-images.s3.amazonaws.com/small_logos/e2374ef712842b9bd394bdffe7701804a97fdaf2.png,1695699040
794,Rare Door,rare-door,Winter 2015,Inactive,Empowering brick-and-mortar retailers to sell more and engage shoppers,Rare Door is an ecommerce platform that helps user discover and buy great products available in nearby stores.,http://raredoor.com,https://www.ycombinator.com/companies/rare-door,"San Francisco, CA, USA",2,Consumer,Consumer -> Home and Personal,"Consumer, Home and Personal","E-Commerce, Retail","United States of America, America / Canada",Early,False,False,False,,/company/thumb/missing.png,1416222453
784,Shift Messenger,shift-messenger,Winter 2015,Inactive,Real-time communication solution for retail and restaurant employees.,"Messaging solution that retail employees use every day

Reduce employee turnover and save managers time",http://shiftmessenger.com,https://www.ycombinator.com/companies/shift-messenger,"San Francisco, CA, USA",2,B2B,B2B -> Productivity,"B2B, Productivity","Restaurant Tech, Retail","United States of America, America / Canada",Early,False,False,False,,/company/thumb/missing.png,1416221649
783,ReSchedule Med,reschedule-med,Winter 2015,Inactive,"We help medical residency programs create and manage their schedules,…",Rescheduling for residency programs. Rescheduling is one of the largest logistics pain points in hospitals and residency programs. Reschedule provides an end-to-end work flow to manage graduate medical education scheduling.,http://reschedulemed.com,https://www.ycombinator.com/companies/reschedule-med,"New York City, NY, USA; New York, NY, USA",,Healthcare,Healthcare -> Healthcare IT,"Healthcare, Healthcare IT","Scheduling, Healthcare","United States of America, America / Canada",Early,False,False,False,,/company/thumb/missing.png,1416221497
779,Pakible,pakible,Winter 2015,Inactive,"We make it insanely easy to design, price, and manufacture custom…","2000+ customers use Pakible including Samsung, Reddit, Soylent, and the Golden State Warriors.

We make it insanely easy to design, price, and manufacture custom product packaging.

Leveraging in house software to automate operations, an incredibly user-friendly customer-facing interface, plus amazing people + vendors. Pakible is an unbeatable experience and price compared to brokers or direct manufacturers.

Packaging is the most slept-on market in the world, a $500B market just domestically representing over 2% of US GDP.

We're a startup of < 10 people. Come build something special with us, and have a huge role in doing so.",https://pakible.com,https://www.ycombinator.com/companies/pakible,"San Francisco, CA, USA",3,B2B,B2B -> Supply Chain and Logistics,"B2B, Supply Chain and Logistics",Manufacturing,"United States of America, America / Canada",Early,False,False,False,,https://bookface-images.s3.amazonaws.com/small_logos/fcb8f74b73307ed4303eceb91f55cc00e877aa35.png,1416221132
775,Omniref,omniref,Winter 2015,Inactive,"Sticky notes for code.

(We're building a community-powered,…","Omniref is a code-based reference, maintained by and for the programming community. Find questions, comments, links and documentation on the code that you're already using.",http://omniref.com,https://www.ycombinator.com/companies/omniref,"San Francisco, CA, USA",2,B2B,"B2B -> Engineering, Product and Design","B2B, Engineering, Product and Design",Developer Tools,"United States of America, America / Canada",Early,False,False,False,,/company/thumb/missing.png,1416220859
772,Kickpay,kickpay,Winter 2015,Inactive,A platform to finance inventory for e-commerce companies.,"Kickpay is transforming how companies finance their inventory.

By leveraging a client's data, we enable them to access financing that was previously unavailable, allowing them to grow faster.

With Kickpay, you only pay for inventory after it sells. Not months beforehand. ",https://kickpay.com,https://www.ycombinator.com/companies/kickpay,"San Francisco, CA, USA; Remote",2,B2B,B2B -> Finance and Accounting,"B2B, Finance and Accounting",Fintech,"United States of America, America / Canada, Remote, Fully Remote",Early,False,False,False,,https://bookface-images.s3.amazonaws.com/small_logos/3cc40f4ad7f1a4c8daf225ecefb4a4b061480c6e.png,1416220615
770,Instavest,instavest,Winter 2015,Inactive,,"Investors can list their trades on Instavest, including the company, share amount and rationale behind the investment. Other users can invest alongside the people willing to share their own purchases and sales. Instavest encourages you to block out a portion of your profits — in the neighborhood of 5 percent — that might arise from the transaction for the original listing entity.",http://goinstavest.com,https://www.ycombinator.com/companies/instavest,"San Francisco, CA, USA; Mountain View, CA, USA",2,Fintech,Fintech -> Asset Management,"Fintech, Asset Management",,"United States of America, America / Canada",Early,False,False,False,,/company/thumb/missing.png,1416220493
766,GroupAhead,groupahead,Winter 2015,Inactive,Improve communications with your group's own mobile app.,"GroupAhead is a YC-backed company that allows groups to create their own dedicated smartphone apps. The easy-to-use, single-purpose app focuses solely on connecting an organization's members. With a dedicated,  specialized app, member involvement and event attendance goes up, and push notifications cut through the noise of email and Facebook.",,https://www.ycombinator.com/companies/groupahead,"San Francisco, CA, USA",2,Consumer,Consumer -> Social,"Consumer, Social","Messaging, Team Collaboration","United States of America, America / Canada",Early,False,False,False,,https://bookface-images.s3.amazonaws.com/small_logos/fc62c7f765811725a1be28fa2f60f0afdf21ab3c.png,1416220188
765,SparkGift,sparkgift,Winter 2015,Inactive,SparkGift makes it easy to send stocks and index funds as gifts to…,"SparkGift is a Y Combinator backed technology startup that makes it easy to give investments as gifts.  

The founders came together with a common vision that it should be as easy to give someone an investment in the future, as it is to give someone a retail gift card.  SparkGift supports small dollar gifts and fractional shares, so you can give someone a $20 investment in Apple or a Vanguard index fund.

SparkGift is creating products that make investing simple, enjoyable and accessible to the masses.  Our mission is to use gifts to create new savers & investors at scale.",http://sparkgift.com,https://www.ycombinator.com/companies/sparkgift,"San Francisco, CA, USA",2,Fintech,Fintech -> Consumer Finance,"Fintech, Consumer Finance","Investing, Stocks","United States of America, America / Canada",Early,False,False,False,Spark Gift,/company/thumb/missing.png,1416220097
758,Cribspot,cribspot,Winter 2015,Inactive,Tech-Enabled Real Estate Company (YC W15),Cribspot is an online platform for college students and property managers that streamlines finding and leasing off-campus housing.,http://cribspot.com,https://www.ycombinator.com/companies/cribspot,"Ann Arbor, MI, USA",2,Real Estate and Construction,Real Estate and Construction -> Housing and Real Estate,"Real Estate and Construction, Housing and Real Estate","Real Estate, Proptech","United States of America, America / Canada",Early,False,False,False,"Cribspot, Baker Street Properties",/company/thumb/missing.png,1416219489
754,Booktrope,booktrope,Winter 2015,Inactive,Booktrope provides a software platform that makes it easy for…,"** NO LONGER IN BUSINESS **

Booktrope is reinventing the way books are published. We are not a self-publishing operation. What does that mean? At Booktrope we do not charge authors to publish nor do we accept all submissions.

We have pioneered a concept called “Team Publishing” which addresses the way books are actually developed, not just the way they are distributed and read. We offer print, ebook, and web versions of all our books, in other words, we are format agnostic. We don’t want to debate the death of print books, or the birth of ebooks, we love and support them all. 

A typical Publishing Team consists of an author, editor, designer and business/marketing manager for the book. You don’t get assigned projects in our system; you choose the people you work with.  We work much more quickly than traditional publishers, taking advantage of new technologies to streamline the process of getting books into the hands of readers. Lastly, we use that same technology to keep overhead low, and we think that the bulk of the revenue from book sales should go back to the creative team that makes them happen.",http://booktrope.com,https://www.ycombinator.com/companies/booktrope,"Seattle, WA, USA; Remote",51,B2B,B2B -> Marketing,"B2B, Marketing",,"United States of America, America / Canada, Remote, Fully Remote",Early,False,False,False,,https://bookface-images.s3.amazonaws.com/small_logos/62543fd96b43537ecbd9be593590310621e8dbfd.png,1416219184
747,20n,20n,Winter 2015,Inactive,Using AI to predict biochemistry for manufacturing and therapeutics,"The next decade is going to see a biotech revolution fueled by three technologies: ability to read DNA (sequencing), ability to write DNA (synthesis), and computational systems that predict what DNA to read and write. With sequencing and synthesis being mainstream now [1], 20n provides the computational systems that predict DNA design for novel industrial biotech and health applications.

At 20n, we are taking a fresh look at turning biological data into information. We approach it as a big data learning problem, and bring to bear techniques from machine learning, distributed systems, AI planning, program synthesis, data mining, and natural language processing. With the support of DARPA [2], we are building a team of computer scientists, and bioengineers to look at biology in fundamentally new ways.

Our current customers include industrial biotech firms that are leading the charge in transitioning us from traditional unsustainable means of manufacturing to sustainable biological processes leading to advanced fuels, materials, therapeutics, and flavors and fragrances. 20n’s technology helps them enter markets previously thought inaccessible for biology.

[1] Sequencing DNA costs $4k/genome (http://www.genome.gov/sequencingcosts/) and is expected to go down to $1k/genome. Synthesizing DNA is at 20cents/bp, and is expected to go down to 0.1cents/bp.
[2] DARPA in the past supported work that led to the internet, stealth planes, GPS, and even Douglas Engelbart’s mother-of-all-demos.",http://20n.com,https://www.ycombinator.com/companies/20n,"San Francisco, CA, USA",2,Healthcare,Healthcare -> Industrial Bio,"Healthcare, Industrial Bio","Artificial Intelligence, Biotech","United States of America, America / Canada",Early,False,False,False,,/company/thumb/missing.png,1416218423
742,3dot,3dot,Winter 2015,Inactive,,"3dot is a think-tank company based in Ljubljana, Slovenia. Our core business is developing ideas, products and services based on newest technologies for our partner companies and their customers.

The companies we work with rely on us to provide them with the craziest new ideas, technological breakthrough services and amazing new products. Our usual daily job is brainstorming on new and polishing existing ideas that will soon enter the market.",http://3dot.com,https://www.ycombinator.com/companies/3dot,"Ljubljana, Ljubljana, Slovenia",2,Consumer,Consumer -> Social,"Consumer, Social",,"Slovenia, Europe",Early,False,False,False,,/company/thumb/missing.png,1415700156
1166,Direct Match,direct-match,Winter 2015,Inactive,,Direct Match was a venture-backed startup building the first all-to-all US Treasury trading venue.,http://directmatchx.com,https://www.ycombinator.com/companies/direct-match,"New York City, NY, USA; New York, NY, USA",11,Fintech,Fintech -> Banking and Exchange,"Fintech, Banking and Exchange",,"United States of America, America / Canada",Early,False,False,False,,/company/thumb/missing.png,1455650193
