id,name,slug,batch,status,one_liner,long_description,website,ycdc_company_url,all_locations,team_size,industry,subindustry,industries,tags,regions,stage,top_company,isHiring,nonprofit,former_names,small_logo_thumb_url,launched_at
1556,Brex,brex,Winter 2017,Acquired,"Business accounts, corporate cards, and spend management software.","Brex is the AI-powered spend platform for modern companies, from startups to enterprises. Combining corporate cards, expense management, travel, business accounts, and bill pay, Brex makes it easy to control spend before it happens with unprecedented efficiency and accuracy. Our mission is to empower employees anywhere to make better financial decisions, so we designed our platform to make expenses almost effortless with unrivaled automation of manual expense work and real-time tracking. Brex supports more countries and currencies than any other spend solution. Brex has tens of thousands of customers, including some of the most successful, high-growth companies, such as DoorDash, SeatGeek, Coinbase, ScaleAI, MasterClass, Indeed, Allbirds, and Superhuman.

Brex offers:
- Corporate cards with 10-20x higher limits
- Business accounts with easy wires, same-day liquidity, fast global payments, and $6M in FDIC insurance
- Reward options that include billboards, offsites, and coaching
- Founder-friendly financial modeling tools
- Special events and masterclasses for founders
- Advanced spend management software as startups grow that includes global capabilities, travel, bill pay and more.

",https://www.brex.com,https://www.ycombinator.com/companies/brex,"San Francisco, CA, USA",1000,Fintech,Fintech -> Banking and Exchange,"Fintech, Banking and Exchange",Fintech,"United States of America, America / Canada, Remote, Partly Remote",Growth,True,False,False,Veyond,https://bookface-images.s3.amazonaws.com/small_logos/72237ca3782563f0b12ffe1fe9869d878c153ab6.png,1481770830
1480,Clipboard,clipboard,Winter 2017,Active,"Every shift, Covered.","Our Why
At Clipboard, our mission is to uplift as many communities as possible. We do this by connecting professionals with the workplaces that need amazing workers, helping people achieve financial stability for themselves and their families all across the U.S.

Our How
Clipboard is an app-based marketplace where workplaces post calls for help and workers answer. Every year, we help hundreds of thousands of workers fill millions of shifts across the U.S. We’re the leader in Long-Term Care staffing and are rapidly expanding into Home Health, Hospitals, and more.

Our Team
Founded in 2016, we are a remote-first team of over 1,000 people working to uplift communities across the country.",https://www.clipboardworks.com/careers,https://www.ycombinator.com/companies/clipboard,"San Francisco, CA, USA",1000,Consumer,Consumer,Consumer,"Marketplace, Consumer Health Services, Health Tech, Healthcare","United States of America, America / Canada, Remote, Partly Remote",Growth,True,True,False,"Twomagnets, Clipboard Health",https://bookface-images.s3.amazonaws.com/small_logos/2faf8d8d822c59f1eac78a6bce3d6ba75c760df7.png,1478221234
1543,Faire,faire,Winter 2017,Active,The global online platform empowering independent retail.,"Faire is an innovative online marketplace that uses machine learning to match local retailers with the brands and products that uniquely fit their stores. We are using the power of technology to connect brands and independent retailers from all over the world, building a thriving community of hundreds of thousands of retailers, which has resulted in over 7 million new connections to date. Faire was founded on the belief that the future of retail is local.

Our mission is to empower brands and retailers to strengthen the unique character of local communities. Our data-driven approach unburdens retailers from decades-old obstacles by helping find the right products for their shop. Plus, our straight-forward financial terms level the playing field by eliminating inventory risk and providing access to capital—key offerings previously only available to big box chains. For brands, our platform provides powerful sales, marketing, and analytics tools that simplify their business and allow them to focus on what they love: making great products.
",https://www.faire.com/,https://www.ycombinator.com/companies/faire,"San Francisco, CA, USA",900,B2B,B2B -> Retail,"B2B, Retail","Marketplace, Retail","United States of America, America / Canada, Remote, Partly Remote",Growth,True,True,False, LineFinder,https://bookface-images.s3.amazonaws.com/small_logos/3ccfa8cd66f2a1d09da157956ae8b5686f3b2fe5.png,1479418817
1451,Rippling,rippling,Winter 2017,Active,"One place to run all your HR, IT, and Finance. Globally.","Rippling gives businesses one place to run HR, IT, and Finance. It brings together all of the workforce systems that are normally scattered across a company, like payroll, expenses, benefits, and computers. For the first time ever, you can manage and automate every part of the employee lifecycle in a single system.

Take onboarding, for example. With Rippling, you can hire a new employee anywhere in the world and set up their payroll, corporate card, computer, benefits, and even third-party apps like Slack and Microsoft 365—all within 90 seconds. 

Based in San Francisco, CA, Rippling has raised $1.2B from the world’s top investors—including Kleiner Perkins, Founders Fund, Sequoia, Greenoaks and Bedrock. 
",http://rippling.com/,https://www.ycombinator.com/companies/rippling,"San Francisco, CA, USA",2500,B2B,B2B -> Human Resources,"B2B, Human Resources",HR Tech,"United States of America, America / Canada, Remote, Partly Remote",Growth,True,True,False,,https://bookface-images.s3.amazonaws.com/small_logos/2758f61527dbe7c44609bc669149123e07509b8d.png,1478140233
1581,Sigma Genetics,sigma-genetics,Winter 2017,Active,Sigma Genetics is a biotechnology company that is building…,"Sigma Genetics develops devices that can deliver DNA, RNA, and other charged molecules into cells by using magnetic fields. When compared to conventional electroporation, this technique has several key advantages, which include: the absence of arcing, the ability to scale, and the benefit of being non-invasive for in vivo applications. This platform technology can be applied to a wide range of applications- cell therapies, cancer drug delivery, DNA vaccines, biopharma manufacturing, and cosmetics.",http://www.sigmagenetics.com,https://www.ycombinator.com/companies/sigma-genetics,"Seattle, WA, USA",2,Healthcare,Healthcare -> Therapeutics,"Healthcare, Therapeutics","Biotech, Genomics","United States of America, America / Canada",Early,False,False,False,,https://bookface-images.s3.amazonaws.com/small_logos/3d163f0758d535d9b800f2a88bdefffc73c5bbe2.png,1492902064
1575,ACLU,aclu,Winter 2017,Active,Defender of rights and liberties,"The ACLU is our nation's guardian of liberty, working daily in courts, legislatures and communities to defend and preserve the individual rights and liberties that the Constitution and laws of the United States guarantee everyone in this country. The ACLU is a nonprofit and nonpartisan organization that has grown from a roomful of civil liberties activists in 1920 to an organization of more than 500,000 members and supporters today. We handle nearly 6,000 court cases annually from our offices in almost every state.

The ACLU is supported by annual dues and contributions from its members, plus grants from private foundations and individuals. We do not receive any government funding. 

We protect:
Your First Amendment rights - freedom of speech, association and assembly; freedom of the press, and freedom of religion. 
Your right to equal protection under the law - protection against unlawful discrimination. 
Your right to due process - fair treatment by the government whenever the loss of your liberty or property is at stake. 
Your right to privacy - freedom from unwarranted government intrusion into your personal and private affairs. 
The ACLU also works to extend rights to segments of our population that have traditionally been denied their rights, including people of color; women; lesbians, gay men, bisexuals and transgender people; prisoners; and people with disabilities.",https://www.aclu.org/,https://www.ycombinator.com/companies/aclu,"New York City, NY, USA; New York, NY, USA",501,Unspecified,Unspecified,Unspecified,"Nonprofit, Legal","United States of America, America / Canada",Early,False,False,True,,https://bookface-images.s3.amazonaws.com/small_logos/cabb84499361a6851eec31b34582727ae4e362a2.png,1489978909
1564,Retool,retool,Winter 2017,Active,Build internal tools fast.,Retool is the fast way to build internal tools.,https://retool.com,https://www.ycombinator.com/companies/retool,"San Francisco, CA, USA",300,B2B,B2B -> Productivity,"B2B, Productivity",Developer Tools,"United States of America, America / Canada",Growth,False,True,False,Cashew,https://bookface-images.s3.amazonaws.com/small_logos/ecc14f4467de840a1f3cab7b6be0c2d1c0ab785c.png,1483478417
1560,Helix Nanotechnologies,helix-nanotechnologies,Winter 2017,Active,"Next-generation mRNA platform to solve cancer, COVID and climate.","Technology finds information and delivers physical products to us almost instantly. mRNA does the same for biology. At HelixNano, we see a world where treatments are cheap, progress is decentralized, and you can modify biology at the push of a button.

By focusing on mRNA improvements from first principles, we’re getting there faster than we thought. Experiments that used to take months or years can be done in weeks and cost thousands instead of millions. The rate limiting step for our progress is now scientific curiosity.

Rigid hierarchies and top-down decisions will miss the magic. Some of our most powerful technologies started out as side projects of junior team members. At HelixNano, every individual scientist can have a massive impact on the company's direction. And the more diverse our team, the faster we’ll find the really cool ideas.

We've started rolling out some of our new tech — moving a COVID-19 vaccine candidate for the immunocompromised towards the clinic, and testing an intervention with massive environmental impact. But we’re scientists at heart, and team focus is solidly on the horizon.",http://helixnano.com,https://www.ycombinator.com/companies/helix-nanotechnologies,"Boston, MA, USA; Cambridge, MA, USA",22,Healthcare,Healthcare -> Drug Discovery and Delivery,"Healthcare, Drug Discovery and Delivery","Artificial Intelligence, Biotech, Genomics, Nanotechnology","United States of America, America / Canada, Remote, Partly Remote",Growth,False,False,False,Helix Nanotechnologies,https://bookface-images.s3.amazonaws.com/small_logos/f05a634de42c2c96484608b63b33b99fd27aa56e.png,1482443417
1557,Mirror AI,mirror-ai,Winter 2017,Active,App that turns selfie photos into thousand emoji that look like you…,Mirror Emoji Keyboard by Mirror AI is an app that takes a photo of your face and creates you a set of personalized emoji. You get hundreds of them ready to be shared on messengers or social networks.,http://mirror-ai.com,https://www.ycombinator.com/companies/mirror-ai,"San Francisco, CA, USA; Remote",7,Consumer,Consumer -> Social,"Consumer, Social","Computer Vision, Entertainment","United States of America, America / Canada, Remote, Fully Remote",Early,False,False,False,,https://bookface-images.s3.amazonaws.com/small_logos/410226e6cc4a405060b8845ca57a12726472ea14.png,1481775630
1555,Dost Education,dost-education,Winter 2017,Active,Getting kids ready for school in India.,"Dost is an ed-tech nonprofit building a platform to expand access to early childhood development in low-resource settings through parent education. Our mission is to unlock children’s full potential by focusing on early learning - the time when 90% of our brains develop.
 
We believe that parents of any literacy level can play a critical role in developing their children’s school and life readiness. In India alone, there are 150 million under-resourced caregivers who can benefit from resources developed for them. That’s why our team at Dost Education - educators, entrepreneurs, and engineers - are passionate about using technology and user-centric product design to change the trajectory of families’ lives.

Since 2017, we’ve grown from a small pilot with a few hundred mothers, to reaching over 100,000 families working with state governments. Join us as we continue to innovate, grow our reach, and deepen our impact. We are supported by some of the best funders in tech and social impact space like Y Combinator, Mulago, and many others.

Dost Education values diversity. We do not discriminate on the basis of race, religion, colour, national origin, gender, sexual orientation, age, marital status, veteran status, or disability status.",http://www.dosteducation.com/,https://www.ycombinator.com/companies/dost-education,"Delhi, DL, India; Remote",30,Education,Education,Education,"Education, Nonprofit, India, Data Science","India, South Asia, Remote, Fully Remote",Early,False,False,True,,https://bookface-images.s3.amazonaws.com/small_logos/f0fa55d20ad45d5a721bbcb283b5883104aecae9.png,1481769031
1554,"Lively, Inc.",lively-inc,Winter 2017,Active,Modern employee benefits & health savings account (HSA) provider,"Out-of-pocket healthcare costs are skyrocketing and every day, people all across America are forced to make difficult decisions about their health. 

Lively is the benefits solutions provider that gets it right. We designed our solutions to take the guesswork out of managing benefits. And our innovative features are built to simplify benefits administration and evolve with your business. Managing wellness and wealth takes more than a series of transactions. By combining robust features with unparalleled service, we make benefits administration effortless, even when time and energy are limited. Experience benefits administration as it should be with Lively.

Go to www.livelyme.com to learn about how HSAs other modern employee benefits can help you and your team.",https://livelyme.com,https://www.ycombinator.com/companies/lively-inc,"San Francisco, CA, USA",195,Healthcare,Healthcare -> Healthcare IT,"Healthcare, Healthcare IT","Fintech, Health Tech, HR Tech","United States of America, America / Canada, Remote, Partly Remote",Growth,False,False,False,"LIVELY, Lively",https://bookface-images.s3.amazonaws.com/small_logos/04df2fe7c073695661ca29d77ad166593ebc25d5.png,1481767832
1552,The Centre for Effective Altruism,the-centre-for-effective-altruism,Winter 2017,Active,We're your non-profit portfolio managers. We make giving to…,"effective altruism — the use of high-quality evidence and careful reasoning to work out how to help others as much as possible. Its purpose is to help you figure out how you can do the most good. It will help you think about which cause to focus on and how to use your money or your time to start making a difference, right away.",http://effectivealtruism.org,https://www.ycombinator.com/companies/the-centre-for-effective-altruism,"Oxford, England, United Kingdom",15,Unspecified,Unspecified,Unspecified,Nonprofit,"United Kingdom, Europe",Early,False,False,True,,https://bookface-images.s3.amazonaws.com/small_logos/83931fc12c8193e3bfd25a38799080e28c4d3c6e.png,1481766630
1551,Indee Labs,indee-labs,Winter 2017,Active,"Enabling T cell immunotherapy discovery, development and manufacturing","Intracellular delivery is the most problematic step in T cell immunotherapy discovery, development and manufacturing. Indee Labs is developing a non-viral intracellular delivery system based on microfluidic vortex shedding (µVS) to rapidly deliver nucleic acids, proteins and gene editing complexes to patient and donor T cells with minimal perturbation.",http://www.indeelabs.com,https://www.ycombinator.com/companies/indee-labs,"San Francisco, CA, USA; Berkeley, CA, USA",5,Healthcare,Healthcare -> Drug Discovery and Delivery,"Healthcare, Drug Discovery and Delivery","Gene Therapy, Microfluidics, Cell Therapy","United States of America, America / Canada, Remote, Partly Remote",Early,False,False,False,,https://bookface-images.s3.amazonaws.com/small_logos/ac1b20e8e540ce71927b19ed6cbc32f9956f9290.png,1481766629
1540,OneFin,onefin,Winter 2017,Active,Shopify for Financial Services,"Building a plug-and-play suite of APIs and lending tech stack to enable financial inclusion. OneFin is backed by marquee investors from Silicon Valley like Y Combinator, Khosla Ventures, etc. Leading NBFC, SFB and fintech companies in India are our users.

We have enabled loan disbursement/migration of around $2B in last few years across more than 1 million loans across education loans, EV financing, business loans, credit line, 2 wheeler financing, personal loans, invoice discounting, and various other credit products.",https://www.onefin.in,https://www.ycombinator.com/companies/onefin,"Bengaluru, KA, India",50,Fintech,Fintech -> Credit and Lending,"Fintech, Credit and Lending","Fintech, SaaS, API","India, South Asia",Early,False,True,False,"Cready, Credy",https://bookface-images.s3.amazonaws.com/small_logos/c6faf92eb91f0ff8910311336fa3f164df398c35.png,1478804688
1535,"Wifi Dabba, Inc.",wifi-dabba-inc,Winter 2017,Active,Decentralised broadband connectivity.,"We enable humans & machines with internet connectivity at a price that they can afford.

The inspiration for Wifi Dabba came from the founders working together for the last decade in the mobile application industry and realising the biggest reason for user churn being access to cheap and affordable internet access. From having worked on ground onboarding users and facing poor connectivity issues all the time, we took it on ourselves to fix the internet access problem for the common citizen.

At Wifi Dabba (YC W17), we are building a low cost, scalable & distributed Wi-Fi infrastructure to connect next billion users online. We do this by deploying a grid of lasers (Free Space Optics) over the cities & town and bring cheap and fast internet for everyone. We enable anyone to buy 1 gig of data access at a time at a price they can afford. Sachetization of internet access is the foundation to rebuilding internet for all. We do this by leveraging crypto and blockchain to truly make internet infrastructure ownership distributed — our vision is to be connectivity layer for the Web3 world.",https://dabba.com,https://www.ycombinator.com/companies/wifi-dabba-inc,"Bengaluru, KA, India",21,Consumer,Consumer,Consumer,"Hardware, Crypto / Web3, Telecommunications","India, South Asia",Early,False,True,False,"Wifi Dabba, Inc., Wifi Dabba",https://bookface-images.s3.amazonaws.com/small_logos/83b4db3a712ba1a50063b75aa9ca4c1c974cf5ae.png,1478743819
1532,Delee,delee,Winter 2017,Active,Blood testing device for early diagnosis of cancer and treatment…,Delee is a medical device company that developed a blood-testing device for early diagnosis of cancer and treatment monitoring through the isolation and analysis of the circulating tumor cells. ,http://www.delee.co    ,https://www.ycombinator.com/companies/delee,"Monterrey, N.L., Mexico",18,Healthcare,Healthcare -> Diagnostics,"Healthcare, Diagnostics","Medical Devices, Diagnostics","Mexico, Latin America",Early,False,False,False,Semka Technologies,https://bookface-images.s3.amazonaws.com/small_logos/badd1b077ec76be8053aae9a5daf9d6f1afd8d56.png,1478742617
1530,NanoNets,nanonets,Winter 2017,Active,Automatic Data Extraction,"AI agents break where it matters most: when the details are buried in an invoice, a BoL, or a clinical document. Most agents guess. They hallucinate field values, apply rules inconsistently, and when something goes wrong, you can’t tell why or fix it without redoing the work yourself.

Nanonets is built differently. Every extraction is traceable. You can see exactly what the agent read, what rule it applied, and why it made the call it did. When it’s uncertain, it flags the right thing for human review instead of silently getting it wrong. When you correct it, it learns. When you add business rules, it tracks which rule drove which decision.

Anyone can build agentic workflows, but AI agents are black boxes that struggle with complex files and processes, like POs, invoices, BoLs and clinical documents. Nanonets agents understand key details in files, work through complex processes and act with transparency, making them the most reliable foundation for building workflows where details matter.

Nanonets reduces processing time by 95% by automating messy manual processes and delivering clean data to systems of record like SAP, SFDC and more. That’s why Nanonets is the automation layer global enterprises reach for when accuracy is non-negotiable.",https://nanonets.com,https://www.ycombinator.com/companies/nanonets,"San Francisco, CA, USA",102,B2B,B2B -> Productivity,"B2B, Productivity","Developer Tools, SaaS, B2B, AI","United States of America, America / Canada, Remote, Partly Remote",Growth,False,True,False,Deep Belief Networks,https://bookface-images.s3.amazonaws.com/small_logos/ea58757964e6a91a573e05252efa6451ce5f41bf.png,1478742016
1528,BIOS Health,bios-health,Winter 2017,Active,Neural interfaces to understand and use nerve data in medicine.,BIOS Health was previously called Cambridge Bio-Augmentation Systems (CBAS) and focused on prosthetic neural interfaces as a first market. Now we use ,https://www.bios.health,https://www.ycombinator.com/companies/bios-health,"Cambridge, England, United Kingdom; England, United Kingdom",45,Healthcare,Healthcare,Healthcare,"Artificial Intelligence, Neurotechnology","United Kingdom, Europe, Remote, Partly Remote",Early,False,False,False,"Cambridge Bio-Augmentation Systems, BIOS",https://bookface-images.s3.amazonaws.com/small_logos/fbf627d263e3eeaa10ca6fef671ae57e191e51f1.png,1478740216
1527,Nomba,nomba,Winter 2017,Active,Banking and payments for businesses in Africa,Nomba provides Banking and payment to over 200k+ business in Africa (Nigeria & DRC).,https://nomba.com,https://www.ycombinator.com/companies/nomba,"Lagos, LA, Nigeria",200,Fintech,Fintech -> Payments,"Fintech, Payments",Fintech,"Nigeria, Africa, Remote, Partly Remote",Growth,False,False,False,Kudi,https://bookface-images.s3.amazonaws.com/small_logos/df1f2387282fcfbd2c12fe132115b6a2f5601924.png,1478717435
1524,AON3D,aon3d,Winter 2017,Active,Additive Manufacturing with advanced materials,"AON3D is a rapidly growing startup on a mission to put industrial 3D printing capabilities into the hands of those who need it most. Our technology has made it 10 times cheaper than before to 3D print with advanced thermoplastics, and we continue to push the boundaries on commercializing new materials for 3D printing. 

Our customers span the globe and are pioneers in the application of 3D printing in their field – from automotive tooling to aircraft interiors, foundry molds to public art installations, prosthetics to guides for radiation and surgical oncology.  

AON3D is a graduate of Y-Combinator and venture-backed by top investors from Silicon Valley.",https://www.aon3d.com,https://www.ycombinator.com/companies/aon3d,"Montreal, QC, Canada",40,Industrials,Industrials -> Manufacturing and Robotics,"Industrials, Manufacturing and Robotics","Hardware, 3D Printing, Manufacturing","Canada, America / Canada, Remote, Partly Remote",Growth,False,True,False,,https://bookface-images.s3.amazonaws.com/small_logos/6883d39f11e989edfaaada87f96026a7425897fe.png,1478664635
1522,BuyPower,buypower,Winter 2017,Active,Modern bill payment platform for African businesses and consumers.,"BuyPower is the modern bill payment platform for Africans. We make it easy for individuals to pay their energy bills, businesses to pay international vendors, and lenders to make smarter lending decisions using our proprietary Energy Data Service. Our mission is to simplify bill payment and empower African SMBs to prioritize their financial health. ",http://www.buypower.ng,https://www.ycombinator.com/companies/buypower,"Federal Capital Territory, Nigeria",115,Industrials,Industrials -> Climate,"Industrials, Climate",Fintech,"Nigeria, Africa, Remote, Partly Remote",Growth,False,False,False,"Datapex Drifty Technologies, Buypower",https://bookface-images.s3.amazonaws.com/small_logos/eac7b923ec7d52d878292676beccb378a716a3fe.png,1657807221
1521,Apozy,apozy,Winter 2017,Active,Apozy makes every website safe to browse,"Apozy is a browser defense platform powered by ""Native Browser Isolation"" technology. It neutralizes phishing, malware, and impersonation attacks in real-time by sandboxing dangerous websites at the time of click. This creates a safe ""read-only"" environment for browsing, even if the original website is malicious. Businesses use Apozy Airlock to protect their employees from online threats and prevent data breaches.
",https://www.apozy.com/,https://www.ycombinator.com/companies/apozy,"San Francisco, CA, USA; Remote",9,B2B,B2B -> Security,"B2B, Security",Security,"United States of America, America / Canada, Remote, Fully Remote",Early,False,False,False,Apozy,https://bookface-images.s3.amazonaws.com/small_logos/2234c64915e488afac0fff43bf91257681089931.png,1478663435
1520,Reliance Health,reliance-health,Winter 2017,Active,We make healthcare in emerging markets affordable and accessible,"Reliance Health uses technology to make quality healthcare delightful, affordable and accessible in emerging markets. Through an integrated approach that includes affordable health insurance, telemedicine and a combination of partner and proprietary healthcare facilities, Reliance Health offers innovative healthcare solutions that meet the needs of emerging markets including Nigeria, Egypt and growing",https://www.getreliancehealth.com,https://www.ycombinator.com/companies/reliance-health,"Lagos, LA, Nigeria; Austin, TX, USA",384,Healthcare,Healthcare -> Healthcare Services,"Healthcare, Healthcare Services","Health Tech, Digital Health, Healthcare, Health Insurance","Nigeria, United States of America, Africa, America / Canada, Remote, Partly Remote",Growth,False,False,False,"Kangpe, RelianceHMO",https://bookface-images.s3.amazonaws.com/small_logos/10030ef7dcb2b4b8041f1c934c69fda1273d6151.png,1478663435
1519,Hogaru,hogaru,Winter 2017,Active,Hogaru is a tech-enabled home services platform in Latin America. ,"Hogaru provides professional cleaning and maintainance services to homes and micro businesses in Latin America. Differently from marketplaces, we employ directly our cleaners, to foster retention and quality of service.",https://www.hogaru.com/,https://www.ycombinator.com/companies/hogaru,"Bogotá, Bogota, Colombia",746,Consumer,Consumer -> Home and Personal,"Consumer, Home and Personal","Marketplace, Home Services","Colombia, Latin America, Remote, Partly Remote",Growth,False,False,False,,https://bookface-images.s3.amazonaws.com/small_logos/dd64a925b09acb3e819011006a99d3dd12086554.png,1478663434
1517,Plane,plane,Winter 2017,Active,#1 easiest-to-use payroll for startups,Plane is an all-in-one people platform for fast-growing teams. We build easy-to-use payroll and compliance tools that help companies go global from day one.,https://plane.com,https://www.ycombinator.com/companies/plane,"San Francisco, CA, USA; Remote",30,B2B,B2B -> Human Resources,"B2B, Human Resources","Fintech, SaaS, B2B, Compliance, HR Tech","United States of America, America / Canada, Remote, Fully Remote",Growth,False,False,False,Pilot,https://bookface-images.s3.amazonaws.com/small_logos/6b9a091d0d628df51961ca396fdaadc2e087ad89.png,1478582434
1515,Bitrise,bitrise,Winter 2017,Active,Hosted Continuous Integration and Delivery for mobile apps,"Bitrise helps you automate your daily app development tasks from building through testing to deployment. With Bitrise you can configure these tasks with a unique, visual workflow editor, with dozens of service integrations ready to roll. We call these steps, and they are all open source! If the step you need is not in our collection you can create your own and share it with others. Project Managers can get a clear picture of the development and testing of apps, testers get regular notifications about available, testable builds, and clients are able to collaborate with the rest of the team. Bitrise is free to get started and takes just 50 seconds to setup your first project.",https://bitrise.io,https://www.ycombinator.com/companies/bitrise,"Budapest, Hungary; Remote",243,B2B,B2B -> Infrastructure,"B2B, Infrastructure","Developer Tools, DevSecOps, SaaS, B2B","Hungary, Europe, Remote, Fully Remote",Growth,False,False,False,Bitrise ,https://bookface-images.s3.amazonaws.com/small_logos/2e5308a0848139b34600dfa7eed02fb958647387.png,1478581835
1513,Solugen,solugen,Winter 2017,Active,Decarbonizing the chemicals industry.,"Solugen is decarbonizing the chemistry of everyday life with enzymes and innovative metal catalysts. Our new to the world Bioforge platform technology can produce high value chemical goods that are biobased and carbon negative, at cost on par with current technologies. We are making sustainable chemistry accessible to all living things, to ensure a prosperous world exists for generations.
",https://solugen.com/,https://www.ycombinator.com/companies/solugen,"Houston, TX, USA",200,Healthcare,Healthcare -> Industrial Bio,"Healthcare, Industrial Bio","Manufacturing, Climate, ClimateTech, Biotechnology, Industrial","United States of America, America / Canada, Remote, Partly Remote",Growth,False,False,False,"Solugen, Bioperoxide",https://bookface-images.s3.amazonaws.com/small_logos/8d4235cadbab6a51a7bfa10e7b2877bdb12a26fe.png,1478579436
1512,Bulk MRO Industrial Supply,bulk-mro-industrial-supply,Winter 2017,Active,Full Stack Fintech and Supply Chain Platform for Global Trade,"Bulk MRO is a Full Stack Fintech and Supply Chain Platform for Global Trade. 

We provide our customers and suppliers turnkey solutions for procurement, sales and financing of long-tail industrial products (MRO items) as well as high value bulk commodities like agriculture, petroleum, and chemical products. 

We work with hundreds of Large Corporations and Government customers across North America, Europe, India, Middle East, and Africa as a one-stop shop for millions of products from thousands of manufacturers.

We are backed by the world’s best investors like Y Combinator, Bain Capital Ventures, Ace & Co., Rebright Partners, Dream Incubator, Refactor Capital, AAF, and FJ Labs.
",http://www.bulkmro.com,https://www.ycombinator.com/companies/bulk-mro-industrial-supply,"Mumbai, MH, India; New York, NY, USA",170,B2B,B2B -> Supply Chain and Logistics,"B2B, Supply Chain and Logistics","Fintech, B2B","India, United States of America, South Asia, America / Canada, Remote, Partly Remote",Growth,False,False,False,,https://bookface-images.s3.amazonaws.com/small_logos/5b4a53cf77d3fc365eb87181638c1077043a6722.png,1478578235
1510,FastJVM,fastjvm,Winter 2017,Active,Making the JVM faster,"FastJVM analyzes JVM bytecode and applies provably safe optimizations such as automatic parallelization.

On some workloads it already delivers up to 10× speedups; the goal is to generalize these gains across the JVM.",https://fastjvm.com,https://www.ycombinator.com/companies/fastjvm,"San Francisco, CA, USA",3,B2B,B2B -> Marketing,"B2B, Marketing","DevOps, Cloud Computing","United States of America, America / Canada, Remote, Partly Remote",Early,False,False,False,"Manycore, Manycore.io, Manycore, Inboxbooster",https://bookface-images.s3.amazonaws.com/small_logos/d20c1dd1d05527f51041212802e5e737587823ff.png,1478578235
1509,AlemHealth,alemhealth,Winter 2017,Active,AI Radiologist in a Box - We provide a vertically integrated AI…,"AlemHealth connects hospitals and diagnostic centres in emerging markets to a global network of diagnostic imaging services. 

Our suite of plug-and-play radiology solutions makes it easy for any facility anywhere to access and provide world-class diagnostic care to its patients. We designed our hardware and software from the ground up specifically for emerging markets, where access to internet, electricity, and clinicians can be difficult.
Learn more about our solutions at www.alemhealth.com.",https://www.alemhealth.com,https://www.ycombinator.com/companies/alemhealth,"Singapore, Singapore",25,Healthcare,Healthcare -> Healthcare Services,"Healthcare, Healthcare Services","Health Tech, AI","Singapore, Southeast Asia, Remote, Partly Remote",Early,False,True,False,,https://bookface-images.s3.amazonaws.com/small_logos/48fa317046a8258e93fd5a9fb962f92a1dd83daf.png,1478578234
1507,Request Network,request-network,Winter 2017,Active,Request is a payment request technology & an ecosystem of apps,"Request allows companies & people to pay and get paid in cryptocurrencies by relying on the most innovative payment request technology.


On top of it, apps such as Request Invoicing allow professionals to send proper crypto invoices and get paid in a click. Adoption for this app is growing at an impressive rate as we can see here https://req.network",https://request.network,https://www.ycombinator.com/companies/request-network,"Paris, Île-de-France, France; Remote",12,Fintech,Fintech -> Payments,"Fintech, Payments",Crypto / Web3,"France, Europe, Remote, Fully Remote",Early,False,False,False,Moneytis,https://bookface-images.s3.amazonaws.com/small_logos/60bc4f1a107d899643879262add03122ce3a8a4b.png,1478577635
1506,Collectly,collectly,Winter 2017,Active,We help healthcare orgs collect more money faster,"About 50% of all out-of-pocket payments get never collected in U.S. healthcare. Collectly helps medical groups and practices accelerate and increase patient cash flow, decrease costs to collect, and increase patient satisfaction.",http://collectly.co/,https://www.ycombinator.com/companies/collectly,"San Francisco, CA, USA",106,Healthcare,Healthcare -> Healthcare IT,"Healthcare, Healthcare IT","Payments, B2B, Healthcare","United States of America, America / Canada, Remote, Partly Remote",Growth,False,True,False,,https://bookface-images.s3.amazonaws.com/small_logos/62bd582f438df1661509a16988751347f9ce06df.png,1478577034
1503,Aella,aella,Winter 2017,Active,Diversified credit infrastructure powering payments across Africa.,"Aella is a diversified credit payments platform with over 2 million users, offering a raft of financial services to underbanked users across Africa with a focus on lending. We are at the forefront of financial inclusion and empowerment of the underbanked. 

Aella’s Debt-as-a-service model ensures that agents across Africa are able to have quick and easy access to funding through its partnerships with leading agency banks across the continent.",http://www.aellaapp.com,https://www.ycombinator.com/companies/aella,"Lagos, LA, Nigeria; LA, Nigeria",60,Fintech,Fintech -> Credit and Lending,"Fintech, Credit and Lending","Banking as a Service, Fintech, Microinsurance","Nigeria, Africa, Remote, Partly Remote",Early,False,False,False,Aella Credit,https://bookface-images.s3.amazonaws.com/small_logos/db376a7bc4f4a035b6bde4f2e946bb1e2aa238a2.png,1478577033
1502,Tolemi,tolemi,Winter 2017,Active,Data integration & insights for state and local governments,"A smart city technology platform that helps state and local governments take a data-driven approach to ensure safe, stable, and affordable housing.",http://www.tolemi.com,https://www.ycombinator.com/companies/tolemi,"Boston, MA, USA",20,Real Estate and Construction,Real Estate and Construction -> Housing and Real Estate,"Real Estate and Construction, Housing and Real Estate","Civic Tech, GovTech","United States of America, America / Canada, Remote, Partly Remote",Growth,False,False,False,"OpportunitySpace, Inc, BuildingBlocks",https://bookface-images.s3.amazonaws.com/small_logos/ba8f7b0110e513865a86a2143a6ef4eb5046fd1b.png,1478562633
1500,Wright Electric,wright-electric,Winter 2017,Active,Boeing for electric planes,"Wright Electric is building commercial electric airplanes for lower prices, higher safety, and zero emissions. The Wright 1 is a 186 passenger electric plane designed for routes like LA-SF and London-Paris. We work with airlines like easyJet and VivaAerobus. ",http://www.weflywright.com,https://www.ycombinator.com/companies/wright-electric,"Albany, NY, USA",4,Industrials,Industrials -> Aviation and Space,"Industrials, Aviation and Space","Airplanes, Climate","United States of America, America / Canada",Growth,False,True,False,,https://bookface-images.s3.amazonaws.com/small_logos/f6b0ae476c8749c65f619c183d26920685e16c53.png,1478281234
1498,"Veryfi, Inc.",veryfi-inc,Winter 2017,Active,Document AI. One API Call.,"Enterprise-grade document extraction and fraud detection — deploy in minutes via mobile SDKs or APIs. No ML expertise required.

Turn receipts, invoices, checks and bank statements into automated expense tracking, instant payments, and fraud-protected transactions. Explore our Multi-Modal APIs: https://www.veryfi.com/apis/",https://www.veryfi.com/,https://www.ycombinator.com/companies/veryfi-inc,"San Francisco, CA, USA",70,B2B,B2B,B2B,"Artificial Intelligence, Computer Vision, Finance, API, AI","United States of America, America / Canada, Remote, Partly Remote",Growth,False,True,False,"IQB Labs, IQBoxy, Veryfi",https://bookface-images.s3.amazonaws.com/small_logos/b363a44bfe1278786c4092bd157ce82f208e1a21.png,1478227238
1496,Mednet,mednet,Winter 2017,Active,Mednet helps doctors answer their toughest clinical questions —…,"Mednet helps doctors answer their toughest clinical questions — blending AI, medical literature, and real-world physician expertise. Co-founded by siblings Samir Housri and Dr. Nadine Housri while navigating their father's cancer treatment, Mednet was created to capture the undocumented clinical knowledge that makes the difference in patient care. Today, over 40,000 US physicians use Mednet to navigate complex cases, make better-informed decisions, and shape industry innovation — ensuring that every patient benefits from the collective expertise of the medical community",https://www.themednet.org,https://www.ycombinator.com/companies/mednet,"New York City, NY, USA",35,Healthcare,Healthcare -> Healthcare IT,"Healthcare, Healthcare IT","Health Tech, Healthcare, Social Network","United States of America, America / Canada, Remote, Partly Remote",Growth,False,True,False,theMednet,https://bookface-images.s3.amazonaws.com/small_logos/0f87063bea379185eb403bf77343185532b0b26a.png,1478226636
1490,Snappr,snappr,Winter 2017,Active,Snappr is the one-stop-shop for visual content creation,"Snappr is the one-stop-shop for visual content creation, backed by the largest marketplace for on-demand photography and photo editing services.

Snappr Shoots is a self-service product for anyone to book a photoshoot in as little as 60 seconds.

Snappr Workflows is a SaaS solution for brands for automating visual content pipelines.",https://www.snappr.com,https://www.ycombinator.com/companies/snappr,"San Francisco, CA, USA",250,B2B,B2B,B2B,"Marketplace, Workflow Automation","United States of America, America / Canada",Growth,False,True,False,,https://bookface-images.s3.amazonaws.com/small_logos/f634405992d692577e2cfd091936940a54fcab1e.png,1478224835
1488,Token Transit,token-transit,Winter 2017,Active,Complete fare payment platform for public transportation,"Token Transit puts cities in the center of managing new mobility by providing a complete fare payment platform for public transportation.

Token Transit launched our mobile ticketing app in 2016. We now provide payments for transportation in over 200 cities across the United States and Canada with integration into the major third party trip planning apps such as Transit, Moovit and Google Maps.",https://tokentransit.com,https://www.ycombinator.com/companies/token-transit,"San Francisco, CA, USA",12,Government,Government,Government,"Fintech, GovTech, Transportation","United States of America, America / Canada, Remote, Partly Remote",Early,False,False,False,,https://bookface-images.s3.amazonaws.com/small_logos/a20ca2e23eec17b0ed9a952b4a38cc39b71f8e1e.png,1478224835
1487,Ambient.ai,ambient-ai,Winter 2017,Active,AI company transforming enterprise physical security to prevent…,"Ambient.ai is a computer vision intelligence company transforming enterprise security operations to prevent security incidents before they happen. The Ambient.ai platform applies AI and computer vision intelligence to existing sensor and camera infrastructure to deliver continuous physical security monitoring and automate the immediate dispatch of human resources. Ambient.ai is the first platform that goes beyond basic motion detection and image recognition to achieve near-human perception with automated situational context. 

With physical security incidents on the rise and physical security organizations left under-resourced, Ambient.ai’s computer intelligence platform comes at a time of critical need, which is why the company has raised over $50 million from venture capital investors led by a16z. Today, large enterprises, schools and organizations – including many of the largest US tech companies and other Fortune 500 companies – use Ambient.ai to secure property, people, and assets from the most harrowing physical security threats.

The company was founded in 2017 by experts in artificial intelligence from Stanford who previously built iconic products at Apple, Google, Microsoft and Dropbox. We are backed by Andreessen Horowitz (a16z), SV Angel, Y Combinator, and visionary angels like Jyoti Bansal, Mark Leslie and Elad Gil.",https://ambient.ai,https://www.ycombinator.com/companies/ambient-ai,"San Francisco, CA, USA",150,B2B,B2B -> Security,"B2B, Security","Artificial Intelligence, Computer Vision, Security","United States of America, America / Canada, Remote, Partly Remote",Growth,False,True,False,Ambient,https://bookface-images.s3.amazonaws.com/small_logos/624d0ce6f387431048bed692cfded210ffc7d139.png,1478224835
1484,RankScience,rankscience,Winter 2017,Active,Automated SEO for Startups,RankScience is the #1 trusted agency to grow SEO traffic for venture-backed Silicon Valley startups to the Fortune 500.,https://www.rankscience.com,https://www.ycombinator.com/companies/rankscience,"New York City, NY, USA; New York, NY, USA; Remote",16,B2B,B2B -> Marketing,"B2B, Marketing","Artificial Intelligence, Generative AI, NLP","United States of America, America / Canada, Remote, Fully Remote",Early,False,False,False,,https://bookface-images.s3.amazonaws.com/small_logos/b0e1a686e82d7baf1431c13fde889f55c35832d4.png,1478224824
1475,The Essential,the-essential,Winter 2017,Active,E-commerce 2.0,"The Essential is e-commerce 2.0.

What we do
We make and sell the single best version of all your essentials, at the best price possible.

How we do it
We're not an ""everything store.""We sell only the essentials, we're members-only and we only sell our own brand. We cut out the middlemen, the brands, the physical stores and the markups — to make products cost a lot less, all while paying the producer more.

Why we do it
To add meaning to people’s lives through
products they use and love, made by people who
know and care, with stories that matter, and
means that are honest.",http://www.theessential.com,https://www.ycombinator.com/companies/the-essential,"San Francisco, CA, USA",11,Consumer,Consumer,Consumer,"E-commerce, Food Tech","United States of America, America / Canada, Remote, Partly Remote",Early,False,False,False,"Movebutter, Move",https://bookface-images.s3.amazonaws.com/small_logos/690fb6b08cd23a5001d2df61c2014c2b652d1650.png,1478194835
1473,Upcall,upcall,Winter 2017,Active,Upcall provides outbound call professionals as a service. ,"Upcall helps hundreds of companies acquire, qualify, engage and retain more customers through outbound phone calls.

Upcall's platform and API give 24/7 access to 1000s vetted US based callers as well as various tools to manage call campaigns effectively such as script templates, call analytics and recording, as well as integrations with client's existing workflow (Slack, Salesforce, Google Calendar, Outlook, ...).

Upcall was part of the prestigious Y Combinator.",https://www.upcall.com,https://www.ycombinator.com/companies/upcall,"Miami, FL, USA; San Francisco, CA, USA; Remote",6,B2B,B2B -> Sales,"B2B, Sales",,"United States of America, America / Canada, Remote, Fully Remote",Early,False,False,False,,https://bookface-images.s3.amazonaws.com/small_logos/87cc57bf14e2a6d36c8cfbc9da3acde6ae661c22.png,1478194835
1468,Nuvola,nuvola,Winter 2017,Active,"Nuvola is transforming battery manufacturing, making EV batteries…","At Nuvola, we're commercializing SafeCoat, a spray-on separator that is directly deposited onto electrodes, removing the need for conventional separator films and the massive infrastructure to build them.

SafeCoat has been piloted with top-tier battery and automotive manufacturers and is ready for commercial deployment. Industry leaders are drawn to its impact: it reduces fire risk by 99%, cuts manufacturing scrap by 70%, and saves $350M per 40GWh factory. Our capital-light model requires just $8M in CAPEX to reach profitability in 2027.",http://nuvola.tech,https://www.ycombinator.com/companies/nuvola,"Los Angeles, CA, USA",4,Industrials,Industrials -> Energy,"Industrials, Energy","Alternative Battery Tech, Climate","United States of America, America / Canada, Remote, Partly Remote",Early,False,False,False,"Millibatt, Inc., Millibatt",https://bookface-images.s3.amazonaws.com/small_logos/a69a38d3f5dd1a9919eee8cbd6aa2fcb4dc31a4c.png,1478194835
1464,Ledger Investing,ledger-investing,Winter 2017,Active,Marketplace for insurance securitization.,"Ledger Investing provides an exciting opportunity for asset managers, pension funds, hedge funds, family offices and other institutions interested in earning a great return through insurance investing.

The company deploys proprietary software and data analytics covering many types of insurance risk portfolios. The technology enables insurers to securitize risk more efficiently while providing investors, asset managers, pension funds, hedge funds, family offices, and other institutions an opportunity to invest in a new and growing asset class.

Ledger Investing was founded by Julien Brissonneau, Aymeric Rabot and Samir Shah in 2016.",https://ledgerinvesting.com/,https://www.ycombinator.com/companies/ledger-investing,United States; Remote,85,Fintech,Fintech -> Insurance,"Fintech, Insurance","Fintech, Insurance, Investing","United States of America, America / Canada, Remote, Fully Remote",Growth,False,True,False,,https://bookface-images.s3.amazonaws.com/small_logos/3326697b08953d5914d07d4d39f5bca122a18fa8.png,1478194834
1463,REZI,rezi,Winter 2017,Active,Rent Better,"REZI is a leading real estate technology company founded in 2016 and the only fully remote and automated marketplace for long-term apartment rentals. 

REZI empowers landlords to lease their vacant apartments using their state-of-the-art platform — guaranteeing the monthly rent, paying up to 12 months of rent upfront, reducing leasing costs, and simplifying the leasing process for several to hundreds of units in a single transaction.

Renters on REZI are then able to find, tour, apply for, and lease their next home without any fees and in as little as five minutes — right from their phone — through pre-screened listings, contactless tours, and automated application decisions.",https://www.rentrezi.com,https://www.ycombinator.com/companies/rezi,"New York City, NY, USA; New York, NY, USA",31,Real Estate and Construction,Real Estate and Construction -> Housing and Real Estate,"Real Estate and Construction, Housing and Real Estate","Real Estate, Proptech","United States of America, America / Canada, Remote, Partly Remote",Growth,False,False,False,,https://bookface-images.s3.amazonaws.com/small_logos/8f48caee61173c5c2660bdd99d7dd475bb82a36c.png,1478149217
1462,Extern,extern,Winter 2017,Active,"Professional Experience Anytime, Anywhere.","At Extern, we’re solving the experience gap.  Extern created the remote Externship, a skill-building work experience that is easier for students to access, and easier for companies to run, than an internship.  Our mission is to help anyone discover and launch their career through professional experiences available anywhere at any time.  Since 2020, we’ve created and powered Externships for over 50,000 students on behalf of companies from Fortune 500s to startups.  

After spending $100K on average for a 4-year degree, graduates find that almost 40% of entry level jobs on Linkedin required 3+ years of work experience. Internships are how many college students get this kind of experience, but the demand for good internships outstrips the supply. Internship programs are difficult to scale, they favor students who already have social capital, and they’re time-consuming for employers to run.

Externships are short, online, project-based work experiences that employers can offer to hundreds of students using less resource and employee time than it would take to support an intern.  Extern makes the complex process of running an Externship completely turnkey with software and industry experts which in turn makes professional experience more accessible to more students.

By making work experience more accessible, Extern is driving the rapid mobility and upskilling needed for a new economy.  We envision a world where anyone can access work experience as a form of education – no matter their background, experience, or socio-economic status.  Come join our movement to reshape work, education, and credentialing for future generations with the Externship.

Extern was born out of a pivot from Paragon One (W17) which initially focused on providing students with a career center-as-a-service platform, connecting them with industry professionals to receive career coaching and guidance.  Backed by Y Combinator, Foundation Capital, Launch Fund, University Ventures, and Learn Capital.",http://www.extern.com,https://www.ycombinator.com/companies/extern,"San Francisco, CA, USA; Remote",30,Consumer,Consumer -> Job and Career Services,"Consumer, Job and Career Services","Education, Marketplace, eLearning, Recruiting, Remote Work","United States of America, America / Canada, Remote, Fully Remote",Early,False,False,False,Paragon One,https://bookface-images.s3.amazonaws.com/small_logos/580dd6a5c00e2c92b90e16d46f81b1a7844b8314.png,1478145033
1461,MDalgorithms Inc.,mdalgorithms-inc,Winter 2017,Active,Democratizing Dermatology with AI ,"MDalgorithms is revolutionizing dermatology by delivering convenient, effective AI-powered solutions for skin and hair care. Since pioneering machine-learning models for acne treatment in 2017, we’ve advanced to develop the world’s first AI-powered scalp analysis for hair regrowth.

Our proprietary AI technology, built entirely in-house, analyzes blemishes, lesions, and hair conditions with unmatched precision, utilizing the largest global dataset of acne and scalp images. Clinically validated and tested by dermatologists, our personalized treatment kits—MDacne for acne and MDhair for hair regrowth—are customized to each individual’s unique needs, combining over 100 medical and botanical ingredients for optimal results.

We empower users to track their progress, adjust treatments as needed, and access real-time support from our team of dermatologists and nurses. By doing so, we make personalized dermatological care accessible to all.",https://www.mdalgorithms.com,https://www.ycombinator.com/companies/mdalgorithms-inc,"Tel Aviv-Yafo, Tel Aviv District, Israel; Remote",40,Healthcare,Healthcare -> Consumer Health and Wellness,"Healthcare, Consumer Health and Wellness","Artificial Intelligence, Consumer Health Services, Consumer, Healthcare, Telemedicine","Israel, Middle East and North Africa, Remote, Fully Remote",Growth,False,True,False,"MDAlgorithms, MDAlgorithms Inc., MDacne",https://bookface-images.s3.amazonaws.com/small_logos/c28738affa1266432b0e2667e15541c1ddb131b4.png,1478144434
1458,BloomAPI,bloomapi,Winter 2017,Active,BloomAPI helps doctors share clinical data. Today most healthcare…,"BloomAPI simplifies how medical records are transferred. Today the majority of records are still moved by fax and couriers. Patients, Doctors, and Insurance companies all benefit when medical records are available when they are needed for the care of patients. We make this possible.",https://www.bloomtext.com,https://www.ycombinator.com/companies/bloomapi,"Seattle, WA, USA",7,Healthcare,Healthcare -> Healthcare IT,"Healthcare, Healthcare IT","Mental Health Tech, Consumer Health Services, Healthcare","United States of America, America / Canada, Remote, Partly Remote",Early,False,False,False,,https://bookface-images.s3.amazonaws.com/small_logos/7f697734ebe385de9d01d90449a8595c6e8c1362.png,1478141434
1455,Sleep Reset,sleep-reset,Winter 2017,Active,One clinic for every sleep issue,"Our mission is to improve quality of life for millions of people by providing easy, immediate access to the world’s best sleep care.

Sleep Reset is a modern, digital sleep clinic that delivers end-to-end care for every sleep issue — from insomnia to sleep apnea and beyond — all in one place. Available completely online, we make it simple to get evaluated, diagnosed, and treated without long wait times or in-person visits.

Built in collaboration with leading sleep experts and top academic institutions, Sleep Reset combines clinical evaluation, personalized treatment plans, and ongoing care tailored to each individual. Members can access evidence-based therapies, at-home sleep testing, and clinician-guided treatment — all designed to address the root causes of poor sleep, not just the symptoms.

Whether you’re struggling to fall asleep, stay asleep, or dealing with underlying conditions like sleep apnea, Sleep Reset provides a clear path to better sleep and better health. Our approach is personalized, clinically grounded, and designed for lasting results.

Sleep Reset has been featured in Forbes, TechCrunch, and INSIDER. The company was founded by Yunha Kim, a serial entrepreneur recognized by Forbes 30 Under 30, and is backed by leading investors including Y Combinator, Foundation Capital, New Enterprise Associates, Stanford University, and a network of top founders and operators.",https://www.thesleepreset.com/?utm_source=yc,https://www.ycombinator.com/companies/sleep-reset,"San Francisco, CA, USA; Remote",8,Healthcare,Healthcare -> Healthcare Services,"Healthcare, Healthcare Services","Mental Health Tech, Sleep Tech, Consumer Health Services, Health Tech, Digital Health","United States of America, America / Canada, Remote, Fully Remote",Growth,False,False,False,Simple Habit,https://bookface-images.s3.amazonaws.com/small_logos/b8dd7453ad7764f8762001557d8da4935d246c1c.png,1478140833
1448,Sinovia Technologies,sinovia-technologies,Winter 2017,Active,Flexible printed OLED displays.,"We use the printing methods used for newspapers, packaging, posters, and other graphic media to make beautiful, emissive electronic displays with high-end OLED technology aimed at low-cost applications. Our displays are paper-thin, flexible, and can be easily custom printed in a variety of shapes and sizes, allowing hardware designers to use displays and indicators on curved surfaces and in new ways.",http://www.sinoviatech.com,https://www.ycombinator.com/companies/sinovia-technologies,"San Francisco, CA, USA; San Carlos, CA, USA",7,Industrials,Industrials -> Manufacturing and Robotics,"Industrials, Manufacturing and Robotics","Hard Tech, Hardware, IoT","United States of America, America / Canada",Growth,False,False,False,,https://bookface-images.s3.amazonaws.com/small_logos/9b9d956105c787223d1de3aadf905fe682588855.png,1478062833
1444,Bountiful,bountiful,Winter 2017,Active,An Operating System for agriculture.,"We’re on a mission to optimize the agricultural industry.

When we started Bountiful in 2015, the grape error rate for predicting production was 30 percent. Why? We found that many farmers in the specialty crops space were still using traditional pencil-and-paper techniques to predict yield. These low-fidelity forecasting methods weren’t giving them a clear enough understanding of their production until it was too late, leading to waste and inefficiency throughout the supply chain.

We saw a problem we wanted to solve.

Today, Bountiful is using advanced data science to help farmers forecast more accurately, so they can make better decisions. In the last three years, we’ve combined the latest in machine learning with weather, satellite, geographic, and historical data. The result is a user-friendly platform that transforms volumes of complex agricultural information into simple, actionable insights farmers can use to run more economically and environmentally sustainable farms.

More recently, we’re working to open the dialogue between buyers and sellers, remove uncertainty, and provide clarity to the supply chain to meet global food demand.

Our ultimate goal is to close the agricultural margin of error. Not only will this make individual farms more efficient, profitable, and sustainable, but it will help optimize the global food supply chain. That means healthier people and a healthier planet.",https://bountiful.ag/,https://www.ycombinator.com/companies/bountiful,"San Francisco, CA, USA",4,Industrials,Industrials -> Agriculture,"Industrials, Agriculture","Machine Learning, Marketplace, Analytics, Agriculture","United States of America, America / Canada, Remote, Partly Remote",Early,False,True,False,Vinsight,https://bookface-images.s3.amazonaws.com/small_logos/40bd701518c1492966677e92d610182861a00a02.png,1478053227
1443,Speak,speak,Winter 2017,Active,"A superhuman, AI-powered language tutor in your pocket",,http://speak.com,https://www.ycombinator.com/companies/speak,"San Francisco, CA, USA",40,Consumer,Consumer -> Social,"Consumer, Social","Artificial Intelligence, Education","United States of America, America / Canada, Remote, Partly Remote",Growth,False,True,False,"Speakeasy Labs, Inc., Speakeasy Labs",https://bookface-images.s3.amazonaws.com/small_logos/8ffcbfb33e72c07cea268d1194aa574b821a8b00.png,1478052627
1442,Tizeti,tizeti,Winter 2017,Active,ISP for Africa,"Tizeti provides broadband internet services to densely populated urban centers in Africa. Tizeti is leveraging the large wireless capacity available with Wi-Fi and plummeting cost of solar panels to create a low CAPEX/OPEX network of owned and operated towers to offer disruptive, customer-friendly pricing for unlimited internet service right across Africa.",http://www.tizeti.com,https://www.ycombinator.com/companies/tizeti,"Lagos, LA, Nigeria",,Consumer,Consumer -> Home and Personal,"Consumer, Home and Personal",Telecommunications,"Nigeria, Africa, Remote, Partly Remote",Growth,False,False,False,"Tizeti, Tizeti (Wifi.com.ng), Tizeti, Tizeti, Wifi.com.ng, Tizeti, Wifi.com.ng",https://bookface-images.s3.amazonaws.com/small_logos/60b8c9049781514a899127e43df42c016ba7e206.png,1478052026
1438,Voiceops,voiceops,Winter 2017,Active,We help B2C companies learn from every customer interaction,"The richest data source about customers — their conversations — is the least accessible. Their mission is to provide easy access to customer conversations, and make voice data queryable. Their product analyzes the content of sales and support conversations and generates insights on phrases that maximize successful outcomes.",https://voiceops.com,https://www.ycombinator.com/companies/voiceops,"New York City, NY, USA",10,B2B,B2B -> Sales,"B2B, Sales","Artificial Intelligence, Analytics","United States of America, America / Canada, Remote, Partly Remote",Growth,False,True,False,"Clover Intelligence, Voice Ops, VoiceOps, Voiceops, VoiceOps",https://bookface-images.s3.amazonaws.com/small_logos/e326734ce45c54c41f0c6a0f3e7509a5edb06d56.png,1478051413
1573,Humi,humi,Winter 2017,Acquired,"Payroll, HR, and Health Benefits for Canada's SMB's","Humi is building important infrastructure for Canada's economy. Software that helps SMBs employ Canadians. 

Payroll, HR, and Benefits all together in a single simple to use platform.

Serving thousands of Canadian companies, Humi’s clients include innovators such as Ada, Hubdoc, LiveCA, AudioBooks.com, Inkbox, and others. 

www.Humi.ca",http://www.humi.ca,https://www.ycombinator.com/companies/humi,"Toronto, ON, Canada",141,B2B,B2B -> Human Resources,"B2B, Human Resources","Fintech, Payroll","Canada, America / Canada, Remote, Partly Remote",Growth,False,False,False,,https://bookface-images.s3.amazonaws.com/small_logos/70d437d1c52cbad85538f3753253662f57d59057.png,1485295224
1563,ScopeAI,scopeai,Winter 2017,Acquired,Automatically extract valuable insights from customer service…,"ScopeAI automates the process of communicating user insights to product and operation teams. The product leverages natural language processing (a form of AI) to extract insights from customer conversations. It integrates with existing support channels such as Zendesk, Intercom, Desk.com (salesforce) to automatically tag and analyze conversations for trends in customer feedback.",https://www.getscopeai.com,https://www.ycombinator.com/companies/scopeai,"Los Angeles, CA, USA; San Francisco, CA, USA",4,B2B,B2B -> Operations,"B2B, Operations","Artificial Intelligence, NLP","United States of America, America / Canada, Remote, Partly Remote",Early,False,False,False,Quiki,https://bookface-images.s3.amazonaws.com/small_logos/2ef928ade4bf8ee9ed7a1a6f031e860f272f0a2b.png,1483477818
1559,Peer5,peer5,Winter 2017,Acquired,P2P delivery network that enables high quality video streaming,"Peer5's P2P CDN improves content delivery for live and on demand video streams. As video streaming continues to become more mainstream and the streams themselves become HD and 4K, traditional CDNs struggle to deliver high quality viewing experiences. Many publishers try to keep up with peak demand by paying for more servers, many of which are almost never used and struggle with video playback. Not only is this expensive, but it's also inefficient, which is why at Peer5, we've created a P2P CDN to boost your video streaming capabilities. 

Our CDN works with your servers to ensure that as your viewership increases, your network gets stronger by offloading bandwidth to our peer network. On average, this has been shown to increase server capacity by 20x, offload 70% of bandwidth, increase viewing time by 30% and decrease instances of rebuffering by 40%.

Our video streaming CDN uses emerging technologies, including HTML5 and WebRTC. They require no installation by end users and offer easy integration for content providers. We support many different streaming protocols, players and media servers.",https://www.peer5.com,https://www.ycombinator.com/companies/peer5,"San Francisco, CA, USA; Palo Alto, CA, USA",11,B2B,B2B -> Infrastructure,"B2B, Infrastructure",Video,"United States of America, America / Canada, Remote, Partly Remote",Early,False,False,False,,https://bookface-images.s3.amazonaws.com/small_logos/8e0d56341c205ff1b0f1dda68334bc8576895953.png,1482192017
1549,KidPass,kidpass,Winter 2017,Acquired,Online & In-Person Kids Activities,"KidPass is a new way for parents to discover and book amazing children's activities. Get access to exclusive events, classes, camps, museums, and more. Unlock a new world of experiences.",https://kidpass.com,https://www.ycombinator.com/companies/kidpass,"New York City, NY, USA; New York, NY, USA; Remote",21,Education,Education,Education,Education,"United States of America, America / Canada, Remote, Fully Remote",Growth,False,False,False,,https://bookface-images.s3.amazonaws.com/small_logos/da8f125be3e808d5b2d53904c873477f7239d8cf.png,1481765428
1541,UpKeep,upkeep,Winter 2017,Acquired,Mobile-first software for maintenance teams.,"Mobile-First CMMS/Enterprise Asset Management System
 
UpKeep is asset and maintenance management — done the right way. We take a mobile-first approach to the traditional desktop-based enterprise software. We keep technicians out in the field working on the most pressing issues — saving precious time and money. Tracking the costs of assets over their lifetime is now easier than ever. We keep businesses more efficient and streamline their workflow by eliminating paper work orders.
 
We currently have over 2,000,000 registered users from small businesses to large enterprises. We offer low-cost solutions with transparent pricing to a common problem that many companies face. Our vision is to provide the best mobile solution for asset and work order management in a space that is dominated by traditional enterprise software companies. We've raised a total of $50 million from Y Combinator, Battery Ventures, Bain Capital, Emergence Capital, and Insight Partners. 

-Assign work orders
-Create and save tasks
-UPC Label scanning
-Create assets and assign work orders to assets
-Preview for analytical graphs

We are a Y Combinator-backed company (YC W17)",https://www.upkeep.com/,https://www.ycombinator.com/companies/upkeep,"Los Angeles, CA, USA",150,B2B,B2B -> Office Management,"B2B, Office Management","SaaS, IoT, B2B","United States of America, America / Canada, Remote, Partly Remote",Growth,False,False,False,UpKeep Maintenance Management,https://bookface-images.s3.amazonaws.com/small_logos/faa6cbcaf3126fdfe71b274528ba20ca29f30eba.png,1478809821
1539,Playment,playment,Winter 2017,Acquired,Mechanical Turk for enterprises.,"""Computers are incredibly fast, accurate and stupid; humans are incredibly slow, inaccurate and brilliant; together they are powerful beyond imagination.""​

Playment is a fully managed data labeling platform generating training data for computer vision models at scale. We empower companies in the Autonomous Vehicle, Drones, Mapping, and similar spaces with high precision annotation services - No matter how complex. We’re helping companies and research institutions like Drive AI, Starsky Robotics, CYNGN, and UIUC focus on their core areas of development.

Our platform is powered by a trained workforce of 300,000+ users and managed by our human intelligence experts who build your tasks and deliver results with assured quality.

Support Annotation types: Bounding Boxes, Cuboids, Polygons, and Polylines, Point annotations, Segmentation(coming soon) for both image and video data types. Interested to hear more? please check out https://playment.io

Use Cases we worked on: Autonomous vehicles, drones, satellite imagery, precision agriculture, Retail / eCommerce, sports analytics",https://playment.io/,https://www.ycombinator.com/companies/playment,"Bengaluru, KA, India",50,B2B,"B2B -> Engineering, Product and Design","B2B, Engineering, Product and Design",Crowdsourcing,"India, South Asia",Early,False,False,False,,https://bookface-images.s3.amazonaws.com/small_logos/8d042750022ceb867d7506837474acf57e7f3874.png,1478804420
1536,Terark,terark,Winter 2017,Acquired,"Fastest Storage Engine with the Best Compression, we enables direct…","Terark built a new storage engine for Database and Data Systems. Our technology enables direct search on highly compressed data, with 200X faster read performance and more than 10X storage savings (better than Google's LevelDB, Facebook's RocksDB), getting larger scalability with lower cost for big data applications. Alibaba is our paying customer, and we are a YCombinator company.",http://www.terark.com,https://www.ycombinator.com/companies/terark,"Beijing, Beijing, China",2,B2B,B2B -> Infrastructure,"B2B, Infrastructure","Big Data, Cloud Computing","China, East Asia",Early,False,False,False,,/company/thumb/missing.png,1478745619
1529,ZipX,zipx,Winter 2017,Acquired,We allow anyone in South East Asia to instantly order any product…,"We are a group of expats in Hong Kong that want easy and affordable access to buy the products we love from back home. Snacks, foods, health products, and other daily essentials that we miss are either not found in Hong Kong, or are too expensive to buy. We were faced with bad alternatives such as overpriced grocery stores, or expensive package forwarding companies.

We believe that with the help of technology, anyone should be able to buy anything from around the world at an affordable price. We are on a mission to make international commerce seamless.",https://zipx.com/,https://www.ycombinator.com/companies/zipx,"New York City, NY, USA; Hong Kong Island, Hong Kong",1,Consumer,Consumer -> Food and Beverage,"Consumer, Food and Beverage","E-Commerce, International","United States of America, Hong Kong, America / Canada, East Asia",Early,False,False,False,"Trusu, ZipX, Trusu",https://bookface-images.s3.amazonaws.com/small_logos/ac1a9b419c6e0296d9979a3dfcc7b192613d95ea.png,1478741416
1526,Bulletin,bulletin,Winter 2017,Acquired,Helping retailers discover and shop the best brands on the planet,"Bulletin is a small business community that allows independent brands and retailers to connect, transact, and grow together.",https://bulletin.co,https://www.ycombinator.com/companies/bulletin,"New York City, NY, USA; New York, NY, USA",15,B2B,B2B -> Retail,"B2B, Retail","Marketplace, B2B","United States of America, America / Canada, Remote, Partly Remote",Growth,False,False,False,,https://bookface-images.s3.amazonaws.com/small_logos/dc5b1d8e8af272683b9ec7ca250589f26e9ae0fa.png,1478665835
1525,Breaker,breaker,Winter 2017,Acquired,A podcast company.,"Breaker is a podcast listening and discovery application.

Most podcasts are free, but serious publishers are spending big budgets to make high quality audio content like Serial, which hit 100 million downloads and made podcasts mainstream. 67 million Americans are already listening to podcasts a month. Breaker wants to sign exclusive deals to distribute the best premium podcasts and charge users $6 per month. First, its goal is to build a huge listener audience by making the best podcast consumption app. It launched today, and will offer podcasters ways to connect and get feedback from their community, and analytics about what content performs best. It has a stunning 67% retention rate after a month for beta users. If it can convince people to pay for what’s often free, it could become the preferred place for podcasters to talk.",https://www.breaker.audio,https://www.ycombinator.com/companies/breaker,"San Francisco, CA, USA",1,Consumer,Consumer -> Content,"Consumer, Content","Social Media, Media, Podcasts","United States of America, America / Canada, Remote, Partly Remote",Early,False,False,False,,https://bookface-images.s3.amazonaws.com/small_logos/0de1ada3b980a4a08329c7a36f155e659b1b377c.png,1478665835
1516,Tetra,tetra,Winter 2017,Acquired,AI notetaker for phone calls,"Tetra uses AI to take notes on phone calls, to help you focus, remember the details, and keep your team in sync.",https://asktetra.com,https://www.ycombinator.com/companies/tetra,"San Francisco, CA, USA",2,B2B,B2B -> Productivity,"B2B, Productivity",Artificial Intelligence,"United States of America, America / Canada",Early,False,False,False,Tetrachrome,/company/thumb/missing.png,1478582434
1514,WaystoCap,waystocap,Winter 2017,Acquired,We are Alibaba of Africa. We are building a marketplace for African…,"WaystoCap takes the pain out of working internationally for businesses all over the African continent, improving their ability to trade. They help them find partners internationally, and regionally; sourcing the most competitive prices; offering better payment terms; and supporting the entire trade.

WaystoCap is a technology driven trading platform focused on Africa. We are backed by some of the best early stage US and international investors including Battery Ventures (investors in Google), 4DX Ventures (investors in Flutterwave) and Y Combinator (Airbnb and Dropbox).",https://waystocap.com,https://www.ycombinator.com/companies/waystocap,"Casablanca, Casablanca-Settat, Morocco",38,B2B,B2B -> Office Management,"B2B, Office Management","Marketplace, E-Commerce","Morocco, Middle East and North Africa, Remote, Partly Remote",Growth,False,False,False,,https://bookface-images.s3.amazonaws.com/small_logos/08707f6c6b2d9cf414a1e48065c876db689f59bd.png,1478580634
1511,Supr Daily,supr-daily,Winter 2017,Acquired,Daily grocery delivery service in India,"Supr Daily is a daily grocery delivery service in India. We use daily milk subscriptions as a railroad to reduce the last-mile delivery costs by 10x. We leverage this as a 'Trojan Cow' to deliver all groceries to your doorstep by 7 am, daily.

At it's peak, we scaled the company to $100M annual revenue run rate with a presence in 6 cities serving 200k+ orders daily. We were part of the Winter 17 batch of Y Combinator and were later acquired by Swiggy.",http://www.suprdaily.com/,https://www.ycombinator.com/companies/supr-daily,"Bengaluru, KA, India",,Consumer,Consumer -> Food and Beverage,"Consumer, Food and Beverage","Grocery, Consumer, Delivery, E-commerce","India, South Asia",Early,False,False,False,,https://bookface-images.s3.amazonaws.com/small_logos/53a5b6981dc4bc8f36f7592d30196e1a22512852.png,1478578235
1505,Hivy,hivy,Winter 2017,Acquired,An end-to-end platform for office management. We enable office…,"Hivy is a task management tool for office operations teams and helpdesk system for employees. The platform enables office managers to collect employee requests, manage projects, assign tasks and notify employees when their requests have been completed.

Hivy was acquired by Managed by Q in 2017. ",https://hivyapp.com,https://www.ycombinator.com/companies/hivy,"New York City, NY, USA; San Francisco, CA, USA",,B2B,B2B -> Office Management,"B2B, Office Management","SaaS, B2B","United States of America, America / Canada",Early,False,False,False,,https://bookface-images.s3.amazonaws.com/small_logos/9ac80c2fbef11d5fbf4a6cb2ab737b0446b9a57c.png,1478577033
1489,Penny,penny,Winter 2017,Acquired,Penny makes keeping track of your finances as easy as having a…,"Penny is a personal finance app that helps you track your income and spending.

Penny accesses your statement history—with your permission—and uses that information to help you manage your finances. Whenever you open the app, she’ll chat with you about your finances: letting you know how you’re doing this month, forecasting where you’ll be next month, giving you a heads up about upcoming bills, or even helping you cancel services you don’t use.

Penny makes finances less intimidating and stressful. Many apps have lots of useful features, but they’re often hard to use and time-consuming. Penny automatically organizes your finances, explains them simply and clearly, and tells you what you need to know, when you need to know it.",https://www.pennyapp.io,https://www.ycombinator.com/companies/penny,"San Francisco, CA, USA",2,Fintech,Fintech -> Consumer Finance,"Fintech, Consumer Finance","Artificial Intelligence, Fintech, Finance","United States of America, America / Canada",Early,False,False,False,,/company/thumb/missing.png,1478224835
1486,Armory,armory,Winter 2017,Acquired,"Continuous Deployment at any scale, for all developers.","Your software is your competitive advantage, and your customer experience is everything. Armory Continuous Deployment solutions empower you and your teams to confidently deploy every application, every time; safely and securely, so you can accelerate your time-to-market, increase stability, and decrease customer-impacting issues.",http://armory.io,https://www.ycombinator.com/companies/armory,"San Francisco, CA, USA; San Mateo, CA, USA; Remote",90,B2B,B2B -> Infrastructure,"B2B, Infrastructure","Developer Tools, DevSecOps","United States of America, America / Canada, Remote, Fully Remote",Growth,False,False,False,,https://bookface-images.s3.amazonaws.com/small_logos/a277dff0e01ae8e2d167bb45110ee91451328cae.png,1478224834
1482,Sandbox Banking,sandbox-banking,Winter 2017,Acquired,Low-code integration platform for banking,"Sandbox Banking provides a low-code platform to quickly build and run banking integrations.  Our software is literally a web application named Glyue, and it's typically used by banks, credit unions, and fintechs to connect banking systems.  Glyue integrations are often web service APIs, batch ETL jobs, file/document transfer jobs, or event-driven pub/sub services (e.g. web hooks, Kafka streaming data pipelines).",https://sandboxbanking.com,https://www.ycombinator.com/companies/sandbox-banking,"Boston, MA, USA; Los Angeles, CA, USA; Remote",33,Fintech,Fintech -> Banking and Exchange,"Fintech, Banking and Exchange","Banking as a Service, Fintech, B2B","United States of America, America / Canada, Remote, Fully Remote",Early,False,False,False,"Sandbox, AlphaPack, Sandbox",/company/thumb/missing.png,1478224818
1479,Wavy,wavy,Winter 2017,Acquired,Experience music and art in augmented reality,,http://downloadwavy.com,https://www.ycombinator.com/companies/wavy,"San Francisco, CA, USA; Paris, Île-de-France, France",,Consumer,Consumer -> Virtual and Augmented Reality,"Consumer, Virtual and Augmented Reality","Augmented Reality, Music","United States of America, France, America / Canada, Europe",Early,False,False,False,Pantheon,/company/thumb/missing.png,1478203234
1478,Fiix,fiix,Winter 2017,Acquired,"Fiix sends expert auto mechanics to your home, so you don’t have to…","Fiix offers auto repair services for its clients.

The company offers on-demand auto repair services in terms of battery, brakes, diagnostics, inspections, doors, windows, engines, exhaust systems, filters, fluids, fuel systems, heating, lights, sensors, suspension, steering, tires, and transmission. The company offers auto repair services at its clients' homes or offices.

Fiix was founded in 2015 by Zain Manji and Arif Bhanji and is based in Ontario.",http://www.fiix.io,https://www.ycombinator.com/companies/fiix,"Toronto, ON, Canada",2,Consumer,Consumer -> Transportation Services,"Consumer, Transportation Services",Automotive,"Canada, America / Canada",Early,False,False,False,,/company/thumb/missing.png,1478194835
1466,Scaphold.io,scaphold-io,Winter 2017,Acquired,The Universal API,"Scaphold is the world's most powerful GraphQL as a service platform. The platform will provide a number of services including push notifications, analytics, file storage, custom code, multiple environments, and more to allow developers to build mobile, web, and IOT applications. Our innovative use of GraphQL is the big game changer here. We’re convinced that it’s the future of APIs and we want to make it readily accessible to everyone else.",https://scaphold.io,https://www.ycombinator.com/companies/scaphold-io,"San Francisco, CA, USA",2,B2B,"B2B -> Engineering, Product and Design","B2B, Engineering, Product and Design",API,"United States of America, America / Canada",Early,False,False,False,,/company/thumb/missing.png,1478194835
1459,Soomgo,soomgo,Winter 2017,Acquired,Local services marketplace that connects providers with new customers,"Soomgo is a local services marketplace that connects providers with new customers across 1,000+ services such as moving, piano lessons, wedding planning, and more.",https://soomgo.com,https://www.ycombinator.com/companies/soomgo,"Seoul, Seoul, South Korea",125,Consumer,Consumer -> Home and Personal,"Consumer, Home and Personal",Marketplace,"South Korea, East Asia",Growth,False,False,False,,https://bookface-images.s3.amazonaws.com/small_logos/949d18eff196662c6fe0d32da65dd061d3b005b5.png,1478142616
1457,Volansi,volansi,Winter 2017,Acquired,Autonomous VTOL delivery solutions.,"Volansi builds and operates high-payload long-range unmanned aerial vehicles to service B2B customers with a point-to-point delivery solution that saves them millions of dollars in down-time costs.

We service customers around the world with a focus on defense, commercial, and medical supply deliveries. Our aerial vehicles can transport loads up to 200 lbs up to 1,000 mi. 

Volansi was founded by Hannan Parvizian and Wesley Zheng in 2015, and is based in San Francisco.",https://flyvoly.com/,https://www.ycombinator.com/companies/volansi,"San Francisco, CA, USA",85,Industrials,Industrials -> Drones,"Industrials, Drones","Autonomous Delivery, Drones","United States of America, America / Canada, Remote, Partly Remote",Growth,False,False,False,"volans-i, Volans-i",https://bookface-images.s3.amazonaws.com/small_logos/a5fb76375a3ebb1f2f694f690e6b22ee1ce21b34.png,1478141434
1456,Shipamax,shipamax,Winter 2017,Acquired,"Simple, end-to-end automation for logistics orgs","Shipamax's core technology can 'understand' any logistics document - outputting a business-ready, machine-readable format. 

Why does this matter? When customers order online - it feels smooth & simple. But in the background it's chaos. When goods are physically moved around the world, there can be up to 20 companies involved in the transaction. Currently, this is a complex, messy process, with different systems and teams creating a mountain of manual work to get the job done.

Customers value our technology as we to help make these behind-the-sceens processes simple.

We're making one of the largest segments of the global economy – logistics – more scalable and adaptable to today's on-demand world.",https://shipamax.com,https://www.ycombinator.com/companies/shipamax,"London, England, United Kingdom",32,B2B,B2B -> Supply Chain and Logistics,"B2B, Supply Chain and Logistics","Robotic Process Automation, Logistics, NLP","United Kingdom, Europe, Remote, Partly Remote",Growth,False,False,False,,https://bookface-images.s3.amazonaws.com/small_logos/0485262b3034147c1f753ae66224e32cd01bffa2.png,1478141416
1454,Arthena,arthena,Winter 2017,Acquired,Quantitative Investment in Art Assets ,"Arthena is a financial product that gives you access to the alternative asset class with the highest barrier to entry and strongest historical returns. We invest in the most liquid segment of the art market, with the lowest volatility, yielding tremendous growth uncorrelated to traditional investments. Arthena’s automated and data driven investment strategy regulates art investment by building traditional fund structures. HNWI’s can now securely and confidently diversify their portfolios into alternative assets focusing on the luxury market.

Arthena has designed and built a statistically rigorous model that estimates the value of artwork over time. Since the data we obtain derives from auction records and repeat sales, our model relies on a set of features about each result. These features include include the artist’s name, medium, date of creation, origin of location and size of work. After identifying groups of work that are similar to each other, we calculate the expected ROI and estimated volatility based on the distribution of gains. Using historical auction results to simulate the performance of our funds, we leverage Monte Carlo analysis to determine annualized returns and sharpe ratios. Based on this analysis, Arthena can validate the financial viability of our product and establish statistically rigorous bounds for these estimates.",https://www.arthena.com,https://www.ycombinator.com/companies/arthena,"New York City, NY, USA; New York, NY, USA",12,Fintech,Fintech -> Asset Management,"Fintech, Asset Management",Investing,"United States of America, America / Canada, Remote, Partly Remote",Growth,False,False,False,,https://bookface-images.s3.amazonaws.com/small_logos/9d4656eb8a75c7b4647f36ee77604160755543cd.png,1478140833
1452,lvl5,lvl5,Winter 2017,Acquired,HD maps for self-driving cars.,,http://www.lvl5.ai,https://www.ycombinator.com/companies/lvl5,"San Francisco, CA, USA",6,Industrials,Industrials -> Automotive,"Industrials, Automotive","Autonomous Trucking, Self-Driving Vehicles","United States of America, America / Canada",Early,False,False,False,,/company/thumb/missing.png,1478140813
1450,Loop Support,loop-support,Winter 2017,Acquired,Predict job applicant performance for entry-level support roles,We build pre-employment assessments that accurately simulate the work your applicants will actually be doing on-the-job.,https://www.loopsupport.com/,https://www.ycombinator.com/companies/loop-support,"San Francisco, CA, USA; Remote",7,B2B,B2B -> Recruiting and Talent,"B2B, Recruiting and Talent","SaaS, B2B, Recruiting","United States of America, America / Canada, Remote, Fully Remote",Early,False,False,False,Panel Ninja,https://bookface-images.s3.amazonaws.com/small_logos/99a2da0e40ac581816bd3220647f49ae49906db7.png,1478128232
1446,Scribe,scribe,Winter 2017,Acquired,Scribe is an AI based Sales Development Representative that you can…,"Scribe is an AI-Powered Sales Assistant for your inside sales team, that you can hire in <10 minutes. 

Scribe magically finds the best prospects, writes highly personalized emails, handles objections and schedules demos with pre-qualified leads. To put it into perspective, our customers have been able to get 3X the number of qualified meetings for 50% of the cost, and your SDRs can now focus on only the warmest leads. 

Scribe is backed by Y Combinator and other elite Silicon Valley investors and is fundamentally transforming sales.",http://tryscribe.com/,https://www.ycombinator.com/companies/scribe,"Bengaluru, KA, India",15,B2B,B2B -> Sales,"B2B, Sales","Artificial Intelligence, SaaS, B2B","India, South Asia",Early,False,False,False,,/company/thumb/missing.png,1478053833
1441,Clear Genetics,clear-genetics,Winter 2017,Acquired,Clear Genetics is scaling delivery of Genomic services,"Clear Genetics is developing innovative, patient-centric software to thoughtfully integrate genetics into routine patient care. Our HIPAA-compliant platform offers an automated and comprehensive solution to deliver genetic services at scale. Clear Genetics serves leading health systems, clinics and commercial labs across the nation. ",https://cleargenetics.com/,https://www.ycombinator.com/companies/clear-genetics,"San Francisco, CA, USA",8,Healthcare,Healthcare -> Consumer Health and Wellness,"Healthcare, Consumer Health and Wellness","Healthcare, Chatbots","United States of America, America / Canada, Remote, Partly Remote",Early,False,False,False,,https://bookface-images.s3.amazonaws.com/small_logos/7e9cf4a33f37d94cbc4aedf95a9f64f3ed1c5f00.png,1478052023
1553,No Lean Season,no-lean-season,Winter 2017,Inactive,A bus ticket out of poverty,"No Lean Season reduces the negative effects of seasonality on the poorest in rural agricultural areas by enabling labor mobility that increases incomes. It is a new program that they are testing in Evidence Action Beta's portfolio, based on rigorous experimental evidence.

They give a travel subsidy of $20 to very poor rural laborers so they can send a family member to a nearby city to find a job during the period between planting and harvesting. This is the time in rural areas when there are no jobs, no income, and when families miss meals. This seasonal poverty affects 600 million people around the world.

With a temporary job during this 'lean season,' households are are able to put an additional meal on the table for every member of the family each and every day. That’s 500 additional meals during the lean season.",http://,https://www.ycombinator.com/companies/no-lean-season,,,Unspecified,Unspecified,Unspecified,Nonprofit,"Remote, Partly Remote",Early,False,False,True,,/company/thumb/missing.png,1481767230
1550,Anasen,anasen,Winter 2017,Inactive,Anasen is an app that makes data analysis easy and accessible to…,Anasen is an app that makes data analysis easy and accessible to non-technical business users.,http://www.anasen.com,https://www.ycombinator.com/companies/anasen,"Paris, Île-de-France, France; Remote",15,B2B,B2B -> Analytics,"B2B, Analytics",SaaS,"France, Europe, Remote, Fully Remote",Early,False,False,False,"Vize Software, Anasen, Anasen (was Vize Software)",https://bookface-images.s3.amazonaws.com/small_logos/b0d81b4192a51bc8d9cde2242ed434d6e025cd23.png,1481766628
1547,Niles,niles,Winter 2017,Inactive,Knowledge Assistant for Work.,Niles is a real-time wiki who lives in Slack and turns chats and docs into team knowledge.,https://niles.ai,https://www.ycombinator.com/companies/niles,"San Francisco, CA, USA",2,B2B,B2B -> Productivity,"B2B, Productivity","Productivity, Enterprise","United States of America, America / Canada",Early,False,False,False,Dwight,/company/thumb/missing.png,1481152223
1542,SourceBeacon,sourcebeacon,Winter 2017,Inactive,SourceBeacon is an on-demand procurement concierge for sourcing…,SourceBeacon is an on-demand procurement concierge for sourcing products from China. We connect your product requests to our network of verified vendors and deliver quotes directly to you.,https://www.sourcebeacon.com,https://www.ycombinator.com/companies/sourcebeacon,,5,Consumer,Consumer -> Home and Personal,"Consumer, Home and Personal","Supply Chain, Procurement, China",Unspecified,Early,False,False,False,"Melotic, Sourcebeacon",/company/thumb/missing.png,1478892619
1538,Voodoo Manufacturing,voodoo-manufacturing,Winter 2017,Inactive,AWS for manufacturing.,"AWS for manufacturing. Founded in 2015 and based in Brooklyn, NY, Voodoo operates a robotic 3D printing factory with over 250 3D printers, capable of making thousands of parts faster than traditionally possible. Voodoo has worked with thousands of customers to date, from engineers and entrepreneurs to companies such as Microsoft, NBCUniversal, Mattel, and Intel. Visit www.voodoomfg.com to learn more.",http://www.voodoomfg.com,https://www.ycombinator.com/companies/voodoo-manufacturing,"New York City, NY, USA; Brooklyn, NY, USA",19,Industrials,Industrials -> Manufacturing and Robotics,"Industrials, Manufacturing and Robotics","Medical Devices, 3D Printing, Manufacturing","United States of America, America / Canada, Remote, Partly Remote",Early,False,False,False,,https://bookface-images.s3.amazonaws.com/small_logos/4c33c9540f1c00495e765aa3154b28d4b9e15ac6.png,1478748019
1534,Bicycle AI,bicycle-ai,Winter 2017,Inactive,Bicycle AI provides customer support as a service. We work on top of…,At Bicycle AI we use the best of machine intelligence with human supervision to provide an exceptional customer service experience.,http://bicycleai.com,https://www.ycombinator.com/companies/bicycle-ai,"Bengaluru, KA, India",11,B2B,B2B -> Operations,"B2B, Operations","Artificial Intelligence, Customer Service","India, South Asia",Early,False,False,False,,/company/thumb/missing.png,1478743219
1533,Marketfox,marketfox,Winter 2017,Inactive,Marketing automation platform optimized for mobile and web. ,"Marketfox is a Marketing Automation software that simplifies Marketing with AI. Launched in 2017, Marketfox is a YC backed company. Its powerful features allow websites to attract, convert, and engage more visitors into customers in the web and app. ",https://marketfox.io,https://www.ycombinator.com/companies/marketfox,"San Francisco, CA, USA; Remote",2,B2B,B2B -> Marketing,"B2B, Marketing",SaaS,"United States of America, America / Canada, Remote, Fully Remote",Early,False,False,False,,https://bookface-images.s3.amazonaws.com/small_logos/15a1a0cebbefed9a91fab2af1e646810de319ece.png,1478743218
1523,Smart Alto,smart-alto,Winter 2017,Inactive,Easiest way to set appointments with real estate leads  ,,http://www.smartalto.com,https://www.ycombinator.com/companies/smart-alto,"Birmingham, AL, USA; Remote",8,Real Estate and Construction,Real Estate and Construction -> Housing and Real Estate,"Real Estate and Construction, Housing and Real Estate",Real Estate,"United States of America, America / Canada, Remote, Fully Remote",Early,False,False,False,"fincap, fincacap, lendspeak",/company/thumb/missing.png,1478664036
1518,FloydHub,floydhub,Winter 2017,Inactive,"ML Platform for developing, training and deploying ML models",FloydHub is a Platform-as-a-Service for training and deploying your DL models in the cloud. Start running your first project in < 30 sec! Floyd takes care of the grunt work so you can focus on the core of your problem.,http://www.floydhub.com/,https://www.ycombinator.com/companies/floydhub,"San Francisco, CA, USA",4,B2B,"B2B -> Engineering, Product and Design","B2B, Engineering, Product and Design","AIOps, Machine Learning, SaaS","United States of America, America / Canada, Remote, Partly Remote",Early,False,False,False,Floyd,/company/thumb/missing.png,1478662833
1508,Neema,neema,Winter 2017,Inactive,"Neema is an app for unbanked workers, which provides a checking…","Neema is an app that helps people manage their money as well as send money to other people. Neema is a financial solution for 70 million underbanked Americans. Users download their app, which is a digital wallet, where they can cash their own pay check, send money internationally to their families in 90 countries, and they also provide them with a debit card, which they can use in any store or ATM.",http://getneema.com/,https://www.ycombinator.com/companies/neema,"Tel Aviv-Yafo, Tel Aviv District, Israel",2,Fintech,Fintech -> Consumer Finance,"Fintech, Consumer Finance","Fintech, Payments, Remittances","Israel, Middle East and North Africa",Early,False,False,False,Neema ,https://bookface-images.s3.amazonaws.com/small_logos/ecd84b6a5d3bf666dedd61c917ae719d2e4d7a7e.png,1478577635
1504,Arylla,arylla,Winter 2017,Inactive,"We connect products to the internet using an invisible, chip-less tag",Arylla has created a printable tag that can be scanned with any phone using our API. We piggyback on legacy commercial printers to get our tag onto products at scale and license our API to developers who build services on top of our tag. We are 10x less expensive and much more scalable than alternatives like NFC.,http://www.arylla.com,https://www.ycombinator.com/companies/arylla,"Kitchener, ON, Canada",6,Industrials,Industrials -> Manufacturing and Robotics,"Industrials, Manufacturing and Robotics","IoT, Nanotechnology","Canada, America / Canada, Remote, Partly Remote",Early,False,False,False,Arylla Inc.,https://bookface-images.s3.amazonaws.com/small_logos/625cc8316448d38d73101072829a6b5898adf51f.png,1478577033
1497,Firsthand,firsthand,Winter 2017,Inactive,"Firsthand makes software-enabled, self-serve retail kiosks that carry…","They provide the kiosk, the products, and the software — you just provide the space and they send you a check with your share of the profits at the end of the month.",http://shopfirsthand.com/,https://www.ycombinator.com/companies/firsthand,,2,B2B,B2B -> Retail,"B2B, Retail","Hardware, Retail",Unspecified,Early,False,False,False,"Haven, Avanoi",/company/thumb/missing.png,1478227227
1495,Rally Tennis,zestful,Winter 2017,Inactive,Join tennis league and play competitively with people nearby,"Rally Tennis is the best way to compete in leagues, find practice partners and improve your tennis game - all within a simple mobile app designed to help you play more tennis.",https://www.rallytennis.com/,https://www.ycombinator.com/companies/zestful,"Denver, CO, USA",3,Consumer,Consumer,Consumer,Sports Tech,"United States of America, America / Canada, Remote, Partly Remote",Early,False,False,False,Zestful,/company/thumb/missing.png,1478225436
1493,Sycamore,sycamore,Winter 2017,Inactive,Marketplace for companies to add a delivery driver in 5 minutes.,"Sycamore is committed to up to date, clear earnings information for contractors. The goal is to let you choose the job that maximizes your earnings.",https://www.mysycamore.com/,https://www.ycombinator.com/companies/sycamore,,2,B2B,B2B -> Recruiting and Talent,"B2B, Recruiting and Talent","Marketplace, Delivery, Logistics",Unspecified,Early,False,False,False,Brevis Learning,/company/thumb/missing.png,1478225436
1492,Fibo,fibo,Winter 2017,Inactive,SaaS calendar and messaging for SMBs,,http://www.fiboapp.com,https://www.ycombinator.com/companies/fibo,"San Francisco, CA, USA",15,B2B,B2B -> Productivity,"B2B, Productivity","SaaS, Messaging, Calendar, SMB","United States of America, America / Canada",Early,False,False,False,,https://bookface-images.s3.amazonaws.com/small_logos/3192e22ad8bcecbda29689a9c3165d08802d21e8.png,1478225436
1491,InnaMed,innamed,Winter 2017,Inactive,At-home blood testing: measure + analyze + enhance.,"InnaMed's HomeLab device and software take the hassle out of blood testing and let you access precision medical care from the comfort and privacy of your home. Healthcare providers and researchers can now receive timely clinical reports that they are accustomed to interpreting directly to their EMR, LIMS or EDC system. Trend identification and pattern matching software can guide decision making in the prescription and dosing of therapy and deep integration with the healthcare system and telehealth services allows for data driven care while also ensuring human connection.


",http://www.InnaMed.com,https://www.ycombinator.com/companies/innamed,"San Francisco, CA, USA; Philadelphia, PA, USA",7,Healthcare,Healthcare -> Diagnostics,"Healthcare, Diagnostics","Biotech, Digital Health, Telemedicine","United States of America, America / Canada",Early,False,False,False,,https://bookface-images.s3.amazonaws.com/small_logos/5a5f04ad2b7ba3169c85be1ac62f4a434b27d75d.png,1478225435
1485,Volt Health,volt-health,Winter 2017,Inactive,Volt Health is developing medical devices that deliver electrical…,"Volt is an electrostimulation wearable to treat diseases like incontinence. The founder has already taken six medical devices to market, including the Cool Sculpting device that sold for billions. Incontinence affects 25 million people and is a $25 billion market. The device stimulates the muscles to get them the give feedback to receptors. This helps those suffering from incontinence to not pee when they don’t want to. The device can also target other conditions like migraines and comes with proprietary technology.",https://www.volthealth.com/,https://www.ycombinator.com/companies/volt-health,"San Francisco, CA, USA",1,Healthcare,Healthcare -> Medical Devices,"Healthcare, Medical Devices",Medical Devices,"United States of America, America / Canada",Early,False,False,False,,/company/thumb/missing.png,1478224834
1483,Entry,entry,Winter 2017,Inactive,Biometric sign in and identity verification platform,"Easily onboard, verify IDs, authenticate and continuously verify credentials and the identities of your users - in one place.",http://getentry.com,https://www.ycombinator.com/companies/entry,"Los Angeles, CA, USA; San Francisco, CA, USA",7,B2B,B2B -> Productivity,"B2B, Productivity","Machine Learning, Biometrics, AI","United States of America, America / Canada, Remote, Partly Remote",Early,False,False,False,XIX.ai,https://bookface-images.s3.amazonaws.com/small_logos/91f99c3342f7ef67fe23f91952d7102c8d49d799.png,1478224818
1481,Origin,origin,Winter 2017,Inactive,Keurig for healthy smoothies.,"Origin built a kiosk for offices that lets employees buy pre-packed pods from a freezer, and make them into fresh juice smoothies silently in 30 seconds. It works similar to a Keurig coffee machine, but Origin thinks it can use its smoothie maker as a Trojan horse to sell more food and other items inside the 188,000 offices in the US. Right now it earns a 56% margin on the $2.99 pods, recoups the kiosk cost in 7 weeks, and now has $30,000 in monthly recurring revenue as it grows 50% weekly. Fellow juice maker startup Juicero has run into slow demand for its expensive machine and juice subscriptions. But Origin’s in-office commerce model and cheaper pods could have a different fate if the juice tastes right.",http://eatorigin.com,https://www.ycombinator.com/companies/origin,"San Francisco, CA, USA",2,B2B,B2B -> Office Management,"B2B, Office Management",Food Tech,"United States of America, America / Canada",Early,False,False,False,Snackblend,/company/thumb/missing.png,1478224817
1477,VanGo,vango,Winter 2017,Inactive,Uber for Kids,,https://www.ridevango.com,https://www.ycombinator.com/companies/vango,"New York City, NY, USA; New York, NY, USA",8,Consumer,Consumer -> Home and Personal,"Consumer, Home and Personal","Scheduling, Transportation","United States of America, America / Canada",Early,False,False,False,Claire,/company/thumb/missing.png,1478194835
1476,Sudden Coffee,sudden-coffee,Winter 2017,Inactive,Crystallized coffee that's better than fresh Starbucks,"Sudden is great coffee you can enjoy anywhere in just seconds. We buy beans from amazing producers and roasters, brew the coffee by hand and turn it into delicious instant coffee.

Get our 2-Cup Trial Pack FREE Today! https://goo.gl/twP7Jc
Use Code: COFFEERUSH

Featured in The New York Times, Food & Wine, CNBC, VICE News and more. Chosen as one of the Imbibe top 75 brands to try in 2018.

Backed by Y Combinator, Founder Collective, CRV, and Lifeline Ventures.",https://www.suddencoffee.com/,https://www.ycombinator.com/companies/sudden-coffee,"San Francisco, CA, USA",2,Consumer,Consumer -> Food and Beverage,"Consumer, Food and Beverage",Food & Beverage,"United States of America, America / Canada",Early,False,False,False,,/company/thumb/missing.png,1478194835
1474,Tress,tress,Winter 2017,Inactive,Tress is a social community for black women's hairstyles. We are…,"Tress is a social community app to discover and share beautiful hairstyles.

Many ladies are crazy about their hair. They change their hairstyles often, a lot and radically. Whether they have natural, relaxed, texlaxed or dreads, women are always on the lookout for new and beautiful hairstyle inspiration.

Equally important to many ladies is information about a preferred hairstyle. Information such as the name and location of the salon that had the hair done, the name of the hair-piece/extension or hair-product used on the hair and also the cost of having the hairstyle done at the salon. Women can admit to walking up to complete strangers to ask the detailed questions about hairstyles or stalk accounts on social media for the above information. 

Tress is a fun, simple and easy to use app that addresses the hairstyle needs of women.
It is a social community mobile app for women to find hairstyle inspiration. Women additionally have access to important information about each hairstyle. Information such as the name of the extension/weave used, name of hair-care product, name and location of salon /stylist and price range of the hairstyle.

Users on the app can create a profile and upload their beautiful hairstyles with information such as the salon/stylist name, name of hairpiece/product used and price range for the hairstyle.
A user can follow other users and have other users following them thus creating a vibrant community. Users can have people liking and commenting on their post, increasing engagement and creating a vibrant hair community.


Over time women will have a database of all their hairstyles done over a period of time and can always refer back for",https://www.tressapp.co,https://www.ycombinator.com/companies/tress,"Accra, Greater Accra Region, Ghana",2,Consumer,Consumer -> Social,"Consumer, Social","Community, Social","Ghana, Africa",Early,False,False,False,,https://bookface-images.s3.amazonaws.com/small_logos/61e08d93ce5fec980afd6f6d59669b047e465389.png,1478194835
1472,Beek,beek,Winter 2017,Inactive,Leading audio subscription platform for Spanish content and creators,"Beek is the app where latinos listen to the best audio content in Spanish from their favorite creators (audiobooks, meditations, audio series, and original content).  Users pay a subscription to access all the content, and creators make money per minute listened. 

There will be an audio platform for the 480M native Spanish speakers and Beek is the team building it. ",https://www.beek.io,https://www.ycombinator.com/companies/beek,"Mexico City, CDMX, Mexico",32,Consumer,Consumer -> Content,"Consumer, Content","Subscriptions, Creator Economy","Mexico, Latin America, Remote, Partly Remote",Early,False,False,False,,https://bookface-images.s3.amazonaws.com/small_logos/9f321301ee91b4c79dbe44ff1da5bbc93fa99f5c.png,1478194835
1471,Zinc Platform,zinc-platform,Winter 2017,Inactive,Insurance Distribution Infrastructure,"Zinc Platform, Inc. is focused on providing software that digitizes the last frontier of the mortgage origination process– getting homeowners insurance. Zinc builds technology that integrates with the core systems of today’s modern mortgage lenders to power digital portals for borrowers to procure the homeowners (property) insurance that is required to close a mortgage. Zinc’s technology takes a broken, week-long process and turns it into a delightful five-minute experience. For borrowers, Zinc powers access to all of the nation’s leading insurance carriers. For mortgage lenders, Zinc ensures compliance with underwriting requirements while automating more of the mortgage closing process. Zinc is proudly built in New York City by passionate technologists and business strategists focused on making the process of buying a home a more simple, delightful experience",http://www.zincplatform.com,https://www.ycombinator.com/companies/zinc-platform,"New York City, NY, USA; New York, NY, USA",11,Fintech,Fintech -> Insurance,"Fintech, Insurance","Insurance, Infrastructure","United States of America, America / Canada",Early,False,False,False,,/company/thumb/missing.png,1478194835
1467,Cartcam,cartcam,Winter 2017,Inactive,"Cartcam is an app for opinionated, deal-seeking shoppers.  It gives…","Cartcam is a shopping platform that gives people discounts for creating short video reviews. The company hopes to take advantage of the trend of consumers who are 85% more likely to purchase an item after watching a video. Cartcam incentivizes mobile creators to review items by offering them discounts on the items they want to buy. Already 12 percent of users place an order through the platform, and they are all creating content for Cartcam. The company makes money by partnering with brands who pay for the discounts in exchange for content that will sell more goods for them.",https://www.cartcam.com,https://www.ycombinator.com/companies/cartcam,,1,Consumer,Consumer -> Home and Personal,"Consumer, Home and Personal","E-Commerce, Video, Marketing",Unspecified,Early,False,False,False,"Mystri, CartCam",/company/thumb/missing.png,1478194835
1465,Pulse,pulse,Winter 2017,Inactive,Electronic Medical Records for India,Pulse develops and offers a iPad based application that enables doctors in India to digitize all their patient medical records.,http://www.getpulse.care/,https://www.ycombinator.com/companies/pulse,"Bengaluru, KA, India",30,Healthcare,Healthcare -> Consumer Health and Wellness,"Healthcare, Consumer Health and Wellness","Health Tech, India","India, South Asia",Growth,False,False,False,DocTalk,https://bookface-images.s3.amazonaws.com/small_logos/210caac404ec9d36bfaa99a4ccfac8d16cb390a3.png,1478194834
1460,LitHit,lithit,Winter 2017,Inactive,Smart Target for Shooting Sports,LitHit creates smart shooting targets that light up on impact. Their devices connect to your smartphone and helps improve your skills with real-time analytics and games.,http://lithit.com,https://www.ycombinator.com/companies/lithit,,2,Consumer,Consumer -> Consumer Electronics,"Consumer, Consumer Electronics","Hardware, Sports Tech",Unspecified,Early,False,False,False,,/company/thumb/missing.png,1478143234
1453,Pit.AI,pit-ai,Winter 2017,Inactive,Solving intelligence for investment management.,"Pit.AI Technologies aims at solving intelligence for investment management. We combine bleeding-edge AI research with powerful computing to automatically mine profitable trading strategies in financial markets. 

Our proprietary pipeline departs from the standard portfolio optimization paradigm in that it avoids making unrealistic assumptions on how markets behave, and it applies the expressiveness of our AI techniques on large scale data to automatically detect and exploit new sources of market inefficiencies, rather than testing or verifying human-generated trading ideas, intuitions, or forecasting models.

We believe that the investment management industry is at the dawn of a new AI-led era where trading idea generation will be automated and cost-effective, management fees will be a thing of the past, and fund managers will no longer be paid for merely showing up.",https://www.pit.ai,https://www.ycombinator.com/companies/pit-ai,"San Francisco, CA, USA",2,Fintech,Fintech -> Asset Management,"Fintech, Asset Management","Artificial Intelligence, Investing","United States of America, America / Canada",Early,False,False,False,,https://bookface-images.s3.amazonaws.com/small_logos/ee5971f7543c1b8d1d76bb765b8acaa206cb1a0b.png,1478140832
1449,Riley,riley,Winter 2017,Inactive,MailChimp for SMS ,,https://getrileynow.com,https://www.ycombinator.com/companies/riley,"New York City, NY, USA; New York, NY, USA",2,Real Estate and Construction,Real Estate and Construction -> Housing and Real Estate,"Real Estate and Construction, Housing and Real Estate",Messaging,"United States of America, America / Canada",Early,False,False,False,,/company/thumb/missing.png,1478108415
1447,Pearl,pearl,Winter 2017,Inactive,The future of office coffee.  Keurig convenience meets cafe quality. ,"Pearl lets any office, hotel or restaurant serve the world's best coffees & teas at the push of a button.  

Pearl's proprietary brew technology matches the speed and convenience of a Keurig without using wasteful, low-quality coffee pods.   

Our fully compostable single-servings contain freshly roasted whole bean coffees & teas sourced from premier roasters and importers.  We handle installation, upkeep, and automatic re-stocking of an evolving menu that's tailored to your preferences.  

Say goodbye to bad office coffee and upgrade your mornings today! ",https://getpearlcoffee.com/,https://www.ycombinator.com/companies/pearl,"San Francisco, CA, USA",,B2B,B2B -> Office Management,"B2B, Office Management","Food Service Robots & Machines, Hardware, IoT","United States of America, America / Canada",Early,False,False,False,Mere Coffee,https://bookface-images.s3.amazonaws.com/small_logos/ae3cab6a6aaa25d210b6ca44071f83d61c29369e.png,1478055031
1445,Cowlar,cowlar,Winter 2017,Inactive,Fitbit for dairy cows. Farms use cowlar's alerts & recommendations to…,"Cowlar, a fitbit for dairy cows provides data as a service to help dairy producers optimize operations and improve herd health.

It's simple. You strap it around a cow's neck. It measures temperature, activity and cow behavior. Cowlar makes sense of the data and sends the farmers actionable recommendations on how to:

1. Boost reproduction rates
2. Identify diseases instantly
3. Improve milk yield 
4. We can even tell if someone is stealing your cow ! 

Cowlar is simple, affordable and easy to use. It's rugged, water proof, comes with a 6 Month battery life so farmers dont have to worry about charging and farmers can be sent text messages in any language/ for those who cant read, we can send an automated phone call.",http://www.cowlar.com,https://www.ycombinator.com/companies/cowlar,"Memphis, TN, USA",2,Industrials,Industrials -> Agriculture,"Industrials, Agriculture","Machine Learning, IoT, Agriculture","United States of America, America / Canada",Early,False,False,False,,/company/thumb/missing.png,1478053830
1440,boxouse,boxouse,Winter 2017,Inactive,"portable, affordable, beautiful smart homes","Boxouse is the product of curiosity and mishap by Luke and Heather. They build beautiful, sustainable, portable, affordable houses for everyone.

Inspired by portable, modular shipping containers and fed up with paying rising rents in San Francisco for non ideal housing they set out to redefine the landscape in which they lived and rethink housing for modern aspirations.

Boxouse started on a vacant lot in 2013 and quickly grew into a community of friends who all shared a common goal of experimenting with sustainability and building. They still run all their production out of beautiful Oakland California.

Their catalogue offers a variety of houses from minimal to a luxe edition with wheels, solar and full utilities.",http://boxouse.com,https://www.ycombinator.com/companies/boxouse,"San Francisco, CA, USA; Oakland, CA, USA",2,Real Estate and Construction,Real Estate and Construction -> Housing and Real Estate,"Real Estate and Construction, Housing and Real Estate","Smart Home Assistants, Real Estate","United States of America, America / Canada",Early,False,False,False,,/company/thumb/missing.png,1478052022
1439,Trade,trade,Winter 2017,Inactive,We're building Africa's Commodity Exchange. ,"Trade is a platform that connects buyers, sellers, and transporters of commodities in Ghana.

Trade allows buyers and sellers in Ghana to trade directly, cutting out the middlemen. You pick your quantity, grade, and price and they look for sellers to match you with. They weigh and grade every bag that they trade, deliver directly to you, and will take back any bag you reject, so you can buy without worrying.",http://www.tradeghana.co,https://www.ycombinator.com/companies/trade,"Broken Arrow, OK, USA",3,Industrials,Industrials -> Agriculture,"Industrials, Agriculture","Logistics, Supply Chain","United States of America, America / Canada",Early,False,False,False,,/company/thumb/missing.png,1478052019
